№,supplier_article,sku,product_name,category_2026,СС реал,Январь 2024 г.,Февраль 2024 г.,Март 2024 г.,Апрель 2024 г.,Май 2024 г.,Июнь 2024 г.,Июль 2024 г.,Август 2024 г.,Сентябрь 2024 г.,Октябрь 2024 г.,Ноябрь 2024 г.,Декабрь 2024 г.,Продажи 2024,Ср мес 2024,Январь 2025 г.,Февраль 2025 г.,Март 2025 г.,Апрель 2025 г.,Май 2025 г.,Июнь 2025 г.,Июль 2025 г.,Август 2025 г.,Сентябрь 2025 г.,Октябрь 2025 г.,Ноябрь 2025 г.,Декабрь 2025 г.,Январь 2026 г.,Февраль 2026 г.,Март 2026 г.,Апрель 2026 г.,Май 2026 г.,Июнь 2026 г.,Июль 2026 г.,Август 2026 г.,Сентябрь 2026 г.,Сумма последние 12 мес,Ср мес за последние 12 мес,Кэф. Роста,Кэф. Сез-ти,Витрина,Остаток ТЗ,РЦ ЕКТ  Рыскулова,Розничный склад,Остаток,Зарезервировано,Свободный остаток,Запас,Заказ,in_transit_quantity,source_column_56,source_column_57,source_column_58,source_column_59,Вес,source_column_61,source_column_62,source_column_63,source_column_64,source_column_65,source_column_66,source_column_67,source_column_68,source_column_69,source_column_70,source_row
1,ATN000343,300200428_,"A398 Роз. с з/к 16А с/у б/рамки ""ATLAS"" алюминий ATN343 (10)",1,1050.61,346,335,233,525,546,541,508,707,359,384,253,530,5267,438.9166666666667,610,394,444,104,589,413,379,170,806,212,353,724,111,152,380,209,122,310,135,124,135,3773,314.4166666666667,-0.4085239085239085,0.42515592515592515,0,6,0,50,1118,0,1118,3.7338987543069173,,0.0,,,,,,,,,,,,,,,,3
2,ATN000333,300200442_,"A404 USB розетка - 2 порта с/у б/рамки ""ATLAS"" алюминий ATN333 (1)",7,0.0,0,0,0,0,0,0,0,0,0,0,0,0,0,0,0,0,0,0,0,0,0,0,0,0,0,0,0,0,0,0,0,0,0,0,0,0,0.0,0.0,0.0,1,0,0,0,0,0,0,0.0,,0.0,,,,,,,,,,,,,,,,4
3,ATN000330,ATN000330,"SO + USB РОЗЕТКА A+A, 5В/2,4А, 2х5В/1,2А, механизм ""ATLAS"" алюминий ATN330",7,0.0,0,0,0,0,0,0,0,0,0,0,0,0,0,0,0,0,0,0,0,0,0,0,0,0,0,0,0,0,0,0,0,0,0,0,0,0,0.0,0.0,0.0,1,0,0,0,0,0,0,0.0,,0.0,,,,,,,,,,,,,,,,5
4,ATN000312,300200430_,"А384 Выкл 1 кл 10А с/у ""ATLAS"" алюминий ATN312 (10)",2,1286.15,94,40,26,25,119,62,26,24,29,26,70,-23,518,43.166666666666664,32,15,3,20,25,100,12,12,42,23,18,132,25,6,24,9,15,25,25,31,22,397,33.083333333333336,-0.3467741935483871,-0.3306451612903226,0,1,0,17,76,0,76,2.8413098236775816,,0.0,,,,,,,,,,,,,,,,6
5,ATN000311,300200588_,"А3844 Выкл 1 кл 10А механизм ""ATLAS"" алюминий ATN311 (10)",1,899.75,0,4,30,111,115,109,71,132,111,86,55,119,943,78.58333333333333,133,32,78,65,107,131,77,27,75,145,67,120,17,28,53,15,10,110,47,-68,47,666,55.5,-0.6212765957446809,0.22127659574468095,1,0,0,10,270,10,260,4.882882882882883,,0.0,,,,,,,,,,,,,,,,7
6,ATN000313,300200443_,"А385 Выкл 1 кл с инд 10А с/у б/рамки ""ATLAS"" алюминий ATN313  (10)",3,1585.22,10,3,10,30,10,30,5,8,26,16,10,-25,133,11.083333333333334,1,20,4,0,30,11,0,5,24,3,22,11,0,0,0,39,0,0,0,-10,0,89,7.416666666666667,-1.625,2.0625,0,1,0,2,64,0,64,9.03370786516854,,0.0,,,,,,,,,,,,,,,,8
7,ATN000352,300200432_,"А386 Выкл 2 кл 10А с/у ""ATLAS"" алюминий ATN352 (10)",2,1105.28,53,40,5,94,61,17,12,27,8,26,28,-12,359,29.916666666666668,23,27,39,5,57,11,7,13,39,11,13,46,10,1,4,9,5,4,21,9,21,193,16.083333333333332,0.09677419354838701,1.032258064516129,0,1,0,10,89,0,89,6.217616580310882,,0.0,,,,,,,,,,,,,,,,9
8,ATN000351,300200589_,"А3866 Выкл 2 кл 10А механизм ""ATLAS"" алюминий ATN351 (10)",1,1267.41,0,0,0,0,2,30,71,95,79,49,13,81,420,35,61,32,30,36,73,19,42,12,30,45,55,51,9,34,38,11,6,21,22,-12,22,332,27.666666666666668,-0.5753424657534247,0.7808219178082192,1,0,0,5,92,0,92,3.542168674698795,,0.0,,,,,,,,,,,,,,,,10
9,ATN000353,300200444_,"А387 Выкл 2 кл с инд 10А с/у б/рамки ""ATLAS"" алюминий ATN353 (10)",3,1633.09,5,1,9,42,0,4,3,2,13,18,6,-15,88,7.333333333333333,0,0,4,0,40,0,0,0,10,0,3,0,0,0,0,10,0,0,0,-8,0,15,1.25,0.0,0.0,0,1,0,6,40,0,40,37.6,,0.0,,,,,,,,,,,,,,,,11
10,ATN000331,300200449_,"А388 Выкл 3 кл 10А с/у б/рамки ""ATLAS"" алюминий ATN331 (10)",3,1554.69,11,2,1,7,19,1,1,4,12,13,2,-5,68,5.666666666666667,0,15,0,1,18,-1,17,3,11,2,3,0,0,0,0,1,0,4,0,-8,0,13,1.0833333333333333,-1.2105263157894737,-0.1578947368421053,0,1,0,1,53,0,53,50.769230769230774,,0.0,,,,,,,,,,,,,,,,12
11,ATN000383,300200433_,"А390 Комп. роз. RJ45 5Е механизм б/рамки ""ATLAS"" алюминий ATN383 (10)",1,3213.17,4,17,29,31,39,24,37,9,10,24,33,12,269,22.416666666666668,15,51,30,6,23,-1,3,9,30,7,4,22,2,1,1,26,1,4,1,1,1,101,8.416666666666666,-0.4545454545454546,2.727272727272727,0,0,0,6,78,0,78,9.98019801980198,,0.0,,,,,,,,,,,,,,,,13
12,ATN000361,300200439_,"А391 Переключ. 1 кл 10А с/у б/рамки ""ATLAS"" алюминий ATN361 (10)",3,1147.67,10,14,10,42,34,12,20,21,47,27,18,-12,243,20.25,12,9,0,18,26,3,20,7,10,0,6,18,10,10,16,0,13,4,5,13,5,110,9.166666666666666,-0.2666666666666667,-0.4666666666666667,0,1,0,6,40,0,40,5.127272727272728,,0.0,,,,,,,,,,,,,,,,14
13,ATN000363,300200451_,"А392 Переключ. 1 кл с инд 10А с/у б/рамки  ""ATLAS"" алюминий ATN363  (10)",3,1711.43,5,0,0,0,0,2,7,0,0,0,0,-5,9,0.75,1,0,0,0,0,0,0,0,17,0,0,0,0,0,0,0,0,0,0,0,0,17,1.4166666666666667,0.0,0.0,0,1,0,2,7,0,7,7.0588235294117645,,0.0,,,,,,,,,,,,,,,,15
14,ATN000371,300200448_,"А393 Перекрест. переключ. 1 кл 10А с/у б/рамки ""ATLAS"" алюминий ATN371 (5)",3,2048.3,7,0,9,0,0,0,4,0,11,3,0,-11,23,1.9166666666666667,0,0,2,0,1,0,5,0,6,0,0,0,0,0,1,0,0,1,0,-7,0,1,0.08333333333333333,-2.2,0.19999999999999996,0,1,0,2,85,0,85,1056.0,,0.0,,,,,,,,,,,,,,,,16
15,ATN000373,300200774_,"А3933 Перекрест. переключ. 2 кл 10А с/у б/рамки ""ATLAS"" алюминий ATN373 (5) NEW",3,3658.69,,,,,0,0,1,11,0,0,0,0,12,1,0,0,2,1,0,0,1,0,2,0,2,0,0,0,1,0,0,1,0,2,0,8,0.6666666666666666,2.0,3.0,0,0,0,0,74,0,74,111.0,,0.0,,,,,,,,,,,,,,,,17
16,ATN000320,300200436_,"А394 Роз. 2-ная с/у 16А ""ATLAS"" алюминий ATN320 (6)",1,1400.74,19,159,52,12,44,94,140,40,75,75,72,33,815,67.91666666666667,26,61,23,62,201,68,72,36,23,128,45,75,62,38,71,32,24,40,5,0,5,548,45.666666666666664,-0.7443181818181819,0.11363636363636354,0,1,0,16,178,2,176,4.226277372262774,,0.0,,,,,,,,,,,,,,,,18
17,ATN000326,300200431_,"А395 Роз. 2-ная с/у 16А с з/к з/ш ""ATLAS"" алюминий ATN326 (6)",1,1781.69,5,67,12,11,34,18,5,24,9,101,57,5,348,29,14,14,42,61,22,10,4,24,54,0,37,31,27,0,16,10,6,22,17,4,17,241,20.083333333333332,0.13157894736842102,1.3947368421052633,0,1,0,2,62,6,56,2.9377593360995853,,0.0,,,,,,,,,,,,,,,,19
18,ATN000328,300200452_,"А396 Роз. 2-ная с/у 16А с з/к з/ш со сдвиж.крыш.""ATLAS"" алюминий ATN328 (6)",3,2915.2,6,0,0,0,1,0,1,0,0,0,2,-2,8,0.6666666666666666,0,0,0,0,0,0,5,0,2,2,0,0,0,0,0,6,0,1,-2,0,-2,7,0.5833333333333334,-1.2,-0.19999999999999996,0,1,0,2,8,0,8,18.857142857142858,,0.0,,,,,,,,,,,,,,,,20
19,ATN000385,300200434_,"А397 Роз. RJ45+RJ45 5Е кат 5Е механизм б/рамки ""ATLAS"" алюминий ATN385 (10)",2,5360.42,6,6,0,0,11,0,12,7,13,6,5,5,71,5.916666666666667,0,8,0,0,10,48,0,0,1,25,16,9,3,0,1,0,2,14,0,-14,0,57,4.75,-1.0,-0.125,0,1,0,0,37,0,37,8.0,,0.0,,,,,,,,,,,,,,,,21
20,ATN000344,300200429_,"А399 Роз. с з/к 16А с/у з/ш ""ATLAS"" алюминий ATN344 (10)",2,1243.9,36,0,1,34,182,18,63,52,12,106,94,53,651,54.25,4,0,81,44,14,39,1,1,81,9,1,10,55,8,25,0,20,8,31,0,30,278,23.166666666666668,-0.04878048780487809,1.2195121951219514,0,1,0,28,46,0,46,3.237410071942446,,0.0,,,,,,,,,,,,,,,,22
21,ATN000341,300200632_,"А3999 Роз. без з/к без шторок 16А механизм ""ATLAS"" алюминий ATN341 (10)",2,964.34,40,5,70,70,20,38,62,79,58,16,71,36,565,47.083333333333336,10,60,50,41,110,133,-25,34,15,100,48,27,12,3,0,25,54,42,0,95,0,421,35.083333333333336,-0.035211267605633756,0.147887323943662,1,0,0,0,119,0,119,3.4204275534441804,,0.0,,,,,,,,,,,,,,,,23
22,ATN000391,300200441_,"А401 ТV роз. оконечная с/у б/рамки ""ATLAS"" алюминий ATN391(10)",3,2128.87,0,2,12,0,25,7,0,2,0,2,1,-2,49,4.083333333333333,0,0,7,0,8,-3,0,1,4,0,1,0,0,0,0,50,0,2,0,1,0,58,4.833333333333333,-2.5,-3.5,0,1,0,2,18,0,18,4.344827586206897,,0.0,,,,,,,,,,,,,,,,24
23,ATN000381,300200450_,"А402 Телефонная роз. RJ11 механизм б/рамки ""ATLAS"" алюминий ATN381 (10)",3,1654.34,5,7,8,0,20,1,1,0,0,0,0,-11,31,2.5833333333333335,0,0,0,1,0,0,0,0,0,0,0,0,0,0,0,1,0,0,0,0,0,1,0.08333333333333333,0.0,0.0,0,1,0,2,92,0,92,1140.0,,0.0,,,,,,,,,,,,,,,,25
24,ATN000301,300200435_,"А405 Рамка 1-ная ""ATLAS"" алюминий ATN301 (20)",1,322.74,150,150,214,151,502,335,369,362,434,276,305,306,3554,296.1666666666667,200,416,170,89,538,249,214,105,280,351,141,316,275,100,224,161,19,157,98,18,98,2238,186.5,-0.5193661971830985,0.35915492957746475,0,11,0,20,692,40,652,3.6621983914209117,,0.0,,,,,,,,,,,,,,,,26
25,ATN000302,300200437_,"А406 Рамка 2-ная ""ATLAS"" алюминий ATN302 (10)",1,470.7,111,104,6,103,167,107,118,183,83,61,196,126,1365,113.75,135,76,90,29,259,90,72,36,186,32,64,31,52,20,66,53,43,61,36,19,35,698,58.166666666666664,-0.41414141414141414,0.4242424242424243,0,1,0,19,165,10,155,3.008595988538682,,0.0,,,,,,,,,,,,,,,,27
26,ATN000303,300200438_,"А407 Рамка 3-ная ""ATLAS"" алюминий ATN303 (15)",1,945.23,27,67,15,51,81,40,56,27,56,34,40,38,532,44.333333333333336,28,43,90,36,39,39,32,25,78,29,57,123,5,18,25,40,25,33,10,12,10,465,38.75,-0.42708333333333337,0.7083333333333333,0,0,0,5,138,15,123,3.303225806451613,,0.0,,,,,,,,,,,,,,,,28
27,ATN000304,300200440_,"А408 Рамка 4-ная ""ATLAS"" алюминий ATN304 (15)",2,1142.41,20,15,2,47,36,12,32,7,33,19,5,-9,219,18.25,20,21,15,17,27,61,15,2,42,44,13,11,1,4,5,15,3,27,11,-2,11,185,15.416666666666666,-0.5384615384615384,0.26923076923076916,0,1,0,10,60,2,58,4.475675675675676,,0.0,,,,,,,,,,,,,,,,29
28,ATN000305,300200445_,"А409 Рамка 5-ная ""ATLAS"" алюминий ATN305 (5)",3,1538.24,5,3,0,15,12,2,3,1,12,8,0,-14,47,3.9166666666666665,4,1,1,-30,12,0,3,3,7,0,1,1,0,9,0,1,0,3,1,-7,1,17,1.4166666666666667,-1.5,0.33333333333333326,0,1,0,0,73,0,73,52.23529411764706,,0.0,,,,,,,,,,,,,,,,30
29,ATN000365,300200446_,"А414 Переключ. 2 кл 10А с/у б/рамки ""ATLAS"" алюминий ATN365 (10)",2,2183.17,0,0,10,11,48,16,16,1,14,5,2,-7,116,9.666666666666666,12,30,1,8,12,20,21,4,29,0,10,0,0,0,4,25,8,4,0,0,0,80,6.666666666666667,-0.9111111111111111,-0.1333333333333333,0,1,0,5,115,0,115,18.15,,0.0,,,,,,,,,,,,,,,,31
30,ATN000324,300200474_,"Роз 2-я.с з/к, 16А, в сб, ATLAS АЛЮМИНИЙ ATN324",2,1707.61,0,0,0,0,0,0,0,12,40,44,10,0,106,8.833333333333334,12,26,30,34,30,10,5,0,0,7,31,0,20,0,0,0,0,20,0,1,0,79,6.583333333333333,0.3999999999999999,1.5333333333333332,0,0,0,0,27,0,27,4.101265822784811,,0.0,,,,,,,,,,,,,,,,32
31,ATN000724,300200627_,"AtlasDesign РОЗЕТКА 2-я з/к, 16А, в сб, ГРИФЕЛЬ NEW ATN724",3,2142.8,0,0,0,0,0,0,0,0,5,0,2,0,7,0.5833333333333334,6,0,0,0,6,0,0,0,0,5,0,0,0,0,0,0,0,2,0,0,0,7,0.5833333333333334,0.0,0.0,0,0,0,0,9,0,9,15.428571428571427,,0.0,,,,,,,,,,,,,,,,33
32,ATN000743,300200564_,"K045 Роз. с з/к 16А с/у б/рамки ""ATLAS"" ГРИФЕЛЬ ATN743 (10)",1,1433.36,139,110,208,97,485,173,146,169,136,177,263,281,2384,198.66666666666666,121,163,113,8,180,285,162,87,180,95,110,80,68,227,52,27,13,20,87,80,87,1126,93.83333333333333,-0.6498127340823969,-0.27902621722846443,0,0,0,50,151,0,151,2.1420959147424514,,0.0,,,,,,,,,,,,,,,,34
33,ATN000712,300200565_,"K046 Выкл 1 кл 10А с/у ""ATLAS"" ГРИФЕЛЬ ATN712 (10)",2,1334.26,0,8,25,32,54,25,18,23,-11,30,26,34,264,22,9,6,14,0,18,15,1,2,4,17,14,9,12,21,11,4,27,6,3,31,3,162,13.5,1.2222222222222223,0.9444444444444444,0,0,0,2,50,0,50,3.8518518518518516,,0.0,,,,,,,,,,,,,,,,35
34,ATN000711,300200590_,"K0461 Выкл. 1-кл 10А с/у б/рамки ""ATLAS"" ГРИФЕЛЬ ATN711 (10) NEW",1,1331.05,,,,,10,19,9,11,61,21,71,17,219,18.25,16,33,1,2,19,4,18,17,45,-3,17,19,36,14,45,11,0,11,10,18,10,233,19.416666666666668,0.0,0.5128205128205128,1,0,0,13,68,0,68,4.223175965665236,,0.0,,,,,,,,,,,,,,,,36
35,ATN000713,300200566_,"K047 Выкл 1 кл с инд 10А с/у б/рамки ""ATLAS"" ГРИФЕЛЬ ATN713 (10)",3,1548.07,1,4,28,2,3,2,4,3,-4,4,0,-20,27,2.25,0,0,0,10,0,0,0,1,0,0,0,0,0,0,0,0,0,0,0,0,0,0,0.0,-1.0,-1.0,0,0,0,2,73,0,73,0.0,,0.0,,,,,,,,,,,,,,,,37
36,ATN000752,300200567_,"K048 Выкл 2 кл 10А с/у ""ATLAS"" ГРИФЕЛЬ ATN752 (10)",3,1407.29,19,35,14,5,20,6,9,3,5,27,12,2,157,13.083333333333334,7,0,6,10,3,9,0,0,8,7,10,4,0,0,8,1,5,0,13,3,13,72,6.0,0.7777777777777777,1.7777777777777777,0,0,0,6,82,0,82,14.666666666666666,,0.0,,,,,,,,,,,,,,,,38
37,ATN000751,300200591_,"K0488 Выкл 2-кл 10А механизм ""ATLAS"" ГРИФЕЛЬ ATN751 (10)",2,1784.85,15,2,10,2,25,9,11,22,-3,31,17,4,145,12.083333333333334,2,9,2,1,6,8,18,17,27,2,2,0,13,23,4,11,0,4,10,2,10,108,9.0,-0.627906976744186,-0.2790697674418605,1,0,0,5,24,0,24,3.3333333333333335,,0.0,,,,,,,,,,,,,,,,39
38,ATN000753,300200568_,"K049 Выкл 2 кл с инд 10А с/у б/рамки ""ATLAS"" ГРИФЕЛЬ ATN753 (10)",3,2069.62,11,0,2,0,10,20,6,4,-17,4,0,-10,30,2.5,0,0,0,0,0,0,0,0,0,0,0,1,0,0,0,0,0,0,0,0,0,1,0.08333333333333333,0.0,0.0,0,0,0,4,64,0,64,816.0,,0.0,,,,,,,,,,,,,,,,40
39,ATN000731,300200569_,"K050 Выкл 3 кл 10А с/у б/рамки ""ATLAS"" ГРИФЕЛЬ ATN731 (10)",3,2012.44,0,0,10,0,3,2,5,0,5,5,3,-9,24,2,0,0,0,0,1,1,0,0,0,0,4,4,0,1,0,3,0,0,2,0,2,16,1.3333333333333333,1.0,3.0,0,0,0,3,40,0,40,32.25,,0.0,,,,,,,,,,,,,,,,41
40,ATN000783,300200570_,"K051 Комп. роз. RJ45 5Е механизм б/рамки ""ATLAS"" ГРИФЕЛЬ ATN783 (10)",2,3220.85,5,4,14,1,28,5,1,4,3,9,28,-12,90,7.5,1,19,11,0,7,1,8,4,1,1,2,1,11,13,2,1,8,1,0,2,0,43,3.5833333333333335,-0.7692307692307692,-0.6923076923076923,0,0,0,6,10,0,10,4.465116279069767,,0.0,,,,,,,,,,,,,,,,42
41,ATN000761,300200571_,"K052 Переключ. 1 кл 10А с/у б/рамки ""ATLAS"" ГРИФЕЛЬ ATN761 (10)",3,1638.08,7,3,20,10,18,10,2,3,17,3,26,-11,108,9,4,2,0,0,5,6,24,0,1,4,5,2,6,4,3,2,0,0,7,0,7,41,3.4166666666666665,-0.7666666666666666,-0.6666666666666667,0,0,0,4,16,0,16,5.853658536585366,,0.0,,,,,,,,,,,,,,,,43
42,ATN000763,300200572_,"K053 Переключ. 1 кл с инд 10А с/у б/рамки  ""ATLAS"" ГРИФЕЛЬ ATN763  (10)",3,2323.73,0,0,0,0,0,0,4,0,0,0,0,0,4,0.3333333333333333,0,0,0,0,0,0,0,0,0,0,0,0,0,0,0,0,0,0,1,0,0,1,0.08333333333333333,0.0,0.0,0,0,0,2,6,0,6,96.0,,0.0,,,,,,,,,,,,,,,,44
43,ATN000771,300200573_,"K054 Перекрест.переключ. 1 кл 10А с/у б/рамки ""ATLAS"" ГРИФЕЛЬ ATN771 (5)",3,3616.88,5,0,10,10,2,0,0,0,1,0,0,-24,4,0.3333333333333333,0,0,0,0,0,0,1,0,1,0,0,0,0,7,0,0,0,0,0,1,0,9,0.75,0.0,0.0,0,0,0,2,51,0,51,70.66666666666667,,0.0,,,,,,,,,,,,,,,,45
44,ATN000720,300200574_,"K055 Роз. 2-ная с/у 16А ""ATLAS"" ГРИФЕЛЬ ATN720 (6)",3,1376.12,0,22,24,13,5,52,27,0,-28,0,39,-8,146,12.166666666666666,4,0,2,0,0,5,11,16,2,11,0,20,5,0,0,2,4,0,0,5,0,49,4.083333333333333,-0.84375,-0.59375,0,0,0,8,108,0,108,28.408163265306126,,0.0,,,,,,,,,,,,,,,,46
45,ATN000726,300200575_,"K056 Роз. 2-ная с/у 16А с з/к з/ш ""ATLAS"" ГРИФЕЛЬ ATN726 (6)",1,2139.74,21,1,0,10,0,0,1,16,2,64,29,47,191,15.916666666666666,3,27,4,0,0,1,0,2,12,18,0,2,0,12,27,18,3,5,0,0,0,97,8.083333333333334,0.6666666666666667,9.0,0,0,0,22,18,0,18,4.948453608247422,,0.0,,,,,,,,,,,,,,,,47
46,ATN000785,300200511_,"K057 Роз. RJ45+RJ45 5Е кат 5Е механизм б/рамки ""ATLAS"" ГРИФЕЛЬ ATN785 (10)",2,4527.2,5,1,10,10,2,0,0,21,0,0,11,-18,42,3.5,0,0,0,0,21,0,0,0,0,0,15,0,0,9,1,0,0,0,0,4,0,29,2.4166666666666665,0.0,0.0,0,0,0,2,6,0,6,3.3103448275862073,,0.0,,,,,,,,,,,,,,,,48
47,ATN000781,300200578_,"K0571 Телефонная роз. RJ11 мех. ГРИФЕЛЬ ""ATLAS"" ATN781 (5) NEW",3,1581.89,5,0,0,10,15,0,0,0,0,6,0,-14,22,1.8333333333333333,0,0,0,0,0,0,0,0,0,0,0,0,0,0,0,0,0,0,0,0,0,0,0.0,0.0,0.0,0,0,0,2,179,0,179,0.0,,0.0,,,,,,,,,,,,,,,,49
48,ATN000744,300200576_,"K058 Роз. с з/к 16А с/у з/ш ""ATLAS"" ГРИФЕЛЬ ATN744 (10)",1,1472.11,16,0,17,69,23,30,10,19,-14,18,30,2,220,18.333333333333332,4,80,2,0,22,2,0,1,0,9,31,1,6,2,48,1,4,10,0,30,0,142,11.833333333333334,12.333333333333334,12.333333333333334,0,0,0,14,45,0,45,4.985915492957746,,0.0,,,,,,,,,,,,,,,,50
49,ATN000741,300200776_,"K0588 Роз. без з/к без з/ш б/рамки 16А ""ATLAS"" ГРИФЕЛЬ ATN741   (10) NEW",3,912.56,,,,,0,2,4,0,35,-2,109,14,162,13.5,10,0,0,0,0,0,0,2,4,0,0,4,0,0,0,1,3,0,0,5,0,17,1.4166666666666667,1.5,1.0,0,0,0,20,130,0,130,105.88235294117646,,0.0,,,,,,,,,,,,,,,,51
50,ATN000791,300200577_,"K059 ТV роз. оконечная с/у б/рамки ""ATLAS"" ГРИФЕЛЬ ATN791 (10)",3,2083.43,5,0,8,10,0,4,1,0,1,3,4,-17,19,1.5833333333333333,0,0,0,0,0,1,2,0,0,0,1,0,0,0,0,0,0,0,0,0,0,1,0.08333333333333333,-1.0,-0.6666666666666667,0,0,0,2,37,0,37,468.0,,0.0,,,,,,,,,,,,,,,,52
51,ATN000701,300200579_,"K061 Рамка 1-ная ""ATLAS"" ГРИФЕЛЬ ATN701 (10)",1,695.29,95,101,63,30,185,19,83,75,126,102,186,78,1143,95.25,15,0,84,12,103,35,77,81,85,76,69,31,110,96,12,19,3,3,39,74,39,656,54.666666666666664,-0.39896373056994816,0.1917098445595855,0,0,0,31,158,0,158,3.457317073170732,,0.0,,,,,,,,,,,,,,,,53
52,ATN000702,300200580_,"K062 Рамка 2-ная ""ATLAS"" ГРИФЕЛЬ ATN702 (10)",1,1100.68,16,17,44,55,103,20,33,37,41,48,63,30,507,42.25,18,9,30,3,33,27,40,13,30,14,28,39,36,64,46,-17,0,23,29,3,29,324,27.0,-0.3125,-0.09999999999999998,0,0,0,50,4,0,4,2.0,,0.0,,,,,,,,,,,,,,,,54
53,ATN000703,300200581_,"K063 Рамка 3-ная ""ATLAS"" ГРИФЕЛЬ ATN703 (15)",1,1883.03,17,11,18,30,25,32,30,19,21,29,32,4,268,22.333333333333332,17,39,3,2,13,64,11,3,13,5,9,5,13,25,16,12,6,1,11,0,11,127,10.583333333333334,-0.8461538461538461,-0.6538461538461539,0,0,0,19,10,0,10,2.7401574803149606,,0.0,,,,,,,,,,,,,,,,55
54,ATN000704,300200582_,"K064 Рамка 4-ная ""ATLAS"" ГРИФЕЛЬ ATN704 (15)",2,2860.18,1,1,11,25,15,13,4,1,33,12,18,-11,123,10.25,5,0,2,0,12,2,5,5,9,1,9,6,12,13,4,2,1,1,0,1,0,59,4.916666666666667,-0.8333333333333334,0.5833333333333333,0,0,0,10,13,0,13,4.677966101694915,,0.0,,,,,,,,,,,,,,,,56
55,ATN000705,300200583_,"K065 Рамка 5-ная ""ATLAS"" ГРИФЕЛЬ ATN705 (5)",3,3087.31,6,0,1,11,15,2,0,5,11,1,7,-15,44,3.6666666666666665,0,0,0,0,2,0,0,0,3,0,1,5,0,1,2,0,1,2,0,0,0,15,1.25,0.0,0.0,0,0,0,1,40,0,40,32.8,,0.0,,,,,,,,,,,,,,,,57
56,ATN000765,300200584_,"K066 Переключ. 2 кл 10А с/у б/рамки ""ATLAS"" ГРИФЕЛЬ ATN765 (10)",2,2804.51,16,1,11,12,9,2,0,1,-4,3,18,-24,45,3.75,0,1,4,0,4,0,5,0,5,0,8,0,0,2,9,7,0,1,0,3,0,35,2.9166666666666665,-0.19999999999999996,1.6,0,0,0,9,46,0,46,18.857142857142858,,0.0,,,,,,,,,,,,,,,,58
57,ATN000489,300200369_,"ATN000489  РОЗЕТКА дв комп+ТВ, RJ45+TV, кат.5E, ЖЕМЧУГ ""ATLAS"" Schneider",7,5052.63,,,,,,,,,0,0,0,0,0,0,0,0,0,7,0,0,0,0,0,0,0,0,0,0,0,0,0,0,0,0,0,0,0.0,0.0,0.0,0,0,0,1,3,0,3,0.0,,0.0,,,,,,,,,,,,,,,,59
58,ATN000412,300200371_,"G384 Выкл 1 кл 10А с/у ""ATLAS"" жемчуг ATN412 (10)",2,977.92,0,21,87,24,58,24,36,36,8,15,42,-5,346,28.833333333333332,6,8,27,5,7,12,30,67,23,6,27,13,6,5,15,6,3,20,20,25,15,184,15.333333333333334,-0.4036697247706422,-0.4862385321100917,0,11,0,5,99,5,94,7.173913043478261,,0.0,,,,,,,,,,,,,,,,60
59,ATN000411,300200362_,"G3844 Выкл. 1-кл 10А б/рамки ""ATLAS"" ЖЕМЧУГ ATN411 (10) NEW",1,880.61,,,,,108,89,177,85,153,45,46,60,763,63.583333333333336,42,98,54,61,43,132,51,35,56,12,1,7,71,-24,33,17,57,52,39,18,33,372,31.0,-0.5,-0.6834862385321101,1,0,0,10,50,6,44,1.7741935483870968,,0.0,,,,,,,,,,,,,,,,61
60,ATN000413,300200420_,"G385 Выкл 1 кл с инд 10А с/у б/рамки ""ATLAS"" жемчуг ATN413 (10)",3,1247.96,0,0,22,-21,0,0,5,4,10,10,12,-13,29,2.4166666666666665,3,0,3,40,4,3,0,1,10,3,6,7,0,0,0,5,0,20,0,0,0,51,4.25,4.0,3.75,0,1,0,0,16,0,16,4.0,,0.0,,,,,,,,,,,,,,,,62
61,ATN000452,300200375_,"G386 Выкл 2 кл 10А с/у ""ATLAS"" жемчуг ATN452 (10)",1,1560.42,0,61,49,-18,36,21,13,67,44,27,73,40,413,34.416666666666664,10,32,108,15,21,23,11,26,39,23,22,16,19,11,41,18,22,39,10,25,10,295,24.583333333333332,0.2333333333333334,0.3999999999999999,0,1,0,61,56,0,56,4.8,,0.0,,,,,,,,,,,,,,,,63
62,ATN000453,300200422_,"G387 Выкл 2 кл с инд 10А с/у б/рамки ""ATLAS"" жемчуг ATN453 (10)",3,1593.96,0,0,10,-13,10,1,7,2,13,0,10,-6,34,2.8333333333333335,0,0,0,7,1,2,0,4,0,3,2,2,0,0,0,3,0,23,1,0,0,34,2.8333333333333335,3.0,-0.16666666666666663,0,1,0,1,15,0,15,6.0,,0.0,,,,,,,,,,,,,,,,64
63,ATN000431,300200363_,"G388 Выкл 3 кл 10А с/у б/рамки ""ATLAS"" жемчуг ATN431 (10)",3,1541.81,0,0,20,-4,22,11,7,13,14,14,13,-2,108,9,0,2,12,1,1,11,0,0,0,10,0,0,1,1,0,2,4,3,0,1,0,22,1.8333333333333333,-0.6363636363636364,-0.09090909090909094,0,1,0,9,35,0,35,24.545454545454547,,0.0,,,,,,,,,,,,,,,,65
64,ATN000483,300200368_,"G390 Комп. роз. RJ45 5Е механизм б/рамки ""ATLAS"" жемчуг ATN483 (10)",1,3433.38,0,2,23,37,31,32,17,27,25,10,78,-20,262,21.833333333333332,4,10,23,16,7,19,5,20,15,7,6,3,4,3,8,2,14,4,1,1,1,69,5.75,-0.8636363636363636,-0.36363636363636365,0,1,0,3,32,0,32,6.260869565217392,,0.0,,,,,,,,,,,,,,,,66
65,ATN000461,300200367_,"G391 Переключ. 1 кл 10А с/у б/рамки ""ATLAS"" жемчуг ATN461 (10)",2,1293.51,0,42,37,11,29,36,7,36,26,9,4,1,238,19.833333333333332,6,8,24,18,0,43,12,21,23,3,3,0,2,0,0,7,24,0,6,0,6,74,6.166666666666667,-0.9210526315789473,-0.618421052631579,0,1,0,77,2,0,2,12.972972972972972,,0.0,,,,,,,,,,,,,,,,67
66,ATN000463,300200426_,"G392 Переключ. 1 кл с инд 10А с/у б/рамки  ""ATLAS"" жемчуг ATN463 (10)",3,1761.19,0,4,0,0,0,2,5,0,0,0,0,2,13,1.0833333333333333,0,0,0,2,0,0,1,0,0,0,0,0,0,0,0,0,0,0,0,0,0,0,0.0,-1.0,-1.0,0,1,0,5,23,0,23,0.0,,0.0,,,,,,,,,,,,,,,,68
67,ATN000471,300200424_,"G393 Перекрест.переключ. 1 кл 10А с/у б/рамки ""ATLAS"" жемчуг ATN471 (5)",3,2059.37,4,1,20,10,2,1,0,2,10,4,0,-18,36,3,1,0,0,8,0,1,0,0,1,0,3,1,0,0,0,1,1,0,0,0,0,7,0.5833333333333334,-1.0,3.0,0,1,0,0,65,0,65,113.14285714285714,,0.0,,,,,,,,,,,,,,,,69
68,ATN000420,300200372_,"G394 Роз. 2-ная с/у 16А ""ATLAS"" жемчуг ATN420 (6)",2,1417.87,0,135,33,-27,26,16,103,32,66,52,22,-2,456,38,26,20,3,17,12,36,61,25,53,2,0,23,2,0,0,10,30,26,14,5,0,165,13.75,-0.6311475409836065,-0.5491803278688525,0,1,0,0,73,0,73,5.381818181818182,,0.0,,,,,,,,,,,,,,,,70
69,ATN000426,300200373_,"G395 Роз. 2-ная с/у 16А с з/к з/ш ""ATLAS"" жемчуг ATN426 (6)",1,1818.95,0,115,20,-80,27,26,24,17,19,85,82,29,364,30.333333333333332,33,25,64,-2,7,15,2,3,7,17,0,1,25,15,0,39,4,40,19,-1,19,185,15.416666666666666,1.9,0.19999999999999996,0,1,0,11,49,0,49,3.9567567567567568,,0.0,,,,,,,,,,,,,,,,71
70,ATN000428,300200427_,"G396 Роз. 2-ная с/у 16А с з/к з/ш со сдвиж.крыш.""ATLAS"" жемчуг ATN428 (6)",3,2800.89,0,0,0,0,0,0,0,0,0,0,1,0,1,0.08333333333333333,0,0,0,0,0,1,-1,1,0,0,0,0,0,0,0,1,0,0,0,0,0,1,0.08333333333333333,-1.0,-1.0,0,1,0,0,20,0,20,252.0,,0.0,,,,,,,,,,,,,,,,72
71,ATN000485,300200418_,"G397 Роз. RJ45+RJ45 5Е кат 5Е механизм б/рамки ""ATLAS"" жемчуг ATN485 (10)",3,4106.66,0,0,10,10,0,0,0,4,0,1,31,-20,36,3,0,0,0,2,0,0,4,0,11,0,1,2,1,0,0,0,0,0,0,0,0,15,1.25,-1.0,2.0,0,1,0,0,22,0,22,18.4,,0.0,,,,,,,,,,,,,,,,73
72,ATN000443,300200365_,"G398 Роз. с з/к 16А с/у б/рамки ""ATLAS"" жемчуг ATN443 (10)",1,1085.12,0,185,623,680,729,482,596,532,407,182,779,355,5550,462.5,130,424,654,452,360,480,329,72,194,287,79,171,130,72,194,117,137,424,152,176,152,2285,190.41666666666666,-0.1464245175936436,-0.36435868331441545,0,1,0,55,318,0,318,1.9641137855579869,,0.0,,,,,,,,,,,,,,,,74
73,ATN000441,300200364_,"G3988 Роз. без з/к без с/ш 16А б/рамки ""ATLAS"" жемчуг ATN441 (10) NEW",2,908.3,,,,,30,34,115,34,123,25,26,71,458,38.166666666666664,33,7,32,23,0,72,76,67,37,0,39,3,6,0,0,29,0,0,0,0,0,114,9.5,-1.0,-0.6465116279069767,1,0,0,22,90,15,75,10.31578947368421,,0.0,,,,,,,,,,,,,,,,75
74,ATN000444,300200374_,"G399 Роз. с з/к 16А с/у з/ш ""ATLAS"" жемчуг ATN444 (10)",1,1271.58,0,35,0,8,34,92,0,26,22,1,7,9,234,19.5,3,0,14,17,0,0,30,59,0,2,100,12,0,1,0,2,50,0,50,3,50,270,22.5,-0.4044943820224719,0.146067415730337,0,1,0,8,71,0,71,3.5555555555555554,,0.0,,,,,,,,,,,,,,,,76
75,ATN000491,300200370_,"G401 ТV роз. оконечная с/у б/рамки ""ATLAS"" жемчуг ATN491  (10)",3,2149.7,0,0,11,20,3,0,0,4,2,2,1,-7,36,3,2,1,5,2,0,1,0,3,1,0,3,1,0,0,0,0,0,0,0,2,0,7,0.5833333333333334,-0.5,0.0,0,1,0,7,44,0,44,89.14285714285714,,0.0,,,,,,,,,,,,,,,,77
76,ATN000481,300200425_,"G402 Телефонная роз. RJ11 механизм б/рамки ""ATLAS"" жемчуг ATN481 (10)",3,1660.07,2,0,0,0,0,0,0,0,10,0,0,0,12,1,0,0,0,0,0,5,0,1,0,0,0,0,0,0,0,1,0,0,0,0,0,1,0.08333333333333333,-1.0,-1.0,0,1,0,0,27,0,27,336.0,,0.0,,,,,,,,,,,,,,,,78
77,ATN000401,300200376_,"G405 Рамка 1-ная ""ATLAS"" жемчуг  ATN401 (20)",1,308.66,52,218,164,37,375,277,393,385,297,303,369,253,3123,260.25,53,317,277,96,153,299,250,52,193,46,34,54,97,51,102,88,56,254,108,136,103,1322,110.16666666666667,-0.17138103161397666,-0.5457570715474209,0,1,0,29,304,35,269,2.7140695915279878,,0.0,,,,,,,,,,,,,,,,79
78,ATN000402,300200377_,"G406 Рамка 2-ная ""ATLAS"" жемчуг ATN402 (10)",1,549.51,4,23,149,9,194,103,140,155,104,35,136,87,1139,94.91666666666667,13,124,241,130,125,136,59,58,65,64,94,54,51,28,71,26,54,66,55,29,52,709,59.083333333333336,-0.40711462450592883,-0.11857707509881421,0,1,0,36,100,0,100,2.318758815232722,,0.0,,,,,,,,,,,,,,,,80
79,ATN000403,300200378_,"G407 Рамка 3-ная ""ATLAS"" жемчуг ATN403 (15)",2,937.64,1,20,40,66,54,45,64,92,34,21,71,27,535,44.583333333333336,22,14,40,57,51,73,32,18,13,27,8,12,5,5,24,10,22,28,10,10,10,184,15.333333333333334,-0.6097560975609756,-0.6097560975609756,0,1,0,17,29,0,29,3.0652173913043477,,0.0,,,,,,,,,,,,,,,,81
80,ATN000404,300200379_,"G408 Рамка 4-ная ""ATLAS"" жемчуг ATN404 (15)",2,1193.69,1,0,15,35,45,16,25,21,35,29,46,3,271,22.583333333333332,6,11,21,5,30,21,3,15,5,23,6,4,4,5,8,2,9,14,2,1,1,84,7.0,-0.5641025641025641,-0.1282051282051282,0,1,0,13,20,0,20,4.857142857142857,,0.0,,,,,,,,,,,,,,,,82
81,ATN000405,300200380_,"G409 Рамка 5-ная ""ATLAS"" жемчуг ATN405 (5)",3,1546.72,0,0,14,10,11,0,7,6,30,2,9,-16,73,6.083333333333333,4,0,13,0,2,0,3,2,1,2,4,2,0,1,0,1,6,0,1,0,1,19,1.5833333333333333,-0.8,0.3999999999999999,0,1,0,1,24,0,24,16.42105263157895,,0.0,,,,,,,,,,,,,,,,83
82,ATN000465,300200421_,"G414 Переключ. 2 кл 10А с/у б/рамки ""ATLAS"" жемчуг ATN465 (10)",2,2163.29,10,0,31,24,49,3,13,24,17,4,19,-4,190,15.833333333333334,6,10,15,3,0,28,4,1,7,2,0,12,2,0,5,5,4,9,0,0,0,46,3.8333333333333335,-0.7272727272727273,-0.7272727272727273,0,1,0,5,40,3,37,11.217391304347826,,0.0,,,,,,,,,,,,,,,,84
83,ATN000451,300200366_,Выкл 2 кл 10А механизм жемчуг ATN000451,2,1232.39,0,20,30,0,50,38,50,45,89,0,10,28,360,30,10,43,47,46,44,68,19,3,13,3,0,0,0,0,0,1,12,26,24,0,24,103,8.583333333333334,-0.4444444444444444,-0.8222222222222222,1,0,0,7,106,7,99,12.466019417475728,,0.0,,,,,,,,,,,,,,,,85
84,ATN000446,ATN000446,Роз. с з/к  со з/ш с крышкой 16А IP20 механизм жемчуг ATLASDESIGN,3,1828.18,0,7,7,2,8,10,12,34,10,0,8,7,105,8.75,3,6,0,4,3,24,4,13,8,0,1,6,5,0,0,7,2,5,1,0,1,36,3.0,-0.8536585365853658,-0.7804878048780488,1,0,0,0,16,0,16,5.666666666666667,,0.0,,,,,,,,,,,,,,,,86
85,ATN001243,300200718_,К090 Роз. с з/к 16А с/у б/рамки ATLAS ПЕСОЧНЫЙ ATN1243 (5),1,1137.49,0,175,128,556,340,391,350,230,236,237,416,464,3523,293.5833333333333,476,946,256,256,761,548,242,508,390,308,141,350,105,310,268,585,221,303,192,348,192,3713,309.4166666666667,-0.35053929121725735,-0.35362095531587057,0,0,0,83,599,0,599,2.204147589550229,,0.0,,,,,,,,,,,,,,,,87
86,ATN001245,300200719_,К091 Роз. с з/к с з/ш 16А механизм ATLAS ПЕСОЧНЫЙ ATN1245 (5),3,1144.43,4,0,0,41,0,0,2,71,29,3,15,42,207,17.25,30,27,9,20,10,0,0,0,8,112,-50,20,26,44,11,0,15,18,0,0,0,204,17.0,0.0,0.0,0,0,0,1,61,0,61,3.6470588235294117,,0.0,,,,,,,,,,,,,,,,88
87,ATN001212,300200720_,К092 Выкл 1 кл 10А с/у ATLAS ПЕСОЧНЫЙ ATN1212 (5),2,800.58,0,31,11,58,110,43,54,49,32,16,65,39,508,42.333333333333336,25,73,15,52,23,14,36,8,15,41,47,41,50,25,0,12,0,53,25,50,24,383,31.916666666666668,1.206896551724138,0.7758620689655173,0,0,0,11,3,0,3,2.9451697127937337,,80.0,,,,,,,,,,,,,,,,89
88,ATN001213,300200721_,К093 Выкл 1 кл с инд 10А с/у б/рамки ATLAS ПЕСОЧНЫЙ ATN1213,3,1471.25,0,2,0,1,0,5,0,0,0,0,10,0,18,1.5,0,3,0,20,0,11,0,0,0,0,9,8,1,0,10,6,5,5,0,2,0,46,3.8333333333333335,-0.36363636363636365,-0.18181818181818177,0,0,0,2,9,0,9,2.869565217391304,,0.0,,,,,,,,,,,,,,,,90
89,ATN001252,300200722_,К094 Выкл 2 кл 10А с/у ATLAS ПЕСОЧНЫЙ ATN1252 (5),3,1166.85,0,11,12,74,26,10,56,11,8,25,28,15,276,23,15,40,18,17,17,36,12,14,20,12,0,32,18,15,0,2,0,11,27,42,27,206,17.166666666666668,0.29032258064516125,-0.4838709677419355,0,0,0,0,8,0,8,2.7961165048543686,,40.0,,,,,,,,,,,,,,,,91
90,ATN001251,300200777_,"К0944 Выкл. 2 кл 10А б/рамки ""ATLAS"" ПЕСОЧНЫЙ ATN1251 (5) NEW",1,1282.36,,,,,23,35,86,19,13,36,63,111,386,32.166666666666664,39,126,67,72,41,60,79,46,55,16,41,19,8,25,18,59,52,43,13,26,13,388,32.333333333333336,-0.5567567567567567,-0.39459459459459456,0,0,0,0,76,5,71,2.1958762886597936,,0.0,,,,,,,,,,,,,,,,92
91,ATN001253,300200723_,К095 Выкл 2 кл с инд 10А с/у б/рамки ATLAS ПЕСОЧНЫЙ ATN1253,3,1544.84,18,0,0,5,0,5,0,1,0,0,0,0,29,2.4166666666666665,0,0,0,0,0,3,0,0,0,0,0,8,4,0,0,0,0,2,0,5,0,19,1.5833333333333333,1.3333333333333335,-1.0,0,0,0,2,6,0,6,5.052631578947369,,0.0,,,,,,,,,,,,,,,,93
92,ATN001231,300200724_,К096 Выкл 3 кл 10А с/у б/рамки ATLAS ПЕСОЧНЫЙ ATN1231 (5),3,1493.7,0,5,2,3,1,0,11,0,7,11,2,11,53,4.416666666666667,6,1,0,12,12,8,3,1,2,1,0,6,0,0,2,6,10,4,0,4,0,35,2.9166666666666665,-0.33333333333333337,-0.75,0,0,0,0,7,0,7,2.4,,0.0,,,,,,,,,,,,,,,,94
93,ATN001283,300200725_,К097 Комп. роз. RJ45 5Е механизм б/рамки ATLAS ПЕСОЧНЫЙ ATN1283 (5),1,3620.16,7,11,7,27,7,17,14,10,5,11,11,25,152,12.666666666666666,7,50,2,16,20,27,10,9,11,3,0,10,4,12,10,31,2,2,11,38,11,145,12.083333333333334,0.10869565217391308,-0.6956521739130435,0,0,0,0,37,5,32,2.6482758620689655,,0.0,,,,,,,,,,,,,,,,95
94,ATN001261,300200726_,К098 Переключ. 1 кл 10А с/у б/рамки ATLAS ПЕСОЧНЫЙ ATN1261 (5),2,1422.91,8,13,8,30,8,22,11,18,21,31,32,19,221,18.416666666666668,2,31,16,5,34,24,15,35,34,16,28,15,13,15,0,19,5,14,60,19,60,298,24.833333333333332,0.2567567567567568,0.054054054054053946,0,0,0,0,71,5,66,2.6577181208053693,,0.0,,,,,,,,,,,,,,,,96
95,ATN001263,300200727_,К099 Переключ. 1 кл с инд 10А с/у б/рамки ATLAS ПЕСОЧНЫЙ ATN1263,3,2426.67,0,0,0,0,0,0,0,0,0,0,0,0,0,0,0,0,0,0,0,9,0,0,0,0,0,0,0,0,0,0,0,0,0,0,0,0,0.0,-1.0,-1.0,0,0,0,2,5,0,5,0.0,,0.0,,,,,,,,,,,,,,,,97
96,ATN001271,300200728_,К100 Перекрест.переключ. 1 кл 10А с/у б/рамки ATLAS ПЕСОЧНЫЙ ATN1271 (5),3,2463.07,0,2,1,15,4,4,0,2,0,10,0,1,39,3.25,1,8,0,10,0,5,0,1,4,0,5,3,0,4,0,1,6,8,4,5,4,44,3.6666666666666665,1.8333333333333335,0.5,0,0,0,0,13,0,13,3.5454545454545454,,0.0,,,,,,,,,,,,,,,,98
97,ATN001220,300200729_,К101 Роз. 2-ная с/у 16А ATLAS ПЕСОЧНЫЙ ATN1220 (6),2,1174.66,0,8,1,22,6,7,5,30,0,41,20,10,150,12.5,6,27,19,45,0,12,10,12,38,10,62,11,6,30,8,20,1,48,17,13,17,281,23.416666666666668,1.2941176470588234,2.235294117647059,0,0,0,9,62,4,58,2.861209964412811,,0.0,,,,,,,,,,,,,,,,99
98,ATN001226,300200730_,К102 Роз. 2-ная с/у 16А с з/к з/ш ATLAS ПЕСОЧНЫЙ ATN1226 (6),2,1795.12,1,12,2,14,14,30,10,2,10,25,29,7,156,13,24,50,18,82,0,24,24,0,18,3,48,35,6,4,24,16,10,20,9,27,9,229,19.083333333333332,0.16666666666666674,0.4375,0,0,0,5,65,0,65,3.668122270742358,,0.0,,,,,,,,,,,,,,,,100
99,ATN001285,300200731_,К103 Роз. RJ45+RJ45 5Е кат 5Е механизм б/рамки ATLAS ПЕСОЧНЫЙ ATN1285 (5),3,5451.4,3,0,0,0,3,1,2,1,2,1,2,1,16,1.3333333333333333,0,1,0,0,5,2,0,0,0,0,0,4,0,1,0,0,0,0,0,2,0,7,0.5833333333333334,0.0,-1.0,0,0,0,0,6,0,6,10.285714285714285,,0.0,,,,,,,,,,,,,,,,101
100,ATN001244,300200732_,К104 Роз. с з/к 16А с/у з/ш ATLAS ПЕСОЧНЫЙ ATN1244 (5),3,1315.91,0,0,0,15,48,7,26,38,6,22,9,1,172,14.333333333333334,2,1,0,0,0,4,1,3,5,0,0,7,32,0,10,5,0,19,2,7,2,89,7.416666666666667,2.5,-0.375,0,0,0,27,0,0,0,3.640449438202247,,0.0,,,,,,,,,,,,,,,,102
101,ATN001241,300200778_,"К1044 Роз. без з/к без с/ш 16А б/рамки ""ATLAS"" ПЕСОЧНЫЙ ATN1241 (5) NEW",2,906.2,,,,,32,26,43,15,23,0,88,52,279,23.25,0,0,63,6,11,10,40,73,35,0,124,0,75,0,12,6,0,1,15,12,15,295,24.583333333333332,-0.7723577235772358,0.29268292682926833,0,0,0,19,71,0,71,3.6610169491525424,,0.0,,,,,,,,,,,,,,,,103
102,ATN001291,300200733_,К105 ТV роз. оконечная с/у б/рамки ATLAS ПЕСОЧНЫЙ ATN1291 (5),3,1943.81,-1,0,0,5,12,2,1,7,6,10,15,0,57,4.75,0,5,4,5,0,10,3,5,0,0,0,2,1,2,4,4,0,1,0,2,0,16,1.3333333333333333,-0.8333333333333334,-1.0,0,0,0,0,13,0,13,9.75,,0.0,,,,,,,,,,,,,,,,104
103,ATN001281,300200734_,К106 Телефонная роз. RJ11 механизм б/рамки ATLAS ПЕСОЧНЫЙ ATN1281 (5),3,1517.33,0,0,0,2,1,1,0,0,0,0,0,0,4,0.3333333333333333,0,0,1,0,0,0,0,0,0,1,0,0,1,0,0,0,0,1,0,0,0,3,0.25,0.0,0.0,0,0,0,0,3,0,3,12.0,,0.0,,,,,,,,,,,,,,,,105
104,ATN001201,300200735_,К107 Рамка 1-ная ATLAS ПЕСОЧНЫЙ ATN1201 (10),1,365.38,9,57,42,227,108,155,358,161,58,157,371,321,2024,168.66666666666666,304,260,212,149,324,251,247,174,291,52,356,109,39,121,242,150,160,216,68,356,67,2227,185.58333333333334,-0.04761904761904767,0.0401785714285714,0,0,0,58,523,0,523,3.130669061517737,,0.0,,,,,,,,,,,,,,,,106
105,ATN001202,300200736_,К108 Рамка 2-ная ATLAS ПЕСОЧНЫЙ ATN1202 (5),1,803.62,4,55,23,144,134,101,126,50,79,62,106,103,987,82.25,69,270,102,105,203,110,83,113,80,112,65,107,23,112,84,156,35,71,57,72,53,1027,85.58333333333333,-0.3464052287581699,-0.16013071895424835,0,0,0,15,189,0,189,2.3836416747809155,,0.0,,,,,,,,,,,,,,,,107
106,ATN001203,300200737_,К109 Рамка 3-ная ATLAS ПЕСОЧНЫЙ ATN1203 (5),2,928.19,0,15,6,62,41,39,64,23,40,60,37,71,458,38.166666666666664,44,89,52,92,49,50,27,45,48,22,5,61,9,31,39,70,29,34,38,31,35,452,37.666666666666664,-0.15573770491803274,-0.38524590163934425,0,0,0,9,67,0,67,2.017699115044248,,0.0,,,,,,,,,,,,,,,,108
107,ATN001204,300200738_,К110 Рамка 4-ная ATLAS ПЕСОЧНЫЙ ATN1204 (5),2,1402.22,3,6,5,25,18,6,11,14,5,22,16,10,141,11.75,19,23,4,17,50,24,21,36,11,8,0,20,1,10,13,16,19,12,17,23,17,167,13.916666666666666,-0.3580246913580247,-0.7654320987654322,0,0,0,2,30,1,29,2.227544910179641,,0.0,,,,,,,,,,,,,,,,109
108,ATN001205,300200739_,К111 Рамка 5-ная ATLAS ПЕСОЧНЫЙ ATN1205 (5),3,2003.41,1,2,4,5,4,1,7,3,1,13,4,2,47,3.9166666666666665,0,7,2,8,5,2,6,2,2,1,2,0,0,4,0,3,0,0,1,0,1,14,1.1666666666666667,-0.9,-0.5,0,0,0,7,4,0,4,9.428571428571429,,0.0,,,,,,,,,,,,,,,,110
109,ATN001265,300200740_,К112 Переключ. 2 кл 10А с/у б/рамки ATLAS ПЕСОЧНЫЙ ATN1265 (5),1,2868.22,8,0,4,16,20,14,25,8,3,14,2,36,150,12.5,17,27,5,46,16,36,30,45,11,6,17,11,9,30,2,24,20,17,7,11,7,172,14.333333333333334,-0.6846846846846847,-0.6936936936936937,0,0,0,5,35,0,35,2.7906976744186047,,0.0,,,,,,,,,,,,,,,,111
110,ATN001211,300200741_,К113 Выкл 1-кл сх.1 10АХ механизм ПЕСОЧНЫЙ ATLAS ATN1211 (5),1,936.04,0,2,0,62,23,8,125,51,15,71,44,85,486,40.5,40,58,70,58,100,110,39,86,118,50,14,15,7,22,9,77,54,78,45,23,45,557,46.416666666666664,-0.37872340425531914,-0.225531914893617,0,0,0,0,108,5,103,2.21903052064632,,0.0,,,,,,,,,,,,,,,,112
111,ATN000943,300200520_,"K001 Роз. с з/к 16А с/у б/рамки ""ATLAS"" СТАЛЬ ATN943 (5)",1,2163.49,0,0,178,48,195,259,630,485,287,444,157,161,2844,237,95,135,30,195,64,35,120,53,514,209,139,389,42,267,95,48,163,6,125,111,125,2233,186.08333333333334,0.16346153846153855,3.144230769230769,0,0,0,21,461,0,461,2.5902373488580386,,0.0,,,,,,,,,,,,,,,,113
112,ATN000912,300200521_,"K002 Выкл 1 кл 10А с/у ""ATLAS"" СТАЛЬ ATN912 (5) NEW",1,2389.87,0,22,6,2,20,36,24,31,38,19,36,0,234,19.5,22,12,11,0,1,0,52,2,6,5,3,59,8,15,18,0,6,1,13,0,13,147,12.25,-0.7407407407407407,-0.7407407407407407,0,0,0,27,30,0,30,4.653061224489796,,0.0,,,,,,,,,,,,,,,,114
113,ATN000911,300200594_,"K0022 Выкл. 1-кл 10А с/у б/рамки ""ATLAS"" СТАЛЬ ATN911 (5) NEW",1,1584.54,,,,,33,74,62,56,52,63,18,32,390,32.5,3,25,0,49,0,14,14,18,20,29,29,86,5,36,6,27,22,4,26,28,25,343,28.583333333333332,0.26086956521739135,0.6956521739130435,1,0,0,4,81,0,81,3.0087463556851315,,0.0,,,,,,,,,,,,,,,,115
114,ATN000913,300200522_,"K003 Выкл 1 кл с инд 10А с/у б/рамки ""ATLAS"" СТАЛЬ ATN913 (5)",3,3479.29,0,0,0,7,0,0,0,0,0,0,0,0,7,0.5833333333333334,0,0,0,0,0,0,0,0,0,1,0,0,0,0,0,0,0,0,0,0,0,1,0.08333333333333333,0.0,0.0,0,0,0,0,9,0,9,108.0,,0.0,,,,,,,,,,,,,,,,116
115,ATN000952,300200523_,"K004 Выкл 2 кл 10А с/у ""ATLAS"" СТАЛЬ ATN952 (5) NEW",2,2358.18,1,7,19,2,17,15,45,66,32,46,12,1,263,21.916666666666668,25,9,5,6,3,6,20,3,10,13,8,31,3,10,9,6,7,5,6,8,6,122,10.166666666666666,-0.3448275862068966,0.06896551724137923,0,0,0,5,48,0,48,5.213114754098361,,0.0,,,,,,,,,,,,,,,,117
116,ATN000953,300200524_,"K005 Выкл 2 кл с инд 10А с/у б/рамки ""ATLAS"" СТАЛЬ ATN953 (5)",3,4610.12,0,0,0,0,0,8,0,0,5,7,2,0,22,1.8333333333333333,0,0,0,0,0,0,0,0,0,4,0,0,5,0,0,1,0,0,0,3,0,13,1.0833333333333333,0.0,0.0,0,0,0,3,2,0,2,4.615384615384616,,0.0,,,,,,,,,,,,,,,,118
117,ATN000931,300200525_,"K006 Выкл 3 кл 10А с/у б/рамки ""ATLAS"" СТАЛЬ ATN931 (5)",3,3052.3,0,0,3,0,1,2,0,1,15,11,3,8,44,3.6666666666666665,1,2,0,0,0,0,2,-1,0,0,0,11,0,1,1,0,0,2,0,1,0,16,1.3333333333333333,2.0,-1.0,0,0,0,1,39,0,39,30.0,,0.0,,,,,,,,,,,,,,,,119
118,ATN000983,300200526_,"K007 Комп. роз. RJ45 5Е механизм б/рамки ""ATLAS"" СТАЛЬ ATN983 (5)",1,4114.21,0,12,8,3,9,13,24,23,26,15,10,4,147,12.25,6,1,0,1,0,1,7,5,45,5,14,28,1,21,11,6,16,7,7,10,7,178,14.833333333333334,0.8461538461538463,3.9230769230769234,0,0,0,0,47,5,42,2.831460674157303,,0.0,,,,,,,,,,,,,,,,120
119,ATN000961,300200527_,"K008 Переключ. 1 кл 10А с/у б/рамки ""ATLAS"" СТАЛЬ ATN961 (5)",2,2300.76,0,18,9,26,0,14,33,22,24,16,18,0,180,15,0,4,0,23,11,1,0,0,20,12,12,25,0,0,0,1,2,0,4,2,1,79,6.583333333333333,5.0,43.0,0,0,0,12,275,0,275,43.594936708860764,,0.0,,,,,,,,,,,,,,,,121
120,ATN000963,300200528_,"K0088 Перекл. 1-кл с инд 10А с/у б/рамки ""ATLAS"" СТАЛЬ ATN963 (2) NEW",3,3450.82,0,0,0,0,0,6,0,0,0,10,21,0,37,3.0833333333333335,0,0,0,0,0,0,0,0,0,0,0,0,0,0,0,1,0,0,0,0,0,1,0.08333333333333333,0.0,0.0,0,0,0,2,27,0,27,348.0,,0.0,,,,,,,,,,,,,,,,122
121,ATN000971,300200529_,"K010 Перекрест.переключ. 1 кл 10А с/у б/рамки ""ATLAS"" СТАЛЬ ATN971 (2)",3,4707.7,0,0,0,3,0,8,6,5,10,10,15,0,57,4.75,0,0,0,0,0,0,0,0,4,2,4,5,0,0,1,0,0,0,0,0,0,16,1.3333333333333333,0.0,0.0,0,0,0,0,68,0,68,51.0,,0.0,,,,,,,,,,,,,,,,123
122,ATN000920,300200530_,"K011 Роз. 2-ная с/у 16А ""ATLAS"" СТАЛЬ ATN920 (6)",3,2476.37,2,0,0,0,0,1,1,22,33,5,0,0,64,5.333333333333333,35,18,0,10,0,0,11,0,2,1,0,0,15,0,0,0,2,0,5,0,5,30,2.5,-0.5454545454545454,-0.7272727272727273,0,0,0,15,27,0,27,16.8,,0.0,,,,,,,,,,,,,,,,124
123,ATN000926,300200531_,"K012 Роз. 2-ная с/у 16А с з/к з/ш ""ATLAS"" СТАЛЬ ATN926 (6)",2,3961.27,0,0,7,3,0,10,6,35,10,13,34,5,123,10.25,20,1,0,2,0,20,0,1,0,14,35,4,0,2,12,7,5,2,2,2,2,87,7.25,-0.7142857142857143,1.3333333333333335,0,0,0,7,8,0,8,2.0689655172413794,,0.0,,,,,,,,,,,,,,,,125
124,ATN000985,300200532_,"K013 Роз. RJ45+RJ45 5Е кат 5Е механизм б/рамки ""ATLAS"" СТАЛЬ ATN985 (5)",3,6388.45,0,0,0,1,0,0,2,6,0,2,0,0,11,0.9166666666666666,3,0,0,0,0,0,0,2,3,0,1,0,0,8,0,0,0,0,1,1,1,15,1.25,0.0,1.0,0,0,0,0,8,0,8,6.4,,0.0,,,,,,,,,,,,,,,,126
125,ATN000944,300200533_,"K014 Роз. с з/к 16А с/у з/ш ""ATLAS"" СТАЛЬ ATN944 (5)",3,2149.48,0,0,10,1,0,22,0,16,0,1,28,1,79,6.583333333333333,5,0,0,0,0,2,0,0,2,3,0,0,0,0,3,0,0,0,1,0,1,10,0.8333333333333334,-0.5,1.5,0,0,0,0,24,0,24,28.799999999999997,,0.0,,,,,,,,,,,,,,,,127
126,ATN000991,300200534_,"K015 ТV роз. оконечная с/у б/рамки ""ATLAS"" СТАЛЬ ATN991(5)",3,2283.93,0,6,1,0,1,8,2,0,1,4,1,0,24,2,2,1,0,2,0,0,0,1,0,3,0,0,0,2,5,2,0,0,0,3,0,15,1.25,2.0,2.0,0,0,0,2,6,0,6,6.4,,0.0,,,,,,,,,,,,,,,,128
127,ATN000981,300200535_,"K016 Телефонная роз. RJ11 механизм б/рамки ""ATLAS"" СТАЛЬ ATN981 (5)",3,2271.46,0,0,0,0,0,2,0,1,0,0,0,0,3,0.25,0,0,0,0,0,0,1,0,15,0,0,0,0,0,0,0,0,0,0,0,0,15,1.25,-1.0,14.0,0,0,0,2,4,0,4,4.8,,0.0,,,,,,,,,,,,,,,,129
128,ATN000901,300200536_,"K017 Рамка 1-ная ""ATLAS"" СТАЛЬ ATN901 (5)",1,932.17,0,0,66,24,117,106,152,79,163,181,123,94,1105,92.08333333333333,43,71,65,157,15,84,142,23,196,113,69,305,17,113,30,100,93,20,70,75,70,1271,105.91666666666667,-0.3373493975903614,0.5180722891566265,0,0,0,59,237,0,237,2.7946498819826906,,0.0,,,,,,,,,,,,,,,,130
129,ATN000902,300200537_,"K018 Рамка 2-ная ""ATLAS"" СТАЛЬ ATN902 (5)",1,1418.46,0,0,56,15,56,130,144,65,94,129,60,12,761,63.416666666666664,15,15,42,29,22,43,26,3,37,38,50,90,15,42,37,8,46,1,40,37,40,481,40.083333333333336,0.08333333333333326,0.7361111111111112,0,0,0,18,108,0,108,3.143451143451143,,0.0,,,,,,,,,,,,,,,,131
130,ATN000903,300200538_,"K019 Рамка 3-ная ""ATLAS"" СТАЛЬ ATN903 (2)",2,2262.33,3,0,6,7,28,86,42,59,46,49,28,15,369,30.75,8,5,15,8,13,6,21,9,15,11,24,32,1,13,6,5,21,6,14,12,13,173,14.416666666666666,-0.11111111111111116,0.38888888888888884,0,0,0,2,28,0,28,2.0809248554913298,,0.0,,,,,,,,,,,,,,,,132
131,ATN000904,300200539_,"K020 Рамка 4-ная ""ATLAS"" СТАЛЬ ATN904 (2)",1,4408.21,0,0,9,4,12,25,25,17,16,24,22,3,157,13.083333333333334,2,3,12,11,1,1,6,9,44,15,8,6,32,35,2,0,59,0,4,6,4,215,17.916666666666668,-0.375,3.1875,0,0,0,7,61,0,61,3.795348837209302,,0.0,,,,,,,,,,,,,,,,133
132,ATN000905,300200540_,"K021 Рамка 5-ная ""ATLAS"" СТАЛЬ ATN905 (2)",3,3912.84,0,1,6,0,5,7,2,9,13,14,5,0,62,5.166666666666667,0,0,11,1,0,1,0,0,1,1,0,5,1,0,0,0,0,0,4,1,3,16,1.3333333333333333,4.0,1.0,0,0,0,0,74,0,74,55.5,,0.0,,,,,,,,,,,,,,,,134
133,ATN000965,300200541_,"K022 Переключ. 2 кл 10А с/у б/рамки ""ATLAS"" СТАЛЬ ATN965 (5)",2,4418.3,0,0,4,1,8,0,18,24,24,30,10,5,124,10.333333333333334,6,0,0,0,0,0,4,0,0,15,18,1,0,0,5,0,0,0,1,0,1,41,3.4166666666666665,-0.75,7.25,0,0,0,13,60,0,60,21.365853658536587,,0.0,,,,,,,,,,,,,,,,135
134,ATN000951,300200595_,"Выкл 2-кл, сх.5, 10АХ, механизм, сталь ""ATLAS""",2,1897.1,0,0,0,0,16,10,18,0,27,46,10,23,150,12.5,0,3,0,52,10,7,12,6,49,13,13,22,0,3,1,2,22,0,9,16,8,158,13.166666666666666,0.0,2.0,1,0,0,8,350,0,350,27.265822784810126,,0.0,,,,,,,,,,,,,,,,136
135,ATN000924,300200623_,"Роз. двойная с з/к, 16А, в сборе, сталь ""ATLAS""",2,2534.96,0,0,0,0,6,0,0,5,10,16,0,4,41,3.4166666666666665,0,11,0,21,0,10,20,0,30,9,0,3,2,0,0,0,0,0,20,0,20,84,7.0,-0.33333333333333337,0.30000000000000004,1,0,0,0,156,0,156,22.428571428571427,,0.0,,,,,,,,,,,,,,,,137
136,ATN000945,300200622_,"Роз. с з/к с з/ш, 16А, механизм, сталь ""ATLAS""",3,1990.01,0,0,0,0,0,20,0,47,47,32,45,0,191,15.916666666666666,0,0,0,15,0,0,3,0,0,0,0,0,0,6,0,0,2,0,0,50,0,58,4.833333333333333,15.666666666666668,-1.0,1,0,0,15,57,0,57,15.10344827586207,,0.0,,,,,,,,,,,,,,,,138
137,ATN000543,300200542_,"K023 Роз. с з/к 16А с/у б/рамки ""ATLAS"" ШАМПАНЬ ATN543 (10)",1,1086.68,721,189,759,1372,1743,1460,798,1545,1303,1275,960,1259,13384,1115.3333333333333,714,744,820,1313,629,499,932,619,618,748,611,794,157,474,239,998,486,485,505,1066,444,7625,635.4166666666666,0.0029268292682926855,-0.03560975609756101,0,0,0,15,1751,25,1726,2.7399344262295084,,0.0,,,,,,,,,,,,,,,,139
138,ATN000545,300200624_,"K0233 Роз. с з/к с з/ш, 16А, механизм ""ATLAS"" ШАМПАНЬ ATN545 (10)",3,1220.4,0,30,17,4,0,0,30,53,7,75,4,68,288,24,0,16,4,5,6,0,35,0,13,46,46,38,1,0,17,38,4,0,0,67,0,270,22.5,0.9142857142857144,2.0,1,0,0,0,55,10,45,2.0444444444444443,,0.0,,,,,,,,,,,,,,,,140
139,ATN000541,300200704_,"K02333 Роз. без з/к без с/ш 16А мех. ""ATLAS"" ШАМПАНЬ ATN541 (10) NEW",2,768.91,,,,,47,249,133,225,99,78,142,69,1042,86.83333333333333,60,101,2,120,111,98,161,62,46,5,-15,0,7,0,0,100,1,13,4,4,3,168,14.0,-0.9345794392523364,-0.8878504672897196,1,0,0,69,235,0,235,21.785714285714285,,0.0,,,,,,,,,,,,,,,,141
140,ATN000512,300200543_,"K024 Выкл 1 кл 10А с/у ""ATLAS"" ШАМПАНЬ ATN512 (10)",2,1069.3,21,66,151,113,168,189,87,264,166,224,55,120,1624,135.33333333333334,34,78,78,94,36,57,109,65,44,88,30,57,9,38,27,90,50,129,37,72,36,707,58.916666666666664,0.030303030303030276,-0.2987012987012987,0,0,0,16,135,0,135,2.562942008486563,,0.0,,,,,,,,,,,,,,,,142
141,ATN000513,300200544_,"K025 Выкл 1 кл с инд 10А с/у б/рамки ""ATLAS"" ШАМПАНЬ ATN513 (10)",3,1911.39,16,0,3,3,0,0,2,11,17,34,5,0,91,7.583333333333333,0,8,1,9,3,2,4,11,-4,0,8,0,0,0,11,1,0,13,11,0,11,51,4.25,0.41176470588235303,-0.7647058823529411,0,0,0,10,0,0,0,2.3529411764705883,,0.0,,,,,,,,,,,,,,,,143
142,ATN000552,300200545_,"K026 Выкл 2 кл 10А с/у ""ATLAS"" ШАМПАНЬ ATN552 (10)",3,1154.84,7,53,91,97,116,118,27,46,43,15,25,18,656,54.666666666666664,11,29,36,7,0,25,60,35,16,27,11,30,7,18,6,21,13,38,22,26,22,257,21.416666666666668,-0.2833333333333333,-0.55,0,0,0,10,84,0,84,4.389105058365758,,0.0,,,,,,,,,,,,,,,,144
143,ATN000551,300200593_,"K0266 Выкл. 2 кл 10А б/рамки ""ATLAS"" ШАМПАНЬ ATN551 (10) NEW",1,1319.85,,,,,103,195,173,163,332,144,107,191,1408,117.33333333333333,104,90,98,253,96,68,134,61,70,70,110,98,17,46,65,174,82,42,31,134,31,970,80.83333333333333,-0.21292775665399244,-0.049429657794676785,1,0,0,21,230,0,230,3.1175257731958763,,0.0,,,,,,,,,,,,,,,,145
144,ATN000553,300200546_,"K027 Выкл 2 кл с инд 10А с/у б/рамки ""ATLAS"" ШАМПАНЬ ATN553 (10)",3,1548.39,17,3,4,1,0,0,0,0,10,15,1,0,51,4.25,6,0,0,6,9,1,0,4,5,0,19,1,1,0,7,0,0,3,2,0,2,40,3.3333333333333335,0.0,3.8,0,0,0,3,0,0,0,0.8999999999999999,,0.0,,,,,,,,,,,,,,,,146
145,ATN000531,300200547_,"K028 Выкл 3 кл 10А с/у б/рамки ""ATLAS"" ШАМПАНЬ ATN531 (10)",3,1677.21,0,11,12,2,16,20,2,19,33,22,20,19,176,14.666666666666666,9,11,15,23,6,8,10,9,7,4,11,5,5,5,4,1,14,3,7,22,7,95,7.916666666666667,0.18518518518518512,-0.18518518518518523,0,0,0,0,15,0,15,1.894736842105263,,0.0,,,,,,,,,,,,,,,,147
146,ATN000583,300200548_,"K029 Комп. роз. RJ45 5Е механизм б/рамки ""ATLAS"" ШАМПАНЬ ATN583 (10)",1,4281.15,19,23,48,30,57,87,58,97,52,35,67,83,656,54.666666666666664,23,32,42,72,45,29,36,33,31,26,17,57,5,13,21,148,6,31,13,35,13,416,34.666666666666664,-0.19387755102040816,-0.24489795918367352,0,0,0,9,65,0,65,2.1346153846153846,,0.0,,,,,,,,,,,,,,,,148
147,ATN000561,300200549_,"K030 Переключ. 1 кл 10А с/у б/рамки ""ATLAS"" ШАМПАНЬ ATN561 (10)",2,1607.26,18,21,23,57,65,61,23,87,34,87,58,43,577,48.083333333333336,30,60,34,320,24,36,65,40,32,67,13,38,3,13,22,67,27,9,30,38,30,389,32.416666666666664,-0.45390070921985815,-0.2056737588652482,0,0,0,46,63,0,63,3.362467866323908,,0.0,,,,,,,,,,,,,,,,149
148,ATN000563,300200550_,"K031 Переключ. 1 кл с инд 10А с/у б/рамки  ""ATLAS"" ШАМПАНЬ ATN563  (10)",3,1618.53,0,0,0,0,0,0,0,0,1,0,0,0,1,0.08333333333333333,0,0,0,0,0,0,0,0,0,0,1,0,0,0,0,0,0,2,0,2,0,5,0.4166666666666667,0.0,0.0,0,0,0,2,12,0,12,33.6,,0.0,,,,,,,,,,,,,,,,150
149,ATN000571,300200551_,"K032 Перекрест.переключ. 1 кл 10А с/у б/рамки ""ATLAS"" ШАМПАНЬ ATN571 (5)",3,2428.83,3,7,8,5,12,14,8,17,12,26,14,2,128,10.666666666666666,3,6,6,15,7,0,6,6,12,19,0,5,0,0,1,8,7,3,9,3,9,76,6.333333333333333,0.25,1.5833333333333335,0,0,0,4,20,0,20,3.7894736842105265,,0.0,,,,,,,,,,,,,,,,151
150,ATN000573,300200773_,"K0322 Перекрест. перекл. 2 кл 10А с/у б/рамки ""ATLAS"" ШАМПАНЬ ATN573 (5) NEW",2,6127.64,,,,,5,1,2,43,8,3,4,44,110,9.166666666666666,5,4,12,17,2,2,16,10,10,1,1,5,0,6,2,12,8,3,2,1,2,53,4.416666666666667,-0.7857142857142857,-0.5714285714285714,0,0,0,0,17,0,17,3.8490566037735845,,0.0,,,,,,,,,,,,,,,,152
151,ATN000520,300200552_,"K033 Роз. 2-ная с/у 16А ""ATLAS"" ШАМПАНЬ ATN520 (6)",2,1241.23,0,29,19,19,3,101,87,52,49,98,56,50,563,46.916666666666664,14,52,8,12,21,77,67,69,8,26,10,3,0,7,4,33,34,12,21,41,21,220,18.333333333333332,-0.6525821596244131,-0.7934272300469484,0,0,0,10,114,0,114,6.763636363636364,,0.0,,,,,,,,,,,,,,,,153
152,ATN000526,300200553_,"K034 Роз. 2-ная с/у 16А с з/к з/ш ""ATLAS"" ШАМПАНЬ ATN526 (6)",1,2001.56,5,25,54,33,94,30,2,66,81,103,12,82,587,48.916666666666664,28,71,55,20,119,77,67,98,26,52,41,48,10,43,24,61,53,23,20,92,20,513,42.75,-0.4421487603305785,-0.5082644628099173,0,0,0,31,86,0,86,2.736842105263158,,0.0,,,,,,,,,,,,,,,,154
153,ATN000585,300200554_,"K035 Роз. RJ45+RJ45 5Е кат 5Е механизм б/рамки ""ATLAS"" ШАМПАНЬ ATN585 (10)",3,6039.28,3,6,0,2,3,2,5,7,0,10,3,1,42,3.5,2,3,8,0,0,0,12,3,0,1,0,16,0,0,0,0,0,2,0,3,0,22,1.8333333333333333,-0.6666666666666667,-0.9333333333333333,0,0,0,0,7,0,7,3.8181818181818183,,0.0,,,,,,,,,,,,,,,,155
154,ATN000544,300200555_,"K036 Роз. с з/к 16А с/у з/ш ""ATLAS"" ШАМПАНЬ ATN544 (10)",3,1426.49,14,142,9,8,86,33,4,4,41,0,0,0,341,28.416666666666668,11,2,6,3,3,4,31,0,3,10,0,4,2,0,3,24,31,32,0,11,0,120,10.0,0.22857142857142865,-0.6285714285714286,0,0,0,10,31,0,31,4.1,,0.0,,,,,,,,,,,,,,,,156
155,ATN000591,300200556_,"K037 ТV роз. оконечная с/у б/рамки ""ATLAS"" ШАМПАНЬ ATN591(10)",3,2270.61,1,4,5,11,19,13,11,53,16,5,13,10,161,13.416666666666666,1,9,2,27,0,6,4,0,1,9,1,3,0,0,0,2,1,3,6,5,6,37,3.0833333333333335,0.3999999999999999,0.10000000000000009,0,0,0,0,50,10,40,12.972972972972972,,0.0,,,,,,,,,,,,,,,,157
156,ATN000581,300200557_,"K038 Телефонная роз. RJ11 механизм б/рамки ""ATLAS"" ШАМПАНЬ ATN581 (10)",3,1661.18,0,0,0,0,5,0,1,0,2,0,0,0,8,0.6666666666666666,0,0,0,8,0,6,0,1,2,0,0,6,0,0,0,2,1,0,0,0,0,11,0.9166666666666666,-1.0,-0.7142857142857143,0,0,0,6,2,0,2,8.727272727272728,,0.0,,,,,,,,,,,,,,,,158
157,ATN000501,300200558_,"K039 Рамка 1-ная ""ATLAS"" ШАМПАНЬ ATN501 (10)",1,331.3,104,102,192,311,531,1050,736,728,500,707,654,603,6218,518.1666666666666,279,458,483,586,494,313,1061,377,411,297,216,475,163,162,181,399,269,459,299,480,306,4117,343.0833333333333,-0.29297544260422614,-0.4723015419760137,0,0,0,17,837,75,762,2.2705853777022105,,0.0,,,,,,,,,,,,,,,,159
158,ATN000502,300200559_,"K040 Рамка 2-ная ""ATLAS"" ШАМПАНЬ ATN502 (10)",1,550.66,109,96,175,196,340,394,220,429,423,288,335,469,3474,289.5,137,190,212,340,207,121,217,170,222,250,229,232,66,117,71,400,116,208,91,311,86,2399,199.91666666666666,0.20078740157480324,0.3799212598425197,0,0,0,20,611,0,611,3.1563151313047104,,0.0,,,,,,,,,,,,,,,,160
159,ATN000503,300200560_,"K041 Рамка 3-ная ""ATLAS"" ШАМПАНЬ ATN503 (15)",2,928.7,48,44,60,130,116,181,125,228,190,122,121,155,1520,126.66666666666667,50,95,84,165,62,83,90,65,99,76,87,111,22,41,25,121,48,46,56,111,57,900,75.0,-0.10504201680672265,0.10084033613445387,0,0,0,10,173,15,158,2.24,,0.0,,,,,,,,,,,,,,,,161
160,ATN000504,300200561_,"K042 Рамка 4-ная ""ATLAS"" ШАМПАНЬ ATN504 (15)",2,1321.17,7,11,41,55,45,55,53,85,66,31,64,53,566,47.166666666666664,23,27,38,157,-5,32,33,13,54,29,21,30,2,19,7,26,24,24,16,26,15,293,24.416666666666668,-0.15384615384615385,0.33333333333333326,0,0,0,14,64,0,64,3.1945392491467577,,0.0,,,,,,,,,,,,,,,,162
161,ATN000505,300200562_,"K043 Рамка 5-ная ""ATLAS"" ШАМПАНЬ ATN505 (5)",3,1582.72,0,4,10,14,17,20,15,28,29,22,11,85,255,21.25,2,0,7,3,28,5,7,8,5,2,6,15,0,1,0,0,4,1,1,10,1,46,3.8333333333333335,-0.4,-0.35,0,0,0,4,73,0,73,20.08695652173913,,0.0,,,,,,,,,,,,,,,,163
162,ATN000565,300200563_,"K044 Переключ. 2 кл 10А с/у б/рамки ""ATLAS"" ШАМПАНЬ ATN565 (10)",1,2746.16,29,29,47,19,68,56,17,118,36,31,65,39,554,46.166666666666664,40,36,51,158,38,50,32,49,39,25,10,8,2,22,12,45,48,22,46,53,26,358,29.833333333333332,-0.07633587786259544,-0.43511450381679384,0,0,0,4,90,10,80,2.815642458100559,,0.0,,,,,,,,,,,,,,,,164
163,ATN000599,300200965_,"K045 Вывод кабеля механизм ""ATLAS"" ШАМПАНЬ ATN000599  (10)",3,1123.97,,,,,,,,,,,,,0,0,0,0,5,9,8,6,0,2,10,12,0,4,0,0,0,0,1,0,0,7,0,34,2.8333333333333335,-0.125,1.75,0,0,0,4,11,0,11,5.294117647058823,,0.0,,,,,,,,,,,,,,,,165
164,ATN000515,300200966_,"K046 Выкл. 1 кл с самовозвр. механизм ""ATLAS"" ШАМПАНЬ ATN000515 (5)",3,1718.12,,,,,,,,,,,,,0,0,0,0,13,0,0,0,0,1,0,0,0,10,0,0,0,8,0,0,0,2,0,20,1.6666666666666667,1.0,-1.0,1,0,0,0,8,0,8,5.3999999999999995,,0.0,,,,,,,,,,,,,,,,166
165,ATN000535,300200963_,"K047 ТЕРМОСТАТ электрон.для тепл.пола с датч. с/у 10A ""ATLAS"" ШАМПАНЬ ATN000535 (1)",2,33803.53,,,,,,,,,,,,,0,0,0,5,0,0,0,0,4,0,0,0,3,0,0,0,0,0,6,5,0,1,0,15,1.25,0.5,-0.25,0,0,0,2,2,0,2,3.2,,0.0,,,,,,,,,,,,,,,,167
166,ATN000539,ATN000539,"USB Роз. A+С, 5В/2,4А, 2х5В/1,2А, механизм, шампань ""ATLAS""",7,0.0,0,0,0,0,0,0,0,0,0,0,0,0,0,0,0,0,0,0,0,0,0,0,0,0,0,0,0,0,0,0,0,0,0,0,0,0,0.0,0.0,0.0,1,0,0,0,0,0,0,0.0,,0.0,,,,,,,,,,,,,,,,168
167,ATN000511,300200592_,"Выкл 1-кл, сх.1, 10АХ, механизм, шампань ""ATLAS""",1,1032.96,0,0,4,10,183,96,184,194,158,237,111,171,1348,112.33333333333333,112,130,93,174,98,71,190,89,149,68,93,159,24,31,68,236,41,66,46,87,47,1115,92.91666666666667,-0.4314285714285714,-0.11428571428571432,1,0,0,5,212,5,207,2.29237668161435,,0.0,,,,,,,,,,,,,,,,169
168,ATN000111,300200331_,"S3833 Выкл 1 кл 10А с/у б/рамки ""ATLAS"" белый (20) ATN111",1,635.37,698,216,1244,1291,2517,2065,2287,2678,2749,2211,2400,1365,21721,1810.0833333333333,1575,1564,1174,1323,1892,1507,1038,1761,1480,897,1172,1185,1043,681,822,861,619,1002,1675,1107,1490,14034,1169.5,-0.1212261960055736,-0.17580120761727824,1,0,0,62,3150,63,3087,2.6934587430525867,,0.0,,,,,,,,,,,,,,,,170
169,ATN000112,300200296_,"S384 Выкл 1 кл 10А с/у ""ATLAS"" белый ATN112  (15)",2,893.73,589,424,687,820,785,1082,435,983,696,485,634,544,8164,680.3333333333334,298,572,414,782,506,421,513,787,402,381,479,459,407,377,242,780,541,481,717,586,689,6541,545.0833333333334,0.03660662405578141,-0.26670540383497965,1,0,0,220,1128,38,1090,2.4051368292310045,,0.0,,,,,,,,,,,,,,,,171
170,ATN000113,300200283_,"S385 Выкл 1 кл с инд 10А с/у б/рамки ""ATLAS"" белый ATN113 (20)",3,1077.4,0,27,147,143,71,89,36,73,39,25,44,36,730,60.833333333333336,11,111,70,72,66,87,21,299,45,38,63,23,84,30,50,46,-12,76,41,76,41,601,50.083333333333336,-0.5257985257985258,-0.6412776412776413,1,0,0,28,134,0,134,3.254575707154742,,0.0,,,,,,,,,,,,,,,,172
171,ATN000152,300200302_,"S386 Выкл 2 кл 10А с/у ""ATLAS"" белый ATN152 (15)",2,981.23,364,502,688,775,453,572,253,605,514,270,383,277,5656,471.3333333333333,229,462,218,361,105,285,336,520,368,317,281,254,210,121,161,371,229,262,279,293,276,3422,285.1666666666667,-0.2690622261174408,-0.15337423312883436,1,0,0,252,449,0,449,2.4617182933956747,,0.0,,,,,,,,,,,,,,,,173
172,ATN000151,300200333_,"S3866 Выкл 2 кл 10А механизм ""ATLAS"" белый ATN151 (15)",1,827.72,35,13,383,819,1751,914,1326,1534,1108,1280,1003,738,10904,908.6666666666666,922,948,600,890,1030,719,550,923,830,382,559,802,573,457,241,423,354,586,624,660,442,6933,577.75,-0.14689781021897808,-0.19206204379562042,1,0,0,428,1059,5,1054,2.5668541756815233,,0.0,,,,,,,,,,,,,,,,174
173,ATN000153,300200288_,"S387 Выкл 2 кл с инд 10А с/у б/рамки ""ATLAS"" белый ATN153 (20)",3,1492.38,0,6,75,96,42,65,35,48,98,6,5,14,490,40.833333333333336,51,114,22,102,45,45,7,26,65,14,19,16,36,30,27,12,44,31,49,29,49,421,35.083333333333336,0.39743589743589736,0.2564102564102564,1,0,0,34,63,0,63,2.7933491686460807,,0.0,,,,,,,,,,,,,,,,175
174,ATN000131,300200284_,"S388 Выкл 3 кл 10А с/у б/рамки ""ATLAS"" белый ATN131 (20)",3,1096.85,9,27,71,80,164,85,80,418,84,77,91,102,1288,107.33333333333333,77,117,139,45,119,65,68,77,57,23,38,73,15,28,67,41,52,53,45,84,45,621,51.75,-0.1333333333333333,-0.4380952380952381,1,0,0,13,126,0,126,2.7053140096618358,,0.0,,,,,,,,,,,,,,,,176
175,ATN000123,300200767_,"S3899 Диммер поворотно-нажимной с/у б/рамки 400Вт ""ATLAS"" белый ATN123 (1)",3,13336.35,1,0,1,3,8,0,5,13,6,9,-2,4,48,4,0,1,1,1,1,0,-1,3,9,3,0,3,2,5,0,0,1,0,1,0,1,25,2.0833333333333335,-0.5,5.0,0,0,0,0,5,1,4,1.92,,0.0,,,,,,,,,,,,,,,,177
176,ATN000183,300200293_,"S390 Комп. роз. RJ45 5Е механизм б/рамки ""ATLAS"" белый ATN183 (10)",1,2569.1,258,443,634,394,604,392,495,376,657,270,460,381,5364,447,342,372,211,219,309,386,226,280,152,138,127,129,135,187,179,103,188,245,98,193,97,1971,164.25,-0.39910313901345296,-0.5325112107623318,1,0,0,94,249,3,246,2.076103500761035,,0.0,,,,,,,,,,,,,,,,178
177,ATN000161,300200289_,"S391 Переключ. 1 кл 10А с/у б/рамки ""ATLAS"" белый ATN161 (20)",2,1018.48,156,28,205,285,281,408,434,454,400,593,477,287,4008,334,245,356,223,211,322,297,335,290,279,177,184,140,212,95,96,200,82,193,71,198,69,1996,166.33333333333334,-0.49891540130151846,-0.30585683297180044,1,1,0,155,310,2,308,2.7955911823647295,,0.0,,,,,,,,,,,,,,,,179
178,ATN000163,300200290_,"S392 Переключ. 1 кл с инд 10А с/у б/рамки  ""ATLAS"" белый ATN163 (20)",3,1107.1,0,4,0,5,7,11,5,0,10,2,0,1,45,3.75,0,0,10,8,12,4,0,0,2,0,4,4,10,0,0,0,18,4,0,4,0,46,3.8333333333333335,1.0,0.5,1,0,0,72,14,0,14,22.695652173913043,,0.0,,,,,,,,,,,,,,,,180
179,ATN000171,300200291_,"S393 Перекрест.переключ. 1 кл 10А с/у б/рамки ""ATLAS"" белый ATN171 (5)",3,1902.32,1,2,73,65,75,113,24,107,78,47,54,37,676,56.333333333333336,15,53,22,23,69,37,46,7,23,35,73,30,51,7,10,38,26,44,35,56,35,463,38.583333333333336,0.5,0.4555555555555555,1,0,0,17,50,0,50,1.7624190064794816,,0.0,,,,,,,,,,,,,,,,181
180,ATN000120,300200297_,"S394 Роз. 2-ная с/у 16А ""ATLAS"" белый ATN120 (15)",1,980.32,67,911,887,704,915,673,1085,1473,1166,1073,801,490,10245,853.75,740,539,678,672,681,764,848,783,707,691,706,325,507,470,346,520,413,397,657,521,599,6859,571.5833333333334,-0.3423799582463466,-0.12150313152400838,1,0,0,324,1099,90,1009,2.333867910774165,,0.0,,,,,,,,,,,,,,,,182
181,ATN000126,300200298_,"S395 Роз. 2-ная с/у 16А с з/к з/ш ""ATLAS"" белый ATN126 (10)",1,1357.38,52,517,1338,954,1092,866,1208,1190,1187,889,945,915,11153,929.4166666666666,663,996,515,1002,1078,880,1079,751,686,720,1203,742,782,607,482,781,729,987,1275,1367,1093,11454,954.5,0.3391143911439114,-0.03726937269372699,1,0,0,94,2838,170,2668,2.894709271870089,,0.0,,,,,,,,,,,,,,,,183
182,ATN000128,300200299_,"S396 Роз. 2-ная с/у 16А с з/к з/ш со сдвиж.крыш.""ATLAS"" белый ATN128 (6)",3,1843.7,4,6,6,1,3,18,1,10,20,0,1,0,70,5.833333333333333,0,4,0,2,50,0,1,7,-52,2,6,2,0,0,1,0,0,0,0,2,0,-39,-3.25,-0.75,-6.5,1,0,0,9,118,0,118,-39.38461538461539,,0.0,,,,,,,,,,,,,,,,184
183,ATN000185,300200294_,"S397 Роз. RJ45+RJ45 5Е кат 5Е механизм б/рамки ""ATLAS"" белый ATN185 (10)",2,3835.4,54,59,130,61,55,60,134,223,207,61,166,56,1266,105.5,25,215,55,50,56,33,64,281,42,114,118,129,5,9,50,64,29,29,14,49,14,666,55.5,-0.7566137566137566,-0.2751322751322751,1,0,0,51,60,0,60,2.018018018018018,,0.0,,,,,,,,,,,,,,,,185
184,ATN000143,300200286_,"S398 Роз. с з/к 16А с/у б/рамки ""ATLAS"" белый ATN143 (20)",1,699.95,3270,5029,6613,8357,10349,8637,11455,11997,10333,11369,8757,8682,104848,8737.333333333334,6557,6663,5736,6383,7671,7033,5770,7503,6226,4152,5453,7214,4211,4627,4163,4744,3321,4661,6295,5686,5901,66654,5554.5,-0.18043927903082835,-0.22037821333595986,1,0,0,453,13722,186,13536,2.5186785489242958,,0.0,,,,,,,,,,,,,,,,186
185,ATN000141,300200332_,"S3988 Роз. без з/к без шторок 16А механизм ""ATLAS"" белый ATN141 (20)",2,623.36,20,49,866,1013,822,1175,1640,1565,1921,1385,1795,865,13116,1093,736,990,865,1377,813,1298,1157,869,969,541,663,466,560,497,312,661,292,708,500,416,496,7081,590.0833333333334,-0.5114320096269555,-0.3462695547533092,1,0,0,224,1257,0,1257,2.5115096737748903,,0.0,,,,,,,,,,,,,,,,187
186,ATN000144,300200301_,"S399 Роз. с з/к 16А с/у з/ш ""ATLAS"" белый ATN144 (15)",1,1029.12,161,580,754,613,403,836,836,661,1022,287,602,593,7348,612.3333333333334,343,657,387,925,417,236,897,675,209,455,786,448,790,439,258,313,372,316,462,673,462,5983,498.5833333333333,-0.19745575221238942,-0.19800884955752207,1,0,0,207,930,0,930,2.282466989804446,,0.0,,,,,,,,,,,,,,,,188
187,ATN000147,300200287_,"S400 Роз. с з/к 16А с/у з/ш с выталкивателем б/рамки ""ATLAS"" белый ATN147 (15)",3,1353.2,4,8,15,3,7,5,3,94,16,20,0,0,175,14.583333333333334,0,0,38,0,2,5,9,0,0,4,27,28,0,0,23,0,32,0,5,1,5,125,10.416666666666666,-0.5714285714285714,1.2142857142857144,1,0,0,2,40,0,40,4.128,,0.0,,,,,,,,,,,,,,,,189
188,ATN000146,300200700_,"S4000 Роз. с з/к 16А с/у з/ш с крышкой б/рамки""ATLAS"" белый  ATN146 (15)",3,1029.08,0,20,188,50,233,204,266,183,88,33,130,110,1505,125.41666666666667,110,158,175,55,105,192,221,119,123,92,66,20,49,146,96,40,60,102,91,131,91,1107,92.25,-0.39097744360902253,-0.47180451127819545,1,0,0,0,86,0,86,0.943089430894309,,0.0,,,,,,,,,,,,,,,,190
189,ATN000191,300200295_,"S401 ТV роз. оконечная с/у б/рамки ""ATLAS"" белый ATN191 (10)",3,1585.47,4,49,108,138,88,67,164,69,166,37,115,52,1057,88.08333333333333,42,202,36,49,71,48,20,48,37,29,28,30,5,7,8,25,12,14,36,23,36,290,24.166666666666668,-0.3706896551724138,-0.18965517241379315,1,0,0,46,333,0,333,15.724137931034482,,0.0,,,,,,,,,,,,,,,,191
190,ATN000181,300200292_,"S402 Телефонная роз. RJ11 механизм б/рамки ""ATLAS"" белый ATN181 (10)",3,1155.95,-8,1,12,29,11,35,38,33,12,4,4,4,175,14.583333333333334,1,52,2,0,17,25,5,10,0,3,6,8,25,10,3,0,1,0,1,4,1,62,5.166666666666667,-0.875,-0.775,1,0,0,38,16,0,16,10.64516129032258,,0.0,,,,,,,,,,,,,,,,192
191,ATN000138,300200300_,"S403 ТЕРМОСТАТ для теп.пола с датч. с/у 16А ""ATLAS"" белый (1) ATN138",3,20385.42,6,1,12,7,10,4,3,9,4,5,11,10,82,6.833333333333333,4,5,0,8,0,0,0,0,0,4,10,2,0,0,0,8,0,2,0,2,0,28,2.3333333333333335,0.0,0.0,1,0,0,0,17,0,17,7.7142857142857135,,0.0,,,,,,,,,,,,,,,,193
192,ATN000133,300200312_,"S404 USB розетка - 2 порта с/у б/рамки ""ATLAS"" белый (1) ATL133",3,9561.06,0,0,0,0,0,0,0,0,10,7,2,0,19,1.5833333333333333,1,1,1,1,9,8,0,0,0,1,0,7,0,0,7,0,0,9,3,0,0,27,2.25,0.5,-0.875,1,0,0,0,6,0,6,3.111111111111111,,0.0,,,,,,,,,,,,,,,,194
193,ATN000101,300200303_,"S405 Рамка 1-ная ""ATLAS"" белый (45) ATN101",1,210.46,2156,783,4509,5059,7174,5292,8070,8581,6862,8081,7796,3962,68325,5693.75,4019,4666,3790,4939,5786,4713,3254,5456,3753,2809,3403,3830,2600,2695,2412,3192,1872,3823,4663,3530,4085,42667,3555.5833333333335,-0.10482008492885342,-0.2576175221634508,17,1,0,239,9476,42,9434,2.7255724564651835,,0.0,,,,,,,,,,,,,,,,195
194,ATN000102,300200304_,"S406 Рамка 2-ная ""ATLAS"" белый (30) ATN102",1,340.9,964,472,2000,1948,2850,1839,2903,3178,2621,3062,3241,1513,26591,2215.9166666666665,2083,1926,990,2717,2020,1649,1615,2239,1809,932,1578,1740,1471,1133,842,1008,884,1390,937,1547,927,16198,1349.8333333333333,-0.29602035253498094,-0.21515536979829186,1,0,0,144,2990,5,2985,2.3188047907149034,,0.0,,,,,,,,,,,,,,,,196
195,ATN000103,300200305_,"S407 Рамка 3-ная ""ATLAS"" белый (15) ATN103",2,662.9,349,166,968,889,1172,953,1181,1538,1091,1318,1349,825,11799,983.25,672,695,576,731,891,712,608,784,605,578,644,574,668,318,426,501,367,456,446,568,437,6588,549.0,-0.3013307984790875,-0.1316539923954373,1,0,0,146,1403,18,1385,2.790528233151184,,0.0,,,,,,,,,,,,,,,,197
196,ATN000104,300200306_,"S408 Рамка 4-ная ""ATLAS"" белый (15) ATN104",2,1019.71,232,119,414,294,315,325,380,462,608,459,661,212,4481,373.4166666666667,199,355,176,182,313,256,270,243,223,242,248,523,259,128,112,140,85,201,139,218,129,2647,220.58333333333334,-0.2743823146944083,-0.07282184655396617,1,0,0,265,251,4,247,2.3256516811484698,,0.0,,,,,,,,,,,,,,,,198
197,ATN000105,300200307_,"S409 Рамка 5-ная ""ATLAS"" белый (5) ATN105",3,1315.6,18,125,78,64,51,86,43,89,96,93,75,37,855,71.25,19,49,67,52,35,116,53,42,48,135,97,32,9,20,28,36,-7,43,13,31,13,498,41.5,-0.5876777251184835,0.3270142180094786,1,0,0,27,89,3,86,2.746987951807229,,0.0,,,,,,,,,,,,,,,,199
198,ATN440161,300200310_,"S410 Переключ. AQUA 1 кл 10А с/у б/рамки IP 44 ""ATLAS"" белый ATN0161 (20)",3,874.66,0,4,60,12,3,0,48,10,5,5,8,2,157,13.083333333333334,20,0,0,0,2,3,13,15,53,0,2,6,0,12,1,0,0,0,20,10,20,124,10.333333333333334,-0.032258064516129004,0.7741935483870968,1,0,0,0,54,0,54,5.32258064516129,,0.0,,,,,,,,,,,,,,,,200
199,ATN440151,300200586_,"S4100 Выкл. AQUA 2 кл 10А мех. IP44 ""ATLAS"" БЕЛЫЙ ATN440151   (20) NEW",3,1657.29,,,,,0,0,3,0,0,0,12,0,15,1.25,0,0,0,4,0,10,28,0,2,0,0,0,0,0,1,0,0,0,0,0,0,3,0.25,-1.0,-0.9473684210526316,0,0,0,4,6,0,6,40.0,,0.0,,,,,,,,,,,,,,,,201
200,ATN440146,300200311_,"S411 Роз. AQUA с з/к 16А с/у з/ш c крышкой б/рамки IP 44 ""ATLAS"" белый ATN0146 (15)",3,1230.67,3,27,86,150,190,44,171,196,133,108,47,95,1250,104.16666666666667,45,53,55,137,137,147,157,105,84,40,150,139,155,190,21,21,34,160,57,61,57,1169,97.41666666666667,-0.3202933985330073,-0.33007334963325186,1,0,0,116,86,0,86,2.0838323353293413,,0.0,,,,,,,,,,,,,,,,202
201,ATN440101,300200308_,"S412 Рамка 1-ная AQUA IP 44 ""ATLAS"" белый ATN0101 (10)",3,335.58,5,5,23,15,70,4,135,18,10,8,22,6,321,26.75,2,18,15,16,21,3,14,17,50,11,38,59,2,64,28,3,10,16,2,49,2,334,27.833333333333332,0.9705882352941178,1.9117647058823528,1,0,0,4,60,0,60,2.3353293413173652,,0.0,,,,,,,,,,,,,,,,203
202,ATN440102,300200309_,"S413 Рамка 2-ная AQUA IP 44 ""ATLAS"" белый ATN0102 (5)",3,682.4,0,1,13,25,0,18,4,8,2,2,2,10,85,7.083333333333333,3,7,4,4,15,6,8,3,6,9,21,20,6,34,2,1,6,16,5,10,5,141,11.75,0.8235294117647058,1.1176470588235294,1,0,0,11,33,0,33,3.8297872340425534,,0.0,,,,,,,,,,,,,,,,204
203,ATN000165,300200498_,"S414 Переключ. 2 кл 10А с/у б/рамки ""ATLAS"" белый ATN165 (20)",2,1898.27,17,92,176,192,262,260,159,291,283,197,306,143,2378,198.16666666666666,137,115,134,125,311,277,165,147,178,81,81,173,209,100,61,111,73,155,41,183,41,1487,123.91666666666667,-0.35653650254668934,-0.4227504244482173,0,0,0,97,220,3,217,2.533960995292535,,0.0,,,,,,,,,,,,,,,,205
204,ATN000108,ATN000108,"S415 Адаптер 45 ""ATLAS"" белый ATN108  (15)",3,260.38,0,0,0,5,34,0,0,11,65,0,0,0,115,9.583333333333334,0,0,0,0,1,0,0,0,0,0,0,0,3,0,0,0,0,0,61,0,61,125,10.416666666666666,0.0,0.0,1,0,0,15,0,0,0,1.536,,0.0,,,,,,,,,,,,,,,,206
205,ATN000109,ATN000109,"S416 Заглушка б/с ""ATLAS"" белый ATN109  (15)",3,342.65,0,0,4,0,12,2,0,2,5,3,5,1,34,2.8333333333333335,0,0,2,21,0,14,4,0,21,0,20,0,0,4,15,1,1,2,0,6,0,70,5.833333333333333,-0.5555555555555556,1.2777777777777777,1,0,0,0,7,0,7,1.3714285714285714,,0.0,,,,,,,,,,,,,,,,207
206,ATN000173,300200771_,"S417 Перекрест. перекл. 2 кл 10А с/у б/рамки мех. ""ATLAS"" белый ATN173   (5) NEW",3,3895.91,,,,,9,39,12,37,103,48,36,17,301,25.083333333333332,34,22,37,61,24,12,31,38,20,18,40,13,30,8,6,24,34,42,12,16,12,275,22.916666666666668,-0.13580246913580252,-0.03703703703703709,0,0,0,20,32,0,32,2.269090909090909,,0.0,,,,,,,,,,,,,,,,208
207,ATN000199,300200959_,"S418 Вывод кабеля механизм ""ATLAS"" белый ATN000199  (10)",3,775.77,,,,,,,,,,,,,0,0,13,28,9,136,24,39,20,36,22,16,38,70,24,7,29,15,33,24,20,29,20,347,28.916666666666668,-0.2315789473684211,-0.19999999999999996,0,0,0,27,46,0,46,2.5244956772334293,,0.0,,,,,,,,,,,,,,,,209
208,ATN000115,300200496_,"S419 Выкл. 1 кл с самовозвр. механизм ""ATLAS"" белый ATN000115 (5)",3,1142.0,,,,,,,,,,,,,0,0,17,2,64,14,0,0,80,10,15,0,0,12,1,11,50,73,5,6,64,6,64,307,25.583333333333332,-0.15555555555555556,-0.8333333333333334,0,0,0,0,74,20,54,2.1107491856677525,,0.0,,,,,,,,,,,,,,,,210
209,ATN000135,300200961_,"S420 ТЕРМОСТАТ электрон.для тепл. пола с датч. с/у  10A ""ATLAS"" белый ATN000135 (1)",3,22179.51,,,,,,,,,,,,,0,0,2,5,4,0,11,4,0,0,0,11,1,2,0,10,2,0,2,-2,4,3,3,36,3.0,0.25,2.0,0,0,0,0,11,1,10,3.3333333333333335,,0.0,,,,,,,,,,,,,,,,211
210,ATN001043,300200343_,"K067 Роз. с з/к 16А с/у б/рамки ""ATLAS"" КАРБОН ATN1043 (5)",1,1421.78,1648,526,2157,3902,4600,6224,3610,4571,3837,3658,3004,3123,40860,3405,2903,2518,2730,2016,1874,1938,1769,2595,2620,1523,1702,2172,983,1621,1125,1236,1689,1270,1396,1524,1310,20171,1680.9166666666667,-0.33513170422088223,-0.07251666137734047,0,0,0,213,3887,12,3875,2.43200634574389,,0.0,,,,,,,,,,,,,,,,212
211,ATN001041,020100163_,"K0677 Роз. без з/к без шторок, 16А, механизм ""ATLAS"" КАРБОН ATN1041 (10)",3,1023.77,1,20,212,196,255,513,389,260,255,270,114,61,2546,212.16666666666666,124,137,68,175,21,115,116,231,46,34,57,57,31,49,61,1,11,48,250,130,244,1019,84.91666666666667,-0.07359307359307354,-0.7034632034632035,0,0,0,142,286,0,286,5.040235525024533,,0.0,,,,,,,,,,,,,,,,213
212,ATN001012,300200459_,"K068 Выкл 1 кл 10А с/у ""ATLAS"" КАРБОН ATN1012 (5)",2,1704.28,78,0,89,67,441,165,186,175,170,146,117,46,1680,140,79,168,81,74,48,83,211,97,155,61,77,94,25,68,51,61,78,18,69,30,69,856,71.33333333333333,-0.70076726342711,-0.2506393861892583,0,0,0,60,198,14,184,3.4205607476635516,,0.0,,,,,,,,,,,,,,,,214
213,ATN001011,020100158_,"K0688 Выкл 1 кл 10А механизм ""ATLAS"" КАРБОН ATN1011 (5)",1,1280.76,66,21,491,586,564,1003,683,621,981,517,437,488,6458,538.1666666666666,448,417,481,431,310,441,292,476,378,208,371,439,179,237,244,192,320,175,230,337,198,3508,292.3333333333333,-0.38626964433416044,-0.2084367245657568,0,0,0,119,489,0,489,2.07981755986317,,0.0,,,,,,,,,,,,,,,,215
214,ATN001013,020100159_,"K069 Выкл 1 кл с инд 10А с/у б/рамки ""ATLAS"" КАРБОН - ATN1013",3,1761.76,4,64,50,27,41,6,25,33,34,-2,25,8,315,26.25,18,150,11,39,14,34,29,3,10,6,0,22,0,0,4,0,-30,9,8,0,8,37,3.0833333333333335,-0.7424242424242424,-0.7575757575757576,0,0,0,70,68,0,68,44.75675675675676,,0.0,,,,,,,,,,,,,,,,216
215,ATN001052,300200460_,"K070 Выкл 2 кл 10А с/у ""ATLAS"" КАРБОН ATN1052 (5)",2,1952.11,195,99,110,75,210,123,100,143,88,57,88,21,1309,109.08333333333333,90,130,52,40,48,73,69,38,161,42,72,66,35,65,36,44,18,25,36,29,36,665,55.416666666666664,-0.5,0.5277777777777777,0,0,0,75,84,0,84,2.869172932330827,,0.0,,,,,,,,,,,,,,,,217
216,ATN001051,020100160_,"K0700 Выкл 2 кл 10А механизм ""ATLAS"" КАРБОН ATN1051 (5)",1,1582.89,0,0,228,442,470,767,634,650,406,523,418,292,4830,402.5,299,244,268,314,222,233,144,361,232,185,176,255,130,145,151,136,203,79,163,246,156,2257,188.08333333333334,-0.3387533875338753,-0.1964769647696477,0,0,0,130,320,0,320,2.3925564909171464,,0.0,,,,,,,,,,,,,,,,218
217,ATN001053,020100161_,"K071 Выкл 2 кл с инд 10А с/у б/рамки ""ATLAS"" КАРБОН  - ATN1053",3,2168.16,35,6,51,20,23,30,38,4,26,-7,45,-7,264,22,13,30,5,38,2,12,34,0,7,0,0,15,0,0,1,0,0,1,1,10,1,36,3.0,-0.7391304347826086,-0.8478260869565217,0,0,0,27,17,0,17,14.666666666666666,,0.0,,,,,,,,,,,,,,,,219
218,ATN001031,300200461_,"K072 Выкл 3 кл 10А с/у б/рамки ""ATLAS"" КАРБОН  ATN1031",3,2524.43,0,1,19,46,38,35,72,41,92,24,25,46,439,36.583333333333336,31,35,40,31,30,27,33,13,16,21,29,32,23,12,36,13,10,16,17,22,17,264,22.0,-0.2465753424657534,-0.09589041095890416,0,0,0,24,26,0,26,2.272727272727273,,0.0,,,,,,,,,,,,,,,,220
219,ATN001083,300200472_,"K074 Комп. роз. RJ45 5Е механизм б/рамки ""ATLAS"" КАРБОН ATN1083 (5)",1,3423.03,113,21,99,194,240,277,205,249,167,179,291,107,2142,178.5,179,175,79,52,89,155,79,142,50,27,95,167,16,99,75,51,108,62,50,100,48,948,79.0,-0.43617021276595747,-0.5425531914893618,0,0,0,37,158,0,158,2.4683544303797467,,0.0,,,,,,,,,,,,,,,,221
220,ATN001061,300200462_,"K075 Переключ. 1 кл 10А с/у б/рамки ""ATLAS"" КАРБОН ATN1061 (5)",2,1783.81,69,46,43,111,309,259,79,235,144,231,183,152,1861,155.08333333333334,177,124,135,81,133,95,72,144,132,66,74,92,35,22,53,55,47,56,33,76,33,774,64.5,-0.46945337620578775,-0.12540192926045013,0,0,0,47,111,0,111,2.449612403100775,,0.0,,,,,,,,,,,,,,,,222
221,ATN001063,300200517_,"K076 Переключ. 1 кл с инд 10А с/у б/рамки  ""ATLAS"" КАРБОН ATN1063 (2)",3,2327.82,0,0,0,0,14,0,0,27,1,1,0,0,43,3.5833333333333335,4,0,0,0,0,0,6,0,0,2,0,0,0,0,0,0,0,0,0,0,0,2,0.16666666666666666,-1.0,-0.6666666666666667,0,0,0,6,20,0,20,156.0,,0.0,,,,,,,,,,,,,,,,223
222,ATN001071,020100162_,"K077 Перекрест.переключ. 1 кл 10А с/у б/рамки ""ATLAS"", КАРБОН -  ATN1071 (2)",3,2922.68,22,3,37,28,32,99,14,58,21,45,28,24,411,34.25,33,42,18,20,54,17,10,14,3,4,21,9,15,-6,23,2,23,8,5,23,5,135,11.25,-0.12195121951219512,-0.31707317073170727,0,0,0,18,34,0,34,4.622222222222222,,0.0,,,,,,,,,,,,,,,,224
223,ATN001073,300200772_,"K0777 Перекрест. перекл. 2 кл 10А с/у б/рамки мех. ""ATLAS"" КАРБОН ATN173   (5) NEW",2,6031.34,,,,,12,112,58,58,24,60,13,26,363,30.25,72,24,9,15,13,15,8,15,8,4,7,11,12,21,5,3,13,9,5,7,5,110,9.166666666666666,-0.4473684210526315,-0.5,0,0,0,32,136,0,136,18.327272727272728,,0.0,,,,,,,,,,,,,,,,225
224,ATN001020,300200468_,"K078 Роз. 2-ная с/у 16А ""ATLAS"" КАРБОН ATN1020 (6)",2,1833.69,8,1,126,172,180,150,185,138,173,121,86,69,1409,117.41666666666667,13,67,0,166,34,129,118,119,86,97,46,32,25,62,40,55,101,37,60,119,60,820,68.33333333333333,-0.4098360655737705,-0.37431693989071035,0,0,0,27,192,30,162,2.7658536585365856,,0.0,,,,,,,,,,,,,,,,226
225,ATN001026,300200515_,"K079 Роз. 2-ная с/у 16А с з/к з/ш ""ATLAS"" КАРБОН ATN1026 (6)",1,2637.65,0,1,149,147,358,145,183,196,246,218,170,96,1909,159.08333333333334,155,185,69,157,170,202,138,104,96,158,59,120,29,102,101,109,40,46,167,48,149,1224,102.0,-0.41216216216216217,-0.29504504504504503,0,0,0,68,113,0,113,1.7745098039215685,,0.0,,,,,,,,,,,,,,,,227
226,ATN001085,300200518_,"K080 Роз. RJ45+RJ45 5Е кат 5Е механизм б/рамки ""ATLAS"" КАРБОН ATN1085 (5)",2,5916.76,0,4,16,21,6,20,23,78,62,29,24,-13,270,22.5,9,56,67,13,12,52,4,12,22,42,20,7,14,2,67,3,25,29,1,20,1,253,21.083333333333332,-0.2647058823529411,0.23529411764705888,0,0,0,26,32,0,32,2.7509881422924902,,0.0,,,,,,,,,,,,,,,,228
227,ATN001044,300200516_,"K081 Роз. с з/к 16А с/у з/ш ""ATLAS"" КАРБОН ATN1044 (5)",2,1899.96,19,96,757,209,72,59,107,64,182,155,195,274,2189,182.41666666666666,64,54,67,253,53,89,117,93,51,105,33,268,22,112,68,4,80,12,5,84,4,848,70.66666666666667,-0.6622073578595318,-0.36789297658862874,0,0,0,46,235,4,231,3.9198113207547167,,0.0,,,,,,,,,,,,,,,,229
228,ATN001046,300200335_,"K0811 Роз. с з/к с/у 16А с з/ш с з/шт мех. IP20 ""ATLAS"" КАРБОН ATN1046 (5) NEW",3,2760.27,,,,,55,48,57,21,32,21,10,25,269,22.416666666666668,46,35,13,18,23,0,7,17,17,24,14,7,40,21,72,3,41,0,5,3,5,252,21.0,-0.6666666666666667,1.2916666666666665,1,0,0,19,40,0,40,2.857142857142857,,0.0,,,,,,,,,,,,,,,,230
229,ATN001091,300200471_,"K082 ТV роз. оконечная с/у б/рамки ""ATLAS"" КАРБОН ATN1091",3,2186.39,1,63,41,44,41,20,62,11,15,16,6,5,325,27.083333333333332,19,16,7,31,7,10,13,21,9,2,24,3,1,2,1,8,0,0,20,15,19,104,8.666666666666666,-0.20454545454545459,-0.20454545454545459,0,0,0,32,113,0,113,16.730769230769234,,0.0,,,,,,,,,,,,,,,,231
230,ATN001081,300200470_,"K083 Телефонная роз. RJ11 механизм б/рамки ""ATLAS"" КАРБОН ATN1081",3,1688.71,15,0,0,3,0,1,0,12,10,20,2,0,63,5.25,0,10,0,0,0,5,0,0,0,1,0,0,5,0,0,0,0,0,0,0,0,6,0.5,-1.0,-0.8,0,0,0,5,29,0,29,68.0,,0.0,,,,,,,,,,,,,,,,232
231,ATN001001,300200463_,"K084 Рамка 1-ая ""ATLAS"" КАРБОН ATN1001 (10)",1,596.01,497,400,1451,2473,2909,3099,1800,1701,1734,2072,2315,1591,22042,1836.8333333333333,1524,1177,1311,1172,1177,1237,1052,1128,967,568,1074,1429,455,747,634,502,621,546,866,627,831,9867,822.25,-0.4032777290020486,-0.23646473514779043,0,0,0,116,1399,2,1397,1.8400729705077532,,0.0,,,,,,,,,,,,,,,,233
232,ATN001002,300200464_,"K085 Рамка 2-ая ""ATLAS"" КАРБОН ATN1002 (5)",1,1091.32,306,163,658,898,986,1593,781,1265,1290,1058,1114,865,10977,914.75,691,684,567,526,768,396,481,675,667,362,457,600,365,552,403,361,485,216,359,411,352,5590,465.8333333333333,-0.3646907216494846,-0.04252577319587625,0,0,0,104,889,2,887,2.1273703041144905,,0.0,,,,,,,,,,,,,,,,234
233,ATN001003,300200465_,"K086 Рамка 3-ая ""ATLAS"" КАРБОН ATN1003 (15)",1,1891.37,156,61,352,417,426,735,331,600,425,507,614,412,5036,419.6666666666667,362,305,307,226,290,156,257,245,213,181,169,272,127,127,155,174,197,186,204,123,202,2330,194.16666666666666,-0.22036474164133735,-0.1443768996960486,0,0,0,77,459,2,457,2.7502145922746783,,0.0,,,,,,,,,,,,,,,,235
234,ATN001004,300200466_,"K087 Рамка 4-ая ""ATLAS"" КАРБОН ATN1004",2,3030.03,3,4,151,218,153,359,129,299,194,171,257,174,2112,176,89,118,120,79,51,90,60,138,152,145,50,54,33,97,30,46,90,26,256,101,244,1324,110.33333333333333,0.32986111111111116,0.20486111111111116,0,0,0,22,298,0,298,2.9003021148036257,,0.0,,,,,,,,,,,,,,,,236
235,ATN001005,300200467_,"K088 Рамка 5-ая ""ATLAS"" КАРБОН ATN1005",3,4135.32,36,0,9,39,54,83,34,47,45,49,54,18,468,39,33,23,41,28,13,15,11,45,6,14,31,31,2,16,13,32,17,7,43,18,33,263,21.916666666666668,-0.04225352112676062,-0.2816901408450704,0,0,0,33,36,0,36,3.1482889733840302,,0.0,,,,,,,,,,,,,,,,237
236,ATN001065,300200519_,"K089 Переключ. 2 кл 10А с/у б/рамки ""ATLAS"" КАРБОН ATN1065 (5)",2,3548.7,48,47,72,138,280,232,108,197,109,120,161,190,1702,141.83333333333334,95,127,196,74,78,72,75,108,106,41,44,54,53,50,51,49,32,70,14,78,12,654,54.5,-0.3647058823529412,-0.25098039215686274,0,0,0,68,54,0,54,2.238532110091743,,0.0,,,,,,,,,,,,,,,,238
237,ATN001023,300200775_,"K090 Диммер повортно нажимной мех. LED RC 400Вт ""ATLAS"" КАРБОН ATN1023 (1) NEW",3,19314.52,,,,,1,1,1,3,21,3,-1,1,30,2.5,4,0,19,4,0,0,0,0,0,1,10,4,0,0,0,0,0,0,0,0,0,15,1.25,0.0,0.0,0,0,0,2,12,0,12,11.2,,0.0,,,,,,,,,,,,,,,,239
238,ATN441051,300200781_,"K091 Выкл. AQUA 2 кл IP44 мех. ""ATLAS"" КАРБОН ATN441051   (5) NEW",3,1993.63,,,,,0,0,0,0,1,4,7,0,12,1,0,1,0,0,0,1,0,0,0,0,6,3,0,0,4,0,0,0,0,1,0,14,1.1666666666666667,0.0,5.0,0,0,0,0,19,5,14,12.0,,0.0,,,,,,,,,,,,,,,,240
239,ATN441061,300200780_,"K092 Перекл. AQUA 1-кл 10А с/у IP44 мех. ""ATLAS"" КАРБОН ATN441051  (20) NEW",3,1553.36,,,,,0,20,25,-5,1,4,0,0,45,3.75,0,2,0,0,0,0,0,0,0,1,7,0,0,0,18,0,0,0,0,0,0,26,2.1666666666666665,0.0,0.0,0,0,0,0,63,0,63,29.07692307692308,,0.0,,,,,,,,,,,,,,,,241
240,ATN441046,300200779_,"K093 Роз. AQUA с з/к с ш/т 16А с крышкой IP44 механизам ""ATLAS"" КАРБОН ATN441046 (10) NEW",3,2190.31,,,,,8,247,24,105,31,38,40,38,531,44.25,19,38,32,34,38,29,7,79,42,50,47,69,19,18,22,14,42,11,15,6,15,370,30.833333333333332,-0.7217391304347827,0.20869565217391295,0,0,0,25,55,5,50,2.4324324324324325,,0.0,,,,,,,,,,,,,,,,242
241,ATN441001,300200782_,"K094 Рамка 1-ная AQUA IP44 ""ATLAS"" КАРБОН ATN441001     (10) NEW",3,613.47,,,,,0,2,10,10,0,7,21,3,53,4.416666666666667,9,8,0,4,4,9,0,25,20,26,7,12,0,0,3,0,5,4,5,4,5,91,7.583333333333333,-0.6176470588235294,0.5588235294117647,0,0,0,25,167,0,167,25.31868131868132,,0.0,,,,,,,,,,,,,,,,243
242,ATN441002,300200783_,"K095 Рамка 2-ная AQUA IP44 ""ATLAS"" КАРБОН ATN441002     (5) NEW",3,1203.71,,,,,0,0,1,1,1,1,3,2,9,0.75,0,3,2,-2,0,3,0,16,7,0,9,0,1,0,12,7,1,0,0,5,0,42,3.5,-0.736842105263158,-0.1578947368421053,0,0,0,10,13,0,13,6.571428571428571,,0.0,,,,,,,,,,,,,,,,244
243,ATN001099,300200964_,"K096 Вывод кабеля механизм ""ATLAS"" КАРБОН ATN001099  (5)",3,1588.9,,,,,,,,,,,,,0,0,11,10,21,14,14,33,21,23,5,14,5,26,3,8,8,11,13,4,4,26,2,129,10.75,-0.5584415584415585,-0.6883116883116883,1,0,0,2,17,0,17,1.8604651162790697,,0.0,,,,,,,,,,,,,,,,245
244,ATN001015,030200375_,"K097 Выкл. 1 кл. с самовозвр. механизм ""ATLAS"" КАРБОН ATN001015 (5)",3,1606.85,,,,,,,,,,,,,0,0,0,0,0,0,0,0,0,3,0,0,0,0,0,1,1,0,7,0,0,0,0,9,0.75,-1.0,-1.0,1,0,0,0,35,0,35,48.0,,0.0,,,,,,,,,,,,,,,,246
245,ATN001035,300200962_,"K098 ТЕРМОСТАТ электрон.для тепл.пола с датч. с/у 10A ""ATLAS"" КАРБОН ATN001035 (1)",3,33726.64,,,,,,,,,,,,,0,0,4,0,5,5,2,0,0,1,0,4,3,3,0,0,2,2,3,0,0,0,0,17,1.4166666666666667,-1.0,6.0,0,0,0,0,4,0,4,2.8235294117647056,,0.0,,,,,,,,,,,,,,,,247
246,ATN544011,300200749_,К118 Выкл 1-кл о/у IP54 Atlas Profi 54 АНТРАЦИТ ATN544011 (12),2,1681.47,39,11,22,34,67,36,95,104,39,48,46,24,565,47.083333333333336,28,42,36,41,62,49,128,43,43,28,93,52,24,19,29,51,14,55,55,56,54,573,47.75,-0.24545454545454548,-0.2545454545454545,0,0,0,23,77,0,77,2.094240837696335,,0.0,,,,,,,,,,,,,,,,248
247,ATN544051,300200750_,К119 Выкл 2-кл о/у IP54 Alas Profi 54 АНТРАЦИТ ATN544051 (12),3,1966.21,7,10,23,36,48,18,31,25,16,22,20,20,276,23,3,18,10,31,30,14,26,20,35,18,24,14,5,2,19,23,24,8,12,25,11,220,18.333333333333332,-0.25,0.28333333333333344,0,0,0,14,34,0,34,2.618181818181818,,0.0,,,,,,,,,,,,,,,,249
248,ATN544045,300200751_,К120 Роз. з/к з/ш о/у IP54 16А 250В Alas Profi 54 АНТРАЦИТ ATN544045 (12),1,1918.31,28,28,12,23,98,31,96,86,91,152,69,86,800,66.66666666666667,41,67,65,54,126,45,98,56,41,83,165,91,56,33,38,103,78,138,63,164,70,1123,93.58333333333333,0.8341708542713568,0.4522613065326633,0,0,0,37,245,0,245,3.0133570792520037,,0.0,,,,,,,,,,,,,,,,250
249,ATN544026,300200752_,К121 Роз. 2-я з/к IP54 о/у 16А Alas Profi 54 АНТРАЦИТ ATN544026 (6),1,3547.91,52,74,14,27,106,53,152,135,204,65,69,147,1098,91.5,32,84,119,38,58,107,63,60,91,96,45,147,69,52,30,56,32,81,50,101,52,902,75.16666666666667,0.008695652173912993,0.008695652173912993,0,0,0,24,49,0,49,1.76940133037694,,60.0,,,,,,,,,,,,,,,,251
250,ATN544061,300200753_,К122 Перекл 1-кл о/у IP54 Alas Profi 54 АНТРАЦИТ ATN544061 (12),2,1740.12,3,12,5,12,9,9,20,8,9,6,7,17,117,9.75,4,2,29,16,45,13,22,17,37,25,34,45,12,4,20,20,16,56,24,13,23,329,27.416666666666668,0.7884615384615385,0.8461538461538463,0,0,0,16,70,0,70,3.1367781155015195,,0.0,,,,,,,,,,,,,,,,252
251,ATN544074,300200754_,К123 Блок:Роз+выкл 2-кл з/к з/ш IP54 16А Alas Profi 54 АНТРАЦИТ ATN544074 (6),3,3152.44,4,0,1,5,1,4,2,6,4,3,8,4,42,3.5,0,1,0,6,7,11,7,1,13,3,4,4,1,0,0,3,1,4,5,5,4,47,3.9166666666666665,-0.26315789473684215,0.05263157894736836,0,0,0,0,6,0,6,1.5319148936170213,,0.0,,,,,,,,,,,,,,,,253
252,ATN544070,300200755_,К124 Блок:Роз+выкл 1-кл з/к з/ш IP54 16А Alas Profi 54 АНТРАЦИТ ATN544070 (6),3,3311.76,5,0,0,3,1,2,7,3,14,5,7,3,50,4.166666666666667,3,9,2,3,5,9,10,17,8,19,4,4,12,3,1,9,9,13,8,3,8,101,8.416666666666666,-0.33333333333333337,-0.13888888888888884,0,0,0,3,33,0,33,4.2772277227722775,,0.0,,,,,,,,,,,,,,,,254
253,ATN540111,300200742_,К111 Выкл 1-кл о/у IP54 10А Alas Profi 54 БЕЛЫЙ ATN540111 (12),2,1511.41,8,5,37,69,20,125,132,89,134,136,211,40,1006,83.83333333333333,15,138,78,70,101,60,56,44,83,138,160,121,97,101,40,62,53,104,37,197,34,1227,102.25,1.1124999999999998,1.38125,0,0,0,32,216,28,188,2.15158924205379,,0.0,,,,,,,,,,,,,,,,255
254,ATN540151,300200743_,К112 Выкл 2-кл о/у IP54 10А Alas Profi 54 БЕЛЫЙ ATN540151 (12),2,1697.67,0,0,0,25,6,11,6,6,50,27,3,5,139,11.583333333333334,4,17,37,8,13,30,25,14,26,10,18,41,34,32,15,20,18,21,12,24,12,283,23.583333333333332,-0.17391304347826086,-0.21739130434782605,0,0,0,11,47,14,33,1.8657243816254419,,0.0,,,,,,,,,,,,,,,,256
255,ATN540145,300200744_,К113 Роз. з/к з/ш IP54 16А 16А 250В Alas Profi 54 БЕЛЫЙ ATN540145 (12),1,1808.68,17,39,61,57,63,124,183,181,195,104,117,89,1230,102.5,22,119,103,68,89,158,98,99,82,269,72,64,58,96,87,76,285,162,70,202,66,1589,132.41666666666666,0.22253521126760556,0.19154929577464785,0,0,0,0,241,0,241,1.8200125865324104,,0.0,,,,,,,,,,,,,,,,257
256,ATN540126,300200745_,К114 Роз. 2-я з/к IP54 о/у 16А Alas Profi 54 БЕЛЫЙ ATN540126 (6),1,3072.64,47,23,6,8,195,41,104,35,161,84,39,58,801,66.75,32,79,96,112,58,52,101,136,96,70,173,77,30,78,61,87,86,50,53,101,51,1013,84.41666666666667,-0.2941176470588235,0.17301038062283736,0,0,0,20,42,19,23,1.9308983218163869,,120.0,,,,,,,,,,,,,,,,258
257,ATN540161,300200746_,К115 Перекл 1-кл о/у IP54 Alas Profi 54 БЕЛЫЙ ATN540161 (12),1,1827.57,33,16,8,40,29,30,18,44,39,111,47,55,470,39.166666666666664,56,34,47,22,119,39,67,72,54,89,103,147,70,46,68,60,126,196,78,59,78,1174,97.83333333333333,0.8707865168539326,0.3820224719101124,0,0,0,110,168,0,168,2.8415672913117547,,0.0,,,,,,,,,,,,,,,,259
258,ATN540174,300200747_,"К116 Роз,Выкл.2-кл з/к з/ш IP54 16А Alas Profi 54 БЕЛЫЙ ATN540174 (6)",3,2351.03,1,0,0,1,4,3,3,1,1,1,2,0,17,1.4166666666666667,0,1,1,0,1,1,1,0,7,1,0,0,0,1,0,1,0,0,0,1,0,11,0.9166666666666666,-0.5,3.0,0,0,0,0,0,0,0,0.0,,0.0,,,,,,,,,,,,,,,,260
259,ATN540170,300200748_,"К117 Роз,Выкл.1-кл з/к з/ш IP54 16А Alas Profi 54 БЕЛЫЙ ATN540170 (6)",3,3092.6,1,0,0,1,6,8,21,4,0,5,10,1,57,4.75,2,1,1,4,4,6,1,9,10,9,1,1,1,1,2,0,1,9,2,1,2,40,3.3333333333333335,-0.25,0.25,0,0,0,2,11,0,11,3.9,,0.0,,,,,,,,,,,,,,,,261
260,GAL000343,300200784_,"G001 Роз. с з/к 16А механизм ""ARTGALLERY"" алюминий GAL0343 (10)",1,1151.29,,,,,,,,24,188,77,55,213,557,46.416666666666664,4,78,0,31,54,40,69,54,56,66,39,0,0,4,-10,0,0,1,106,87,106,455,37.916666666666664,0.1901840490797546,-0.012269938650306789,0,0,0,0,57,0,57,1.5032967032967033,,0.0,,,,,,,,,,,,,,,,262
261,GAL000311,300200785_,"G002 Выкл. 1 кл 10А ""ARTGALLERY"" алюминий GAL0311 (10)",1,1069.35,,,,,,,,24,87,7,15,49,182,15.166666666666666,2,15,1,3,14,20,16,23,-3,12,8,1,0,2,-9,3,0,0,5,7,5,31,2.5833333333333335,-0.7966101694915254,-0.711864406779661,0,0,0,2,150,0,150,58.83870967741935,,0.0,,,,,,,,,,,,,,,,263
262,GAL000313,300200786_,"G003 Выкл. 1 кл с инд 10А механизм ""ARTGALLERY"" алюминий GAL0313 (10)",3,1842.29,,,,,,,,10,31,0,0,0,41,3.4166666666666665,0,0,0,0,0,0,0,0,-10,0,0,0,0,0,-17,0,0,0,0,0,0,-27,-2.25,0.0,0.0,0,0,0,0,164,0,164,-72.88888888888889,,0.0,,,,,,,,,,,,,,,,264
263,GAL000351,300200787_,"G004 Выкл. 2 кл 10А механизм ""ARTGALLERY"" алюминий GAL0351 (10)",2,1732.04,,,,,,,,20,65,8,11,42,146,12.166666666666666,0,14,1,14,10,0,1,3,7,0,0,0,0,1,-28,0,0,2,21,0,21,24,2.0,4.75,0.75,0,0,0,0,156,0,156,78.0,,0.0,,,,,,,,,,,,,,,,265
264,GAL000353,300200788_,"G005 Выкл. 2 кл с инд 10А механизм ""ARTGALLERY"" алюминий GAL0353 (10)",3,2551.95,,,,,,,,10,29,0,0,0,39,3.25,0,0,0,0,0,0,0,0,-9,6,2,0,2,4,-19,0,0,0,0,10,0,-4,-0.3333333333333333,0.0,0.0,0,0,0,0,142,0,142,-426.0,,0.0,,,,,,,,,,,,,,,,266
265,GAL000386,300200789_,"G006 Роз. комп. RJ45 6A механизм ""ARTGALLERY"" алюминий GAL0386 (5)",1,8075.32,,,,,,,,6,23,16,0,28,73,6.083333333333333,0,15,-1,0,18,0,0,2,-2,0,0,0,1,1,-3,0,0,0,36,0,36,69,5.75,17.0,-2.0,0,0,0,0,49,0,49,8.521739130434783,,0.0,,,,,,,,,,,,,,,,267
266,GAL000361,300200790_,"G007 Переключ. 1 кл механизм ""ARTGALLERY"" алюминий GAL0361 (10)",1,2329.5,,,,,,,,10,19,2,13,12,56,4.666666666666667,0,10,0,0,26,10,8,4,-7,2,0,4,0,0,-4,0,0,0,4,8,4,11,0.9166666666666666,-0.4545454545454546,-1.2272727272727273,0,0,0,0,42,0,42,45.81818181818182,,0.0,,,,,,,,,,,,,,,,268
267,GAL000371,300200791_,"G008 Перекрест. переключ. 1 кл ""ARTGALLERY"" алюминий GAL0371 (5)",3,3028.25,,,,,,,,5,20,3,0,1,29,2.4166666666666665,0,3,0,0,1,12,0,0,-3,0,0,1,0,0,-9,0,0,0,0,0,0,-11,-0.9166666666666666,-1.0,-1.25,0,0,0,0,91,0,91,-99.27272727272728,,0.0,,,,,,,,,,,,,,,,269
268,GAL000388,300200792_,"G009 Роз. 2-ная комп. RJ45+RJ45 6A механизм ""ARTGALLERY"" алюминий GAL0388 (1)",3,13050.67,,,,,,,,0,2,0,0,0,2,0.16666666666666666,0,0,0,0,0,0,0,0,0,0,0,0,0,0,0,0,0,0,2,0,2,4,0.3333333333333333,0.0,0.0,0,0,0,0,2,0,2,6.0,,0.0,,,,,,,,,,,,,,,,270
269,GAL000345,300200793_,"G010 Роз. с з/к с/ш 16A механизм ""ARTGALLERY"" алюминий GAL0345 (10)",3,1466.89,,,,,,,,20,10,10,2,0,42,3.5,0,0,0,0,0,0,1,0,-17,0,0,0,0,0,0,0,0,0,0,0,0,-17,-1.4166666666666667,-1.0,-18.0,0,0,0,0,100,0,100,-70.58823529411764,,0.0,,,,,,,,,,,,,,,,271
270,GAL000391,300200794_,"G011 Роз. TV оконечная механизм ""ARTGALLERY"" алюминий GAL0391 (5)",3,2867.06,,,,,,,,5,23,0,0,7,35,2.9166666666666665,1,3,0,2,0,0,0,2,-5,0,4,0,0,0,-10,0,0,0,0,0,0,-11,-0.9166666666666666,-1.0,-1.5,0,0,0,0,101,0,101,-110.18181818181819,,0.0,,,,,,,,,,,,,,,,272
271,GAL000301,300200795_,"G012 Рамка 1-ная ""ARTGALLERY"" алюминий GAL0301 (20)",2,371.95,,,,,,,,34,184,29,51,121,419,34.916666666666664,3,26,0,6,69,1,35,30,25,38,20,2,3,8,-37,0,0,0,38,30,38,165,13.75,0.030303030303030276,0.25757575757575757,0,0,0,0,211,0,211,15.345454545454546,,0.0,,,,,,,,,,,,,,,,273
272,GAL000302,300200796_,"G013 Рамка 2-ная ""ARTGALLERY"" алюминий GAL0302 (10)",2,725.12,,,,,,,,30,85,22,15,55,207,17.25,0,21,0,0,22,0,18,38,-19,16,5,0,0,0,2,3,0,0,38,2,38,85,7.083333333333333,-0.2857142857142857,-0.9642857142857143,0,0,0,1,114,0,114,16.235294117647058,,0.0,,,,,,,,,,,,,,,,274
273,GAL000303,300200797_,"G014 Рамка 3-ная ""ARTGALLERY"" алюминий GAL0303 (5)",3,1079.49,,,,,,,,20,29,17,3,16,85,7.083333333333333,0,8,1,2,2,0,8,3,-12,8,3,0,0,0,-8,1,0,1,9,5,9,16,1.3333333333333333,0.36363636363636354,-1.0909090909090908,0,0,0,0,99,0,99,74.25,,0.0,,,,,,,,,,,,,,,,275
274,GAL000304,300200798_,"G015 Рамка 4-ная ""ARTGALLERY"" алюминий GAL0304 (5)",3,1470.53,,,,,,,,10,21,2,2,20,55,4.583333333333333,0,12,0,0,0,0,2,5,-7,1,0,0,0,0,-7,0,0,0,6,2,6,1,0.08333333333333333,0.1428571428571428,-1.8571428571428572,0,0,0,0,71,0,71,852.0,,0.0,,,,,,,,,,,,,,,,276
275,GAL000305,300200799_,"G016 Рамка 5-ная ""ARTGALLERY"" алюминий GAL0305 (5)",3,1801.6,,,,,,,,10,19,2,0,0,31,2.5833333333333335,0,0,0,1,0,0,0,0,-9,0,0,0,0,0,-10,0,0,0,1,3,1,-14,-1.1666666666666667,0.0,0.0,0,0,0,0,120,0,120,-102.85714285714285,,0.0,,,,,,,,,,,,,,,,277
276,GAL000365,300200800_,"G017 Переключ. 2 кл механизм ""ARTGALLERY"" алюминий GAL0365 (10)",3,3090.67,,,,,,,,10,19,14,17,2,62,5.166666666666667,0,7,0,0,3,0,9,0,-7,4,0,1,0,0,-9,0,0,0,0,0,0,-11,-0.9166666666666666,-1.0,-1.3333333333333333,0,0,0,0,78,0,78,-85.0909090909091,,0.0,,,,,,,,,,,,,,,,278
277,GAL440301,300200801_,"G018 Рамка 1-ная IP44 ""ARTGALLERY"" алюминий GAL440301 (10)",3,739.97,,,,,,,,6,10,10,0,20,46,3.8333333333333335,-20,0,1,0,2,0,0,0,-6,4,0,0,2,8,0,0,0,0,10,0,10,28,2.3333333333333335,0.0,0.0,0,0,0,0,49,0,49,21.0,,0.0,,,,,,,,,,,,,,,,279
278,GAL440302,300200802_,"G019 Рамка 2-ная IP44 ""ARTGALLERY"" алюминий GAL440302 (5)",3,1141.19,,,,,,,,0,10,10,0,0,20,1.6666666666666667,0,3,-1,0,0,0,0,0,0,0,0,0,0,0,0,0,0,0,0,20,0,20,1.6666666666666667,0.0,0.0,0,0,0,0,127,0,127,76.2,,0.0,,,,,,,,,,,,,,,,280
279,GAL440346,300200803_,"G020 Роз. с з/к с/ш с крышкой 16A механизм IP44 ""ARTGALLERY"" алюминий GAL440346 (10)",2,2669.74,,,,,,,,10,20,16,0,7,53,4.416666666666667,0,10,-1,0,4,0,4,0,-8,0,2,0,1,6,-9,4,0,1,10,0,10,17,1.4166666666666667,1.75,-2.5,0,0,0,0,72,0,72,50.8235294117647,,0.0,,,,,,,,,,,,,,,,281
280,GAL000315,300200804_,"G021 Выкл. 1 кл кнопочный 10А механизм ""ARTGALLERY"" алюминий GAL0315 (5)",3,1822.7,,,,,,,,6,14,0,0,0,20,1.6666666666666667,1,0,0,0,0,0,0,0,-2,0,0,0,0,0,-9,0,0,0,0,0,0,-11,-0.9166666666666666,0.0,0.0,0,0,0,0,59,0,59,-64.36363636363636,,0.0,,,,,,,,,,,,,,,,282
281,GAL000399,300200805_,"G022 Вывод кабеля механизм ""ARTGALLERY"" алюминий GAL0399 (5)",3,1462.81,,,,,,,,5,10,5,0,0,20,1.6666666666666667,0,0,0,0,0,0,0,0,-5,0,0,0,0,0,-10,3,0,0,7,0,7,2,0.16666666666666666,0.0,0.0,0,0,0,0,49,0,49,294.0,,0.0,,,,,,,,,,,,,,,,283
282,GAL000389,300200806_,"G023 Роз. 2-ная TV комп. RJ45 5Е ""ARTGALLERY"" алюминий GAL0389 (5)",3,4368.86,,,,,,,,6,10,0,0,0,16,1.3333333333333333,0,0,0,0,0,0,0,1,-4,2,3,0,0,0,-9,0,0,0,0,0,0,-8,-0.6666666666666666,-1.0,0.0,0,0,0,0,55,0,55,-82.5,,0.0,,,,,,,,,,,,,,,,284
283,GAL000329,300200807_,"G024 Роз. USB A+C 45Вт высокоскор.заряд., механизм ""ARTGALLERY"" алюминий GAL0329 (1)",3,21754.72,,,,,,,,3,0,0,0,6,9,0.75,0,0,0,0,0,0,0,0,-3,0,0,0,0,0,0,0,0,0,0,0,0,-3,-0.25,0.0,0.0,0,0,0,0,10,0,10,-40.0,,0.0,,,,,,,,,,,,,,,,285
284,GAL000323,300200808_,"G025 Диммер поворотно-нажимной механизм 400Вт ""ARTGALLERY"" алюминий GAL0323 (1)",3,20652.83,,,,,,,,3,1,0,0,0,4,0.3333333333333333,0,0,0,0,0,0,0,0,-3,0,0,0,0,0,0,0,0,0,0,0,0,-3,-0.25,0.0,0.0,0,0,0,0,14,0,14,-56.0,,0.0,,,,,,,,,,,,,,,,286
285,GAL000346,300200809_,"G026 Роз. с з/к с/ш LED 16A механизм IP20 ""ARTGALLERY"" алюминий GAL0346 (10)",3,1980.07,,,,,,,,3,2,0,0,0,5,0.4166666666666667,0,0,0,0,1,0,0,0,0,2,0,0,0,0,0,0,0,0,0,0,0,2,0.16666666666666666,0.0,0.0,0,0,0,0,34,0,34,204.0,,0.0,,,,,,,,,,,,,,,,287
286,GAL001443,300200933_,"G150 Роз. с з/к 16А механизм ""ARTGALLERY"" базальт GAL1443 (5)",1,1523.36,,,,,,,,4,107,38,252,193,594,49.5,243,219,254,432,69,78,111,156,144,32,17,20,45,45,41,170,65,151,108,211,108,1157,96.41666666666667,0.3623188405797102,-0.4405797101449276,0,0,0,0,281,0,281,2.9144338807260155,,0.0,,,,,,,,,,,,,,,,288
287,GAL001411,300200934_,"G151 Выкл. 1 кл 10А ""ARTGALLERY"" базальт GAL1411 (5)",1,1439.28,,,,,,,,4,45,24,40,25,138,11.5,30,17,49,48,6,5,36,38,38,15,6,16,14,5,4,30,15,15,25,61,25,269,22.416666666666668,0.2784810126582278,-0.25316455696202533,0,0,0,0,75,0,75,3.3457249070631967,,0.0,,,,,,,,,,,,,,,,289
288,GAL001413,300200935_,"G152 Выкл. 1 кл с инд 10А механизм ""ARTGALLERY"" базальт GAL1413 (5)",3,2309.4,,,,,,,,0,11,10,3,1,25,2.0833333333333335,16,3,0,0,0,0,0,0,0,0,0,0,0,0,0,0,0,0,0,2,0,2,0.16666666666666666,0.0,0.0,0,0,0,0,57,0,57,342.0,,0.0,,,,,,,,,,,,,,,,290
289,GAL001451,300200936_,"G153 Выкл. 2 кл 10А механизм ""ARTGALLERY"" базальт GAL1451 (5)",1,2556.03,,,,,,,,0,27,18,79,21,145,12.083333333333334,1,37,77,29,8,36,22,16,17,13,2,1,17,4,6,29,11,21,4,22,4,151,12.583333333333334,-0.3648648648648649,-0.5675675675675675,0,0,0,0,50,0,50,3.9735099337748343,,0.0,,,,,,,,,,,,,,,,291
290,GAL001453,300200937_,"G154 Выкл. 2 кл с инд 10А механизм ""ARTGALLERY"" базальт GAL1453 (5)",3,3299.78,,,,,,,,0,11,10,1,0,22,1.8333333333333333,18,10,0,0,0,0,0,0,0,0,0,0,0,0,0,0,0,0,0,1,0,1,0.08333333333333333,0.0,0.0,0,0,0,0,69,0,69,828.0,,0.0,,,,,,,,,,,,,,,,292
291,GAL001486,300200938_,"G155 Роз. комп. RJ45 6A механизм ""ARTGALLERY"" базальт GAL1486 (5)",1,7564.85,,,,,,,,0,0,4,5,5,14,1.1666666666666667,21,11,4,16,0,0,5,12,7,2,0,0,7,2,4,3,0,10,0,10,0,45,3.75,0.17647058823529416,-0.47058823529411764,0,0,0,0,70,0,70,18.666666666666668,,0.0,,,,,,,,,,,,,,,,293
292,GAL001461,300200939_,"G156 Переключ. 1 кл механизм ""ARTGALLERY"" базальт GAL1461 (5)",2,2639.32,,,,,,,,0,14,10,11,4,39,3.25,1,0,20,0,0,27,9,14,9,4,3,0,12,3,2,2,2,8,0,19,0,64,5.333333333333333,-0.45999999999999996,-0.6799999999999999,0,0,0,0,33,0,33,6.1875,,0.0,,,,,,,,,,,,,,,,294
293,GAL001471,300200940_,"G157 Перекрест. переключ. 1 кл ""ARTGALLERY"" базальт GAL1471 (5)",3,3691.14,,,,,,,,0,10,10,4,0,24,2,0,2,6,1,0,0,0,3,0,0,2,0,0,6,0,0,0,2,0,4,0,14,1.1666666666666667,1.0,-0.33333333333333337,0,0,0,0,24,0,24,20.57142857142857,,0.0,,,,,,,,,,,,,,,,295
294,GAL001488,300200941_,"G158 Роз. 2-ная комп. RJ45+RJ45 6A механизм ""ARTGALLERY"" базальт GAL1488 (1)",2,15751.28,,,,,,,,0,1,2,0,0,3,0.25,3,2,0,0,0,0,1,0,0,0,0,2,0,18,0,0,0,0,0,0,0,20,1.6666666666666667,-1.0,-1.0,0,0,0,0,6,0,6,3.5999999999999996,,0.0,,,,,,,,,,,,,,,,296
295,GAL001445,300200942_,"G159 Роз. с з/к с/ш 16А механизм ""ARTGALLERY"" базальт GAL1445 (5)",1,2011.4,,,,,,,,0,10,76,35,0,121,10.083333333333334,116,20,0,29,0,0,65,0,0,2,2,100,80,0,0,0,0,54,4,20,4,266,22.166666666666668,0.19999999999999996,-0.9384615384615385,0,0,0,0,77,0,77,3.4736842105263155,,0.0,,,,,,,,,,,,,,,,297
296,GAL001446,300200943_,"G160 Роз. с з/к с/ш с крышкой 16А механизм IP20 ""ARTGALLERY"" базальт GAL1446 (5)",3,2783.09,,,,,,,,0,11,12,11,17,51,4.25,0,2,0,10,2,5,7,2,6,4,2,0,0,0,0,11,0,4,0,8,0,35,2.9166666666666665,-0.1428571428571429,-0.1428571428571429,0,0,0,0,15,0,15,5.142857142857143,,0.0,,,,,,,,,,,,,,,,298
297,GAL001491,300200944_,"G161 Роз. TV оконечная 1DB механизм ""ARTGALLERY"" базальт GAL1491 (5)",3,2922.72,,,,,,,,0,11,0,0,0,11,0.9166666666666666,3,0,0,0,0,0,1,0,2,0,0,0,4,1,0,0,0,0,0,0,0,7,0.5833333333333334,-1.0,1.0,0,0,0,0,56,0,56,96.0,,0.0,,,,,,,,,,,,,,,,299
298,GAL001401,300200945_,"G162 Рамка 1-ная ""ARTGALLERY"" базальт GAL1401 (10)",1,487.14,,,,,,,,0,54,72,149,76,351,29.25,68,86,113,172,30,44,61,60,95,50,57,27,52,5,10,51,17,105,27,103,27,626,52.166666666666664,0.4242424242424243,0.22424242424242413,0,0,0,0,165,0,165,3.1629392971246006,,0.0,,,,,,,,,,,,,,,,300
299,GAL001402,300200946_,"G163 Рамка 2-ная ""ARTGALLERY"" базальт GAL1402 (5)",1,987.99,,,,,,,,0,31,33,93,48,205,17.083333333333332,89,56,71,101,23,25,40,40,43,12,0,58,25,15,11,27,17,32,24,79,24,367,30.583333333333332,0.2857142857142858,-0.47619047619047616,0,0,0,0,91,0,91,2.975476839237057,,0.0,,,,,,,,,,,,,,,,301
300,GAL001403,300200947_,"G164 Рамка 3-ная ""ARTGALLERY"" базальт GAL1403 (5)",2,1365.17,,,,,,,,0,17,24,21,31,93,7.75,41,25,42,33,7,9,29,25,10,3,1,3,13,6,3,11,16,13,17,25,17,138,11.5,-0.12698412698412698,-0.7777777777777778,0,0,0,0,25,0,25,2.1739130434782608,,0.0,,,,,,,,,,,,,,,,302
301,GAL001404,300200948_,"G165 Рамка 4-ная ""ARTGALLERY"" базальт GAL1404 (5)",2,1880.24,,,,,,,,0,12,12,11,6,41,3.4166666666666665,17,9,10,4,0,2,9,7,3,4,0,1,8,1,3,7,0,17,5,8,5,62,5.166666666666667,0.6666666666666667,-0.6111111111111112,0,0,0,0,17,0,17,3.290322580645161,,0.0,,,,,,,,,,,,,,,,303
302,GAL001405,300200949_,"G166 Рамка 5-ная ""ARTGALLERY"" базальт GAL1405 (5)",3,2233.85,,,,,,,,0,12,10,3,0,25,2.0833333333333335,2,1,1,0,0,0,2,0,0,0,0,1,0,1,0,4,0,1,0,5,0,12,1.0,2.0,-1.0,0,0,0,0,41,0,41,41.0,,0.0,,,,,,,,,,,,,,,,304
303,GAL001465,300200950_,"G167 Переключ. 2 кл механизм ""ARTGALLERY"" базальт GAL1465 (5)",2,3644.03,,,,,,,,0,10,13,5,4,32,2.6666666666666665,3,6,9,40,1,2,16,4,5,5,9,0,8,0,0,6,2,10,0,3,0,48,4.0,-0.40909090909090906,-0.13636363636363635,0,0,0,0,29,0,29,7.25,,0.0,,,,,,,,,,,,,,,,305
304,GAL001423,300200951_,"G168 Диммер поворотно-нажимной механизм 400Вт ""ARTGALLERY"" базальт GAL1423 (1)",2,27849.93,,,,,,,,0,0,0,0,0,0,0,0,0,3,0,0,0,0,0,5,0,1,0,1,0,0,0,0,0,0,0,0,7,0.5833333333333334,0.0,0.0,0,0,0,0,3,0,3,5.142857142857142,,0.0,,,,,,,,,,,,,,,,306
305,GAL001415,300200952_,"G169 Выкл. 1 кл кнопочный 10А механизм ""ARTGALLERY"" базальт GAL1415 (5)",3,2279.7,,,,,,,,0,0,0,0,0,0,0,4,0,0,8,0,0,0,0,0,0,0,0,0,0,2,7,0,1,0,0,0,10,0.8333333333333334,0.0,0.0,0,0,0,0,27,0,27,32.4,,0.0,,,,,,,,,,,,,,,,307
306,GAL001499,300200953_,"G170 Вывод кабеля механизм ""ARTGALLERY"" базальт GAL1499 (5)",3,1981.65,,,,,,,,0,0,3,3,0,6,0.5,10,0,0,1,0,3,0,0,0,4,0,0,2,2,0,11,1,4,2,0,2,28,2.3333333333333335,1.0,0.33333333333333326,0,0,0,0,10,0,10,4.285714285714286,,0.0,,,,,,,,,,,,,,,,308
307,GAL001489,300200954_,"G171 Роз. 2-ная TV комп. RJ45 5Е ""ARTGALLERY"" базальт GAL1489 (5)",3,4656.77,,,,,,,,0,1,0,0,0,1,0.08333333333333333,18,1,0,0,0,0,2,0,0,0,0,0,0,0,0,0,7,0,0,0,0,7,0.5833333333333334,-1.0,-1.0,0,0,0,0,20,0,20,34.285714285714285,,0.0,,,,,,,,,,,,,,,,309
308,GAL001429,300200955_,"G172 Роз. USB A+C 45Вт высокоскор.заряд., механизм ""ARTGALLERY"" базальт GAL1429 (1)",3,23229.63,,,,,,,,0,4,0,0,0,4,0.3333333333333333,0,0,0,0,0,0,2,0,0,0,0,0,0,0,0,0,0,0,0,2,0,2,0.16666666666666666,0.0,-1.0,0,0,0,0,15,0,15,90.0,,0.0,,,,,,,,,,,,,,,,310
309,GAL001311,300200833_,"G050 Выкл. 1 кл 10А ""ARTGALLERY"" лотос GAL1311 (5)",2,1209.25,,,,,,,,14,194,30,82,28,348,29,20,39,0,14,9,40,-2,-8,-6,11,5,9,17,3,26,0,28,18,11,24,3,149,12.416666666666666,0.7666666666666666,-0.6666666666666667,0,0,0,2,686,0,686,55.40939597315437,,0.0,,,,,,,,,,,,,,,,311
310,GAL001313,300200834_,"G051 Выкл. 1 кл с инд 10А механизм ""ARTGALLERY"" лотос GAL1313 (5)",3,1951.67,,,,,,,,0,30,30,20,7,87,7.25,6,0,1,10,28,0,-7,4,-4,0,0,4,3,0,-15,0,2,0,0,0,0,-10,-0.8333333333333334,-1.0,0.33333333333333326,0,0,0,0,100,0,100,-120.0,,0.0,,,,,,,,,,,,,,,,312
311,GAL001351,300200835_,"G052 Выкл. 2 кл 10А механизм ""ARTGALLERY"" лотос GAL1351 (5)",1,2012.9,,,,,,,,0,13,74,77,31,195,16.25,20,52,-1,71,30,35,-5,7,2,5,0,4,7,3,36,2,12,25,7,15,2,120,10.0,0.2702702702702702,-0.8108108108108107,0,0,0,0,147,0,147,14.7,,0.0,,,,,,,,,,,,,,,,313
312,GAL001353,300200836_,"G053 Выкл. 2 кл с инд 10А механизм ""ARTGALLERY"" лотос GAL1353 (5)",3,2687.31,,,,,,,,5,33,20,34,1,93,7.75,5,0,0,20,11,0,-10,-4,-5,0,0,0,0,0,-9,0,2,0,0,3,0,-9,-0.75,-1.2142857142857142,-0.6428571428571428,0,0,0,0,102,0,102,-136.0,,0.0,,,,,,,,,,,,,,,,314
313,GAL001323,300200837_,"G054 Диммер поворотно-нажимной механизм 400Вт ""ARTGALLERY"" лотос GAL1323 (1)",3,17842.29,,,,,,,,0,1,0,0,0,1,0.08333333333333333,2,0,0,0,0,1,0,0,0,0,0,0,0,0,0,0,0,0,0,0,0,0,0.0,-1.0,-1.0,0,0,0,0,4,0,4,0.0,,0.0,,,,,,,,,,,,,,,,315
314,GAL001386,300200838_,"G055 Роз. комп. RJ45 6A механизм ""ARTGALLERY"" лотос GAL1386 (5)",1,8297.3,,,,,,,,0,0,11,9,17,37,3.0833333333333335,8,21,-7,10,9,10,3,7,0,1,4,1,5,1,29,0,2,3,1,18,1,66,5.5,0.10000000000000009,-0.75,0,0,0,0,33,0,33,6.0,,0.0,,,,,,,,,,,,,,,,316
315,GAL001361,300200839_,"G056 Переключ. 1 кл механизм ""ARTGALLERY"" лотос GAL1361 (5)",2,2240.0,,,,,,,,0,1,20,32,11,64,5.333333333333333,10,20,-4,27,4,34,-1,2,1,0,6,4,0,8,-7,0,7,4,8,8,8,47,3.9166666666666665,-0.4285714285714286,-0.8,0,0,0,8,85,0,85,23.74468085106383,,0.0,,,,,,,,,,,,,,,,317
316,GAL001371,300200840_,"G057 Перекрест. переключ. 1 кл ""ARTGALLERY"" лотос GAL1371 (5)",3,3024.87,,,,,,,,5,40,10,12,0,67,5.583333333333333,0,3,-7,17,0,2,-9,-5,-5,0,0,0,1,0,-7,0,2,1,0,20,0,12,1.0,-2.75,-0.5833333333333333,0,0,0,0,153,0,153,153.0,,0.0,,,,,,,,,,,,,,,,318
317,GAL001388,300200841_,"G058 Роз. 2-ная комп. RJ45+RJ45 6A механизм ""ARTGALLERY"" лотос GAL1388 (1)",3,14974.24,,,,,,,,3,3,0,2,0,8,0.6666666666666666,6,2,0,0,0,0,0,-2,0,0,0,0,0,0,0,8,3,0,0,0,0,11,0.9166666666666666,-1.0,-1.0,0,0,0,0,24,0,24,26.181818181818183,,0.0,,,,,,,,,,,,,,,,319
318,GAL001343,300200842_,"G059 Роз. с з/к 16А механизм ""ARTGALLERY"" лотос GAL1343 (5)",1,1337.32,,,,,,,,10,389,124,558,270,1351,112.58333333333333,325,236,167,674,224,229,-23,120,6,0,105,78,90,25,154,3,120,116,32,177,4,910,75.83333333333333,-0.0030674846625766694,-0.6595092024539877,0,0,0,0,558,0,558,7.358241758241759,,0.0,,,,,,,,,,,,,,,,320
319,GAL001345,300200843_,"G060 Роз. с з/к с/ш 16А механизм ""ARTGALLERY"" лотос GAL1345 (5)",2,1424.49,,,,,,,,14,137,15,5,85,256,21.333333333333332,76,10,2,41,0,12,4,-21,-10,48,0,0,0,0,0,15,0,0,21,16,21,111,9.25,-8.4,-8.6,0,0,0,0,386,0,386,41.729729729729726,,0.0,,,,,,,,,,,,,,,,321
320,GAL001346,300200844_,"G061 Роз. с з/к с/ш с крышкой 16А механизм IP20 ""ARTGALLERY"" лотос GAL1346 (5)",3,2454.58,,,,,,,,0,20,20,9,23,72,6,13,12,10,16,2,10,0,-3,3,0,5,0,0,0,1,2,4,1,1,8,1,26,2.1666666666666665,0.4285714285714286,0.1428571428571428,0,0,0,0,65,0,65,30.000000000000004,,0.0,,,,,,,,,,,,,,,,322
321,GAL001391,300200845_,"G062 Роз. TV оконечная механизм ""ARTGALLERY"" лотос GAL1391 (5)",3,2873.26,,,,,,,,5,43,1,5,3,57,4.75,0,3,-10,1,0,0,-23,-2,-5,4,0,0,0,0,-3,0,0,3,0,0,0,-1,-0.08333333333333333,-1.12,-0.96,0,0,0,0,205,0,205,-2460.0,,0.0,,,,,,,,,,,,,,,,323
322,GAL001301,300200846_,"G063 Рамка 1-ная ""ARTGALLERY"" лотос GAL1301 (10)",2,378.55,,,,,,,,0,257,263,623,137,1280,106.66666666666667,175,108,96,11,60,100,-234,18,-22,22,8,64,80,18,-9,5,51,89,28,96,26,456,38.0,-2.836206896551724,-1.0689655172413792,0,0,0,0,1202,0,1202,31.63157894736842,,0.0,,,,,,,,,,,,,,,,324
323,GAL001302,300200847_,"G064 Рамка 2-ная ""ARTGALLERY"" лотос GAL1302 (5)",1,796.29,,,,,,,,30,171,33,132,80,446,37.166666666666664,95,62,-21,70,36,46,5,26,-8,12,0,8,30,11,45,0,38,28,5,47,5,221,18.416666666666668,0.03896103896103886,-0.948051948051948,0,0,0,0,493,0,493,26.769230769230766,,0.0,,,,,,,,,,,,,,,,325
324,GAL001303,300200848_,"G065 Рамка 3-ная ""ARTGALLERY"" лотос GAL1303 (5)",2,1113.45,,,,,,,,20,88,18,55,49,230,19.166666666666668,30,14,-7,42,8,23,4,23,-10,2,0,6,6,1,39,2,16,3,9,15,5,94,7.833333333333333,-0.45999999999999996,-1.16,0,0,0,0,281,0,281,35.87234042553192,,0.0,,,,,,,,,,,,,,,,326
325,GAL001304,300200849_,"G066 Рамка 4-ная ""ARTGALLERY"" лотос GAL1304 (5)",3,1447.9,,,,,,,,10,51,10,21,5,97,8.083333333333334,15,17,-2,15,3,18,-6,0,0,5,1,0,2,1,16,1,6,3,1,11,0,47,3.9166666666666665,0.25,-0.5,0,0,0,0,104,0,104,26.5531914893617,,0.0,,,,,,,,,,,,,,,,327
326,GAL001305,300200850_,"G067 Рамка 5-ная ""ARTGALLERY"" лотос GAL1305 (5)",3,1785.36,,,,,,,,10,35,10,12,3,70,5.833333333333333,3,0,-9,5,2,6,-3,-9,-10,0,0,0,0,2,-7,0,0,0,0,1,0,-14,-1.1666666666666667,-1.1666666666666667,0.6666666666666667,0,0,0,0,150,0,150,-128.57142857142856,,0.0,,,,,,,,,,,,,,,,328
327,GAL001365,300200851_,"G068 Переключ. 2 кл механизм ""ARTGALLERY"" лотос GAL1365 (5)",1,3611.87,,,,,,,,0,0,0,0,46,46,3.8333333333333335,13,16,6,31,26,13,6,4,2,1,0,0,4,9,-1,0,3,7,5,20,5,55,4.583333333333333,0.3913043478260869,-0.8695652173913043,0,0,0,2,9,0,9,2.4000000000000004,,0.0,,,,,,,,,,,,,,,,329
328,GAL001315,300200852_,"G069 Выкл. 1 кл кнопочный 10А механизм ""ARTGALLERY"" лотос GAL1315 (5)",3,1815.28,,,,,,,,6,20,10,0,0,36,3,5,0,0,0,6,-5,3,-10,-5,5,15,5,0,0,-5,0,0,0,0,0,0,15,1.25,-1.0,-2.25,0,0,0,0,96,0,96,76.8,,0.0,,,,,,,,,,,,,,,,330
329,GAL001399,300200853_,"G070 Вывод кабеля механизм ""ARTGALLERY"" лотос GAL1399 (5)",3,1543.25,,,,,,,,5,12,0,20,1,38,3.1666666666666665,6,2,4,8,0,8,1,-3,-1,5,0,0,0,0,-6,0,1,0,0,22,0,21,1.75,2.6666666666666665,-0.33333333333333337,0,0,0,0,16,0,16,9.142857142857142,,0.0,,,,,,,,,,,,,,,,331
330,GAL001389,300200854_,"G071 Роз. 2-ная TV комп. RJ45 5Е ""ARTGALLERY"" лотос GAL1389 (5)",3,4318.34,,,,,,,,6,25,0,6,3,40,3.3333333333333335,0,5,-10,5,0,1,-10,-5,-5,0,0,0,0,0,-1,0,0,0,0,0,0,-6,-0.5,-1.0,-0.6428571428571428,0,0,0,0,119,0,119,-238.0,,0.0,,,,,,,,,,,,,,,,332
331,GAL001329,300200855_,"G072 Роз. USB A+C 45Вт высокоскор.заряд., механизм ""ARTGALLERY"" лотос GAL1329 (1)",2,20391.61,,,,,,,,0,0,0,1,0,1,0.08333333333333333,6,3,0,0,0,4,0,0,0,0,0,0,0,0,0,0,0,0,0,0,0,0,0.0,-1.0,-1.0,0,0,0,0,7,0,7,0.0,,0.0,,,,,,,,,,,,,,,,333
332,GAL001601,300200882_,"G099 Рамка 1-ная ""ARTGALLERY"" золото GAL1601 (5)",2,811.94,,,,,,,,14,23,33,35,0,105,8.75,13,16,4,36,29,0,0,0,-10,0,0,1,0,0,1,0,0,0,4,38,4,38,3.1666666666666665,0.0,0.0,0,0,0,3,40,0,40,13.578947368421053,,0.0,,,,,,,,,,,,,,,,334
333,GAL001602,300200883_,"G100 Рамка 2-ная ""ARTGALLERY"" золото GAL1602 (5)",1,1695.45,,,,,,,,10,21,26,3,0,60,5,4,4,0,4,34,3,0,0,-10,2,0,0,0,0,0,0,0,0,0,14,0,6,0.5,3.666666666666667,-3.6666666666666665,0,0,0,0,82,0,82,164.0,,0.0,,,,,,,,,,,,,,,,335
334,GAL001603,300200884_,"G101 Рамка 3-ная ""ARTGALLERY"" золото GAL1603 (5)",3,2260.48,,,,,,,,10,0,9,0,0,19,1.5833333333333333,3,2,0,10,3,0,0,0,-10,0,0,0,0,0,0,0,0,0,1,3,1,-5,-0.4166666666666667,0.0,0.0,0,0,0,1,32,0,32,-79.2,,0.0,,,,,,,,,,,,,,,,336
335,GAL001604,300200885_,"G102 Рамка 4-ная ""ARTGALLERY"" золото GAL1604 (5)",3,2930.91,,,,,,,,10,2,10,0,0,22,1.8333333333333333,0,0,0,2,3,0,0,0,-10,0,0,0,0,0,0,0,0,0,1,0,1,-8,-0.6666666666666666,0.0,0.0,0,0,0,1,40,0,40,-61.5,,0.0,,,,,,,,,,,,,,,,337
336,GAL001605,300200886_,"G103 Рамка 5-ная ""ARTGALLERY"" золото GAL1605 (5)",3,3675.98,,,,,,,,10,0,0,0,0,10,0.8333333333333334,0,0,0,1,1,0,0,0,-10,0,0,0,0,0,0,0,0,0,0,0,0,-10,-0.8333333333333334,0.0,0.0,0,0,0,0,46,0,46,-55.199999999999996,,0.0,,,,,,,,,,,,,,,,338
337,GAL001043,300200856_,"G073 Роз. с з/к 16А механизм ""ARTGALLERY"" карбон GAL1043 (5)",1,1745.17,,,,,,,,14,628,197,379,662,1880,156.66666666666666,293,690,1011,337,226,275,185,100,193,88,249,124,91,75,-51,34,246,276,496,-7,496,2310,192.5,0.3660714285714286,-0.0535714285714286,0,0,0,0,299,2,297,1.542857142857143,,0.0,,,,,,,,,,,,,,,,339
338,GAL001011,300200857_,"G074 Выкл. 1 кл 10А ""ARTGALLERY"" карбон GAL1011 (5)",2,1675.6,,,,,,,,14,211,36,148,92,501,41.75,46,75,72,155,55,62,33,15,60,7,39,24,13,13,-39,9,47,79,135,10,132,529,44.083333333333336,1.0363636363636362,-0.036363636363636376,0,0,0,0,90,0,90,2.041587901701323,,0.0,,,,,,,,,,,,,,,,340
339,GAL001013,300200858_,"G075 Выкл. 1 кл с инд 10А механизм ""ARTGALLERY"" карбон GAL1013 (5)",3,2483.73,,,,,,,,10,22,17,10,2,61,5.083333333333333,3,27,20,10,1,0,4,6,-8,-8,0,0,0,0,-12,0,0,0,0,0,0,-28,-2.3333333333333335,-1.0,-2.6,0,0,0,0,95,0,95,-40.71428571428571,,0.0,,,,,,,,,,,,,,,,341
340,GAL001051,300200859_,"G076 Выкл. 2 кл 10А механизм ""ARTGALLERY"" карбон GAL1051 (5)",1,2544.74,,,,,,,,10,227,97,37,102,473,39.416666666666664,39,95,59,120,12,35,43,-11,31,37,40,14,19,7,-12,7,16,60,55,9,54,337,28.083333333333332,0.8507462686567164,0.6119402985074627,0,0,0,0,114,1,113,4.023738872403561,,0.0,,,,,,,,,,,,,,,,342
341,GAL001053,300200860_,"G077 Выкл. 2 кл с инд 10А механизм ""ARTGALLERY"" карбон GAL1053 (5)",3,3348.73,,,,,,,,5,24,20,30,0,79,6.583333333333333,12,11,5,10,0,0,10,-5,2,-8,0,0,0,0,-16,0,10,0,0,0,0,-12,-1.0,-1.0,-2.2,0,0,0,0,121,0,121,-121.0,,0.0,,,,,,,,,,,,,,,,343
342,GAL001086,300200861_,"G078 Роз. комп. RJ45 6A механизм ""ARTGALLERY"" карбон GAL1086 (5)",1,9703.51,,,,,,,,0,0,18,8,17,43,3.5833333333333335,24,38,28,9,5,32,12,7,15,7,14,22,2,13,-12,3,56,18,35,2,34,209,17.416666666666668,0.07843137254901955,-0.2941176470588235,0,0,0,0,41,0,41,2.354066985645933,,0.0,,,,,,,,,,,,,,,,344
343,GAL001061,300200862_,"G079 Переключ. 1 кл механизм ""ARTGALLERY"" карбон GAL1061 (5)",2,3208.63,,,,,,,,5,83,22,29,10,149,12.416666666666666,28,48,31,35,15,32,16,-7,11,-9,8,22,0,2,-7,0,4,23,45,10,45,154,12.833333333333334,0.9024390243902438,-0.7560975609756098,0,0,0,0,57,0,57,4.441558441558441,,0.0,,,,,,,,,,,,,,,,345
344,GAL001071,300200863_,"G080 Перекрест. переключ. 1 кл ""ARTGALLERY"" карбон GAL1071 (5)",3,3962.24,,,,,,,,0,26,25,13,6,70,5.833333333333333,6,23,-3,8,2,19,0,-5,1,-3,7,0,0,3,-13,0,0,7,18,2,10,32,2.6666666666666665,0.9285714285714286,-0.6428571428571428,0,0,0,0,89,0,89,33.375,,0.0,,,,,,,,,,,,,,,,346
345,GAL001088,300200864_,"G081 Роз. 2-ная комп. RJ45+RJ45 6A механизм ""ARTGALLERY"" карбон GAL1088 (1)",3,14664.86,,,,,,,,3,7,19,0,12,41,3.4166666666666665,0,0,1,0,2,2,0,-3,-3,0,2,0,0,1,0,0,0,0,1,0,1,2,0.16666666666666666,-2.0,0.0,0,0,0,0,44,0,44,264.0,,0.0,,,,,,,,,,,,,,,,347
346,GAL001045,300200865_,"G082 Роз. с з/к с/ш 16А механизм ""ARTGALLERY"" карбон GAL1045 (5)",3,2058.32,,,,,,,,10,138,20,0,1,169,14.083333333333334,2,3,0,37,60,70,19,-56,9,107,7,0,0,0,7,0,0,92,138,4,138,502,41.833333333333336,6.090909090909091,2.727272727272727,0,0,0,0,48,0,48,1.147410358565737,,0.0,,,,,,,,,,,,,,,,348
347,GAL001046,300200866_,"G083 Роз. с з/к с/ш с крышкой 16А механизм IP20 ""ARTGALLERY"" карбон GAL1046 (5)",3,3096.49,,,,,,,,0,30,17,15,7,69,5.75,2,13,26,0,0,1,0,-8,2,-4,0,0,0,0,-7,0,0,0,7,3,7,8,0.6666666666666666,-2.428571428571429,-0.7142857142857143,0,0,0,0,97,0,97,145.5,,0.0,,,,,,,,,,,,,,,,349
348,GAL001091,300200867_,"G084 Роз. TV оконечная механизм ""ARTGALLERY"" карбон GAL1091 (5)",3,3087.55,,,,,,,,0,0,20,8,4,32,2.6666666666666665,0,4,7,5,3,10,0,0,-6,-3,1,1,0,0,-8,0,0,0,4,0,4,-7,-0.5833333333333334,-0.6,-1.8,0,0,0,0,41,0,41,-70.28571428571428,,0.0,,,,,,,,,,,,,,,,350
349,GAL001001,300200868_,"G085 Рамка 1-ная ""ARTGALLERY"" карбон GAL1001 (10)",2,563.49,,,,,,,,34,409,117,236,197,993,82.75,168,279,220,271,113,152,66,39,136,163,138,32,22,25,-61,49,88,164,259,12,257,1284,107.0,0.6926070038910506,0.7003891050583657,0,0,0,0,289,0,289,2.7009345794392523,,0.0,,,,,,,,,,,,,,,,351
350,GAL001002,300200869_,"G086 Рамка 2-ная ""ARTGALLERY"" карбон GAL1002 (5)",1,1142.4,,,,,,,,30,204,61,102,137,534,44.5,113,180,138,141,50,90,71,29,38,15,104,47,23,28,-25,7,65,126,137,0,136,701,58.416666666666664,0.38421052631578956,-0.17368421052631577,0,0,0,0,76,0,76,1.3009985734664764,,0.0,,,,,,,,,,,,,,,,352
351,GAL001003,300200870_,"G087 Рамка 3-ная ""ARTGALLERY"" карбон GAL1003 (5)",2,1604.85,,,,,,,,20,125,35,67,63,310,25.833333333333332,38,80,54,57,30,39,18,11,0,29,41,13,9,5,-15,8,26,36,99,2,99,352,29.333333333333332,1.0147058823529411,0.02941176470588225,0,0,0,0,33,0,33,1.125,,0.0,,,,,,,,,,,,,,,,353
352,GAL001004,300200871_,"G088 Рамка 4-ная ""ARTGALLERY"" карбон GAL1004 (5)",3,1956.04,,,,,,,,10,66,16,15,32,139,11.583333333333334,9,40,13,12,2,23,14,-3,3,4,22,14,5,2,-8,0,9,11,34,0,34,130,10.833333333333334,0.32352941176470584,-0.1470588235294118,0,0,0,0,36,0,36,3.323076923076923,,0.0,,,,,,,,,,,,,,,,354
353,GAL001005,300200872_,"G089 Рамка 5-ная ""ARTGALLERY"" карбон GAL1005 (5)",3,2369.11,,,,,,,,10,35,10,21,7,83,6.916666666666667,5,12,-8,0,2,10,1,-5,-10,-3,1,1,2,2,-10,0,0,0,11,0,9,3,0.25,0.8333333333333333,-3.0,0,0,0,0,123,0,123,492.0,,0.0,,,,,,,,,,,,,,,,355
354,GAL001065,300200873_,G090 Переключ. 2 кл механизм карбон GAL1065 (5),1,3976.45,,,,,,,,5,71,69,4,45,194,16.166666666666668,26,47,13,24,7,110,9,9,1,22,19,20,2,4,-8,2,10,15,54,3,54,198,16.5,-0.4375,-0.671875,0,0,0,0,28,0,28,1.696969696969697,,0.0,,,,,,,,,,,,,,,,356
355,GAL001023,300200874_,"G091 Диммер поворотно-нажимной механизм 400Вт ""ARTGALLERY"" карбон GAL1023 (1)",3,23664.0,,,,,,,,0,0,0,0,0,0,0,0,0,0,0,0,0,0,0,0,0,1,0,0,0,0,0,0,0,0,0,0,1,0.08333333333333333,0.0,0.0,0,0,0,0,8,0,8,96.0,,0.0,,,,,,,,,,,,,,,,357
356,GAL441046,300200875_,"G092 Роз. с з/к с/ш с крышкой 16А механизм IP44 ""ARTGALLERY"" карбон GAL441046 (5)",3,3350.22,,,,,,,,0,33,4,4,26,67,5.583333333333333,0,7,6,1,5,9,0,10,2,2,4,0,0,0,0,1,10,0,13,4,13,49,4.083333333333333,-0.10526315789473684,-0.5789473684210527,0,0,0,0,72,0,72,17.63265306122449,,0.0,,,,,,,,,,,,,,,,358
357,GAL441001,300200876_,"G093 Рамка 1-ная IP44 ""ARTGALLERY"" карбон GAL441001 (5)",3,1003.53,,,,,,,,0,0,0,0,3,3,0.25,0,1,0,1,6,0,0,0,0,0,0,0,0,0,0,0,0,0,3,0,3,6,0.5,0.0,0.0,0,0,0,0,144,3,141,282.0,,0.0,,,,,,,,,,,,,,,,359
358,GAL441002,300200877_,"G094 Рамка 2-ная IP44 ""ARTGALLERY"" карбон GAL441002 (5)",3,1505.08,,,,,,,,0,0,0,0,0,0,0,0,0,0,0,0,0,0,0,1,0,0,0,0,0,0,0,0,0,1,1,1,4,0.3333333333333333,0.0,0.0,0,0,0,0,36,0,36,108.0,,0.0,,,,,,,,,,,,,,,,360
359,GAL001015,300200878_,"G095 Выкл. 1 кл кнопочный 10А механизм ""ARTGALLERY"" карбон GAL1015 (5)",3,2549.95,,,,,,,,0,0,0,0,0,0,0,5,0,0,0,0,8,0,1,22,0,0,0,0,0,1,0,0,0,2,0,2,27,2.25,-0.7777777777777778,1.4444444444444446,0,0,0,0,10,0,10,4.444444444444445,,0.0,,,,,,,,,,,,,,,,361
360,GAL001099,300200879_,"G096 Вывод кабеля механизм ""ARTGALLERY"" карбон    GAL1099 (5)",3,2014.32,,,,,,,,5,31,11,10,9,66,5.5,3,6,2,2,1,5,2,3,-5,4,3,3,0,2,0,0,0,2,14,4,14,41,3.4166666666666665,1.0,-0.8,0,0,0,0,56,0,56,16.390243902439025,,0.0,,,,,,,,,,,,,,,,362
361,GAL001089,300200880_,"G097 Роз. 2-ная TV комп. RJ45 5Е ""ARTGALLERY"" карбон GAL1089 (5)",3,4212.55,,,,,,,,0,4,19,15,0,38,3.1666666666666665,0,10,-5,2,0,0,0,0,-2,-5,0,0,3,0,-10,0,0,0,0,0,0,-14,-1.1666666666666667,0.0,0.0,0,0,0,0,72,0,72,-61.71428571428571,,0.0,,,,,,,,,,,,,,,,363
362,GAL001029,300200881_,"G098 Роз. USB A+C 45Вт высокоскор.заряд., механизм ""ARTGALLERY"" карбон GAL1029 (1)",3,25779.51,,,,,,,,0,0,0,3,0,3,0.25,2,7,0,0,7,2,1,3,0,2,0,1,0,0,0,0,0,0,3,0,3,9,0.75,-0.5,-0.6666666666666667,0,0,0,0,3,0,3,4.0,,0.0,,,,,,,,,,,,,,,,364
363,GAL000643,300200910_,"G127 Роз. с з/к 16А механизм ""ARTGALLERY"" мокко GAL0643 (10)",1,1416.76,,,,,,,,24,225,43,121,71,484,40.333333333333336,185,129,187,303,10,135,270,287,46,218,139,88,4,130,11,66,93,138,42,9,42,1026,85.5,-0.726878612716763,-0.4176300578034682,0,0,0,0,152,0,152,1.7777777777777777,,0.0,,,,,,,,,,,,,,,,365
364,GAL000645,300200911_,"G128 Роз. с з/к с/ш 16А механизм ""ARTGALLERY"" мокко GAL0645 (10)",3,1698.01,,,,,,,,0,11,10,0,0,21,1.75,0,0,1,0,0,0,0,75,0,9,0,0,0,0,0,0,0,3,0,0,0,12,1.0,-0.96,-0.88,0,0,0,0,44,0,44,44.0,,0.0,,,,,,,,,,,,,,,,366
365,GAL000611,300200912_,"G129 Выкл. 1 кл 10А ""ARTGALLERY"" мокко GAL0611 (10)",2,1375.04,,,,,,,,24,38,15,58,25,160,13.333333333333334,13,16,37,11,0,9,0,90,-17,39,13,6,1,28,-10,5,29,20,11,0,11,136,11.333333333333334,-0.6868686868686869,-0.6464646464646464,0,0,0,0,34,0,34,3.0,,0.0,,,,,,,,,,,,,,,,367
366,GAL000613,300200913_,"G130 Выкл. 1 кл с инд 10А механизм ""ARTGALLERY"" мокко GAL0613 (10)",3,1817.03,,,,,,,,10,10,10,20,0,50,4.166666666666667,0,0,1,0,0,0,0,0,-10,0,0,0,0,0,-17,0,0,4,0,6,0,-17,-1.4166666666666667,0.0,0.0,0,0,0,0,99,0,99,-69.88235294117646,,0.0,,,,,,,,,,,,,,,,368
367,GAL000651,300200914_,"G131 Выкл. 2 кл 10А механизм ""ARTGALLERY"" мокко GAL0651 (10)",1,2166.88,,,,,,,,20,58,15,34,8,135,11.25,39,28,16,46,0,0,0,41,2,35,36,4,0,10,-4,15,12,27,4,0,4,145,12.083333333333334,-0.24390243902439024,0.7804878048780488,0,0,0,0,54,0,54,4.468965517241379,,0.0,,,,,,,,,,,,,,,,369
368,GAL000653,300200915_,"G132 Выкл. 2 кл с инд 10А механизм ""ARTGALLERY"" мокко GAL0653 (10)",3,2425.54,,,,,,,,10,11,10,20,0,51,4.25,0,0,0,0,0,0,0,0,-10,1,0,0,0,0,-18,0,0,0,0,0,0,-27,-2.25,0.0,0.0,0,0,0,0,108,0,108,-48.0,,0.0,,,,,,,,,,,,,,,,370
369,GAL000686,300200916_,"G133 Роз. комп. RJ45 6A механизм, ""ARTGALLERY"" мокко GAL0686 (5)",1,9227.22,,,,,,,,6,11,12,12,0,41,3.4166666666666665,6,0,1,6,0,3,0,30,-5,7,0,0,0,11,-3,17,8,6,0,0,0,41,3.4166666666666665,-0.8181818181818181,-0.9393939393939394,0,0,0,0,27,0,27,7.902439024390244,,0.0,,,,,,,,,,,,,,,,371
370,GAL000661,300200917_,"G134 Переключ. 1 кл механизм ""ARTGALLERY"" мокко GAL0661 (10)",3,2495.14,,,,,,,,10,14,10,10,2,46,3.8333333333333335,14,0,11,20,0,10,0,33,-10,10,10,4,0,5,-8,2,0,14,0,4,0,31,2.5833333333333335,-0.5813953488372092,-0.7674418604651163,0,0,0,0,47,0,47,18.193548387096772,,0.0,,,,,,,,,,,,,,,,372
371,GAL000671,300200918_,"G135 Перекрест. переключ. 1 кл ""ARTGALLERY"" мокко GAL0671 (5)",3,3102.74,,,,,,,,5,13,10,0,0,28,2.3333333333333335,3,0,0,0,0,0,2,6,-5,2,2,0,0,3,0,0,0,4,0,0,0,6,0.5,-0.5,-1.125,0,0,0,0,64,0,64,128.0,,0.0,,,,,,,,,,,,,,,,373
372,GAL000688,300200919_,"G136 Роз. 2-ная комп. RJ45+RJ45 6А механизм ""ARTGALLERY"" мокко GAL0688 (1)",2,18441.33,,,,,,,,3,0,0,0,0,3,0.25,5,0,0,0,0,1,0,0,-3,0,0,0,0,0,4,6,3,0,0,0,0,10,0.8333333333333334,-1.0,-4.0,0,0,0,0,4,0,4,4.8,,0.0,,,,,,,,,,,,,,,,374
373,GAL000691,300200920_,"G137 Роз. TV оконечная механизм ""ARTGALLERY"" мокко GAL0691 (5)",3,3127.11,,,,,,,,5,12,0,7,0,24,2,1,14,0,0,0,0,5,3,-5,3,1,1,0,0,-5,0,0,0,0,1,0,-4,-0.3333333333333333,-0.875,-1.125,0,0,0,0,49,0,49,-147.0,,0.0,,,,,,,,,,,,,,,,375
374,GAL000601,300200921_,"G138 Рамка 1-ная ""ARTGALLERY"" мокко GAL0601 (20)",1,456.55,,,,,,,,34,87,48,158,92,419,34.916666666666664,81,73,63,133,20,98,35,277,15,117,27,70,5,73,-28,28,29,91,10,14,10,461,38.416666666666664,-0.7195121951219512,-0.6121951219512195,0,0,0,0,97,0,97,2.524945770065076,,0.0,,,,,,,,,,,,,,,,376
375,GAL000602,300200922_,"G139 Рамка 2-ная ""ARTGALLERY"" мокко GAL0602 (10)",1,877.08,,,,,,,,30,42,27,71,14,184,15.333333333333334,74,4,53,126,10,5,1,73,-15,56,15,2,0,28,-10,23,22,71,16,3,16,227,18.916666666666668,0.139240506329114,-0.2911392405063291,0,0,0,0,52,0,52,2.748898678414097,,0.0,,,,,,,,,,,,,,,,377
376,GAL000603,300200923_,"G140 Рамка 3-ная ""ARTGALLERY"" мокко GAL0603 (5)",2,1340.01,,,,,,,,20,27,25,23,2,97,8.083333333333334,20,31,16,41,6,3,55,27,-18,30,4,20,10,2,0,2,0,12,0,4,0,66,5.5,-0.8117647058823529,-0.8117647058823529,0,0,0,0,36,0,36,6.545454545454546,,0.0,,,,,,,,,,,,,,,,378
377,GAL000604,300200924_,"G141 Рамка 4-ная ""ARTGALLERY"" мокко GAL0604 (5)",3,1584.31,,,,,,,,10,12,14,10,3,49,4.083333333333333,3,4,5,2,3,2,0,22,0,9,0,1,0,10,-2,0,2,9,2,0,2,33,2.75,-0.5416666666666667,-0.625,0,0,0,0,26,0,26,9.454545454545455,,0.0,,,,,,,,,,,,,,,,379
378,GAL000605,300200925_,"G142 Рамка 5-ная ""ARTGALLERY"" мокко GAL0605 (5)",3,1899.87,,,,,,,,10,13,11,10,1,45,3.75,0,0,0,0,0,1,0,0,-10,1,0,0,0,6,-8,0,0,0,0,0,0,-11,-0.9166666666666666,-1.0,-10.0,0,0,0,0,79,0,79,-86.18181818181819,,0.0,,,,,,,,,,,,,,,,380
379,GAL000665,300200926_,"G143 Переключ. 2 кл механизм ""ARTGALLERY"" мокко GAL0665 (10)",2,3511.7,,,,,,,,10,13,0,10,1,34,2.8333333333333335,31,3,11,36,0,15,5,11,-10,16,0,0,0,0,-9,0,12,26,2,0,2,39,3.25,-0.09677419354838712,-0.8064516129032258,0,0,0,0,8,0,8,2.4615384615384617,,0.0,,,,,,,,,,,,,,,,381
380,GAL000615,300200927_,"G144 Выкл. 1 кл кнопочный 10А механизм ""ARTGALLERY"" мокко GAL0615 (5)",3,2080.0,,,,,,,,6,0,1,10,0,17,1.4166666666666667,0,0,0,0,0,0,0,0,-5,12,0,0,0,20,-8,0,0,0,0,0,0,19,1.5833333333333333,0.0,0.0,0,0,0,0,18,0,18,11.368421052631579,,0.0,,,,,,,,,,,,,,,,382
381,GAL000699,300200928_,"G145 Вывод кабеля механизм ""ARTGALLERY"" мокко GAL0699 (5)",3,1443.84,,,,,,,,0,0,0,3,0,3,0.25,10,0,2,2,0,0,0,0,0,1,0,0,0,0,-4,0,1,0,0,2,0,0,0.0,0.0,0.0,0,0,0,0,28,0,28,0.0,,0.0,,,,,,,,,,,,,,,,383
382,GAL000689,300200929_,"G146 Роз. 2-ная TV комп. RJ45 5Е ""ARTGALLERY"" мокко GAL0689 (5)",3,4755.5,,,,,,,,6,2,0,10,0,18,1.5,1,0,0,0,0,1,0,0,-5,0,0,0,0,0,-9,0,0,0,0,0,0,-14,-1.1666666666666667,-1.0,-6.0,0,0,0,0,43,0,43,-36.857142857142854,,0.0,,,,,,,,,,,,,,,,384
383,GAL000629,300200930_,"G147 Роз. USB A+C 45Вт высокоскор.заряд., механизм ""ARTGALLERY"" мокко GAL0629 (1)",3,23458.28,,,,,,,,0,9,0,0,0,9,0.75,0,2,0,0,0,0,0,0,0,0,1,0,0,0,0,0,0,7,0,0,0,8,0.6666666666666666,0.0,0.0,0,0,0,0,17,0,17,25.5,,0.0,,,,,,,,,,,,,,,,385
384,GAL000623,300200931_,"G148 Диммер поворотно-нажимной механизм 400Вт ""ARTGALLERY"" мокко GAL0623 (1)",3,19267.14,,,,,,,,3,0,0,0,0,3,0.25,0,0,0,0,0,0,0,0,0,0,0,0,0,0,0,0,0,0,0,6,0,6,0.5,0.0,0.0,0,0,0,0,5,0,5,10.0,,0.0,,,,,,,,,,,,,,,,386
385,GAL000646,300200932_,"G149 Роз. с з/к с/ш с крышкой 16А механизм IP20 ""ARTGALLERY"" мокко GAL0646 (10)",3,2584.69,,,,,,,,10,11,10,0,0,31,2.5833333333333335,15,0,5,47,0,3,0,0,-10,2,0,0,0,2,-5,0,0,0,0,0,0,-11,-0.9166666666666666,-1.0,-3.6666666666666665,0,0,0,0,72,0,72,-78.54545454545455,,0.0,,,,,,,,,,,,,,,,387
386,GAL000943,300200887_,"G104 Роз. с з/к 16А механизм ""ARTGALLERY"" сталь GAL0943 (5)",1,2781.81,,,,,,,,4,88,35,62,27,216,18,35,19,10,3,0,105,2,122,0,69,84,33,77,39,34,0,64,50,68,1,28,547,45.583333333333336,-0.48034934497816595,-0.3318777292576419,0,0,0,0,163,5,158,3.46617915904936,,0.0,,,,,,,,,,,,,,,,388
387,GAL000911,300200888_,"G105 Выкл. 1 кл 10А ""ARTGALLERY"" сталь GAL0911 (5)",1,2664.69,,,,,,,,0,0,16,23,7,46,3.8333333333333335,10,24,1,0,0,10,0,1,0,12,20,4,7,9,28,2,10,10,4,0,4,110,9.166666666666666,0.2727272727272727,1.9090909090909092,0,0,0,0,37,1,36,3.9272727272727277,,0.0,,,,,,,,,,,,,,,,389
388,GAL000913,300200889_,"G106 Выкл. 1 кл с инд механизм ""ARTGALLERY"" сталь GAL0913 (5)",3,3700.5,,,,,,,,0,5,1,0,0,6,0.5,0,0,0,0,0,0,0,0,0,0,0,1,0,0,0,0,0,0,0,0,0,1,0.08333333333333333,0.0,0.0,0,0,0,0,40,0,40,480.0,,0.0,,,,,,,,,,,,,,,,390
389,GAL000951,300200890_,"G107 Выкл. 2 кл 10А механизм ""ARTGALLERY"" сталь GAL0951 (5)",1,3922.34,,,,,,,,0,24,20,24,7,75,6.25,2,4,0,0,1,6,0,0,0,10,10,6,9,8,11,0,8,4,2,0,2,70,5.833333333333333,0.0,2.3333333333333335,0,0,0,0,23,1,22,3.771428571428572,,0.0,,,,,,,,,,,,,,,,391
390,GAL000953,300200891_,"G108 Выкл. 2 кл с инд механизм ""ARTGALLERY"" сталь GAL0953 (5)",3,4971.76,,,,,,,,0,1,0,0,0,1,0.08333333333333333,0,0,0,0,0,0,0,0,0,0,0,0,0,0,0,0,0,0,0,0,0,0,0.0,0.0,0.0,0,0,0,0,36,0,36,0.0,,0.0,,,,,,,,,,,,,,,,392
391,GAL000986,300200892_,"G109 Роз. комп. RJ45 6A механизм ""ARTGALLERY"" сталь GAL0986 (5)",2,7565.03,,,,,,,,0,10,10,8,0,28,2.3333333333333335,3,0,0,0,0,8,0,7,0,4,2,1,4,2,2,0,0,2,0,0,0,17,1.4166666666666667,-0.8666666666666667,-0.6,0,0,0,0,21,0,21,14.823529411764705,,0.0,,,,,,,,,,,,,,,,393
392,GAL000961,300200893_,"G110 Переключ. 1 кл механизм ""ARTGALLERY"" сталь GAL0961 (5)",2,4313.13,,,,,,,,0,10,14,4,4,32,2.6666666666666665,4,0,0,0,0,3,0,2,0,2,4,0,8,0,0,2,4,0,0,1,0,21,1.75,-0.8,0.19999999999999996,0,0,0,0,24,0,24,13.714285714285714,,0.0,,,,,,,,,,,,,,,,394
393,GAL000971,300200894_,"G111 Перекрест. переключ. 1 кл ""ARTGALLERY"" сталь GAL0971 (5)",3,5479.54,,,,,,,,0,0,0,1,0,1,0.08333333333333333,5,0,0,0,0,2,0,0,0,0,2,3,0,0,0,0,0,0,0,0,0,5,0.4166666666666667,-1.0,0.0,0,0,0,0,13,0,13,31.2,,0.0,,,,,,,,,,,,,,,,395
394,GAL000988,300200895_,"G112 Роз. 2-ная комп. RJ45+RJ45 6А механизм ""ARTGALLERY"" сталь GAL0988 (1)",3,13648.71,,,,,,,,0,0,12,0,3,15,1.25,0,0,0,0,0,0,0,0,0,0,0,0,6,0,0,0,0,0,0,0,0,6,0.5,0.0,0.0,0,0,0,0,13,0,13,26.0,,0.0,,,,,,,,,,,,,,,,396
395,GAL000945,300200896_,"G113 Роз. с з/к с/ш 16А механизм ""ARTGALLERY"" сталь GAL0945 (5)",3,2986.19,,,,,,,,0,10,12,57,0,79,6.583333333333333,0,21,0,0,0,0,0,0,0,0,0,0,7,0,0,0,0,0,0,0,0,7,0.5833333333333334,0.0,0.0,0,0,0,0,28,0,28,48.0,,0.0,,,,,,,,,,,,,,,,397
396,GAL000991,300200897_,"G114 Роз. TV оконечная механизм ""ARTGALLERY"" сталь GAL0991 (5)",3,2908.02,,,,,,,,0,11,0,3,0,14,1.1666666666666667,0,0,0,0,0,0,0,0,0,0,1,0,0,0,0,0,0,0,0,0,0,1,0.08333333333333333,0.0,0.0,0,0,0,0,62,0,62,744.0,,0.0,,,,,,,,,,,,,,,,398
397,GAL000901,300200898_,"G115 Рамка 1-ная ""ARTGALLERY"" сталь GAL0901 (10)",1,907.17,,,,,,,,4,48,15,44,18,129,10.75,25,28,-15,6,1,11,1,19,7,23,15,36,59,26,70,2,23,16,29,1,11,318,26.5,0.4838709677419355,0.4516129032258065,0,0,0,0,91,3,88,3.3207547169811322,,0.0,,,,,,,,,,,,,,,,399
398,GAL000902,300200899_,"G116 Рамка 2-ная ""ARTGALLERY"" сталь GAL0902 (5)",1,1823.8,,,,,,,,0,29,12,28,7,76,6.333333333333333,10,11,-1,24,0,25,0,45,5,23,12,24,25,8,19,0,20,11,22,1,14,184,15.333333333333334,-0.5142857142857142,-0.4285714285714286,0,0,0,0,49,2,47,3.0652173913043477,,0.0,,,,,,,,,,,,,,,,400
399,GAL000903,300200900_,"G117 Рамка 3-ная ""ARTGALLERY"" сталь GAL0903 (5)",2,2105.97,,,,,,,,0,13,15,12,2,42,3.5,6,13,-1,3,0,5,0,0,0,8,7,6,6,4,4,0,3,4,2,0,0,44,3.6666666666666665,0.19999999999999996,2.0,0,0,0,0,30,0,30,8.181818181818182,,0.0,,,,,,,,,,,,,,,,401
400,GAL000904,300200901_,"G118 Рамка 4-ная ""ARTGALLERY"" сталь GAL0904 (5)",3,2873.17,,,,,,,,0,11,11,5,5,32,2.6666666666666665,1,0,0,1,0,12,0,5,0,1,2,2,1,0,2,0,3,0,0,0,0,11,0.9166666666666666,-1.0,-0.8235294117647058,0,0,0,0,27,0,27,29.454545454545457,,0.0,,,,,,,,,,,,,,,,402
401,GAL000905,300200902_,"G119 Рамка 5-ная ""ARTGALLERY"" сталь GAL0905 (5)",3,3658.4,,,,,,,,0,11,10,0,0,21,1.75,3,1,-1,0,0,0,0,0,0,0,1,0,2,0,0,0,0,0,0,0,0,3,0.25,0.0,0.0,0,0,0,0,61,0,61,244.0,,0.0,,,,,,,,,,,,,,,,403
402,GAL000965,300200903_,"G120 Переключ. 2 кл механизм ""ARTGALLERY"" сталь GAL0965 (5)",2,5563.44,,,,,,,,0,10,10,2,8,30,2.5,6,0,0,0,0,8,1,0,0,0,2,2,0,0,2,0,0,0,0,0,0,6,0.5,-1.0,-0.7777777777777778,0,0,0,0,43,0,43,86.0,,0.0,,,,,,,,,,,,,,,,404
403,GAL000915,300200904_,"G121 Выкл. 1 кл кнопочный 10А механизм ""ARTGALLERY"" сталь GAL0915 (5)",3,3809.5,,,,,,,,0,0,0,0,0,0,0,0,0,0,0,0,0,0,0,0,0,0,3,0,0,0,0,0,0,0,1,0,4,0.3333333333333333,0.0,0.0,0,0,0,0,45,0,45,135.0,,0.0,,,,,,,,,,,,,,,,405
404,GAL000999,300200905_,"G122 Вывод кабеля механизм ""ARTGALLERY"" сталь    GAL0999 (5)",3,2751.19,,,,,,,,0,0,0,0,2,2,0.16666666666666666,0,0,0,0,0,8,0,0,0,0,2,0,0,0,2,0,0,0,0,0,0,4,0.3333333333333333,-1.0,-0.75,0,0,0,0,35,0,35,105.0,,0.0,,,,,,,,,,,,,,,,406
405,GAL000989,300200906_,"G123 Роз. 2-ная TV комп. RJ45 5Е ""ARTGALLERY"" сталь GAL0989 (5)",3,4773.58,,,,,,,,0,0,0,0,0,0,0,0,1,0,0,0,0,0,0,0,0,0,0,0,0,0,0,0,0,0,0,0,0,0.0,0.0,0.0,0,0,0,0,47,0,47,0.0,,0.0,,,,,,,,,,,,,,,,407
406,GAL000929,300200907_,"G124 Роз. USB A+C 45Вт высокоскор.заряд., механизм ""ARTGALLERY"" сталь GAL0929 (1)",3,23266.58,,,,,,,,0,1,2,2,2,7,0.5833333333333334,0,0,0,0,0,0,0,0,0,0,0,0,0,0,0,0,0,0,0,0,0,0,0.0,0.0,0.0,0,0,0,0,12,0,12,0.0,,0.0,,,,,,,,,,,,,,,,408
407,GAL000923,300200908_,"G125 Диммер поворотно-нажимной механизм 400Вт ""ARTGALLERY"" сталь GAL0923 (1)",2,25655.88,,,,,,,,0,0,0,0,0,0,0,0,0,0,0,0,0,0,0,0,0,0,0,0,0,8,0,0,0,0,0,0,8,0.6666666666666666,0.0,0.0,0,0,0,0,3,0,3,4.5,,0.0,,,,,,,,,,,,,,,,409
408,GAL000946,300200909_,"G126 Роз. с з/к с/ш с крышкой 16А механизм IP20 ""ARTGALLERY"" сталь GAL0946 (5)",3,4735.7,,,,,,,,0,10,10,3,2,25,2.0833333333333335,0,0,0,0,0,2,0,1,0,0,4,0,0,0,4,0,0,0,0,0,0,8,0.6666666666666666,-1.0,0.33333333333333326,0,0,0,0,43,0,43,64.5,,0.0,,,,,,,,,,,,,,,,410
409,GAL000543,300200810_,"G027 Роз. с з/к 16A ""ARTGALLERY"" шампань GAL0543 (10)",1,1422.09,,,,,,,,44,478,224,361,385,1492,124.33333333333333,149,506,380,380,268,120,91,213,56,186,184,172,159,126,27,32,179,30,252,241,252,1896,158.0,0.23349056603773577,0.004716981132075526,0,0,0,0,420,3,417,2.6392405063291138,,0.0,,,,,,,,,,,,,,,,411
410,GAL000545,300200811_,"G028 Роз. с з/к с/ш механизм ""ARTGALLERY"" шампань GAL0545 (10)",3,1484.44,,,,,,,,0,61,14,0,33,108,9,0,0,2,13,28,0,28,-25,1,0,2,6,0,0,0,0,45,1,0,0,0,55,4.583333333333333,-0.6666666666666667,0.0,0,0,0,0,18,0,18,3.9272727272727277,,0.0,,,,,,,,,,,,,,,,412
411,GAL000511,300200812_,"G029 Выкл. 1 кл 10А ""ARTGALLERY"" шампань GAL0511 (10)",1,1304.41,,,,,,,,14,135,67,98,89,403,33.583333333333336,40,78,104,99,73,37,-9,9,14,48,35,78,45,45,11,5,40,7,42,59,42,471,39.25,1.9189189189189189,1.6216216216216215,0,0,0,0,101,0,101,2.573248407643312,,0.0,,,,,,,,,,,,,,,,413
412,GAL000513,300200813_,"G030 Выкл. 1 кл с инд 10А механизм ""ARTGALLERY"" шампань GAL0513 (10)",3,1838.03,,,,,,,,0,22,40,29,10,101,8.416666666666666,0,2,0,0,0,0,-6,-14,0,0,0,0,0,0,-10,0,0,0,0,12,0,2,0.16666666666666666,-1.6,-1.0,0,0,0,0,158,0,158,948.0,,0.0,,,,,,,,,,,,,,,,414
413,GAL000551,300200814_,"G031 Выкл. 2 кл 10А механизм ""ARTGALLERY"" шампань GAL0551 (10)",1,2330.96,,,,,,,,10,89,32,77,37,245,20.416666666666668,11,89,56,72,37,112,32,33,7,20,28,60,27,31,7,11,26,6,30,35,29,317,26.416666666666668,-0.5988700564971752,-0.6892655367231638,0,0,0,0,61,0,61,2.309148264984227,,0.0,,,,,,,,,,,,,,,,415
414,GAL000553,300200815_,"G032 Выкл. 2 кл с инд 10А механизм ""ARTGALLERY"" шампань GAL0553 (10)",3,2587.12,,,,,,,,0,21,20,18,0,59,4.916666666666667,0,2,0,0,0,5,-9,-1,0,5,0,0,0,0,-9,0,0,0,0,0,0,-4,-0.3333333333333333,-1.0,-2.0,0,0,0,0,102,0,102,-306.0,,0.0,,,,,,,,,,,,,,,,416
415,GAL000586,300200816_,"G033 Роз. комп. RJ45, 6A механизм ""ARTGALLERY"" шампань GAL0586 (5)",2,7451.03,,,,,,,,5,44,0,24,22,95,7.916666666666667,5,19,-3,16,1,2,0,-2,2,4,5,10,2,3,-3,1,9,1,6,5,6,51,4.25,0.0,0.0,0,0,0,0,61,0,61,14.352941176470589,,0.0,,,,,,,,,,,,,,,,417
416,GAL000561,300200817_,"G034 Переключ. 1 кл механизм ""ARTGALLERY"" шампань GAL0561 (10)",2,2816.3,,,,,,,,10,39,27,14,12,102,8.5,0,28,40,54,2,34,2,3,0,13,7,20,25,12,0,0,6,0,10,11,10,114,9.5,-0.46153846153846156,-0.4871794871794872,0,0,0,0,67,0,67,7.052631578947368,,0.0,,,,,,,,,,,,,,,,418
417,GAL000571,300200818_,"G035 Перекрест. переключ. 1 кл ""ARTGALLERY"" шампань GAL0571 (5)",3,2791.8,,,,,,,,10,20,0,12,1,43,3.5833333333333335,0,8,0,5,20,0,-4,2,0,3,0,6,0,0,-8,0,3,2,2,3,2,13,1.0833333333333333,-4.5,-2.5,0,0,0,0,78,1,77,71.07692307692308,,0.0,,,,,,,,,,,,,,,,419
418,GAL000588,300200819_,"G036 Роз. 2-ная комп. RJ45+RJ45 6A механизм ""ARTGALLERY"" шампань GAL0588 (1)",2,19034.94,,,,,,,,0,5,1,0,0,6,0.5,0,0,7,14,0,0,0,-1,0,3,0,0,0,11,0,1,0,0,0,0,0,15,1.25,-1.0,-4.0,0,0,0,0,10,0,10,8.0,,0.0,,,,,,,,,,,,,,,,420
419,GAL000591,300200820_,"G037 Роз. TV оконечная 1DB механизм ""ARTGALLERY"" шампань GAL0591 (5)",3,2832.01,,,,,,,,5,15,0,10,3,33,2.75,0,9,4,3,0,2,-12,0,0,4,6,8,0,0,-7,0,3,1,0,1,0,16,1.3333333333333333,-1.2,-2.0,0,0,0,0,43,0,43,32.25,,0.0,,,,,,,,,,,,,,,,421
420,GAL000501,300200821_,"G038 Рамка 1-ная ""ARTGALLERY"" шампань GAL0501 (20)",1,453.95,,,,,,,,44,236,114,191,159,744,62,95,361,238,164,136,86,41,48,75,50,73,251,73,64,18,18,103,23,86,84,86,1004,83.66666666666667,0.10285714285714276,0.13142857142857145,0,0,0,0,158,0,158,1.888446215139442,,0.0,,,,,,,,,,,,,,,,422
421,GAL000502,300200822_,"G039 Рамка 2-ная ""ARTGALLERY"" шампань GAL0502 (10)",1,946.89,,,,,,,,10,167,37,115,85,414,34.5,26,126,90,189,46,19,9,71,28,57,48,52,43,37,13,18,74,8,87,75,87,627,52.25,0.7171717171717171,0.3434343434343434,0,0,0,0,83,0,83,2.736842105263158,,60.0,,,,,,,,,,,,,,,,423
422,GAL000503,300200823_,"G040 Рамка 3-ная ""ARTGALLERY"" шампань GAL0503 (5)",2,1230.0,,,,,,,,10,89,12,49,44,204,17,9,77,20,54,27,15,-3,24,15,12,15,30,29,18,2,1,32,4,15,26,15,214,17.833333333333332,0.25,0.16666666666666674,0,0,0,0,44,0,44,2.4672897196261685,,0.0,,,,,,,,,,,,,,,,424
423,GAL000504,300200824_,"G041 Рамка 4-ная ""ARTGALLERY"" шампань GAL0504 (5)",3,1589.3,,,,,,,,5,45,5,17,19,91,7.583333333333333,4,27,14,23,4,6,-33,9,2,14,7,20,6,11,7,1,13,0,12,14,12,119,9.916666666666666,-2.4444444444444446,-2.2777777777777777,0,0,0,0,22,1,21,2.1176470588235294,,0.0,,,,,,,,,,,,,,,,425
424,GAL000505,300200825_,"G042 Рамка 5-ная ""ARTGALLERY"" шампань GAL0505 (5)",3,1898.54,,,,,,,,2,27,0,10,7,46,3.8333333333333335,6,4,-7,7,0,0,-3,-8,2,0,2,2,1,1,-9,0,2,0,1,2,1,5,0.4166666666666667,-1.2727272727272727,-1.3636363636363638,0,0,0,0,69,0,69,165.6,,0.0,,,,,,,,,,,,,,,,426
425,GAL000565,300200826_,"G043 Переключ. 2 кл механизм ""ARTGALLERY"" шампань GAL0565 (10)",1,3494.67,,,,,,,,10,39,10,10,37,106,8.833333333333334,0,34,8,53,6,50,10,5,-3,7,5,14,6,4,-6,11,27,0,14,11,14,104,8.666666666666666,-0.6153846153846154,-0.8615384615384616,0,0,0,0,36,1,35,4.038461538461538,,0.0,,,,,,,,,,,,,,,,427
426,GAL000515,300200827_,"G044 Выкл. 1 кл кнопочный 10А механизм ""ARTGALLERY"" шампань GAL0515 (5)",3,1873.29,,,,,,,,0,10,0,0,0,10,0.8333333333333334,5,0,5,0,5,1,0,-9,0,0,0,0,0,0,-6,0,0,0,0,0,0,-6,-0.5,-1.0,-1.0,0,0,0,0,48,0,48,-96.0,,0.0,,,,,,,,,,,,,,,,428
427,GAL000599,300200828_,"G045 Вывод кабеля механизм ""ARTGALLERY"" шампань GAL0599 (5)",3,1751.11,,,,,,,,0,12,1,10,4,27,2.25,0,7,5,31,3,0,0,-4,-3,0,8,0,0,0,-5,0,2,1,0,2,0,5,0.4166666666666667,-1.75,-2.25,0,0,0,0,28,0,28,67.2,,0.0,,,,,,,,,,,,,,,,429
428,GAL000589,300200829_,"G046 Роз. 2-ная TV комп. RJ45 5Е ""ARTGALLERY"" шампань GAL0589 (5)",3,4598.89,,,,,,,,0,30,0,10,0,40,3.3333333333333335,0,0,-10,0,0,0,-10,-10,0,0,0,0,0,0,-9,0,0,0,0,0,0,-9,-0.75,-1.0,-1.0,0,0,0,0,178,0,178,-237.33333333333334,,0.0,,,,,,,,,,,,,,,,430
429,GAL000529,300200830_,"G047 Роз. USB A+C 45Вт высокоскор.заряд., механизм ""ARTGALLERY"" шампань GAL0529 (1)",3,23633.12,,,,,,,,0,2,2,0,2,6,0.5,0,0,3,0,0,0,0,2,0,0,0,2,0,0,0,0,0,0,0,1,0,3,0.25,-0.5,-1.0,0,0,0,0,2,0,2,8.0,,0.0,,,,,,,,,,,,,,,,431
430,GAL000523,300200831_,"G048 Диммер поворотно-нажимной механизм 400Вт ""ARTGALLERY"" шампань GAL0523 (1)",2,24752.24,,,,,,,,0,0,0,0,0,0,0,0,0,0,0,0,0,0,0,0,0,1,0,0,0,0,0,11,0,0,0,0,12,1.0,0.0,0.0,0,0,0,0,4,0,4,4.0,,0.0,,,,,,,,,,,,,,,,432
431,GAL000546,300200832_,"G049 Роз. с з/к с/ш с крышкой 16А механизм IP20 ""ARTGALLERY"" шампань GAL0546 (10)",3,2349.74,,,,,,,,5,23,20,29,11,88,7.333333333333333,6,20,7,4,6,2,-11,-3,0,0,0,14,0,7,4,0,8,1,0,22,0,56,4.666666666666667,-2.916666666666667,-1.0,0,0,0,0,79,0,79,16.928571428571427,,0.0,,,,,,,,,,,,,,,,433
432,BLNVA101006,300201148_,"B001 Выкл 1кл о/у  10А 250B""BLANCA"" антрацит BLNVA101006 (15)",5,759.89,,,,,,,,,,,,,0,0,,,,0,24,83,38,22,52,101,84,67,38,34,43,60,40,40,38,72,43,712,59.333333333333336,0.04895104895104896,0.6573426573426573,0,0,0,19,317,2,315,5.629213483146067,,0.0,,,,,,,,,,,,,,,,434
433,BLNVA105016,300201149_,"B002 Выкл 2 кл о/у 10А 250B ""BLANCA"" антрацит BLNVA105016 (15)",5,1278.42,,,,,,,,,,,,,0,0,,,,0,9,79,28,16,37,47,23,30,8,9,12,17,7,48,9,28,8,283,23.583333333333332,-0.3089430894308943,-0.13008130081300817,0,0,0,20,54,15,39,2.501766784452297,,0.0,,,,,,,,,,,,,,,,435
434,BLNRA000116,300201150_,"B003 Роз. о/у без з/к без ш/т 16А 250В ""BLANCA"" антрацит BLNRA000116 (18)",5,1005.29,,,,,,,,,,,,,0,0,,,,0,2,59,2,4,9,19,16,3,5,2,1,6,13,4,1,19,1,99,8.25,-0.6307692307692307,-0.32307692307692304,0,0,0,0,18,0,18,2.1818181818181817,,0.0,,,,,,,,,,,,,,,,436
435,BLNRA000216,300201151_,"B004 Роз. 2-ная о/у без з/к без ш/т 16А 250В ""BLANCA"" антрацит BLNRA000216 (10)",5,1291.19,,,,,,,,,,,,,0,0,,,,2,17,66,12,15,222,43,27,58,10,14,13,23,23,8,17,23,13,494,41.166666666666664,-0.4838709677419355,2.139784946236559,0,0,0,28,72,0,72,2.4291497975708505,,0.0,,,,,,,,,,,,,,,,437
436,BLNRA000316,300201152_,"B005 Роз. 3-ная о/у без з/к без ш/т16А 250В ""BLANCA"" антрацит BLNRA000316 (6)",5,1904.85,,,,,,,,,,,,,0,0,,,,0,2,33,67,9,0,24,7,40,11,7,1,1,0,24,16,1,5,137,11.416666666666666,-0.6238532110091743,-0.7155963302752293,0,0,0,12,29,0,29,3.591240875912409,,0.0,,,,,,,,,,,,,,,,438
437,BLNRA010316,300201153_,"B006 Роз. 3-ная о/у с  з/к без ш/т 16А 250В ""BLANCA"" антрацит BLNRA010316 (5)",5,1990.8,,,,,,,,,,,,,0,0,,,,24,17,54,38,31,121,47,51,130,29,103,32,50,29,33,39,58,39,761,63.416666666666664,0.05691056910569103,0.7804878048780488,0,0,0,26,248,30,218,3.8475689881734563,,0.0,,,,,,,,,,,,,,,,439
438,BLNRA000416,300201154_,"B007 Роз. 4-ная о/у без  з/к без ш/т 16А 250В ""BLANCA"" антрацит BLNRA000416 (5)",5,2063.76,,,,,,,,,,,,,0,0,,,,0,6,18,6,9,1,23,35,8,2,5,1,2,1,10,6,14,5,113,9.416666666666666,-0.09090909090909094,0.7878787878787878,0,0,0,21,69,0,69,9.557522123893806,,0.0,,,,,,,,,,,,,,,,440
439,BLNRA011416,300201155_,"B008 Роз. 4-ная о/у с  з/к со ш/т 16А 250В ""BLANCA"" антрацит BLNRA000416 (4)",5,2893.44,,,,,,,,,,,,,0,0,,,,0,3,31,31,22,22,15,23,86,45,21,158,42,15,22,17,43,17,526,43.833333333333336,-0.023809523809523836,-0.2857142857142857,0,0,0,31,469,0,469,11.406844106463877,,0.0,,,,,,,,,,,,,,,,441
440,BLNRA010116,300200968_,"B009 Роз. о/у с з/к без ш/т 16А 250В ""BLANCA"" антрацит BLNRA010116 (12)",5,1094.31,,,,,,,,,,,,,0,0,,,,4,78,62,100,34,85,138,46,69,45,34,36,123,24,60,36,78,26,800,66.66666666666667,-0.11224489795918369,0.37244897959183665,0,0,0,55,282,96,186,3.6149999999999998,,0.0,,,,,,,,,,,,,,,,442
441,BLNRA010216,300200967_,"B010 Роз. 2-ная о/у с з/к без ш/т 16А 250В ""BLANCA"" антрацит BLNRA010216 (8)",5,1285.84,,,,,,,,,,,,,0,0,,,,0,59,75,71,112,66,301,112,178,106,249,239,212,65,153,122,251,122,2176,181.33333333333334,1.0387596899224807,0.8565891472868217,0,0,0,24,657,266,391,2.2886029411764706,,0.0,,,,,,,,,,,,,,,,443
442,BLNSK003231,300200413_,"Blanca Силовой Комплект О/У 2К+3 32А, 250В розетка, вилка, подъем.коробка",3,2928.12,1,0,2,12,16,10,12,28,46,7,5,33,172,14.333333333333334,10,7,12,31,11,12,1,17,6,20,10,15,9,13,15,11,13,9,8,29,6,164,13.666666666666666,0.5333333333333334,0.19999999999999996,0,0,0,2,45,13,32,2.4878048780487805,,0.0,,,,,,,,,,,,,,,,444
443,BLNVS006101,300200313_,"S414 Выкл 1 кл  с/у 6А 250B ""BLANCA"" белый BLNVS006101 (60)",3,686.33,12,56,15,151,94,81,21,99,97,121,65,236,1048,87.33333333333333,58,63,20,374,88,23,54,105,32,67,22,22,25,12,414,63,22,15,45,34,45,818,68.16666666666667,-0.48351648351648346,-0.3351648351648352,0,0,0,45,204,72,132,2.5965770171149143,,0.0,,,,,,,,,,,,,,,,445
444,BLNVS006501,300200314_,"S415 Выкл 2 кл  с/у 6А 250B ""BLANCA"" белый BLNVS006501 (60)",3,939.59,2,0,20,65,49,33,13,54,45,49,17,135,482,40.166666666666664,33,39,4,285,6,4,47,15,3,3,4,2,21,9,360,7,3,12,25,9,25,483,40.25,-0.303030303030303,-0.8484848484848485,0,0,0,17,125,0,125,3.527950310559006,,0.0,,,,,,,,,,,,,,,,446
445,BLNRS000011,300200315_,"S416 Роз  с/у без з/к 16А 250В ""BLANCA""  белый BLNRS000011 (60)",3,496.1,4,2,5,23,64,31,35,20,0,30,5,0,219,18.25,0,0,14,5,0,5,20,0,0,0,0,0,0,0,0,0,0,6,0,0,0,6,0.5,-0.76,-1.0,0,0,0,130,110,0,110,480.0,,0.0,,,,,,,,,,,,,,,,447
446,BLNRS000021,300200316_,"S417 Роз  2-ная  с/у без з/к 16А 250В ""BLANCA""  белый BLNRS000021 (36)",3,846.44,26,5,68,104,117,165,25,52,20,75,22,6,685,57.083333333333336,21,11,19,2,0,2,8,0,10,3,0,3,8,1,5,2,2,1,6,0,1,42,3.5,-0.30000000000000004,0.30000000000000004,0,0,0,11,0,0,0,3.142857142857143,,0.0,,,,,,,,,,,,,,,,448
447,BLNRS001011,300200317_,"S418 Роз  с/у с з/к 16А 250В ""BLANCA""  белый BLNRS001011 (60)",2,603.86,60,3,76,107,529,43,3,685,53,290,89,612,2550,212.5,26,142,34,131,69,23,342,160,27,13,31,5,82,26,421,227,55,42,22,37,22,1010,84.16666666666667,-0.8076190476190477,-0.8647619047619047,0,0,0,23,336,48,288,3.695049504950495,,0.0,,,,,,,,,,,,,,,,449
448,BLNRS001111,300200346_,"S419 Роз  с/у с з/к с штор. 16А 250В ""BLANCA"" белый BLNRS001111 (60)",3,673.21,0,0,0,0,0,0,0,0,0,10,0,35,45,3.75,128,0,0,36,0,0,0,0,2,0,0,2,35,0,21,20,0,0,0,0,0,80,6.666666666666667,0.0,0.0,0,0,0,8,36,0,36,6.6,,0.0,,,,,,,,,,,,,,,,450
449,BLNRS001021,300200318_,"S420 Роз  2-ная  с/у с з/к 16А 250В ""BLANCA""  белый BLNRS001021 (36)",2,877.97,0,0,6,151,473,31,37,750,243,133,77,52,1953,162.75,78,66,49,586,42,69,82,94,71,68,34,7,68,71,541,166,65,75,6,50,6,1228,102.33333333333333,-0.4653061224489796,-0.29387755102040813,0,0,0,48,230,0,230,2.716612377850163,,0.0,,,,,,,,,,,,,,,,451
450,BLNRS001121,300200347_,"S421 Роз  2-ная  с/у с з/к с штор. 16А 250В ""BLANCA"" белый BLNRS001121 (36)",3,686.22,0,0,3,59,126,0,327,3,33,212,17,94,874,72.83333333333333,0,30,40,166,0,0,0,0,0,4,0,1,0,3,142,1,0,10,45,3,45,254,21.166666666666668,0.0,0.0,0,0,0,0,217,150,67,3.165354330708661,,0.0,,,,,,,,,,,,,,,,452
451,BLNVA061011,300200319_,"S422 Выкл 1 кл  о/у 6А 250B ИЗОЛ.ПЛ. ""BLANCA""  белый BLNVA061011 (90)",2,565.22,46,4,257,484,457,477,339,390,648,601,383,249,4335,361.25,552,393,295,395,435,327,608,668,328,461,602,507,268,199,239,401,276,311,611,299,611,5113,426.0833333333333,-0.2383031815346226,-0.13225202744853404,0,0,0,107,834,45,789,2.1028750244474868,,0.0,,,,,,,,,,,,,,,,453
452,BLNVA065011,300200320_,"S423 Выкл 2 кл  о/у 6А 250B ИЗОЛ.ПЛ. ""BLANCA""  белый BLNVA065011 (90)",2,759.99,7,15,24,165,105,73,168,109,210,253,121,129,1379,114.91666666666667,189,57,108,110,127,81,139,252,91,130,141,55,145,86,63,169,84,95,170,61,169,1459,121.58333333333333,-0.30932203389830504,-0.23305084745762716,0,0,0,88,197,0,197,2.3440712816997946,,0.0,,,,,,,,,,,,,,,,454
453,BLNRA000111,300200321_,"S424 Роз  о/у без з/к 16А 250В ИЗОЛ.ПЛ. ""BLANCA"" белый BLNRA000111 (108)",3,627.32,0,2,8,46,162,16,42,108,127,52,56,57,676,56.333333333333336,145,13,97,36,26,85,18,104,9,26,43,24,4,3,18,24,9,24,34,3,34,255,21.25,-0.7053140096618358,-0.6231884057971014,0,0,0,18,55,20,35,2.4941176470588236,,0.0,,,,,,,,,,,,,,,,455
454,BLNRA000211,300200322_,"S425 Роз  2-ная  о/у без з/к 16А 250В ИЗОЛ.ПЛ. ""BLANCA"" белый BLNRA000211 (60)",2,849.39,0,0,55,136,157,28,218,166,257,126,126,79,1348,112.33333333333333,180,63,97,143,73,190,39,155,87,151,172,41,45,93,76,73,58,103,114,84,53,1150,95.83333333333333,-0.21614583333333337,0.06770833333333326,0,0,0,35,282,1,281,3.2973913043478262,,0.0,,,,,,,,,,,,,,,,456
455,BLNRA010111,300200323_,"S426 Роз  о/у с з/к 16А 250В ИЗОЛ.ПЛ. ""BLANCA"" белый BLNRA010111 (72)",1,723.64,43,12,482,764,867,548,492,522,666,610,438,511,5955,496.25,362,287,232,593,633,483,418,636,264,438,481,835,357,257,288,378,398,379,716,492,713,5996,499.6666666666667,0.03253090435914108,-0.23031880286271955,0,0,0,84,955,115,840,1.8492328218812542,,0.0,,,,,,,,,,,,,,,,457
456,BLNRA010211,300200324_,"S427 Роз  2-ная  о/у с з/к 16А 250В ИЗОЛ.ПЛ. ""BLANCA"" белый BLNRA010211 (48)",1,1093.86,61,5,313,1195,1107,842,830,1102,1309,1196,1113,1104,10177,848.0833333333334,694,921,814,978,1089,759,967,1306,1043,1029,1368,955,996,648,680,1016,808,1213,799,886,798,12239,1019.9166666666666,-0.04419525065963059,0.1345646437994723,0,0,0,170,3171,56,3115,3.220851376746466,,0.0,,,,,,,,,,,,,,,,458
457,BLNRA000311,300200325_,"S428 Роз 3-ная  о/у без з/к 16А 250В ИЗОЛ.ПЛ. ""BLANCA"" белый BLNRA000311 (36)",3,1296.76,3,57,18,65,35,63,37,99,93,51,32,68,621,51.75,32,162,60,29,39,43,22,43,102,40,6,37,50,23,5,26,40,33,46,44,45,497,41.416666666666664,0.13888888888888884,0.37037037037037046,0,0,0,53,38,0,38,2.1971830985915495,,0.0,,,,,,,,,,,,,,,,459
458,BLNRA010311,300200326_,"S429 Роз 3-ная  о/у с з/к 16А 250В ИЗОЛ.ПЛ. ""BLANCA"" белый BLNRA010311 (30)",1,1584.73,102,1,119,259,566,368,369,377,525,285,320,384,3675,306.25,328,423,261,305,262,248,307,309,286,401,201,358,533,347,198,524,246,544,397,426,393,4854,404.5,0.5821759259259258,0.02777777777777768,0,0,0,55,1026,2,1024,2.6674907292954266,,0.0,,,,,,,,,,,,,,,,460
459,BLNRA000411,300200327_,"S430 Роз 4-ная  о/у без з/к 16А 250В ИЗОЛ.ПЛ. ""BLANCA"" белый BLNRA000411 (30)",2,1618.88,4,39,64,68,52,50,31,54,131,21,21,67,602,50.166666666666664,29,69,62,23,16,30,22,17,104,9,24,70,21,40,20,29,6,16,45,38,44,466,38.833333333333336,0.4347826086956521,0.9855072463768115,0,0,0,36,85,0,85,3.11587982832618,,0.0,,,,,,,,,,,,,,,,461
460,BLNRA011411,300200328_,"S431 Роз 4-ная  о/у с з/к со штор. 16А 250В ИЗОЛ.ПЛ. ""BLANCA"" белый BLNRA011411 (24)",1,2357.09,79,4,94,249,257,239,317,341,419,335,201,151,2686,223.83333333333334,252,259,223,287,142,319,209,242,151,170,201,335,303,167,149,282,220,398,242,255,242,3115,259.5833333333333,0.16233766233766245,-0.3220779220779221,0,0,0,32,582,74,508,2.0802568218298556,,0.0,,,,,,,,,,,,,,,,462
461,BLNZA000011,300200330_,"S432 Звонок проводной  о/у ""BLANCA"" белый BLNZA000011 (48)",3,2422.8,1,0,1,3,5,4,53,4,2,4,1,0,78,6.5,2,3,8,1,2,0,24,1,0,0,3,2,1,0,2,2,3,1,0,2,0,16,1.3333333333333333,-0.88,-0.88,0,0,0,3,9,0,9,9.0,,0.0,,,,,,,,,,,,,,,,463
462,BLNRS441121,300200348_,"S433 Роз  2-ная  с/у с з/к с крыш. IP44 16А 250B ""BLANCA"" белый BLNRS441121 (30)",3,1640.01,0,8,0,7,9,15,1,35,4,16,4,3,102,8.5,0,8,40,1,0,0,1,1,1,0,0,1,2,0,1,0,3,3,3,1,0,15,1.25,2.5,-0.5,0,0,0,2,47,0,47,39.2,,0.0,,,,,,,,,,,,,,,,464
463,BLNIS045001,300200350_,"S434 Роз с/у компьютерная RJ45 кат.5Е ""BLANCA"" белый BLNIS045001 (60)",3,1206.28,16,0,2,5,0,3,30,0,3,0,0,0,59,4.916666666666667,19,5,5,0,0,0,3,1,2,0,0,0,0,4,0,0,0,0,0,0,0,6,0.5,-1.0,-0.5,0,0,0,9,28,0,28,74.0,,0.0,,,,,,,,,,,,,,,,465
464,BLNTS000011,300200352_,"S435 Роз TV коннектор ""BLANCA"" белый BLNTS000011  (60)",3,526.43,0,0,0,0,1,0,0,0,0,0,0,0,1,0.08333333333333333,0,0,0,0,0,0,1,0,0,0,0,0,0,0,0,0,0,0,0,0,0,0,0.0,-1.0,-1.0,0,0,0,0,36,0,36,0.0,,0.0,,,,,,,,,,,,,,,,466
465,BLNVA105011,LNVA105011,Выкл 2 кл о/у 10А 250B белый BLANCA,3,840.09,0,0,0,0,10,3,0,56,0,26,1,0,96,8,0,20,0,15,0,10,1,2,10,10,0,20,2,1,0,1,2,20,0,2,0,68,5.666666666666667,0.6923076923076923,0.5384615384615385,1,0,0,0,15,0,15,2.8235294117647056,,0.0,,,,,,,,,,,,,,,,467
466,VS110-154-18,030200381_,"S176 1кл с/у 10А ""Wessen 59"" ВС 110-154-18 (10/60) !!!",7,0.0,0,0,0,0,0,0,0,0,0,0,0,0,0,0,0,0,0,0,0,0,0,0,0,0,0,0,0,0,0,0,0,0,0,0,0,0,0.0,0.0,0.0,0,0,0,0,0,0,0,0.0,,0.0,,,,,,,,,,,,,,,,468
467,A1-04-011-I,030200076_,"S263 кнопка звонка IP20 ""Wessen"" А10-4-011 !!!",7,0.0,0,0,0,0,0,0,0,0,0,0,0,0,0,0,0,0,0,0,0,0,0,0,0,0,0,0,0,0,0,0,0,0,0,0,0,0,0.0,0.0,0.0,0,0,0,0,0,0,0,0.0,,0.0,,,,,,,,,,,,,,,,469
468,RA16-411M-B,030200075_,"S247 4-я.о/у.з/к.з/ш 16А IP20 ""Прима"" РА 16-411М-б (22) !!!",7,4120.55,0,0,0,0,0,0,0,0,0,0,0,0,0,0,0,0,0,0,0,0,0,0,0,0,0,0,0,0,0,0,0,0,0,0,0,0,0.0,0.0,0.0,1,0,0,0,0,0,0,0.0,,0.0,,,,,,,,,,,,,,,,470
469,IMT35093,030200226_,Распределительная  коробка о/у  с сальниками  65х45 IP55 IMT35093 Systeme Electric (150),3,264.5,20,1,30,197,551,44,223,369,373,544,60,118,2530,210.83333333333334,1325,231,265,177,30,44,19,149,10,228,77,307,176,222,98,200,35,2,4,189,4,1552,129.33333333333334,-0.08018867924528306,0.48584905660377364,1,0,0,183,202,0,202,2.9845360824742264,,0.0,,,,,,,,,,,,,,,,471
470,IMT35090,030200223_,Распределительная  коробка о/у  с сальниками  70х70х40 IP55 IMT35090 Systeme Electric (96),1,341.21,0,53,362,1805,1513,857,1425,2503,2890,1100,1475,769,14752,1229.3333333333333,608,1248,1626,755,1276,659,1375,894,986,2235,1437,244,1163,1766,597,1092,339,510,641,969,584,12563,1046.9166666666667,-0.27595628415300544,0.590846994535519,1,0,0,62,3035,50,2985,2.9114065111836345,,0.0,,,,,,,,,,,,,,,,472
471,IMT35094,030200227_,Распределительная  коробка о/у  с сальниками  80х40 IP55 IMT35094 Systeme Electric (96),3,318.14,288,270,35,273,98,395,744,370,69,434,147,319,3442,286.8333333333333,32,115,157,41,281,155,366,331,82,246,248,573,358,142,159,172,163,131,712,330,712,4028,335.6666666666667,0.37676056338028174,-0.323943661971831,1,0,0,88,894,0,894,2.9285004965243293,,0.0,,,,,,,,,,,,,,,,473
472,IMT35092,030200225_,Распределительная  коробка о/у  с сальниками  85х85х40 IP55 IMT35092 Systeme Electric (72),1,414.83,275,120,393,1304,2845,1098,1332,1723,2447,1884,2808,1501,17730,1477.5,1536,1463,611,1011,968,1535,818,777,2648,1369,3541,715,1119,131,464,3164,1398,1940,1797,1778,1683,21747,1812.25,0.7619808306709266,1.4146964856230033,1,0,0,109,5290,72,5218,2.9399917229962753,,0.0,,,,,,,,,,,,,,,,474
473,IMT35091,030200224_,Распределительная  коробка о/у  с сальниками 100х100х50 IP55 IMT35091 Systeme Electric (45),1,662.66,1905,811,783,2655,2207,3014,3116,2156,4425,6432,3277,1683,32464,2705.3333333333335,3263,4090,2687,2457,3608,2529,3060,2794,2142,2209,1422,2041,2656,2117,1851,3325,1528,2836,3179,2076,3115,30497,2541.4166666666665,-0.03483239890254086,-0.3113443874507933,1,0,0,428,5313,150,5163,2.2003475751713286,,0.0,,,,,,,,,,,,,,,,475
474,IMT35120,280300174_,Распределительная коробка с/у для твердых стен  70х40 IP30 IMT35120 Systeme Electric (175),2,137.79,596,229,347,824,1433,1162,843,237,776,1211,1005,373,9036,753,579,383,944,614,480,764,581,621,959,164,265,227,878,1411,1586,106,310,227,1232,1701,1223,10289,857.4166666666666,0.6073245167853509,-0.29399796541200407,1,0,0,182,2577,0,2577,3.218971717368063,,0.0,,,,,,,,,,,,,,,,476
475,IMT35122,030200220_,Распределительная коробка с/у для твердых стен 100х100х50 IP30 IMT35122 Systeme Electric (72),1,290.23,814,52,359,1487,1257,1217,1978,2181,1444,1525,1505,872,14691,1224.25,747,1307,906,1229,1883,2328,1252,1464,973,1661,1287,892,860,736,1267,1202,2037,1841,1635,1662,1128,17181,1431.75,0.01863600317208558,-0.2226407613005551,1,0,0,121,3693,10,3683,2.6575868692159945,,0.0,,,,,,,,,,,,,,,,477
476,IMT35121,030200219_,Распределительная коробка с/у для твердых стен 100х50 IP30 IMT35121 Systeme Electric (84),1,190.5,991,8156,1109,2538,3320,1762,3399,2723,2476,2858,1388,1186,31906,2658.8333333333335,5141,3492,3656,3658,3963,5211,10609,7696,4320,2560,10940,2129,2278,13213,1574,3427,15087,4807,3680,3555,3180,70750,5895.833333333333,-0.4879231161762204,-0.24221806429664905,1,0,0,167,17906,840,17066,2.9230812720848056,,0.0,,,,,,,,,,,,,,,,478
477,U192,030300014_,Распределительная коробка с/у для твердых стен 102х36 карболит IP30 У-192 Systeme Electric (56),2,200.24,50,55,80,56,156,111,251,250,216,201,142,3,1571,130.91666666666666,0,34,1814,191,1395,0,601,361,241,912,324,61,301,506,260,392,1,295,9,5,8,3315,276.25,-0.6787941787941788,0.5353430353430353,1,1,0,21,994,0,994,3.6814479638009048,,0.0,,,,,,,,,,,,,,,,479
478,IMT35160,030200221_,Распределительная коробка с/у для полых стен г/к  80х45 IP20 IMT35160 Systeme Electric (120),1,219.47,35,2362,1072,535,2003,2526,1987,2365,1130,3116,658,1073,18862,1571.8333333333333,1929,2137,2141,1710,1909,2086,851,1713,1184,1886,1538,593,2144,2164,2358,3003,2330,1434,941,547,823,20945,1745.4166666666667,-0.3716129032258064,-0.00903225806451613,1,0,0,249,5386,140,5246,3.148818333731201,,0.0,,,,,,,,,,,,,,,,480
479,IMT35161,030200222_,Распределительная коробка с/у для полых стен г/к 100х100х50 IP20 IMT35161 Systeme Electric (72),1,319.24,3,519,580,643,719,1174,697,417,1056,1142,721,745,8416,701.3333333333334,1166,835,443,1150,341,868,711,1541,836,737,222,700,388,542,243,576,244,445,640,313,568,6454,537.8333333333334,-0.551923076923077,-0.4246794871794872,1,0,0,66,1485,150,1335,2.606755500464828,,0.0,,,,,,,,,,,,,,,,481
480,IMT35100,030200192_,Установочная коробка для твердых стен 65х45 IMT35100 Systeme Electric (200),1,67.71,30221,9565,25334,42968,32348,41026,40434,50017,65894,42351,40967,36204,457329,38110.75,53478,43751,54311,52084,50676,62934,60436,50767,53879,61615,67138,45625,35240,33467,42728,49395,53154,64228,66114,63939,60420,696942,58078.5,0.11567903432354987,0.04878342913912603,1,0,0,3153,148596,2675,145921,2.566784610484086,,0.0,,,,,,,,,,,,,,,,482
481,IMT35101,030200201_,Установочная коробка для твердых стен 65х60 IMT35101 Systeme Electric (120),1,75.62,10996,2295,8318,15383,11814,15102,11394,14308,19166,14688,14065,11283,148812,12401,20124,14561,15620,19797,20724,19636,21655,18797,25145,22466,15980,19655,17268,14645,19937,25870,23210,24199,26986,25401,23276,284038,23669.833333333332,0.2745639728398348,0.058297829849554006,1,0,0,1501,61353,357,60996,2.6404072694498626,,0.0,,,,,,,,,,,,,,,,483
482,IMT35150,030200193_,Установочная коробка для полых стен г/к  65х45 IMT35150 Systeme Electric (210),1,133.71,16194,1997,4511,17153,14937,18705,17311,21000,16565,22816,17450,13211,181850,15154.166666666666,16307,22560,21882,25710,17627,25136,23583,22269,15925,25149,27153,24955,18659,24170,21684,23991,24733,29064,39200,36290,37603,348576,29048.0,0.47284048008114055,-0.03889389756015105,1,0,0,1266,43539,4008,39531,2.705797301019003,,37800.0,,,,,,,,,,,,,,,,484
483,IMT35151,030201459_,Установочная коробка для полых стен г/к  65х60 IMT35151 System Electric(120),5,157.98,,,,,,,,,,,,,,,,,,,,,,,,,,,,,,1117,4717,6747,4209,3754,4207,24751,4950.2,0.0,0.0,0,0,0,0,4304,121,4183,3.2691608419861824,,12000.0,,,,,,,,,,,,,,,,485
484,IMT35180,030200203_,Соединитель коробок IMT35150/IMT351501 Systeme Electric (900),2,45.02,0,50,99,1097,1290,162,1451,1640,1747,1662,2162,1967,13327,1110.5833333333333,1052,1387,1844,1132,1609,917,880,1683,1392,1336,791,1016,857,1330,2589,2790,1865,2840,6016,3840,5959,32621,2718.4166666666665,2.6482758620689655,0.011206896551724244,1,0,0,199,6252,0,6252,2.373440421814169,,0.0,,,,,,,,,,,,,,,,486
485,U731M,130300026_,"Сжим У 731М  (4-10/1,5-10)  Sch El (140)",3,396.19,0,36,100,453,154,174,1286,189,647,744,853,423,5059,421.5833333333333,477,147,153,57,1010,125,239,920,270,264,104,949,147,212,0,75,765,286,450,479,240,4241,353.4166666666667,-0.053738317757009324,-0.5031152647975078,1,0,0,0,259,0,259,0.7356755482197594,,0.0,,,,,,,,,,,,,,,,487
486,U733M,130300027_,"Сжим У 733M (16-35/1,5-10)  Sch El (140)",1,326.54,351,276,408,773,225,1034,2931,626,580,661,697,61,8623,718.5833333333334,41,1245,142,305,1024,185,494,849,1344,1479,420,176,689,207,65,94,105,2233,275,9,275,7371,614.25,0.6472513089005236,1.1223821989528795,1,0,0,5,108,0,108,0.1855921855921856,,0.0,,,,,,,,,,,,,,,,488
487,U734M,130300028_,Сжим У 734М (16-35/16-25)  Sch El  (140),3,310.81,203,591,50,186,290,1550,-1310,95,656,322,15,265,2913,242.75,84,295,32,669,444,94,183,170,202,0,100,524,-253,0,95,182,30,0,134,388,54,1456,121.33333333333333,0.16778523489932895,-0.3243847874720358,1,0,0,0,8,0,8,0.07417582417582418,,0.0,,,,,,,,,,,,,,,,489
488,EZ9E112S2FRU,010400436_,City  9 ЩРВ-П 12 Прозрач./дв. Systeme Electric,2,4565.85,20,3,21,79,58,81,100,100,69,105,114,42,792,66,69,40,25,47,27,77,84,33,49,61,25,13,11,6,9,30,22,20,25,17,24,312,26.0,-0.6804123711340206,-0.3041237113402062,1,0,0,11,53,0,53,2.5,,0.0,,,,,,,,,,,,,,,,490
489,EZ9E108S2FRU,010400432_,City 9 ЩРВ-П  8 Прозрач./дв. Systeme Electric,3,3173.19,11,7,2,17,4,28,43,95,21,32,15,12,287,23.916666666666668,15,3,10,13,8,7,5,18,1,12,5,2,5,1,6,8,2,9,6,3,6,66,5.5,-0.4,-0.4,1,0,0,21,62,0,62,15.272727272727273,,0.0,,,,,,,,,,,,,,,,491
490,EZ9E118S2FRU,010400440_,City 9 ЩРВ-П 18 Прозрач./дв. Systeme Electric,2,7977.54,8,3,5,59,62,30,39,73,30,58,44,19,430,35.833333333333336,28,32,40,43,41,40,42,38,28,27,17,22,19,18,6,19,17,22,17,9,16,237,19.75,-0.6,-0.4,1,0,0,16,31,0,31,2.430379746835443,,0.0,,,,,,,,,,,,,,,,492
491,EZ9E212S2FRU,010400444_,City 9 ЩРВ-П 24 Прозрач./дв. Systeme Electric,1,10772.37,61,2,19,149,115,133,128,152,124,140,128,96,1247,103.91666666666667,105,96,99,93,102,104,114,105,84,58,34,40,33,40,12,57,55,53,32,42,31,571,47.583333333333336,-0.6068111455108359,-0.45510835913312697,1,0,0,37,54,0,54,1.9334500875656742,,0.0,,,,,,,,,,,,,,,,493
492,EZ9E312S2FRU,010400447_,City 9 ЩРВ-П 36 Прозрач./дв. Systeme Electric,1,14309.95,41,21,62,105,74,101,122,143,98,129,89,74,1059,88.25,48,85,73,96,73,47,90,81,45,50,34,34,27,37,36,46,48,40,29,33,27,486,40.5,-0.5321100917431192,-0.40825688073394495,2,0,0,0,82,8,74,1.876543209876543,,0.0,,,,,,,,,,,,,,,,494
493,EZ9E108S2SRU,010400433_,City 9 ЩРН-П  8 Прозрач./дв. Systeme Electric,3,3049.48,3,2,3,30,42,16,41,51,66,72,34,59,419,34.916666666666664,30,26,2,12,5,11,18,68,-6,9,6,12,3,2,4,13,7,8,15,72,14,159,13.25,-0.020618556701030966,-0.9072164948453608,0,0,0,31,27,0,27,4.377358490566038,,0.0,,,,,,,,,,,,,,,,495
494,EZ9E112S2SRU,010400437_,City 9 ЩРН-П 12 Прозрач./дв. Systeme Electric,3,5214.21,2,0,8,59,56,40,46,91,81,99,79,18,579,48.25,36,32,21,21,51,35,60,48,73,44,38,27,24,13,10,11,13,34,48,18,47,400,33.333333333333336,-0.30069930069930073,0.08391608391608396,1,0,0,23,53,0,53,2.31,,0.0,,,,,,,,,,,,,,,,496
495,EZ9E118S2SRU,010400441_,City 9 ЩРН-П 18 Прозрач./дв. Systeme Electric,3,7803.13,0,0,2,30,32,24,40,41,19,120,10,59,377,31.416666666666668,52,19,16,22,13,18,17,34,16,13,29,22,6,15,15,9,17,13,19,14,18,206,17.166666666666668,-0.33333333333333337,-0.1594202898550725,1,0,0,6,31,0,31,2.2135922330097086,,0.0,,,,,,,,,,,,,,,,497
496,EZ9E212S2SRU,010400445_,City 9 ЩРН-П 24 Прозрач./дв. Systeme Electric,1,10228.57,13,2,9,33,28,23,27,77,54,67,46,33,412,34.333333333333336,27,16,23,48,28,48,49,34,34,62,34,21,20,7,17,9,16,16,17,23,16,292,24.333333333333332,-0.5725190839694656,-0.007633587786259555,1,0,0,11,50,0,50,2.547945205479452,,0.0,,,,,,,,,,,,,,,,498
497,EZ9E312S2SRU,010400448_,City 9 ЩРН-П 36 Прозрач./дв. Systeme Electric,2,14666.1,17,2,5,24,36,26,18,54,35,26,31,49,323,26.916666666666668,15,15,18,35,21,26,40,12,14,37,13,22,11,6,10,15,10,13,19,20,17,207,17.25,-0.33333333333333337,-0.17948717948717952,1,0,0,6,37,0,37,2.550724637681159,,0.0,,,,,,,,,,,,,,,,499
