sku,source_row,date,demand
030200128_,3,2024-01-01,
030200382_,4,2024-01-01,1.0
030200127_,5,2024-01-01,
030200141_,6,2024-01-01,
030200096_,7,2024-01-01,
030200072_,8,2024-01-01,2.0
030200093_,9,2024-01-01,34.0
030200135_,10,2024-01-01,
030200136_,11,2024-01-01,20.0
030200134_,12,2024-01-01,10.0
030200094_,13,2024-01-01,
030200090_,14,2024-01-01,
030200095_,15,2024-01-01,
030200142_,16,2024-01-01,3.0
280300174_,17,2024-01-01,596.0
030300013_,18,2024-01-01,54.0
030200220_,19,2024-01-01,814.0
030200219_,20,2024-01-01,991.0
030300078_,21,2024-01-01,
030300014_,22,2024-01-01,50.0
030200193_,23,2024-01-01,16194.0
030201459_,24,2024-01-01,
030200192_,25,2024-01-01,30221.0
030200201_,26,2024-01-01,10996.0
300200428_,27,2024-01-01,346.0
ATN544015,28,2024-01-01,
ATN540115,29,2024-01-01,
ATN000532,30,2024-01-01,
ATN001232,31,2024-01-01,
300201148_,32,2024-01-01,
300201149_,33,2024-01-01,
300201150_,34,2024-01-01,
300201151_,35,2024-01-01,
300201152_,36,2024-01-01,
300201153_,37,2024-01-01,
300201154_,38,2024-01-01,
300201155_,39,2024-01-01,
300200968_,40,2024-01-01,
300200967_,41,2024-01-01,
300200413_,42,2024-01-01,1.0
010400436_,43,2024-01-01,20.0
010400432_,44,2024-01-01,11.0
010400440_,45,2024-01-01,8.0
010400444_,46,2024-01-01,61.0
010400447_,47,2024-01-01,41.0
010400433_,48,2024-01-01,3.0
010400437_,49,2024-01-01,2.0
010400441_,50,2024-01-01,
010400445_,51,2024-01-01,13.0
010400448_,52,2024-01-01,17.0
300200784_,53,2024-01-01,
300200785_,54,2024-01-01,
300200786_,55,2024-01-01,
300200787_,56,2024-01-01,
300200788_,57,2024-01-01,
300200789_,58,2024-01-01,
300200790_,59,2024-01-01,
300200791_,60,2024-01-01,
300200792_,61,2024-01-01,
300200793_,62,2024-01-01,
300200794_,63,2024-01-01,
300200795_,64,2024-01-01,
300200796_,65,2024-01-01,
300200797_,66,2024-01-01,
300200798_,67,2024-01-01,
300200799_,68,2024-01-01,
300200800_,69,2024-01-01,
300200801_,70,2024-01-01,
300200802_,71,2024-01-01,
300200803_,72,2024-01-01,
300200804_,73,2024-01-01,
300200805_,74,2024-01-01,
300200806_,75,2024-01-01,
300200807_,76,2024-01-01,
300200808_,77,2024-01-01,
300200809_,78,2024-01-01,
300200810_,79,2024-01-01,
300200811_,80,2024-01-01,
300200812_,81,2024-01-01,
300200813_,82,2024-01-01,
300200814_,83,2024-01-01,
300200815_,84,2024-01-01,
300200816_,85,2024-01-01,
300200817_,86,2024-01-01,
300200818_,87,2024-01-01,
300200819_,88,2024-01-01,
300200820_,89,2024-01-01,
300200821_,90,2024-01-01,
300200822_,91,2024-01-01,
300200823_,92,2024-01-01,
300200824_,93,2024-01-01,
300200825_,94,2024-01-01,
300200826_,95,2024-01-01,
300200827_,96,2024-01-01,
300200828_,97,2024-01-01,
300200829_,98,2024-01-01,
300200830_,99,2024-01-01,
300200831_,100,2024-01-01,
300200832_,101,2024-01-01,
300200833_,102,2024-01-01,
300200834_,103,2024-01-01,
300200835_,104,2024-01-01,
300200836_,105,2024-01-01,
300200837_,106,2024-01-01,
300200838_,107,2024-01-01,
300200839_,108,2024-01-01,
300200840_,109,2024-01-01,
300200841_,110,2024-01-01,
300200842_,111,2024-01-01,
300200843_,112,2024-01-01,
300200844_,113,2024-01-01,
300200845_,114,2024-01-01,
300200846_,115,2024-01-01,
300200847_,116,2024-01-01,
300200848_,117,2024-01-01,
300200849_,118,2024-01-01,
300200850_,119,2024-01-01,
300200851_,120,2024-01-01,
300200852_,121,2024-01-01,
300200853_,122,2024-01-01,
300200854_,123,2024-01-01,
300200855_,124,2024-01-01,
300200856_,125,2024-01-01,
300200857_,126,2024-01-01,
300200858_,127,2024-01-01,
300200859_,128,2024-01-01,
300200860_,129,2024-01-01,
300200861_,130,2024-01-01,
300200862_,131,2024-01-01,
300200863_,132,2024-01-01,
300200864_,133,2024-01-01,
300200865_,134,2024-01-01,
300200866_,135,2024-01-01,
300200867_,136,2024-01-01,
300200868_,137,2024-01-01,
300200869_,138,2024-01-01,
300200870_,139,2024-01-01,
300200871_,140,2024-01-01,
300200872_,141,2024-01-01,
300200873_,142,2024-01-01,
300200874_,143,2024-01-01,
300200875_,144,2024-01-01,
300200876_,145,2024-01-01,
300200877_,146,2024-01-01,
300200878_,147,2024-01-01,
300200879_,148,2024-01-01,
300200880_,149,2024-01-01,
300200881_,150,2024-01-01,
300200882_,151,2024-01-01,
300200883_,152,2024-01-01,
300200884_,153,2024-01-01,
300200885_,154,2024-01-01,
300200886_,155,2024-01-01,
300200887_,156,2024-01-01,
300200888_,157,2024-01-01,
300200889_,158,2024-01-01,
300200890_,159,2024-01-01,
300200892_,160,2024-01-01,
300200893_,161,2024-01-01,
300200894_,162,2024-01-01,
300200895_,163,2024-01-01,
300200896_,164,2024-01-01,
300200897_,165,2024-01-01,
300200898_,166,2024-01-01,
300200899_,167,2024-01-01,
300200900_,168,2024-01-01,
300200901_,169,2024-01-01,
300200902_,170,2024-01-01,
300200903_,171,2024-01-01,
300200904_,172,2024-01-01,
300200905_,173,2024-01-01,
300200906_,174,2024-01-01,
300200907_,175,2024-01-01,
300200908_,176,2024-01-01,
300200909_,177,2024-01-01,
300200910_,178,2024-01-01,
300200911_,179,2024-01-01,
300200912_,180,2024-01-01,
300200913_,181,2024-01-01,
300200914_,182,2024-01-01,
300200915_,183,2024-01-01,
300200916_,184,2024-01-01,
300200917_,185,2024-01-01,
300200918_,186,2024-01-01,
300200919_,187,2024-01-01,
300200920_,188,2024-01-01,
300200921_,189,2024-01-01,
300200922_,190,2024-01-01,
300200923_,191,2024-01-01,
300200924_,192,2024-01-01,
300200925_,193,2024-01-01,
300200926_,194,2024-01-01,
300200927_,195,2024-01-01,
300200928_,196,2024-01-01,
300200929_,197,2024-01-01,
300200930_,198,2024-01-01,
300200931_,199,2024-01-01,
300200932_,200,2024-01-01,
300200933_,201,2024-01-01,
300200934_,202,2024-01-01,
300200935_,203,2024-01-01,
300200936_,204,2024-01-01,
300200937_,205,2024-01-01,
300200938_,206,2024-01-01,
300200939_,207,2024-01-01,
300200940_,208,2024-01-01,
300200941_,209,2024-01-01,
300200942_,210,2024-01-01,
300200943_,211,2024-01-01,
300200944_,212,2024-01-01,
300200945_,213,2024-01-01,
300200946_,214,2024-01-01,
300200947_,215,2024-01-01,
300200948_,216,2024-01-01,
300200949_,217,2024-01-01,
300200950_,218,2024-01-01,
300200951_,219,2024-01-01,
300200952_,220,2024-01-01,
300200953_,221,2024-01-01,
300200954_,222,2024-01-01,
300200955_,223,2024-01-01,
300200371_,224,2024-01-01,
300200420_,225,2024-01-01,
300200375_,226,2024-01-01,
300200422_,227,2024-01-01,
300200363_,228,2024-01-01,
300200368_,229,2024-01-01,
300200367_,230,2024-01-01,
300200426_,231,2024-01-01,
300200424_,232,2024-01-01,4.0
300200372_,233,2024-01-01,
300200373_,234,2024-01-01,
300200418_,235,2024-01-01,
300200365_,236,2024-01-01,
300200364_,237,2024-01-01,
300200374_,238,2024-01-01,
300200370_,239,2024-01-01,
300200425_,240,2024-01-01,2.0
300200419_,241,2024-01-01,
300200376_,242,2024-01-01,52.0
300200377_,243,2024-01-01,4.0
300200378_,244,2024-01-01,1.0
300200379_,245,2024-01-01,1.0
300200380_,246,2024-01-01,
300200421_,247,2024-01-01,10.0
щщщ0116254,248,2024-01-01,
300200520_,249,2024-01-01,
300200521_,250,2024-01-01,
300200522_,251,2024-01-01,
300200523_,252,2024-01-01,1.0
300200524_,253,2024-01-01,
300200525_,254,2024-01-01,
300200526_,255,2024-01-01,
300200527_,256,2024-01-01,
300200529_,257,2024-01-01,
300200530_,258,2024-01-01,2.0
300200531_,259,2024-01-01,
300200532_,260,2024-01-01,
300200533_,261,2024-01-01,
300200534_,262,2024-01-01,
300200535_,263,2024-01-01,
300200536_,264,2024-01-01,
300200537_,265,2024-01-01,
300200538_,266,2024-01-01,3.0
300200539_,267,2024-01-01,
300200540_,268,2024-01-01,
300200541_,269,2024-01-01,
300200542_,270,2024-01-01,721.0
300200624_,271,2024-01-01,
300200704_,272,2024-01-01,
300200543_,273,2024-01-01,21.0
300200544_,274,2024-01-01,16.0
300200545_,275,2024-01-01,7.0
300200593_,276,2024-01-01,
300200546_,277,2024-01-01,17.0
300200547_,278,2024-01-01,
300200548_,279,2024-01-01,19.0
300200549_,280,2024-01-01,18.0
300200550_,281,2024-01-01,
300200551_,282,2024-01-01,3.0
300200773_,283,2024-01-01,
300200552_,284,2024-01-01,
300200553_,285,2024-01-01,5.0
300200554_,286,2024-01-01,3.0
300200555_,287,2024-01-01,14.0
300200556_,288,2024-01-01,1.0
300200557_,289,2024-01-01,
300200558_,290,2024-01-01,104.0
300200559_,291,2024-01-01,109.0
300200560_,292,2024-01-01,48.0
300200561_,293,2024-01-01,7.0
300200562_,294,2024-01-01,
300200563_,295,2024-01-01,29.0
300200564_,296,2024-01-01,139.0
300200565_,297,2024-01-01,
300200590_,298,2024-01-01,1.0
300200566_,299,2024-01-01,1.0
300200567_,300,2024-01-01,19.0
300200591_,301,2024-01-01,15.0
300200568_,302,2024-01-01,11.0
300200569_,303,2024-01-01,
300200570_,304,2024-01-01,5.0
300200571_,305,2024-01-01,7.0
300200572_,306,2024-01-01,
300200573_,307,2024-01-01,5.0
300200574_,308,2024-01-01,
300200575_,309,2024-01-01,21.0
300200511_,310,2024-01-01,5.0
300200576_,311,2024-01-01,16.0
300200776_,312,2024-01-01,
300200577_,313,2024-01-01,5.0
300200579_,314,2024-01-01,95.0
300200580_,315,2024-01-01,16.0
300200581_,316,2024-01-01,17.0
300200582_,317,2024-01-01,1.0
300200583_,318,2024-01-01,6.0
300200584_,319,2024-01-01,16.0
300200343_,320,2024-01-01,1647.0
020100163_,321,2024-01-01,1.0
300200459_,322,2024-01-01,78.0
020100158_,323,2024-01-01,66.0
020100159_,324,2024-01-01,4.0
300200460_,325,2024-01-01,195.0
020100160_,326,2024-01-01,
020100161_,327,2024-01-01,35.0
300200461_,328,2024-01-01,
300200472_,329,2024-01-01,113.0
300200462_,330,2024-01-01,69.0
300200517_,331,2024-01-01,
020100162_,332,2024-01-01,22.0
300200772_,333,2024-01-01,
300200468_,334,2024-01-01,8.0
300200515_,335,2024-01-01,
300200518_,336,2024-01-01,
300200516_,337,2024-01-01,19.0
300200471_,338,2024-01-01,1.0
300200470_,339,2024-01-01,15.0
300200463_,340,2024-01-01,497.0
300200464_,341,2024-01-01,306.0
300200465_,342,2024-01-01,156.0
300200466_,343,2024-01-01,3.0
300200467_,344,2024-01-01,36.0
300200519_,345,2024-01-01,48.0
300200775_,346,2024-01-01,
300200781_,347,2024-01-01,
300200779_,348,2024-01-01,
300200782_,349,2024-01-01,
300200783_,350,2024-01-01,
300100015_,351,2024-01-01,
300100006_,352,2024-01-01,1.0
300100003_,353,2024-01-01,3.0
300100012_,354,2024-01-01,3.0
030200006_,355,2024-01-01,
030200008_,356,2024-01-01,
030200005_,357,2024-01-01,3.0
030200007_,358,2024-01-01,6.0
030200015_,359,2024-01-01,
030200002_,360,2024-01-01,
030200003_,361,2024-01-01,
030200009_,362,2024-01-01,
030200030_,363,2024-01-01,165.0
030200031_,364,2024-01-01,16.0
030200036_,365,2024-01-01,79.0
030200038_,366,2024-01-01,44.0
030200037_,367,2024-01-01,137.0
030200039_,368,2024-01-01,159.0
030200028_,369,2024-01-01,62.0
030200029_,370,2024-01-01,12.0
030200032_,371,2024-01-01,201.0
030200034_,372,2024-01-01,416.0
030200239_,373,2024-01-01,109.0
030200240_,374,2024-01-01,316.0
030200379_,375,2024-01-01,
030200026_,376,2024-01-01,237.0
030200025_,377,2024-01-01,1.0
030200027_,378,2024-01-01,8.0
030200052_,379,2024-01-01,3.0
030200053_,380,2024-01-01,
030200054_,381,2024-01-01,
030200183_,382,2024-01-01,
030200191_,383,2024-01-01,
030200175_,384,2024-01-01,
030200176_,385,2024-01-01,
030200247_,386,2024-01-01,3.0
030200246_,387,2024-01-01,
030200243_,388,2024-01-01,19.0
030200244_,389,2024-01-01,
030200245_,390,2024-01-01,1.0
030200248_,391,2024-01-01,7.0
030200249_,392,2024-01-01,6.0
030200259_,393,2024-01-01,3.0
030200260_,394,2024-01-01,1.0
030200256_,395,2024-01-01,
030200257_,396,2024-01-01,50.0
030200258_,397,2024-01-01,
030200263_,398,2024-01-01,2.0
030200262_,399,2024-01-01,
030200265_,400,2024-01-01,
030200261_,401,2024-01-01,1.0
030200292_,402,2024-01-01,
030200250_,403,2024-01-01,3.0
030200251_,404,2024-01-01,11.0
030200252_,405,2024-01-01,4.0
030200253_,406,2024-01-01,1.0
030200254_,407,2024-01-01,
300200331_,408,2024-01-01,698.0
300200296_,409,2024-01-01,589.0
300200283_,410,2024-01-01,
300200302_,411,2024-01-01,364.0
300200333_,412,2024-01-01,35.0
300200288_,413,2024-01-01,
300200284_,414,2024-01-01,9.0
300200767_,415,2024-01-01,1.0
300200293_,416,2024-01-01,258.0
300200289_,417,2024-01-01,156.0
300200290_,418,2024-01-01,
300200291_,419,2024-01-01,1.0
300200297_,420,2024-01-01,67.0
300200298_,421,2024-01-01,52.0
300200299_,422,2024-01-01,4.0
300200294_,423,2024-01-01,54.0
300200286_,424,2024-01-01,3270.0
300200332_,425,2024-01-01,20.0
300200301_,426,2024-01-01,161.0
300200287_,427,2024-01-01,4.0
300200700_,428,2024-01-01,
300200295_,429,2024-01-01,4.0
300200292_,430,2024-01-01,-8.0
300200300_,431,2024-01-01,6.0
300200312_,432,2024-01-01,
300200303_,433,2024-01-01,2156.0
300200304_,434,2024-01-01,964.0
300200305_,435,2024-01-01,349.0
300200306_,436,2024-01-01,232.0
300200307_,437,2024-01-01,18.0
300200310_,438,2024-01-01,
300200311_,439,2024-01-01,3.0
300200308_,440,2024-01-01,5.0
300200309_,441,2024-01-01,
300200313_,442,2024-01-01,12.0
300200498_,443,2024-01-01,17.0
ATN000108,444,2024-01-01,
300200314_,445,2024-01-01,2.0
ATN000109,446,2024-01-01,
300200315_,447,2024-01-01,4.0
300200771_,448,2024-01-01,
300200316_,449,2024-01-01,26.0
300200959_,450,2024-01-01,
300200317_,451,2024-01-01,53.0
300200496_,452,2024-01-01,
300200346_,453,2024-01-01,
300200318_,454,2024-01-01,
300200347_,455,2024-01-01,
300200319_,456,2024-01-01,46.0
300200320_,457,2024-01-01,7.0
300200321_,458,2024-01-01,
300200322_,459,2024-01-01,
300200323_,460,2024-01-01,43.0
300200324_,461,2024-01-01,61.0
300200325_,462,2024-01-01,3.0
300200326_,463,2024-01-01,102.0
300200327_,464,2024-01-01,4.0
300200328_,465,2024-01-01,79.0
300200330_,466,2024-01-01,1.0
300200348_,467,2024-01-01,
300200350_,468,2024-01-01,16.0
300200352_,469,2024-01-01,
300200430_,470,2024-01-01,93.0
300200588_,471,2024-01-01,
300200443_,472,2024-01-01,10.0
300200432_,473,2024-01-01,53.0
300200444_,474,2024-01-01,5.0
300200449_,475,2024-01-01,11.0
300200447_,476,2024-01-01,
300200433_,477,2024-01-01,4.0
300200439_,478,2024-01-01,10.0
300200451_,479,2024-01-01,5.0
300200448_,480,2024-01-01,7.0
300200774_,481,2024-01-01,
300200436_,482,2024-01-01,19.0
300200431_,483,2024-01-01,5.0
300200452_,484,2024-01-01,6.0
300200434_,485,2024-01-01,6.0
300200429_,486,2024-01-01,36.0
300200632_,487,2024-01-01,40.0
300200441_,488,2024-01-01,
300200450_,489,2024-01-01,5.0
300200435_,490,2024-01-01,150.0
300200437_,491,2024-01-01,111.0
300200438_,492,2024-01-01,27.0
300200440_,493,2024-01-01,20.0
300200445_,494,2024-01-01,5.0
300200446_,495,2024-01-01,
ATN000399,496,2024-01-01,
300200592_,497,2024-01-01,
300200366_,498,2024-01-01,
LNVA105011,499,2024-01-01,
300200595_,500,2024-01-01,
030200097_,501,2024-01-01,
300200718_,502,2024-01-01,
300200719_,503,2024-01-01,4.0
300200720_,504,2024-01-01,
300200721_,505,2024-01-01,
300200722_,506,2024-01-01,
300200777_,507,2024-01-01,
300200723_,508,2024-01-01,18.0
300200724_,509,2024-01-01,
300200725_,510,2024-01-01,7.0
300200726_,511,2024-01-01,8.0
300200727_,512,2024-01-01,
300200728_,513,2024-01-01,
300200729_,514,2024-01-01,
300200730_,515,2024-01-01,1.0
300200731_,516,2024-01-01,3.0
300200732_,517,2024-01-01,
300200778_,518,2024-01-01,
300200733_,519,2024-01-01,-1.0
300200734_,520,2024-01-01,
300200735_,521,2024-01-01,9.0
300200736_,522,2024-01-01,4.0
300200737_,523,2024-01-01,
300200738_,524,2024-01-01,3.0
300200742_,525,2024-01-01,8.0
300200739_,526,2024-01-01,1.0
300200743_,527,2024-01-01,
300200740_,528,2024-01-01,8.0
300200741_,529,2024-01-01,
300200744_,530,2024-01-01,17.0
300200745_,531,2024-01-01,47.0
300200746_,532,2024-01-01,33.0
300200747_,533,2024-01-01,1.0
300200748_,534,2024-01-01,1.0
300200749_,535,2024-01-01,39.0
300200750_,536,2024-01-01,7.0
300200751_,537,2024-01-01,28.0
300200752_,538,2024-01-01,52.0
300200753_,539,2024-01-01,3.0
300200754_,540,2024-01-01,4.0
300200755_,541,2024-01-01,5.0
300200497_,542,2024-01-01,
030200226_,543,2024-01-01,20.0
030200223_,544,2024-01-01,
030200227_,545,2024-01-01,288.0
030200225_,546,2024-01-01,275.0
030200224_,547,2024-01-01,1905.0
030200221_,548,2024-01-01,35.0
030200222_,549,2024-01-01,3.0
300200473_,550,2024-01-01,
ATN000446,551,2024-01-01,
ATN000389,552,2024-01-01,
130300026_,553,2024-01-01,
130300027_,554,2024-01-01,351.0
130300028_,555,2024-01-01,203.0
030200203_,556,2024-01-01,
030200128_,3,2024-02-01,
030200382_,4,2024-02-01,4.0
030200127_,5,2024-02-01,
030200141_,6,2024-02-01,
030200096_,7,2024-02-01,2.0
030200072_,8,2024-02-01,1.0
030200093_,9,2024-02-01,22.0
030200135_,10,2024-02-01,3.0
030200136_,11,2024-02-01,3.0
030200134_,12,2024-02-01,2.0
030200094_,13,2024-02-01,
030200090_,14,2024-02-01,
030200095_,15,2024-02-01,
030200142_,16,2024-02-01,
280300174_,17,2024-02-01,229.0
030300013_,18,2024-02-01,20.0
030200220_,19,2024-02-01,52.0
030200219_,20,2024-02-01,8156.0
030300078_,21,2024-02-01,
030300014_,22,2024-02-01,55.0
030200193_,23,2024-02-01,1997.0
030201459_,24,2024-02-01,
030200192_,25,2024-02-01,9565.0
030200201_,26,2024-02-01,2295.0
300200428_,27,2024-02-01,335.0
ATN544015,28,2024-02-01,
ATN540115,29,2024-02-01,
ATN000532,30,2024-02-01,
ATN001232,31,2024-02-01,
300201148_,32,2024-02-01,
300201149_,33,2024-02-01,
300201150_,34,2024-02-01,
300201151_,35,2024-02-01,
300201152_,36,2024-02-01,
300201153_,37,2024-02-01,
300201154_,38,2024-02-01,
300201155_,39,2024-02-01,
300200968_,40,2024-02-01,
300200967_,41,2024-02-01,
300200413_,42,2024-02-01,
010400436_,43,2024-02-01,3.0
010400432_,44,2024-02-01,7.0
010400440_,45,2024-02-01,3.0
010400444_,46,2024-02-01,2.0
010400447_,47,2024-02-01,21.0
010400433_,48,2024-02-01,2.0
010400437_,49,2024-02-01,
010400441_,50,2024-02-01,
010400445_,51,2024-02-01,2.0
010400448_,52,2024-02-01,2.0
300200784_,53,2024-02-01,
300200785_,54,2024-02-01,
300200786_,55,2024-02-01,
300200787_,56,2024-02-01,
300200788_,57,2024-02-01,
300200789_,58,2024-02-01,
300200790_,59,2024-02-01,
300200791_,60,2024-02-01,
300200792_,61,2024-02-01,
300200793_,62,2024-02-01,
300200794_,63,2024-02-01,
300200795_,64,2024-02-01,
300200796_,65,2024-02-01,
300200797_,66,2024-02-01,
300200798_,67,2024-02-01,
300200799_,68,2024-02-01,
300200800_,69,2024-02-01,
300200801_,70,2024-02-01,
300200802_,71,2024-02-01,
300200803_,72,2024-02-01,
300200804_,73,2024-02-01,
300200805_,74,2024-02-01,
300200806_,75,2024-02-01,
300200807_,76,2024-02-01,
300200808_,77,2024-02-01,
300200809_,78,2024-02-01,
300200810_,79,2024-02-01,
300200811_,80,2024-02-01,
300200812_,81,2024-02-01,
300200813_,82,2024-02-01,
300200814_,83,2024-02-01,
300200815_,84,2024-02-01,
300200816_,85,2024-02-01,
300200817_,86,2024-02-01,
300200818_,87,2024-02-01,
300200819_,88,2024-02-01,
300200820_,89,2024-02-01,
300200821_,90,2024-02-01,
300200822_,91,2024-02-01,
300200823_,92,2024-02-01,
300200824_,93,2024-02-01,
300200825_,94,2024-02-01,
300200826_,95,2024-02-01,
300200827_,96,2024-02-01,
300200828_,97,2024-02-01,
300200829_,98,2024-02-01,
300200830_,99,2024-02-01,
300200831_,100,2024-02-01,
300200832_,101,2024-02-01,
300200833_,102,2024-02-01,
300200834_,103,2024-02-01,
300200835_,104,2024-02-01,
300200836_,105,2024-02-01,
300200837_,106,2024-02-01,
300200838_,107,2024-02-01,
300200839_,108,2024-02-01,
300200840_,109,2024-02-01,
300200841_,110,2024-02-01,
300200842_,111,2024-02-01,
300200843_,112,2024-02-01,
300200844_,113,2024-02-01,
300200845_,114,2024-02-01,
300200846_,115,2024-02-01,
300200847_,116,2024-02-01,
300200848_,117,2024-02-01,
300200849_,118,2024-02-01,
300200850_,119,2024-02-01,
300200851_,120,2024-02-01,
300200852_,121,2024-02-01,
300200853_,122,2024-02-01,
300200854_,123,2024-02-01,
300200855_,124,2024-02-01,
300200856_,125,2024-02-01,
300200857_,126,2024-02-01,
300200858_,127,2024-02-01,
300200859_,128,2024-02-01,
300200860_,129,2024-02-01,
300200861_,130,2024-02-01,
300200862_,131,2024-02-01,
300200863_,132,2024-02-01,
300200864_,133,2024-02-01,
300200865_,134,2024-02-01,
300200866_,135,2024-02-01,
300200867_,136,2024-02-01,
300200868_,137,2024-02-01,
300200869_,138,2024-02-01,
300200870_,139,2024-02-01,
300200871_,140,2024-02-01,
300200872_,141,2024-02-01,
300200873_,142,2024-02-01,
300200874_,143,2024-02-01,
300200875_,144,2024-02-01,
300200876_,145,2024-02-01,
300200877_,146,2024-02-01,
300200878_,147,2024-02-01,
300200879_,148,2024-02-01,
300200880_,149,2024-02-01,
300200881_,150,2024-02-01,
300200882_,151,2024-02-01,
300200883_,152,2024-02-01,
300200884_,153,2024-02-01,
300200885_,154,2024-02-01,
300200886_,155,2024-02-01,
300200887_,156,2024-02-01,
300200888_,157,2024-02-01,
300200889_,158,2024-02-01,
300200890_,159,2024-02-01,
300200892_,160,2024-02-01,
300200893_,161,2024-02-01,
300200894_,162,2024-02-01,
300200895_,163,2024-02-01,
300200896_,164,2024-02-01,
300200897_,165,2024-02-01,
300200898_,166,2024-02-01,
300200899_,167,2024-02-01,
300200900_,168,2024-02-01,
300200901_,169,2024-02-01,
300200902_,170,2024-02-01,
300200903_,171,2024-02-01,
300200904_,172,2024-02-01,
300200905_,173,2024-02-01,
300200906_,174,2024-02-01,
300200907_,175,2024-02-01,
300200908_,176,2024-02-01,
300200909_,177,2024-02-01,
300200910_,178,2024-02-01,
300200911_,179,2024-02-01,
300200912_,180,2024-02-01,
300200913_,181,2024-02-01,
300200914_,182,2024-02-01,
300200915_,183,2024-02-01,
300200916_,184,2024-02-01,
300200917_,185,2024-02-01,
300200918_,186,2024-02-01,
300200919_,187,2024-02-01,
300200920_,188,2024-02-01,
300200921_,189,2024-02-01,
300200922_,190,2024-02-01,
300200923_,191,2024-02-01,
300200924_,192,2024-02-01,
300200925_,193,2024-02-01,
300200926_,194,2024-02-01,
300200927_,195,2024-02-01,
300200928_,196,2024-02-01,
300200929_,197,2024-02-01,
300200930_,198,2024-02-01,
300200931_,199,2024-02-01,
300200932_,200,2024-02-01,
300200933_,201,2024-02-01,
300200934_,202,2024-02-01,
300200935_,203,2024-02-01,
300200936_,204,2024-02-01,
300200937_,205,2024-02-01,
300200938_,206,2024-02-01,
300200939_,207,2024-02-01,
300200940_,208,2024-02-01,
300200941_,209,2024-02-01,
300200942_,210,2024-02-01,
300200943_,211,2024-02-01,
300200944_,212,2024-02-01,
300200945_,213,2024-02-01,
300200946_,214,2024-02-01,
300200947_,215,2024-02-01,
300200948_,216,2024-02-01,
300200949_,217,2024-02-01,
300200950_,218,2024-02-01,
300200951_,219,2024-02-01,
300200952_,220,2024-02-01,
300200953_,221,2024-02-01,
300200954_,222,2024-02-01,
300200955_,223,2024-02-01,
300200371_,224,2024-02-01,21.0
300200420_,225,2024-02-01,
300200375_,226,2024-02-01,61.0
300200422_,227,2024-02-01,
300200363_,228,2024-02-01,
300200368_,229,2024-02-01,2.0
300200367_,230,2024-02-01,42.0
300200426_,231,2024-02-01,4.0
300200424_,232,2024-02-01,1.0
300200372_,233,2024-02-01,135.0
300200373_,234,2024-02-01,115.0
300200418_,235,2024-02-01,
300200365_,236,2024-02-01,185.0
300200364_,237,2024-02-01,
300200374_,238,2024-02-01,35.0
300200370_,239,2024-02-01,
300200425_,240,2024-02-01,
300200419_,241,2024-02-01,
300200376_,242,2024-02-01,218.0
300200377_,243,2024-02-01,23.0
300200378_,244,2024-02-01,20.0
300200379_,245,2024-02-01,
300200380_,246,2024-02-01,
300200421_,247,2024-02-01,
щщщ0116254,248,2024-02-01,3.0
300200520_,249,2024-02-01,
300200521_,250,2024-02-01,22.0
300200522_,251,2024-02-01,
300200523_,252,2024-02-01,7.0
300200524_,253,2024-02-01,
300200525_,254,2024-02-01,
300200526_,255,2024-02-01,12.0
300200527_,256,2024-02-01,18.0
300200529_,257,2024-02-01,
300200530_,258,2024-02-01,
300200531_,259,2024-02-01,
300200532_,260,2024-02-01,
300200533_,261,2024-02-01,
300200534_,262,2024-02-01,6.0
300200535_,263,2024-02-01,
300200536_,264,2024-02-01,
300200537_,265,2024-02-01,
300200538_,266,2024-02-01,
300200539_,267,2024-02-01,
300200540_,268,2024-02-01,1.0
300200541_,269,2024-02-01,
300200542_,270,2024-02-01,189.0
300200624_,271,2024-02-01,30.0
300200704_,272,2024-02-01,
300200543_,273,2024-02-01,66.0
300200544_,274,2024-02-01,
300200545_,275,2024-02-01,53.0
300200593_,276,2024-02-01,
300200546_,277,2024-02-01,3.0
300200547_,278,2024-02-01,11.0
300200548_,279,2024-02-01,23.0
300200549_,280,2024-02-01,21.0
300200550_,281,2024-02-01,
300200551_,282,2024-02-01,7.0
300200773_,283,2024-02-01,
300200552_,284,2024-02-01,29.0
300200553_,285,2024-02-01,25.0
300200554_,286,2024-02-01,6.0
300200555_,287,2024-02-01,142.0
300200556_,288,2024-02-01,4.0
300200557_,289,2024-02-01,
300200558_,290,2024-02-01,102.0
300200559_,291,2024-02-01,96.0
300200560_,292,2024-02-01,44.0
300200561_,293,2024-02-01,11.0
300200562_,294,2024-02-01,4.0
300200563_,295,2024-02-01,29.0
300200564_,296,2024-02-01,110.0
300200565_,297,2024-02-01,8.0
300200590_,298,2024-02-01,
300200566_,299,2024-02-01,4.0
300200567_,300,2024-02-01,35.0
300200591_,301,2024-02-01,2.0
300200568_,302,2024-02-01,
300200569_,303,2024-02-01,
300200570_,304,2024-02-01,4.0
300200571_,305,2024-02-01,3.0
300200572_,306,2024-02-01,
300200573_,307,2024-02-01,
300200574_,308,2024-02-01,22.0
300200575_,309,2024-02-01,1.0
300200511_,310,2024-02-01,1.0
300200576_,311,2024-02-01,
300200776_,312,2024-02-01,
300200577_,313,2024-02-01,
300200579_,314,2024-02-01,101.0
300200580_,315,2024-02-01,17.0
300200581_,316,2024-02-01,11.0
300200582_,317,2024-02-01,1.0
300200583_,318,2024-02-01,
300200584_,319,2024-02-01,1.0
300200343_,320,2024-02-01,526.0
020100163_,321,2024-02-01,20.0
300200459_,322,2024-02-01,
020100158_,323,2024-02-01,21.0
020100159_,324,2024-02-01,64.0
300200460_,325,2024-02-01,99.0
020100160_,326,2024-02-01,
020100161_,327,2024-02-01,6.0
300200461_,328,2024-02-01,1.0
300200472_,329,2024-02-01,21.0
300200462_,330,2024-02-01,46.0
300200517_,331,2024-02-01,
020100162_,332,2024-02-01,3.0
300200772_,333,2024-02-01,
300200468_,334,2024-02-01,1.0
300200515_,335,2024-02-01,1.0
300200518_,336,2024-02-01,4.0
300200516_,337,2024-02-01,96.0
300200471_,338,2024-02-01,63.0
300200470_,339,2024-02-01,
300200463_,340,2024-02-01,400.0
300200464_,341,2024-02-01,163.0
300200465_,342,2024-02-01,61.0
300200466_,343,2024-02-01,4.0
300200467_,344,2024-02-01,
300200519_,345,2024-02-01,47.0
300200775_,346,2024-02-01,
300200781_,347,2024-02-01,
300200779_,348,2024-02-01,
300200782_,349,2024-02-01,
300200783_,350,2024-02-01,
300100015_,351,2024-02-01,
300100006_,352,2024-02-01,
300100003_,353,2024-02-01,
300100012_,354,2024-02-01,
030200006_,355,2024-02-01,
030200008_,356,2024-02-01,
030200005_,357,2024-02-01,8.0
030200007_,358,2024-02-01,3.0
030200015_,359,2024-02-01,
030200002_,360,2024-02-01,
030200003_,361,2024-02-01,
030200009_,362,2024-02-01,
030200030_,363,2024-02-01,60.0
030200031_,364,2024-02-01,30.0
030200036_,365,2024-02-01,38.0
030200038_,366,2024-02-01,48.0
030200037_,367,2024-02-01,295.0
030200039_,368,2024-02-01,165.0
030200028_,369,2024-02-01,56.0
030200029_,370,2024-02-01,29.0
030200032_,371,2024-02-01,19.0
030200034_,372,2024-02-01,189.0
030200239_,373,2024-02-01,102.0
030200240_,374,2024-02-01,268.0
030200379_,375,2024-02-01,
030200026_,376,2024-02-01,217.0
030200025_,377,2024-02-01,62.0
030200027_,378,2024-02-01,4.0
030200052_,379,2024-02-01,
030200053_,380,2024-02-01,
030200054_,381,2024-02-01,
030200183_,382,2024-02-01,
030200191_,383,2024-02-01,2.0
030200175_,384,2024-02-01,
030200176_,385,2024-02-01,6.0
030200247_,386,2024-02-01,37.0
030200246_,387,2024-02-01,
030200243_,388,2024-02-01,25.0
030200244_,389,2024-02-01,
030200245_,390,2024-02-01,6.0
030200248_,391,2024-02-01,
030200249_,392,2024-02-01,
030200259_,393,2024-02-01,23.0
030200260_,394,2024-02-01,
030200256_,395,2024-02-01,2.0
030200257_,396,2024-02-01,106.0
030200258_,397,2024-02-01,
030200263_,398,2024-02-01,6.0
030200262_,399,2024-02-01,
030200265_,400,2024-02-01,5.0
030200261_,401,2024-02-01,
030200292_,402,2024-02-01,3.0
030200250_,403,2024-02-01,12.0
030200251_,404,2024-02-01,38.0
030200252_,405,2024-02-01,7.0
030200253_,406,2024-02-01,7.0
030200254_,407,2024-02-01,1.0
300200331_,408,2024-02-01,216.0
300200296_,409,2024-02-01,424.0
300200283_,410,2024-02-01,27.0
300200302_,411,2024-02-01,499.0
300200333_,412,2024-02-01,13.0
300200288_,413,2024-02-01,6.0
300200284_,414,2024-02-01,27.0
300200767_,415,2024-02-01,
300200293_,416,2024-02-01,443.0
300200289_,417,2024-02-01,28.0
300200290_,418,2024-02-01,4.0
300200291_,419,2024-02-01,2.0
300200297_,420,2024-02-01,911.0
300200298_,421,2024-02-01,517.0
300200299_,422,2024-02-01,6.0
300200294_,423,2024-02-01,59.0
300200286_,424,2024-02-01,5029.0
300200332_,425,2024-02-01,49.0
300200301_,426,2024-02-01,580.0
300200287_,427,2024-02-01,8.0
300200700_,428,2024-02-01,20.0
300200295_,429,2024-02-01,49.0
300200292_,430,2024-02-01,1.0
300200300_,431,2024-02-01,1.0
300200312_,432,2024-02-01,
300200303_,433,2024-02-01,783.0
300200304_,434,2024-02-01,472.0
300200305_,435,2024-02-01,166.0
300200306_,436,2024-02-01,119.0
300200307_,437,2024-02-01,125.0
300200310_,438,2024-02-01,3.0
300200311_,439,2024-02-01,27.0
300200308_,440,2024-02-01,5.0
300200309_,441,2024-02-01,1.0
300200313_,442,2024-02-01,56.0
300200498_,443,2024-02-01,92.0
ATN000108,444,2024-02-01,
300200314_,445,2024-02-01,
ATN000109,446,2024-02-01,
300200315_,447,2024-02-01,2.0
300200771_,448,2024-02-01,
300200316_,449,2024-02-01,5.0
300200959_,450,2024-02-01,
300200317_,451,2024-02-01,3.0
300200496_,452,2024-02-01,
300200346_,453,2024-02-01,
300200318_,454,2024-02-01,
300200347_,455,2024-02-01,
300200319_,456,2024-02-01,4.0
300200320_,457,2024-02-01,15.0
300200321_,458,2024-02-01,2.0
300200322_,459,2024-02-01,
300200323_,460,2024-02-01,12.0
300200324_,461,2024-02-01,5.0
300200325_,462,2024-02-01,57.0
300200326_,463,2024-02-01,1.0
300200327_,464,2024-02-01,39.0
300200328_,465,2024-02-01,4.0
300200330_,466,2024-02-01,
300200348_,467,2024-02-01,8.0
300200350_,468,2024-02-01,
300200352_,469,2024-02-01,
300200430_,470,2024-02-01,40.0
300200588_,471,2024-02-01,4.0
300200443_,472,2024-02-01,3.0
300200432_,473,2024-02-01,40.0
300200444_,474,2024-02-01,1.0
300200449_,475,2024-02-01,2.0
300200447_,476,2024-02-01,
300200433_,477,2024-02-01,17.0
300200439_,478,2024-02-01,14.0
300200451_,479,2024-02-01,
300200448_,480,2024-02-01,
300200774_,481,2024-02-01,
300200436_,482,2024-02-01,159.0
300200431_,483,2024-02-01,67.0
300200452_,484,2024-02-01,
300200434_,485,2024-02-01,6.0
300200429_,486,2024-02-01,
300200632_,487,2024-02-01,5.0
300200441_,488,2024-02-01,2.0
300200450_,489,2024-02-01,7.0
300200435_,490,2024-02-01,150.0
300200437_,491,2024-02-01,104.0
300200438_,492,2024-02-01,67.0
300200440_,493,2024-02-01,15.0
300200445_,494,2024-02-01,3.0
300200446_,495,2024-02-01,
ATN000399,496,2024-02-01,
300200592_,497,2024-02-01,
300200366_,498,2024-02-01,20.0
LNVA105011,499,2024-02-01,
300200595_,500,2024-02-01,
030200097_,501,2024-02-01,
300200718_,502,2024-02-01,175.0
300200719_,503,2024-02-01,
300200720_,504,2024-02-01,31.0
300200721_,505,2024-02-01,2.0
300200722_,506,2024-02-01,11.0
300200777_,507,2024-02-01,
300200723_,508,2024-02-01,
300200724_,509,2024-02-01,5.0
300200725_,510,2024-02-01,11.0
300200726_,511,2024-02-01,13.0
300200727_,512,2024-02-01,
300200728_,513,2024-02-01,2.0
300200729_,514,2024-02-01,8.0
300200730_,515,2024-02-01,12.0
300200731_,516,2024-02-01,
300200732_,517,2024-02-01,
300200778_,518,2024-02-01,
300200733_,519,2024-02-01,
300200734_,520,2024-02-01,
300200735_,521,2024-02-01,57.0
300200736_,522,2024-02-01,55.0
300200737_,523,2024-02-01,15.0
300200738_,524,2024-02-01,6.0
300200742_,525,2024-02-01,5.0
300200739_,526,2024-02-01,2.0
300200743_,527,2024-02-01,
300200740_,528,2024-02-01,
300200741_,529,2024-02-01,2.0
300200744_,530,2024-02-01,39.0
300200745_,531,2024-02-01,23.0
300200746_,532,2024-02-01,16.0
300200747_,533,2024-02-01,
300200748_,534,2024-02-01,
300200749_,535,2024-02-01,11.0
300200750_,536,2024-02-01,10.0
300200751_,537,2024-02-01,28.0
300200752_,538,2024-02-01,74.0
300200753_,539,2024-02-01,12.0
300200754_,540,2024-02-01,
300200755_,541,2024-02-01,
300200497_,542,2024-02-01,
030200226_,543,2024-02-01,1.0
030200223_,544,2024-02-01,53.0
030200227_,545,2024-02-01,270.0
030200225_,546,2024-02-01,120.0
030200224_,547,2024-02-01,811.0
030200221_,548,2024-02-01,2362.0
030200222_,549,2024-02-01,519.0
300200473_,550,2024-02-01,
ATN000446,551,2024-02-01,7.0
ATN000389,552,2024-02-01,
130300026_,553,2024-02-01,36.0
130300027_,554,2024-02-01,276.0
130300028_,555,2024-02-01,591.0
030200203_,556,2024-02-01,50.0
030200128_,3,2024-03-01,
030200382_,4,2024-03-01,1.0
030200127_,5,2024-03-01,
030200141_,6,2024-03-01,
030200096_,7,2024-03-01,
030200072_,8,2024-03-01,2.0
030200093_,9,2024-03-01,2.0
030200135_,10,2024-03-01,5.0
030200136_,11,2024-03-01,
030200134_,12,2024-03-01,
030200094_,13,2024-03-01,
030200090_,14,2024-03-01,
030200095_,15,2024-03-01,
030200142_,16,2024-03-01,
280300174_,17,2024-03-01,347.0
030300013_,18,2024-03-01,109.0
030200220_,19,2024-03-01,359.0
030200219_,20,2024-03-01,1109.0
030300078_,21,2024-03-01,
030300014_,22,2024-03-01,80.0
030200193_,23,2024-03-01,4511.0
030201459_,24,2024-03-01,
030200192_,25,2024-03-01,25484.0
030200201_,26,2024-03-01,8418.0
300200428_,27,2024-03-01,233.0
ATN544015,28,2024-03-01,
ATN540115,29,2024-03-01,
ATN000532,30,2024-03-01,
ATN001232,31,2024-03-01,
300201148_,32,2024-03-01,
300201149_,33,2024-03-01,
300201150_,34,2024-03-01,
300201151_,35,2024-03-01,
300201152_,36,2024-03-01,
300201153_,37,2024-03-01,
300201154_,38,2024-03-01,
300201155_,39,2024-03-01,
300200968_,40,2024-03-01,
300200967_,41,2024-03-01,
300200413_,42,2024-03-01,2.0
010400436_,43,2024-03-01,21.0
010400432_,44,2024-03-01,2.0
010400440_,45,2024-03-01,5.0
010400444_,46,2024-03-01,19.0
010400447_,47,2024-03-01,62.0
010400433_,48,2024-03-01,3.0
010400437_,49,2024-03-01,9.0
010400441_,50,2024-03-01,2.0
010400445_,51,2024-03-01,9.0
010400448_,52,2024-03-01,5.0
300200784_,53,2024-03-01,
300200785_,54,2024-03-01,
300200786_,55,2024-03-01,
300200787_,56,2024-03-01,
300200788_,57,2024-03-01,
300200789_,58,2024-03-01,
300200790_,59,2024-03-01,
300200791_,60,2024-03-01,
300200792_,61,2024-03-01,
300200793_,62,2024-03-01,
300200794_,63,2024-03-01,
300200795_,64,2024-03-01,
300200796_,65,2024-03-01,
300200797_,66,2024-03-01,
300200798_,67,2024-03-01,
300200799_,68,2024-03-01,
300200800_,69,2024-03-01,
300200801_,70,2024-03-01,
300200802_,71,2024-03-01,
300200803_,72,2024-03-01,
300200804_,73,2024-03-01,
300200805_,74,2024-03-01,
300200806_,75,2024-03-01,
300200807_,76,2024-03-01,
300200808_,77,2024-03-01,
300200809_,78,2024-03-01,
300200810_,79,2024-03-01,
300200811_,80,2024-03-01,
300200812_,81,2024-03-01,
300200813_,82,2024-03-01,
300200814_,83,2024-03-01,
300200815_,84,2024-03-01,
300200816_,85,2024-03-01,
300200817_,86,2024-03-01,
300200818_,87,2024-03-01,
300200819_,88,2024-03-01,
300200820_,89,2024-03-01,
300200821_,90,2024-03-01,
300200822_,91,2024-03-01,
300200823_,92,2024-03-01,
300200824_,93,2024-03-01,
300200825_,94,2024-03-01,
300200826_,95,2024-03-01,
300200827_,96,2024-03-01,
300200828_,97,2024-03-01,
300200829_,98,2024-03-01,
300200830_,99,2024-03-01,
300200831_,100,2024-03-01,
300200832_,101,2024-03-01,
300200833_,102,2024-03-01,
300200834_,103,2024-03-01,
300200835_,104,2024-03-01,
300200836_,105,2024-03-01,
300200837_,106,2024-03-01,
300200838_,107,2024-03-01,
300200839_,108,2024-03-01,
300200840_,109,2024-03-01,
300200841_,110,2024-03-01,
300200842_,111,2024-03-01,
300200843_,112,2024-03-01,
300200844_,113,2024-03-01,
300200845_,114,2024-03-01,
300200846_,115,2024-03-01,
300200847_,116,2024-03-01,
300200848_,117,2024-03-01,
300200849_,118,2024-03-01,
300200850_,119,2024-03-01,
300200851_,120,2024-03-01,
300200852_,121,2024-03-01,
300200853_,122,2024-03-01,
300200854_,123,2024-03-01,
300200855_,124,2024-03-01,
300200856_,125,2024-03-01,
300200857_,126,2024-03-01,
300200858_,127,2024-03-01,
300200859_,128,2024-03-01,
300200860_,129,2024-03-01,
300200861_,130,2024-03-01,
300200862_,131,2024-03-01,
300200863_,132,2024-03-01,
300200864_,133,2024-03-01,
300200865_,134,2024-03-01,
300200866_,135,2024-03-01,
300200867_,136,2024-03-01,
300200868_,137,2024-03-01,
300200869_,138,2024-03-01,
300200870_,139,2024-03-01,
300200871_,140,2024-03-01,
300200872_,141,2024-03-01,
300200873_,142,2024-03-01,
300200874_,143,2024-03-01,
300200875_,144,2024-03-01,
300200876_,145,2024-03-01,
300200877_,146,2024-03-01,
300200878_,147,2024-03-01,
300200879_,148,2024-03-01,
300200880_,149,2024-03-01,
300200881_,150,2024-03-01,
300200882_,151,2024-03-01,
300200883_,152,2024-03-01,
300200884_,153,2024-03-01,
300200885_,154,2024-03-01,
300200886_,155,2024-03-01,
300200887_,156,2024-03-01,
300200888_,157,2024-03-01,
300200889_,158,2024-03-01,
300200890_,159,2024-03-01,
300200892_,160,2024-03-01,
300200893_,161,2024-03-01,
300200894_,162,2024-03-01,
300200895_,163,2024-03-01,
300200896_,164,2024-03-01,
300200897_,165,2024-03-01,
300200898_,166,2024-03-01,
300200899_,167,2024-03-01,
300200900_,168,2024-03-01,
300200901_,169,2024-03-01,
300200902_,170,2024-03-01,
300200903_,171,2024-03-01,
300200904_,172,2024-03-01,
300200905_,173,2024-03-01,
300200906_,174,2024-03-01,
300200907_,175,2024-03-01,
300200908_,176,2024-03-01,
300200909_,177,2024-03-01,
300200910_,178,2024-03-01,
300200911_,179,2024-03-01,
300200912_,180,2024-03-01,
300200913_,181,2024-03-01,
300200914_,182,2024-03-01,
300200915_,183,2024-03-01,
300200916_,184,2024-03-01,
300200917_,185,2024-03-01,
300200918_,186,2024-03-01,
300200919_,187,2024-03-01,
300200920_,188,2024-03-01,
300200921_,189,2024-03-01,
300200922_,190,2024-03-01,
300200923_,191,2024-03-01,
300200924_,192,2024-03-01,
300200925_,193,2024-03-01,
300200926_,194,2024-03-01,
300200927_,195,2024-03-01,
300200928_,196,2024-03-01,
300200929_,197,2024-03-01,
300200930_,198,2024-03-01,
300200931_,199,2024-03-01,
300200932_,200,2024-03-01,
300200933_,201,2024-03-01,
300200934_,202,2024-03-01,
300200935_,203,2024-03-01,
300200936_,204,2024-03-01,
300200937_,205,2024-03-01,
300200938_,206,2024-03-01,
300200939_,207,2024-03-01,
300200940_,208,2024-03-01,
300200941_,209,2024-03-01,
300200942_,210,2024-03-01,
300200943_,211,2024-03-01,
300200944_,212,2024-03-01,
300200945_,213,2024-03-01,
300200946_,214,2024-03-01,
300200947_,215,2024-03-01,
300200948_,216,2024-03-01,
300200949_,217,2024-03-01,
300200950_,218,2024-03-01,
300200951_,219,2024-03-01,
300200952_,220,2024-03-01,
300200953_,221,2024-03-01,
300200954_,222,2024-03-01,
300200955_,223,2024-03-01,
300200371_,224,2024-03-01,87.0
300200420_,225,2024-03-01,22.0
300200375_,226,2024-03-01,49.0
300200422_,227,2024-03-01,10.0
300200363_,228,2024-03-01,20.0
300200368_,229,2024-03-01,23.0
300200367_,230,2024-03-01,47.0
300200426_,231,2024-03-01,
300200424_,232,2024-03-01,20.0
300200372_,233,2024-03-01,33.0
300200373_,234,2024-03-01,20.0
300200418_,235,2024-03-01,10.0
300200365_,236,2024-03-01,623.0
300200364_,237,2024-03-01,
300200374_,238,2024-03-01,
300200370_,239,2024-03-01,11.0
300200425_,240,2024-03-01,
300200419_,241,2024-03-01,
300200376_,242,2024-03-01,164.0
300200377_,243,2024-03-01,149.0
300200378_,244,2024-03-01,40.0
300200379_,245,2024-03-01,15.0
300200380_,246,2024-03-01,14.0
300200421_,247,2024-03-01,31.0
щщщ0116254,248,2024-03-01,-3.0
300200520_,249,2024-03-01,178.0
300200521_,250,2024-03-01,8.0
300200522_,251,2024-03-01,
300200523_,252,2024-03-01,19.0
300200524_,253,2024-03-01,
300200525_,254,2024-03-01,3.0
300200526_,255,2024-03-01,8.0
300200527_,256,2024-03-01,9.0
300200529_,257,2024-03-01,
300200530_,258,2024-03-01,
300200531_,259,2024-03-01,7.0
300200532_,260,2024-03-01,
300200533_,261,2024-03-01,10.0
300200534_,262,2024-03-01,1.0
300200535_,263,2024-03-01,
300200536_,264,2024-03-01,66.0
300200537_,265,2024-03-01,56.0
300200538_,266,2024-03-01,6.0
300200539_,267,2024-03-01,9.0
300200540_,268,2024-03-01,6.0
300200541_,269,2024-03-01,4.0
300200542_,270,2024-03-01,759.0
300200624_,271,2024-03-01,17.0
300200704_,272,2024-03-01,
300200543_,273,2024-03-01,151.0
300200544_,274,2024-03-01,3.0
300200545_,275,2024-03-01,91.0
300200593_,276,2024-03-01,
300200546_,277,2024-03-01,4.0
300200547_,278,2024-03-01,12.0
300200548_,279,2024-03-01,48.0
300200549_,280,2024-03-01,23.0
300200550_,281,2024-03-01,
300200551_,282,2024-03-01,8.0
300200773_,283,2024-03-01,
300200552_,284,2024-03-01,19.0
300200553_,285,2024-03-01,54.0
300200554_,286,2024-03-01,
300200555_,287,2024-03-01,9.0
300200556_,288,2024-03-01,5.0
300200557_,289,2024-03-01,
300200558_,290,2024-03-01,212.0
300200559_,291,2024-03-01,185.0
300200560_,292,2024-03-01,70.0
300200561_,293,2024-03-01,51.0
300200562_,294,2024-03-01,10.0
300200563_,295,2024-03-01,47.0
300200564_,296,2024-03-01,208.0
300200565_,297,2024-03-01,25.0
300200590_,298,2024-03-01,
300200566_,299,2024-03-01,28.0
300200567_,300,2024-03-01,14.0
300200591_,301,2024-03-01,10.0
300200568_,302,2024-03-01,2.0
300200569_,303,2024-03-01,10.0
300200570_,304,2024-03-01,14.0
300200571_,305,2024-03-01,20.0
300200572_,306,2024-03-01,
300200573_,307,2024-03-01,10.0
300200574_,308,2024-03-01,24.0
300200575_,309,2024-03-01,
300200511_,310,2024-03-01,10.0
300200576_,311,2024-03-01,17.0
300200776_,312,2024-03-01,
300200577_,313,2024-03-01,8.0
300200579_,314,2024-03-01,63.0
300200580_,315,2024-03-01,44.0
300200581_,316,2024-03-01,18.0
300200582_,317,2024-03-01,11.0
300200583_,318,2024-03-01,1.0
300200584_,319,2024-03-01,11.0
300200343_,320,2024-03-01,2197.0
020100163_,321,2024-03-01,212.0
300200459_,322,2024-03-01,89.0
020100158_,323,2024-03-01,511.0
020100159_,324,2024-03-01,50.0
300200460_,325,2024-03-01,110.0
020100160_,326,2024-03-01,228.0
020100161_,327,2024-03-01,51.0
300200461_,328,2024-03-01,19.0
300200472_,329,2024-03-01,104.0
300200462_,330,2024-03-01,53.0
300200517_,331,2024-03-01,
020100162_,332,2024-03-01,37.0
300200772_,333,2024-03-01,
300200468_,334,2024-03-01,126.0
300200515_,335,2024-03-01,149.0
300200518_,336,2024-03-01,16.0
300200516_,337,2024-03-01,757.0
300200471_,338,2024-03-01,41.0
300200470_,339,2024-03-01,
300200463_,340,2024-03-01,1451.0
300200464_,341,2024-03-01,658.0
300200465_,342,2024-03-01,352.0
300200466_,343,2024-03-01,151.0
300200467_,344,2024-03-01,9.0
300200519_,345,2024-03-01,72.0
300200775_,346,2024-03-01,
300200781_,347,2024-03-01,
300200779_,348,2024-03-01,
300200782_,349,2024-03-01,
300200783_,350,2024-03-01,
300100015_,351,2024-03-01,30.0
300100006_,352,2024-03-01,4.0
300100003_,353,2024-03-01,1.0
300100012_,354,2024-03-01,
030200006_,355,2024-03-01,
030200008_,356,2024-03-01,
030200005_,357,2024-03-01,7.0
030200007_,358,2024-03-01,3.0
030200015_,359,2024-03-01,
030200002_,360,2024-03-01,
030200003_,361,2024-03-01,
030200009_,362,2024-03-01,
030200030_,363,2024-03-01,133.0
030200031_,364,2024-03-01,35.0
030200036_,365,2024-03-01,41.0
030200038_,366,2024-03-01,124.0
030200037_,367,2024-03-01,338.0
030200039_,368,2024-03-01,112.0
030200028_,369,2024-03-01,48.0
030200029_,370,2024-03-01,36.0
030200032_,371,2024-03-01,33.0
030200034_,372,2024-03-01,57.0
030200239_,373,2024-03-01,55.0
030200240_,374,2024-03-01,458.0
030200379_,375,2024-03-01,
030200026_,376,2024-03-01,42.0
030200025_,377,2024-03-01,6.0
030200027_,378,2024-03-01,5.0
030200052_,379,2024-03-01,
030200053_,380,2024-03-01,
030200054_,381,2024-03-01,
030200183_,382,2024-03-01,
030200191_,383,2024-03-01,1.0
030200175_,384,2024-03-01,2.0
030200176_,385,2024-03-01,55.0
030200247_,386,2024-03-01,22.0
030200246_,387,2024-03-01,4.0
030200243_,388,2024-03-01,12.0
030200244_,389,2024-03-01,
030200245_,390,2024-03-01,
030200248_,391,2024-03-01,5.0
030200249_,392,2024-03-01,
030200259_,393,2024-03-01,22.0
030200260_,394,2024-03-01,8.0
030200256_,395,2024-03-01,7.0
030200257_,396,2024-03-01,
030200258_,397,2024-03-01,
030200263_,398,2024-03-01,
030200262_,399,2024-03-01,2.0
030200265_,400,2024-03-01,4.0
030200261_,401,2024-03-01,
030200292_,402,2024-03-01,3.0
030200250_,403,2024-03-01,2.0
030200251_,404,2024-03-01,32.0
030200252_,405,2024-03-01,
030200253_,406,2024-03-01,
030200254_,407,2024-03-01,
300200331_,408,2024-03-01,1244.0
300200296_,409,2024-03-01,687.0
300200283_,410,2024-03-01,147.0
300200302_,411,2024-03-01,708.0
300200333_,412,2024-03-01,383.0
300200288_,413,2024-03-01,75.0
300200284_,414,2024-03-01,71.0
300200767_,415,2024-03-01,1.0
300200293_,416,2024-03-01,634.0
300200289_,417,2024-03-01,205.0
300200290_,418,2024-03-01,
300200291_,419,2024-03-01,73.0
300200297_,420,2024-03-01,887.0
300200298_,421,2024-03-01,1358.0
300200299_,422,2024-03-01,6.0
300200294_,423,2024-03-01,130.0
300200286_,424,2024-03-01,6663.0
300200332_,425,2024-03-01,866.0
300200301_,426,2024-03-01,754.0
300200287_,427,2024-03-01,15.0
300200700_,428,2024-03-01,188.0
300200295_,429,2024-03-01,118.0
300200292_,430,2024-03-01,12.0
300200300_,431,2024-03-01,12.0
300200312_,432,2024-03-01,
300200303_,433,2024-03-01,4509.0
300200304_,434,2024-03-01,2000.0
300200305_,435,2024-03-01,968.0
300200306_,436,2024-03-01,414.0
300200307_,437,2024-03-01,78.0
300200310_,438,2024-03-01,60.0
300200311_,439,2024-03-01,86.0
300200308_,440,2024-03-01,23.0
300200309_,441,2024-03-01,13.0
300200313_,442,2024-03-01,15.0
300200498_,443,2024-03-01,176.0
ATN000108,444,2024-03-01,
300200314_,445,2024-03-01,20.0
ATN000109,446,2024-03-01,4.0
300200315_,447,2024-03-01,5.0
300200771_,448,2024-03-01,
300200316_,449,2024-03-01,68.0
300200959_,450,2024-03-01,
300200317_,451,2024-03-01,76.0
300200496_,452,2024-03-01,
300200346_,453,2024-03-01,
300200318_,454,2024-03-01,6.0
300200347_,455,2024-03-01,3.0
300200319_,456,2024-03-01,257.0
300200320_,457,2024-03-01,24.0
300200321_,458,2024-03-01,8.0
300200322_,459,2024-03-01,55.0
300200323_,460,2024-03-01,482.0
300200324_,461,2024-03-01,313.0
300200325_,462,2024-03-01,18.0
300200326_,463,2024-03-01,119.0
300200327_,464,2024-03-01,64.0
300200328_,465,2024-03-01,97.0
300200330_,466,2024-03-01,1.0
300200348_,467,2024-03-01,
300200350_,468,2024-03-01,2.0
300200352_,469,2024-03-01,
300200430_,470,2024-03-01,26.0
300200588_,471,2024-03-01,30.0
300200443_,472,2024-03-01,10.0
300200432_,473,2024-03-01,5.0
300200444_,474,2024-03-01,9.0
300200449_,475,2024-03-01,1.0
300200447_,476,2024-03-01,
300200433_,477,2024-03-01,29.0
300200439_,478,2024-03-01,10.0
300200451_,479,2024-03-01,
300200448_,480,2024-03-01,9.0
300200774_,481,2024-03-01,
300200436_,482,2024-03-01,52.0
300200431_,483,2024-03-01,12.0
300200452_,484,2024-03-01,
300200434_,485,2024-03-01,
300200429_,486,2024-03-01,1.0
300200632_,487,2024-03-01,70.0
300200441_,488,2024-03-01,12.0
300200450_,489,2024-03-01,8.0
300200435_,490,2024-03-01,214.0
300200437_,491,2024-03-01,6.0
300200438_,492,2024-03-01,15.0
300200440_,493,2024-03-01,
300200445_,494,2024-03-01,
300200446_,495,2024-03-01,10.0
ATN000399,496,2024-03-01,
300200592_,497,2024-03-01,4.0
300200366_,498,2024-03-01,30.0
LNVA105011,499,2024-03-01,
300200595_,500,2024-03-01,
030200097_,501,2024-03-01,
300200718_,502,2024-03-01,128.0
300200719_,503,2024-03-01,
300200720_,504,2024-03-01,11.0
300200721_,505,2024-03-01,
300200722_,506,2024-03-01,12.0
300200777_,507,2024-03-01,
300200723_,508,2024-03-01,
300200724_,509,2024-03-01,2.0
300200725_,510,2024-03-01,7.0
300200726_,511,2024-03-01,8.0
300200727_,512,2024-03-01,
300200728_,513,2024-03-01,1.0
300200729_,514,2024-03-01,1.0
300200730_,515,2024-03-01,2.0
300200731_,516,2024-03-01,
300200732_,517,2024-03-01,
300200778_,518,2024-03-01,
300200733_,519,2024-03-01,
300200734_,520,2024-03-01,
300200735_,521,2024-03-01,42.0
300200736_,522,2024-03-01,23.0
300200737_,523,2024-03-01,6.0
300200738_,524,2024-03-01,5.0
300200742_,525,2024-03-01,37.0
300200739_,526,2024-03-01,4.0
300200743_,527,2024-03-01,
300200740_,528,2024-03-01,4.0
300200741_,529,2024-03-01,
300200744_,530,2024-03-01,61.0
300200745_,531,2024-03-01,6.0
300200746_,532,2024-03-01,8.0
300200747_,533,2024-03-01,
300200748_,534,2024-03-01,
300200749_,535,2024-03-01,22.0
300200750_,536,2024-03-01,23.0
300200751_,537,2024-03-01,12.0
300200752_,538,2024-03-01,14.0
300200753_,539,2024-03-01,5.0
300200754_,540,2024-03-01,1.0
300200755_,541,2024-03-01,
300200497_,542,2024-03-01,
030200226_,543,2024-03-01,30.0
030200223_,544,2024-03-01,372.0
030200227_,545,2024-03-01,35.0
030200225_,546,2024-03-01,403.0
030200224_,547,2024-03-01,783.0
030200221_,548,2024-03-01,1192.0
030200222_,549,2024-03-01,580.0
300200473_,550,2024-03-01,
ATN000446,551,2024-03-01,7.0
ATN000389,552,2024-03-01,
130300026_,553,2024-03-01,100.0
130300027_,554,2024-03-01,408.0
130300028_,555,2024-03-01,50.0
030200203_,556,2024-03-01,99.0
030200128_,3,2024-04-01,
030200382_,4,2024-04-01,1.0
030200127_,5,2024-04-01,
030200141_,6,2024-04-01,
030200096_,7,2024-04-01,
030200072_,8,2024-04-01,6.0
030200093_,9,2024-04-01,
030200135_,10,2024-04-01,1.0
030200136_,11,2024-04-01,2.0
030200134_,12,2024-04-01,
030200094_,13,2024-04-01,
030200090_,14,2024-04-01,
030200095_,15,2024-04-01,
030200142_,16,2024-04-01,1.0
280300174_,17,2024-04-01,824.0
030300013_,18,2024-04-01,
030200220_,19,2024-04-01,1487.0
030200219_,20,2024-04-01,2538.0
030300078_,21,2024-04-01,2.0
030300014_,22,2024-04-01,56.0
030200193_,23,2024-04-01,17153.0
030201459_,24,2024-04-01,
030200192_,25,2024-04-01,42968.0
030200201_,26,2024-04-01,15383.0
300200428_,27,2024-04-01,525.0
ATN544015,28,2024-04-01,
ATN540115,29,2024-04-01,
ATN000532,30,2024-04-01,
ATN001232,31,2024-04-01,
300201148_,32,2024-04-01,
300201149_,33,2024-04-01,
300201150_,34,2024-04-01,
300201151_,35,2024-04-01,
300201152_,36,2024-04-01,
300201153_,37,2024-04-01,
300201154_,38,2024-04-01,
300201155_,39,2024-04-01,
300200968_,40,2024-04-01,
300200967_,41,2024-04-01,
300200413_,42,2024-04-01,12.0
010400436_,43,2024-04-01,79.0
010400432_,44,2024-04-01,17.0
010400440_,45,2024-04-01,59.0
010400444_,46,2024-04-01,149.0
010400447_,47,2024-04-01,105.0
010400433_,48,2024-04-01,30.0
010400437_,49,2024-04-01,59.0
010400441_,50,2024-04-01,30.0
010400445_,51,2024-04-01,33.0
010400448_,52,2024-04-01,24.0
300200784_,53,2024-04-01,
300200785_,54,2024-04-01,
300200786_,55,2024-04-01,
300200787_,56,2024-04-01,
300200788_,57,2024-04-01,
300200789_,58,2024-04-01,
300200790_,59,2024-04-01,
300200791_,60,2024-04-01,
300200792_,61,2024-04-01,
300200793_,62,2024-04-01,
300200794_,63,2024-04-01,
300200795_,64,2024-04-01,
300200796_,65,2024-04-01,
300200797_,66,2024-04-01,
300200798_,67,2024-04-01,
300200799_,68,2024-04-01,
300200800_,69,2024-04-01,
300200801_,70,2024-04-01,
300200802_,71,2024-04-01,
300200803_,72,2024-04-01,
300200804_,73,2024-04-01,
300200805_,74,2024-04-01,
300200806_,75,2024-04-01,
300200807_,76,2024-04-01,
300200808_,77,2024-04-01,
300200809_,78,2024-04-01,
300200810_,79,2024-04-01,
300200811_,80,2024-04-01,
300200812_,81,2024-04-01,
300200813_,82,2024-04-01,
300200814_,83,2024-04-01,
300200815_,84,2024-04-01,
300200816_,85,2024-04-01,
300200817_,86,2024-04-01,
300200818_,87,2024-04-01,
300200819_,88,2024-04-01,
300200820_,89,2024-04-01,
300200821_,90,2024-04-01,
300200822_,91,2024-04-01,
300200823_,92,2024-04-01,
300200824_,93,2024-04-01,
300200825_,94,2024-04-01,
300200826_,95,2024-04-01,
300200827_,96,2024-04-01,
300200828_,97,2024-04-01,
300200829_,98,2024-04-01,
300200830_,99,2024-04-01,
300200831_,100,2024-04-01,
300200832_,101,2024-04-01,
300200833_,102,2024-04-01,
300200834_,103,2024-04-01,
300200835_,104,2024-04-01,
300200836_,105,2024-04-01,
300200837_,106,2024-04-01,
300200838_,107,2024-04-01,
300200839_,108,2024-04-01,
300200840_,109,2024-04-01,
300200841_,110,2024-04-01,
300200842_,111,2024-04-01,
300200843_,112,2024-04-01,
300200844_,113,2024-04-01,
300200845_,114,2024-04-01,
300200846_,115,2024-04-01,
300200847_,116,2024-04-01,
300200848_,117,2024-04-01,
300200849_,118,2024-04-01,
300200850_,119,2024-04-01,
300200851_,120,2024-04-01,
300200852_,121,2024-04-01,
300200853_,122,2024-04-01,
300200854_,123,2024-04-01,
300200855_,124,2024-04-01,
300200856_,125,2024-04-01,
300200857_,126,2024-04-01,
300200858_,127,2024-04-01,
300200859_,128,2024-04-01,
300200860_,129,2024-04-01,
300200861_,130,2024-04-01,
300200862_,131,2024-04-01,
300200863_,132,2024-04-01,
300200864_,133,2024-04-01,
300200865_,134,2024-04-01,
300200866_,135,2024-04-01,
300200867_,136,2024-04-01,
300200868_,137,2024-04-01,
300200869_,138,2024-04-01,
300200870_,139,2024-04-01,
300200871_,140,2024-04-01,
300200872_,141,2024-04-01,
300200873_,142,2024-04-01,
300200874_,143,2024-04-01,
300200875_,144,2024-04-01,
300200876_,145,2024-04-01,
300200877_,146,2024-04-01,
300200878_,147,2024-04-01,
300200879_,148,2024-04-01,
300200880_,149,2024-04-01,
300200881_,150,2024-04-01,
300200882_,151,2024-04-01,
300200883_,152,2024-04-01,
300200884_,153,2024-04-01,
300200885_,154,2024-04-01,
300200886_,155,2024-04-01,
300200887_,156,2024-04-01,
300200888_,157,2024-04-01,
300200889_,158,2024-04-01,
300200890_,159,2024-04-01,
300200892_,160,2024-04-01,
300200893_,161,2024-04-01,
300200894_,162,2024-04-01,
300200895_,163,2024-04-01,
300200896_,164,2024-04-01,
300200897_,165,2024-04-01,
300200898_,166,2024-04-01,
300200899_,167,2024-04-01,
300200900_,168,2024-04-01,
300200901_,169,2024-04-01,
300200902_,170,2024-04-01,
300200903_,171,2024-04-01,
300200904_,172,2024-04-01,
300200905_,173,2024-04-01,
300200906_,174,2024-04-01,
300200907_,175,2024-04-01,
300200908_,176,2024-04-01,
300200909_,177,2024-04-01,
300200910_,178,2024-04-01,
300200911_,179,2024-04-01,
300200912_,180,2024-04-01,
300200913_,181,2024-04-01,
300200914_,182,2024-04-01,
300200915_,183,2024-04-01,
300200916_,184,2024-04-01,
300200917_,185,2024-04-01,
300200918_,186,2024-04-01,
300200919_,187,2024-04-01,
300200920_,188,2024-04-01,
300200921_,189,2024-04-01,
300200922_,190,2024-04-01,
300200923_,191,2024-04-01,
300200924_,192,2024-04-01,
300200925_,193,2024-04-01,
300200926_,194,2024-04-01,
300200927_,195,2024-04-01,
300200928_,196,2024-04-01,
300200929_,197,2024-04-01,
300200930_,198,2024-04-01,
300200931_,199,2024-04-01,
300200932_,200,2024-04-01,
300200933_,201,2024-04-01,
300200934_,202,2024-04-01,
300200935_,203,2024-04-01,
300200936_,204,2024-04-01,
300200937_,205,2024-04-01,
300200938_,206,2024-04-01,
300200939_,207,2024-04-01,
300200940_,208,2024-04-01,
300200941_,209,2024-04-01,
300200942_,210,2024-04-01,
300200943_,211,2024-04-01,
300200944_,212,2024-04-01,
300200945_,213,2024-04-01,
300200946_,214,2024-04-01,
300200947_,215,2024-04-01,
300200948_,216,2024-04-01,
300200949_,217,2024-04-01,
300200950_,218,2024-04-01,
300200951_,219,2024-04-01,
300200952_,220,2024-04-01,
300200953_,221,2024-04-01,
300200954_,222,2024-04-01,
300200955_,223,2024-04-01,
300200371_,224,2024-04-01,24.0
300200420_,225,2024-04-01,-21.0
300200375_,226,2024-04-01,-18.0
300200422_,227,2024-04-01,-13.0
300200363_,228,2024-04-01,-4.0
300200368_,229,2024-04-01,37.0
300200367_,230,2024-04-01,11.0
300200426_,231,2024-04-01,
300200424_,232,2024-04-01,10.0
300200372_,233,2024-04-01,-27.0
300200373_,234,2024-04-01,-80.0
300200418_,235,2024-04-01,10.0
300200365_,236,2024-04-01,680.0
300200364_,237,2024-04-01,3.0
300200374_,238,2024-04-01,8.0
300200370_,239,2024-04-01,20.0
300200425_,240,2024-04-01,
300200419_,241,2024-04-01,
300200376_,242,2024-04-01,37.0
300200377_,243,2024-04-01,9.0
300200378_,244,2024-04-01,66.0
300200379_,245,2024-04-01,35.0
300200380_,246,2024-04-01,10.0
300200421_,247,2024-04-01,24.0
щщщ0116254,248,2024-04-01,5.0
300200520_,249,2024-04-01,48.0
300200521_,250,2024-04-01,2.0
300200522_,251,2024-04-01,7.0
300200523_,252,2024-04-01,2.0
300200524_,253,2024-04-01,
300200525_,254,2024-04-01,
300200526_,255,2024-04-01,3.0
300200527_,256,2024-04-01,26.0
300200529_,257,2024-04-01,3.0
300200530_,258,2024-04-01,
300200531_,259,2024-04-01,3.0
300200532_,260,2024-04-01,1.0
300200533_,261,2024-04-01,1.0
300200534_,262,2024-04-01,
300200535_,263,2024-04-01,
300200536_,264,2024-04-01,24.0
300200537_,265,2024-04-01,15.0
300200538_,266,2024-04-01,7.0
300200539_,267,2024-04-01,4.0
300200540_,268,2024-04-01,
300200541_,269,2024-04-01,1.0
300200542_,270,2024-04-01,1372.0
300200624_,271,2024-04-01,4.0
300200704_,272,2024-04-01,
300200543_,273,2024-04-01,113.0
300200544_,274,2024-04-01,3.0
300200545_,275,2024-04-01,97.0
300200593_,276,2024-04-01,
300200546_,277,2024-04-01,1.0
300200547_,278,2024-04-01,2.0
300200548_,279,2024-04-01,30.0
300200549_,280,2024-04-01,57.0
300200550_,281,2024-04-01,
300200551_,282,2024-04-01,5.0
300200773_,283,2024-04-01,
300200552_,284,2024-04-01,19.0
300200553_,285,2024-04-01,33.0
300200554_,286,2024-04-01,2.0
300200555_,287,2024-04-01,8.0
300200556_,288,2024-04-01,11.0
300200557_,289,2024-04-01,
300200558_,290,2024-04-01,311.0
300200559_,291,2024-04-01,196.0
300200560_,292,2024-04-01,130.0
300200561_,293,2024-04-01,55.0
300200562_,294,2024-04-01,14.0
300200563_,295,2024-04-01,19.0
300200564_,296,2024-04-01,97.0
300200565_,297,2024-04-01,32.0
300200590_,298,2024-04-01,
300200566_,299,2024-04-01,2.0
300200567_,300,2024-04-01,5.0
300200591_,301,2024-04-01,2.0
300200568_,302,2024-04-01,
300200569_,303,2024-04-01,
300200570_,304,2024-04-01,1.0
300200571_,305,2024-04-01,10.0
300200572_,306,2024-04-01,
300200573_,307,2024-04-01,10.0
300200574_,308,2024-04-01,13.0
300200575_,309,2024-04-01,10.0
300200511_,310,2024-04-01,10.0
300200576_,311,2024-04-01,69.0
300200776_,312,2024-04-01,
300200577_,313,2024-04-01,10.0
300200579_,314,2024-04-01,30.0
300200580_,315,2024-04-01,55.0
300200581_,316,2024-04-01,30.0
300200582_,317,2024-04-01,25.0
300200583_,318,2024-04-01,11.0
300200584_,319,2024-04-01,12.0
300200343_,320,2024-04-01,3902.0
020100163_,321,2024-04-01,196.0
300200459_,322,2024-04-01,67.0
020100158_,323,2024-04-01,586.0
020100159_,324,2024-04-01,27.0
300200460_,325,2024-04-01,75.0
020100160_,326,2024-04-01,442.0
020100161_,327,2024-04-01,20.0
300200461_,328,2024-04-01,46.0
300200472_,329,2024-04-01,194.0
300200462_,330,2024-04-01,111.0
300200517_,331,2024-04-01,
020100162_,332,2024-04-01,28.0
300200772_,333,2024-04-01,
300200468_,334,2024-04-01,172.0
300200515_,335,2024-04-01,147.0
300200518_,336,2024-04-01,21.0
300200516_,337,2024-04-01,209.0
300200471_,338,2024-04-01,44.0
300200470_,339,2024-04-01,3.0
300200463_,340,2024-04-01,2473.0
300200464_,341,2024-04-01,898.0
300200465_,342,2024-04-01,417.0
300200466_,343,2024-04-01,218.0
300200467_,344,2024-04-01,39.0
300200519_,345,2024-04-01,138.0
300200775_,346,2024-04-01,
300200781_,347,2024-04-01,
300200779_,348,2024-04-01,
300200782_,349,2024-04-01,
300200783_,350,2024-04-01,
300100015_,351,2024-04-01,4.0
300100006_,352,2024-04-01,
300100003_,353,2024-04-01,
300100012_,354,2024-04-01,
030200006_,355,2024-04-01,
030200008_,356,2024-04-01,
030200005_,357,2024-04-01,2.0
030200007_,358,2024-04-01,1.0
030200015_,359,2024-04-01,
030200002_,360,2024-04-01,
030200003_,361,2024-04-01,
030200009_,362,2024-04-01,
030200030_,363,2024-04-01,536.0
030200031_,364,2024-04-01,438.0
030200036_,365,2024-04-01,37.0
030200038_,366,2024-04-01,968.0
030200037_,367,2024-04-01,128.0
030200039_,368,2024-04-01,787.0
030200028_,369,2024-04-01,75.0
030200029_,370,2024-04-01,29.0
030200032_,371,2024-04-01,6.0
030200034_,372,2024-04-01,324.0
030200239_,373,2024-04-01,12.0
030200240_,374,2024-04-01,232.0
030200379_,375,2024-04-01,
030200026_,376,2024-04-01,1.0
030200025_,377,2024-04-01,
030200027_,378,2024-04-01,
030200052_,379,2024-04-01,
030200053_,380,2024-04-01,
030200054_,381,2024-04-01,
030200183_,382,2024-04-01,
030200191_,383,2024-04-01,1.0
030200175_,384,2024-04-01,4.0
030200176_,385,2024-04-01,15.0
030200247_,386,2024-04-01,39.0
030200246_,387,2024-04-01,
030200243_,388,2024-04-01,21.0
030200244_,389,2024-04-01,2.0
030200245_,390,2024-04-01,16.0
030200248_,391,2024-04-01,4.0
030200249_,392,2024-04-01,
030200259_,393,2024-04-01,34.0
030200260_,394,2024-04-01,25.0
030200256_,395,2024-04-01,88.0
030200257_,396,2024-04-01,95.0
030200258_,397,2024-04-01,2.0
030200263_,398,2024-04-01,11.0
030200262_,399,2024-04-01,1.0
030200265_,400,2024-04-01,6.0
030200261_,401,2024-04-01,1.0
030200292_,402,2024-04-01,
030200250_,403,2024-04-01,21.0
030200251_,404,2024-04-01,61.0
030200252_,405,2024-04-01,18.0
030200253_,406,2024-04-01,8.0
030200254_,407,2024-04-01,
300200331_,408,2024-04-01,1291.0
300200296_,409,2024-04-01,820.0
300200283_,410,2024-04-01,143.0
300200302_,411,2024-04-01,775.0
300200333_,412,2024-04-01,819.0
300200288_,413,2024-04-01,96.0
300200284_,414,2024-04-01,80.0
300200767_,415,2024-04-01,3.0
300200293_,416,2024-04-01,394.0
300200289_,417,2024-04-01,285.0
300200290_,418,2024-04-01,5.0
300200291_,419,2024-04-01,65.0
300200297_,420,2024-04-01,704.0
300200298_,421,2024-04-01,954.0
300200299_,422,2024-04-01,1.0
300200294_,423,2024-04-01,61.0
300200286_,424,2024-04-01,8357.0
300200332_,425,2024-04-01,1013.0
300200301_,426,2024-04-01,613.0
300200287_,427,2024-04-01,3.0
300200700_,428,2024-04-01,50.0
300200295_,429,2024-04-01,138.0
300200292_,430,2024-04-01,29.0
300200300_,431,2024-04-01,7.0
300200312_,432,2024-04-01,
300200303_,433,2024-04-01,5059.0
300200304_,434,2024-04-01,1948.0
300200305_,435,2024-04-01,889.0
300200306_,436,2024-04-01,294.0
300200307_,437,2024-04-01,64.0
300200310_,438,2024-04-01,12.0
300200311_,439,2024-04-01,150.0
300200308_,440,2024-04-01,15.0
300200309_,441,2024-04-01,25.0
300200313_,442,2024-04-01,151.0
300200498_,443,2024-04-01,192.0
ATN000108,444,2024-04-01,5.0
300200314_,445,2024-04-01,65.0
ATN000109,446,2024-04-01,
300200315_,447,2024-04-01,23.0
300200771_,448,2024-04-01,5.0
300200316_,449,2024-04-01,104.0
300200959_,450,2024-04-01,
300200317_,451,2024-04-01,107.0
300200496_,452,2024-04-01,
300200346_,453,2024-04-01,
300200318_,454,2024-04-01,151.0
300200347_,455,2024-04-01,59.0
300200319_,456,2024-04-01,484.0
300200320_,457,2024-04-01,165.0
300200321_,458,2024-04-01,46.0
300200322_,459,2024-04-01,136.0
300200323_,460,2024-04-01,764.0
300200324_,461,2024-04-01,1195.0
300200325_,462,2024-04-01,65.0
300200326_,463,2024-04-01,259.0
300200327_,464,2024-04-01,68.0
300200328_,465,2024-04-01,249.0
300200330_,466,2024-04-01,3.0
300200348_,467,2024-04-01,7.0
300200350_,468,2024-04-01,5.0
300200352_,469,2024-04-01,
300200430_,470,2024-04-01,25.0
300200588_,471,2024-04-01,111.0
300200443_,472,2024-04-01,30.0
300200432_,473,2024-04-01,94.0
300200444_,474,2024-04-01,42.0
300200449_,475,2024-04-01,7.0
300200447_,476,2024-04-01,
300200433_,477,2024-04-01,31.0
300200439_,478,2024-04-01,42.0
300200451_,479,2024-04-01,
300200448_,480,2024-04-01,
300200774_,481,2024-04-01,
300200436_,482,2024-04-01,12.0
300200431_,483,2024-04-01,11.0
300200452_,484,2024-04-01,
300200434_,485,2024-04-01,
300200429_,486,2024-04-01,34.0
300200632_,487,2024-04-01,70.0
300200441_,488,2024-04-01,
300200450_,489,2024-04-01,
300200435_,490,2024-04-01,151.0
300200437_,491,2024-04-01,103.0
300200438_,492,2024-04-01,51.0
300200440_,493,2024-04-01,47.0
300200445_,494,2024-04-01,15.0
300200446_,495,2024-04-01,11.0
ATN000399,496,2024-04-01,
300200592_,497,2024-04-01,10.0
300200366_,498,2024-04-01,
LNVA105011,499,2024-04-01,
300200595_,500,2024-04-01,
030200097_,501,2024-04-01,
300200718_,502,2024-04-01,556.0
300200719_,503,2024-04-01,41.0
300200720_,504,2024-04-01,58.0
300200721_,505,2024-04-01,1.0
300200722_,506,2024-04-01,74.0
300200777_,507,2024-04-01,
300200723_,508,2024-04-01,5.0
300200724_,509,2024-04-01,3.0
300200725_,510,2024-04-01,27.0
300200726_,511,2024-04-01,30.0
300200727_,512,2024-04-01,
300200728_,513,2024-04-01,15.0
300200729_,514,2024-04-01,22.0
300200730_,515,2024-04-01,14.0
300200731_,516,2024-04-01,
300200732_,517,2024-04-01,15.0
300200778_,518,2024-04-01,
300200733_,519,2024-04-01,5.0
300200734_,520,2024-04-01,2.0
300200735_,521,2024-04-01,227.0
300200736_,522,2024-04-01,144.0
300200737_,523,2024-04-01,62.0
300200738_,524,2024-04-01,25.0
300200742_,525,2024-04-01,69.0
300200739_,526,2024-04-01,5.0
300200743_,527,2024-04-01,25.0
300200740_,528,2024-04-01,16.0
300200741_,529,2024-04-01,62.0
300200744_,530,2024-04-01,57.0
300200745_,531,2024-04-01,8.0
300200746_,532,2024-04-01,40.0
300200747_,533,2024-04-01,1.0
300200748_,534,2024-04-01,1.0
300200749_,535,2024-04-01,34.0
300200750_,536,2024-04-01,36.0
300200751_,537,2024-04-01,23.0
300200752_,538,2024-04-01,27.0
300200753_,539,2024-04-01,12.0
300200754_,540,2024-04-01,5.0
300200755_,541,2024-04-01,3.0
300200497_,542,2024-04-01,
030200226_,543,2024-04-01,197.0
030200223_,544,2024-04-01,1805.0
030200227_,545,2024-04-01,273.0
030200225_,546,2024-04-01,1304.0
030200224_,547,2024-04-01,2655.0
030200221_,548,2024-04-01,535.0
030200222_,549,2024-04-01,643.0
300200473_,550,2024-04-01,
ATN000446,551,2024-04-01,2.0
ATN000389,552,2024-04-01,
130300026_,553,2024-04-01,453.0
130300027_,554,2024-04-01,773.0
130300028_,555,2024-04-01,186.0
030200203_,556,2024-04-01,1097.0
030200128_,3,2024-05-01,
030200382_,4,2024-05-01,9.0
030200127_,5,2024-05-01,
030200141_,6,2024-05-01,
030200096_,7,2024-05-01,
030200072_,8,2024-05-01,26.0
030200093_,9,2024-05-01,2.0
030200135_,10,2024-05-01,27.0
030200136_,11,2024-05-01,6.0
030200134_,12,2024-05-01,
030200094_,13,2024-05-01,
030200090_,14,2024-05-01,
030200095_,15,2024-05-01,
030200142_,16,2024-05-01,
280300174_,17,2024-05-01,1433.0
030300013_,18,2024-05-01,
030200220_,19,2024-05-01,1257.0
030200219_,20,2024-05-01,3320.0
030300078_,21,2024-05-01,3.0
030300014_,22,2024-05-01,156.0
030200193_,23,2024-05-01,14937.0
030201459_,24,2024-05-01,
030200192_,25,2024-05-01,32348.0
030200201_,26,2024-05-01,11814.0
300200428_,27,2024-05-01,546.0
ATN544015,28,2024-05-01,
ATN540115,29,2024-05-01,
ATN000532,30,2024-05-01,
ATN001232,31,2024-05-01,
300201148_,32,2024-05-01,
300201149_,33,2024-05-01,
300201150_,34,2024-05-01,
300201151_,35,2024-05-01,
300201152_,36,2024-05-01,
300201153_,37,2024-05-01,
300201154_,38,2024-05-01,
300201155_,39,2024-05-01,
300200968_,40,2024-05-01,
300200967_,41,2024-05-01,
300200413_,42,2024-05-01,16.0
010400436_,43,2024-05-01,58.0
010400432_,44,2024-05-01,4.0
010400440_,45,2024-05-01,62.0
010400444_,46,2024-05-01,115.0
010400447_,47,2024-05-01,74.0
010400433_,48,2024-05-01,42.0
010400437_,49,2024-05-01,56.0
010400441_,50,2024-05-01,32.0
010400445_,51,2024-05-01,28.0
010400448_,52,2024-05-01,36.0
300200784_,53,2024-05-01,
300200785_,54,2024-05-01,
300200786_,55,2024-05-01,
300200787_,56,2024-05-01,
300200788_,57,2024-05-01,
300200789_,58,2024-05-01,
300200790_,59,2024-05-01,
300200791_,60,2024-05-01,
300200792_,61,2024-05-01,
300200793_,62,2024-05-01,
300200794_,63,2024-05-01,
300200795_,64,2024-05-01,
300200796_,65,2024-05-01,
300200797_,66,2024-05-01,
300200798_,67,2024-05-01,
300200799_,68,2024-05-01,
300200800_,69,2024-05-01,
300200801_,70,2024-05-01,
300200802_,71,2024-05-01,
300200803_,72,2024-05-01,
300200804_,73,2024-05-01,
300200805_,74,2024-05-01,
300200806_,75,2024-05-01,
300200807_,76,2024-05-01,
300200808_,77,2024-05-01,
300200809_,78,2024-05-01,
300200810_,79,2024-05-01,
300200811_,80,2024-05-01,
300200812_,81,2024-05-01,
300200813_,82,2024-05-01,
300200814_,83,2024-05-01,
300200815_,84,2024-05-01,
300200816_,85,2024-05-01,
300200817_,86,2024-05-01,
300200818_,87,2024-05-01,
300200819_,88,2024-05-01,
300200820_,89,2024-05-01,
300200821_,90,2024-05-01,
300200822_,91,2024-05-01,
300200823_,92,2024-05-01,
300200824_,93,2024-05-01,
300200825_,94,2024-05-01,
300200826_,95,2024-05-01,
300200827_,96,2024-05-01,
300200828_,97,2024-05-01,
300200829_,98,2024-05-01,
300200830_,99,2024-05-01,
300200831_,100,2024-05-01,
300200832_,101,2024-05-01,
300200833_,102,2024-05-01,
300200834_,103,2024-05-01,
300200835_,104,2024-05-01,
300200836_,105,2024-05-01,
300200837_,106,2024-05-01,
300200838_,107,2024-05-01,
300200839_,108,2024-05-01,
300200840_,109,2024-05-01,
300200841_,110,2024-05-01,
300200842_,111,2024-05-01,
300200843_,112,2024-05-01,
300200844_,113,2024-05-01,
300200845_,114,2024-05-01,
300200846_,115,2024-05-01,
300200847_,116,2024-05-01,
300200848_,117,2024-05-01,
300200849_,118,2024-05-01,
300200850_,119,2024-05-01,
300200851_,120,2024-05-01,
300200852_,121,2024-05-01,
300200853_,122,2024-05-01,
300200854_,123,2024-05-01,
300200855_,124,2024-05-01,
300200856_,125,2024-05-01,
300200857_,126,2024-05-01,
300200858_,127,2024-05-01,
300200859_,128,2024-05-01,
300200860_,129,2024-05-01,
300200861_,130,2024-05-01,
300200862_,131,2024-05-01,
300200863_,132,2024-05-01,
300200864_,133,2024-05-01,
300200865_,134,2024-05-01,
300200866_,135,2024-05-01,
300200867_,136,2024-05-01,
300200868_,137,2024-05-01,
300200869_,138,2024-05-01,
300200870_,139,2024-05-01,
300200871_,140,2024-05-01,
300200872_,141,2024-05-01,
300200873_,142,2024-05-01,
300200874_,143,2024-05-01,
300200875_,144,2024-05-01,
300200876_,145,2024-05-01,
300200877_,146,2024-05-01,
300200878_,147,2024-05-01,
300200879_,148,2024-05-01,
300200880_,149,2024-05-01,
300200881_,150,2024-05-01,
300200882_,151,2024-05-01,
300200883_,152,2024-05-01,
300200884_,153,2024-05-01,
300200885_,154,2024-05-01,
300200886_,155,2024-05-01,
300200887_,156,2024-05-01,
300200888_,157,2024-05-01,
300200889_,158,2024-05-01,
300200890_,159,2024-05-01,
300200892_,160,2024-05-01,
300200893_,161,2024-05-01,
300200894_,162,2024-05-01,
300200895_,163,2024-05-01,
300200896_,164,2024-05-01,
300200897_,165,2024-05-01,
300200898_,166,2024-05-01,
300200899_,167,2024-05-01,
300200900_,168,2024-05-01,
300200901_,169,2024-05-01,
300200902_,170,2024-05-01,
300200903_,171,2024-05-01,
300200904_,172,2024-05-01,
300200905_,173,2024-05-01,
300200906_,174,2024-05-01,
300200907_,175,2024-05-01,
300200908_,176,2024-05-01,
300200909_,177,2024-05-01,
300200910_,178,2024-05-01,
300200911_,179,2024-05-01,
300200912_,180,2024-05-01,
300200913_,181,2024-05-01,
300200914_,182,2024-05-01,
300200915_,183,2024-05-01,
300200916_,184,2024-05-01,
300200917_,185,2024-05-01,
300200918_,186,2024-05-01,
300200919_,187,2024-05-01,
300200920_,188,2024-05-01,
300200921_,189,2024-05-01,
300200922_,190,2024-05-01,
300200923_,191,2024-05-01,
300200924_,192,2024-05-01,
300200925_,193,2024-05-01,
300200926_,194,2024-05-01,
300200927_,195,2024-05-01,
300200928_,196,2024-05-01,
300200929_,197,2024-05-01,
300200930_,198,2024-05-01,
300200931_,199,2024-05-01,
300200932_,200,2024-05-01,
300200933_,201,2024-05-01,
300200934_,202,2024-05-01,
300200935_,203,2024-05-01,
300200936_,204,2024-05-01,
300200937_,205,2024-05-01,
300200938_,206,2024-05-01,
300200939_,207,2024-05-01,
300200940_,208,2024-05-01,
300200941_,209,2024-05-01,
300200942_,210,2024-05-01,
300200943_,211,2024-05-01,
300200944_,212,2024-05-01,
300200945_,213,2024-05-01,
300200946_,214,2024-05-01,
300200947_,215,2024-05-01,
300200948_,216,2024-05-01,
300200949_,217,2024-05-01,
300200950_,218,2024-05-01,
300200951_,219,2024-05-01,
300200952_,220,2024-05-01,
300200953_,221,2024-05-01,
300200954_,222,2024-05-01,
300200955_,223,2024-05-01,
300200371_,224,2024-05-01,58.0
300200420_,225,2024-05-01,
300200375_,226,2024-05-01,36.0
300200422_,227,2024-05-01,10.0
300200363_,228,2024-05-01,22.0
300200368_,229,2024-05-01,31.0
300200367_,230,2024-05-01,29.0
300200426_,231,2024-05-01,
300200424_,232,2024-05-01,2.0
300200372_,233,2024-05-01,26.0
300200373_,234,2024-05-01,27.0
300200418_,235,2024-05-01,
300200365_,236,2024-05-01,729.0
300200364_,237,2024-05-01,30.0
300200374_,238,2024-05-01,34.0
300200370_,239,2024-05-01,3.0
300200425_,240,2024-05-01,
300200419_,241,2024-05-01,
300200376_,242,2024-05-01,375.0
300200377_,243,2024-05-01,194.0
300200378_,244,2024-05-01,54.0
300200379_,245,2024-05-01,45.0
300200380_,246,2024-05-01,11.0
300200421_,247,2024-05-01,49.0
щщщ0116254,248,2024-05-01,
300200520_,249,2024-05-01,195.0
300200521_,250,2024-05-01,20.0
300200522_,251,2024-05-01,
300200523_,252,2024-05-01,17.0
300200524_,253,2024-05-01,
300200525_,254,2024-05-01,1.0
300200526_,255,2024-05-01,9.0
300200527_,256,2024-05-01,
300200529_,257,2024-05-01,
300200530_,258,2024-05-01,
300200531_,259,2024-05-01,
300200532_,260,2024-05-01,
300200533_,261,2024-05-01,
300200534_,262,2024-05-01,1.0
300200535_,263,2024-05-01,
300200536_,264,2024-05-01,117.0
300200537_,265,2024-05-01,56.0
300200538_,266,2024-05-01,28.0
300200539_,267,2024-05-01,12.0
300200540_,268,2024-05-01,5.0
300200541_,269,2024-05-01,8.0
300200542_,270,2024-05-01,1743.0
300200624_,271,2024-05-01,
300200704_,272,2024-05-01,47.0
300200543_,273,2024-05-01,168.0
300200544_,274,2024-05-01,
300200545_,275,2024-05-01,116.0
300200593_,276,2024-05-01,103.0
300200546_,277,2024-05-01,
300200547_,278,2024-05-01,16.0
300200548_,279,2024-05-01,57.0
300200549_,280,2024-05-01,65.0
300200550_,281,2024-05-01,
300200551_,282,2024-05-01,12.0
300200773_,283,2024-05-01,5.0
300200552_,284,2024-05-01,3.0
300200553_,285,2024-05-01,94.0
300200554_,286,2024-05-01,3.0
300200555_,287,2024-05-01,86.0
300200556_,288,2024-05-01,19.0
300200557_,289,2024-05-01,5.0
300200558_,290,2024-05-01,531.0
300200559_,291,2024-05-01,340.0
300200560_,292,2024-05-01,116.0
300200561_,293,2024-05-01,45.0
300200562_,294,2024-05-01,17.0
300200563_,295,2024-05-01,68.0
300200564_,296,2024-05-01,485.0
300200565_,297,2024-05-01,54.0
300200590_,298,2024-05-01,10.0
300200566_,299,2024-05-01,3.0
300200567_,300,2024-05-01,20.0
300200591_,301,2024-05-01,25.0
300200568_,302,2024-05-01,10.0
300200569_,303,2024-05-01,3.0
300200570_,304,2024-05-01,28.0
300200571_,305,2024-05-01,18.0
300200572_,306,2024-05-01,
300200573_,307,2024-05-01,2.0
300200574_,308,2024-05-01,5.0
300200575_,309,2024-05-01,
300200511_,310,2024-05-01,2.0
300200576_,311,2024-05-01,23.0
300200776_,312,2024-05-01,
300200577_,313,2024-05-01,
300200579_,314,2024-05-01,185.0
300200580_,315,2024-05-01,103.0
300200581_,316,2024-05-01,25.0
300200582_,317,2024-05-01,15.0
300200583_,318,2024-05-01,15.0
300200584_,319,2024-05-01,9.0
300200343_,320,2024-05-01,4600.0
020100163_,321,2024-05-01,255.0
300200459_,322,2024-05-01,441.0
020100158_,323,2024-05-01,564.0
020100159_,324,2024-05-01,41.0
300200460_,325,2024-05-01,210.0
020100160_,326,2024-05-01,470.0
020100161_,327,2024-05-01,23.0
300200461_,328,2024-05-01,38.0
300200472_,329,2024-05-01,240.0
300200462_,330,2024-05-01,309.0
300200517_,331,2024-05-01,14.0
020100162_,332,2024-05-01,32.0
300200772_,333,2024-05-01,12.0
300200468_,334,2024-05-01,180.0
300200515_,335,2024-05-01,358.0
300200518_,336,2024-05-01,6.0
300200516_,337,2024-05-01,72.0
300200471_,338,2024-05-01,41.0
300200470_,339,2024-05-01,
300200463_,340,2024-05-01,2909.0
300200464_,341,2024-05-01,986.0
300200465_,342,2024-05-01,426.0
300200466_,343,2024-05-01,153.0
300200467_,344,2024-05-01,54.0
300200519_,345,2024-05-01,280.0
300200775_,346,2024-05-01,1.0
300200781_,347,2024-05-01,
300200779_,348,2024-05-01,8.0
300200782_,349,2024-05-01,
300200783_,350,2024-05-01,
300100015_,351,2024-05-01,
300100006_,352,2024-05-01,3.0
300100003_,353,2024-05-01,9.0
300100012_,354,2024-05-01,
030200006_,355,2024-05-01,
030200008_,356,2024-05-01,
030200005_,357,2024-05-01,3.0
030200007_,358,2024-05-01,7.0
030200015_,359,2024-05-01,
030200002_,360,2024-05-01,
030200003_,361,2024-05-01,
030200009_,362,2024-05-01,
030200030_,363,2024-05-01,693.0
030200031_,364,2024-05-01,208.0
030200036_,365,2024-05-01,46.0
030200038_,366,2024-05-01,1457.0
030200037_,367,2024-05-01,119.0
030200039_,368,2024-05-01,740.0
030200028_,369,2024-05-01,100.0
030200029_,370,2024-05-01,12.0
030200032_,371,2024-05-01,15.0
030200034_,372,2024-05-01,394.0
030200239_,373,2024-05-01,58.0
030200240_,374,2024-05-01,313.0
030200379_,375,2024-05-01,
030200026_,376,2024-05-01,
030200025_,377,2024-05-01,
030200027_,378,2024-05-01,19.0
030200052_,379,2024-05-01,
030200053_,380,2024-05-01,
030200054_,381,2024-05-01,
030200183_,382,2024-05-01,
030200191_,383,2024-05-01,
030200175_,384,2024-05-01,
030200176_,385,2024-05-01,
030200247_,386,2024-05-01,45.0
030200246_,387,2024-05-01,
030200243_,388,2024-05-01,17.0
030200244_,389,2024-05-01,5.0
030200245_,390,2024-05-01,1.0
030200248_,391,2024-05-01,18.0
030200249_,392,2024-05-01,
030200259_,393,2024-05-01,30.0
030200260_,394,2024-05-01,29.0
030200256_,395,2024-05-01,121.0
030200257_,396,2024-05-01,32.0
030200258_,397,2024-05-01,16.0
030200263_,398,2024-05-01,5.0
030200262_,399,2024-05-01,2.0
030200265_,400,2024-05-01,
030200261_,401,2024-05-01,
030200292_,402,2024-05-01,
030200250_,403,2024-05-01,28.0
030200251_,404,2024-05-01,32.0
030200252_,405,2024-05-01,12.0
030200253_,406,2024-05-01,6.0
030200254_,407,2024-05-01,1.0
300200331_,408,2024-05-01,2517.0
300200296_,409,2024-05-01,785.0
300200283_,410,2024-05-01,71.0
300200302_,411,2024-05-01,453.0
300200333_,412,2024-05-01,1751.0
300200288_,413,2024-05-01,42.0
300200284_,414,2024-05-01,164.0
300200767_,415,2024-05-01,8.0
300200293_,416,2024-05-01,604.0
300200289_,417,2024-05-01,281.0
300200290_,418,2024-05-01,7.0
300200291_,419,2024-05-01,75.0
300200297_,420,2024-05-01,915.0
300200298_,421,2024-05-01,1092.0
300200299_,422,2024-05-01,3.0
300200294_,423,2024-05-01,55.0
300200286_,424,2024-05-01,10349.0
300200332_,425,2024-05-01,822.0
300200301_,426,2024-05-01,403.0
300200287_,427,2024-05-01,7.0
300200700_,428,2024-05-01,233.0
300200295_,429,2024-05-01,88.0
300200292_,430,2024-05-01,11.0
300200300_,431,2024-05-01,10.0
300200312_,432,2024-05-01,
300200303_,433,2024-05-01,7174.0
300200304_,434,2024-05-01,2850.0
300200305_,435,2024-05-01,1172.0
300200306_,436,2024-05-01,315.0
300200307_,437,2024-05-01,51.0
300200310_,438,2024-05-01,3.0
300200311_,439,2024-05-01,190.0
300200308_,440,2024-05-01,70.0
300200309_,441,2024-05-01,
300200313_,442,2024-05-01,94.0
300200498_,443,2024-05-01,262.0
ATN000108,444,2024-05-01,34.0
300200314_,445,2024-05-01,49.0
ATN000109,446,2024-05-01,12.0
300200315_,447,2024-05-01,64.0
300200771_,448,2024-05-01,9.0
300200316_,449,2024-05-01,117.0
300200959_,450,2024-05-01,
300200317_,451,2024-05-01,529.0
300200496_,452,2024-05-01,
300200346_,453,2024-05-01,
300200318_,454,2024-05-01,473.0
300200347_,455,2024-05-01,126.0
300200319_,456,2024-05-01,457.0
300200320_,457,2024-05-01,105.0
300200321_,458,2024-05-01,162.0
300200322_,459,2024-05-01,157.0
300200323_,460,2024-05-01,867.0
300200324_,461,2024-05-01,1107.0
300200325_,462,2024-05-01,35.0
300200326_,463,2024-05-01,566.0
300200327_,464,2024-05-01,52.0
300200328_,465,2024-05-01,257.0
300200330_,466,2024-05-01,5.0
300200348_,467,2024-05-01,9.0
300200350_,468,2024-05-01,
300200352_,469,2024-05-01,1.0
300200430_,470,2024-05-01,119.0
300200588_,471,2024-05-01,115.0
300200443_,472,2024-05-01,10.0
300200432_,473,2024-05-01,61.0
300200444_,474,2024-05-01,
300200449_,475,2024-05-01,19.0
300200447_,476,2024-05-01,
300200433_,477,2024-05-01,39.0
300200439_,478,2024-05-01,34.0
300200451_,479,2024-05-01,
300200448_,480,2024-05-01,
300200774_,481,2024-05-01,
300200436_,482,2024-05-01,44.0
300200431_,483,2024-05-01,34.0
300200452_,484,2024-05-01,1.0
300200434_,485,2024-05-01,11.0
300200429_,486,2024-05-01,182.0
300200632_,487,2024-05-01,20.0
300200441_,488,2024-05-01,25.0
300200450_,489,2024-05-01,20.0
300200435_,490,2024-05-01,502.0
300200437_,491,2024-05-01,167.0
300200438_,492,2024-05-01,81.0
300200440_,493,2024-05-01,36.0
300200445_,494,2024-05-01,12.0
300200446_,495,2024-05-01,48.0
ATN000399,496,2024-05-01,
300200592_,497,2024-05-01,183.0
300200366_,498,2024-05-01,50.0
LNVA105011,499,2024-05-01,10.0
300200595_,500,2024-05-01,16.0
030200097_,501,2024-05-01,
300200718_,502,2024-05-01,340.0
300200719_,503,2024-05-01,
300200720_,504,2024-05-01,110.0
300200721_,505,2024-05-01,
300200722_,506,2024-05-01,26.0
300200777_,507,2024-05-01,23.0
300200723_,508,2024-05-01,
300200724_,509,2024-05-01,1.0
300200725_,510,2024-05-01,7.0
300200726_,511,2024-05-01,8.0
300200727_,512,2024-05-01,
300200728_,513,2024-05-01,4.0
300200729_,514,2024-05-01,6.0
300200730_,515,2024-05-01,14.0
300200731_,516,2024-05-01,3.0
300200732_,517,2024-05-01,48.0
300200778_,518,2024-05-01,32.0
300200733_,519,2024-05-01,12.0
300200734_,520,2024-05-01,1.0
300200735_,521,2024-05-01,108.0
300200736_,522,2024-05-01,134.0
300200737_,523,2024-05-01,41.0
300200738_,524,2024-05-01,18.0
300200742_,525,2024-05-01,20.0
300200739_,526,2024-05-01,4.0
300200743_,527,2024-05-01,6.0
300200740_,528,2024-05-01,20.0
300200741_,529,2024-05-01,23.0
300200744_,530,2024-05-01,63.0
300200745_,531,2024-05-01,195.0
300200746_,532,2024-05-01,29.0
300200747_,533,2024-05-01,4.0
300200748_,534,2024-05-01,6.0
300200749_,535,2024-05-01,67.0
300200750_,536,2024-05-01,48.0
300200751_,537,2024-05-01,98.0
300200752_,538,2024-05-01,106.0
300200753_,539,2024-05-01,9.0
300200754_,540,2024-05-01,1.0
300200755_,541,2024-05-01,1.0
300200497_,542,2024-05-01,
030200226_,543,2024-05-01,551.0
030200223_,544,2024-05-01,1513.0
030200227_,545,2024-05-01,98.0
030200225_,546,2024-05-01,2845.0
030200224_,547,2024-05-01,2207.0
030200221_,548,2024-05-01,2003.0
030200222_,549,2024-05-01,719.0
300200473_,550,2024-05-01,
ATN000446,551,2024-05-01,8.0
ATN000389,552,2024-05-01,
130300026_,553,2024-05-01,154.0
130300027_,554,2024-05-01,225.0
130300028_,555,2024-05-01,290.0
030200203_,556,2024-05-01,1290.0
030200128_,3,2024-06-01,
030200382_,4,2024-06-01,4.0
030200127_,5,2024-06-01,
030200141_,6,2024-06-01,
030200096_,7,2024-06-01,
030200072_,8,2024-06-01,1.0
030200093_,9,2024-06-01,67.0
030200135_,10,2024-06-01,
030200136_,11,2024-06-01,20.0
030200134_,12,2024-06-01,
030200094_,13,2024-06-01,2.0
030200090_,14,2024-06-01,
030200095_,15,2024-06-01,
030200142_,16,2024-06-01,28.0
280300174_,17,2024-06-01,1162.0
030300013_,18,2024-06-01,50.0
030200220_,19,2024-06-01,1217.0
030200219_,20,2024-06-01,1846.0
030300078_,21,2024-06-01,59.0
030300014_,22,2024-06-01,111.0
030200193_,23,2024-06-01,18705.0
030201459_,24,2024-06-01,
030200192_,25,2024-06-01,41426.0
030200201_,26,2024-06-01,15101.0
300200428_,27,2024-06-01,541.0
ATN544015,28,2024-06-01,
ATN540115,29,2024-06-01,
ATN000532,30,2024-06-01,
ATN001232,31,2024-06-01,
300201148_,32,2024-06-01,
300201149_,33,2024-06-01,
300201150_,34,2024-06-01,
300201151_,35,2024-06-01,
300201152_,36,2024-06-01,
300201153_,37,2024-06-01,
300201154_,38,2024-06-01,
300201155_,39,2024-06-01,
300200968_,40,2024-06-01,
300200967_,41,2024-06-01,
300200413_,42,2024-06-01,10.0
010400436_,43,2024-06-01,81.0
010400432_,44,2024-06-01,28.0
010400440_,45,2024-06-01,30.0
010400444_,46,2024-06-01,133.0
010400447_,47,2024-06-01,103.0
010400433_,48,2024-06-01,16.0
010400437_,49,2024-06-01,40.0
010400441_,50,2024-06-01,23.0
010400445_,51,2024-06-01,23.0
010400448_,52,2024-06-01,26.0
300200784_,53,2024-06-01,
300200785_,54,2024-06-01,
300200786_,55,2024-06-01,
300200787_,56,2024-06-01,
300200788_,57,2024-06-01,
300200789_,58,2024-06-01,
300200790_,59,2024-06-01,
300200791_,60,2024-06-01,
300200792_,61,2024-06-01,
300200793_,62,2024-06-01,
300200794_,63,2024-06-01,
300200795_,64,2024-06-01,
300200796_,65,2024-06-01,
300200797_,66,2024-06-01,
300200798_,67,2024-06-01,
300200799_,68,2024-06-01,
300200800_,69,2024-06-01,
300200801_,70,2024-06-01,
300200802_,71,2024-06-01,
300200803_,72,2024-06-01,
300200804_,73,2024-06-01,
300200805_,74,2024-06-01,
300200806_,75,2024-06-01,
300200807_,76,2024-06-01,
300200808_,77,2024-06-01,
300200809_,78,2024-06-01,
300200810_,79,2024-06-01,
300200811_,80,2024-06-01,
300200812_,81,2024-06-01,
300200813_,82,2024-06-01,
300200814_,83,2024-06-01,
300200815_,84,2024-06-01,
300200816_,85,2024-06-01,
300200817_,86,2024-06-01,
300200818_,87,2024-06-01,
300200819_,88,2024-06-01,
300200820_,89,2024-06-01,
300200821_,90,2024-06-01,
300200822_,91,2024-06-01,
300200823_,92,2024-06-01,
300200824_,93,2024-06-01,
300200825_,94,2024-06-01,
300200826_,95,2024-06-01,
300200827_,96,2024-06-01,
300200828_,97,2024-06-01,
300200829_,98,2024-06-01,
300200830_,99,2024-06-01,
300200831_,100,2024-06-01,
300200832_,101,2024-06-01,
300200833_,102,2024-06-01,
300200834_,103,2024-06-01,
300200835_,104,2024-06-01,
300200836_,105,2024-06-01,
300200837_,106,2024-06-01,
300200838_,107,2024-06-01,
300200839_,108,2024-06-01,
300200840_,109,2024-06-01,
300200841_,110,2024-06-01,
300200842_,111,2024-06-01,
300200843_,112,2024-06-01,
300200844_,113,2024-06-01,
300200845_,114,2024-06-01,
300200846_,115,2024-06-01,
300200847_,116,2024-06-01,
300200848_,117,2024-06-01,
300200849_,118,2024-06-01,
300200850_,119,2024-06-01,
300200851_,120,2024-06-01,
300200852_,121,2024-06-01,
300200853_,122,2024-06-01,
300200854_,123,2024-06-01,
300200855_,124,2024-06-01,
300200856_,125,2024-06-01,
300200857_,126,2024-06-01,
300200858_,127,2024-06-01,
300200859_,128,2024-06-01,
300200860_,129,2024-06-01,
300200861_,130,2024-06-01,
300200862_,131,2024-06-01,
300200863_,132,2024-06-01,
300200864_,133,2024-06-01,
300200865_,134,2024-06-01,
300200866_,135,2024-06-01,
300200867_,136,2024-06-01,
300200868_,137,2024-06-01,
300200869_,138,2024-06-01,
300200870_,139,2024-06-01,
300200871_,140,2024-06-01,
300200872_,141,2024-06-01,
300200873_,142,2024-06-01,
300200874_,143,2024-06-01,
300200875_,144,2024-06-01,
300200876_,145,2024-06-01,
300200877_,146,2024-06-01,
300200878_,147,2024-06-01,
300200879_,148,2024-06-01,
300200880_,149,2024-06-01,
300200881_,150,2024-06-01,
300200882_,151,2024-06-01,
300200883_,152,2024-06-01,
300200884_,153,2024-06-01,
300200885_,154,2024-06-01,
300200886_,155,2024-06-01,
300200887_,156,2024-06-01,
300200888_,157,2024-06-01,
300200889_,158,2024-06-01,
300200890_,159,2024-06-01,
300200892_,160,2024-06-01,
300200893_,161,2024-06-01,
300200894_,162,2024-06-01,
300200895_,163,2024-06-01,
300200896_,164,2024-06-01,
300200897_,165,2024-06-01,
300200898_,166,2024-06-01,
300200899_,167,2024-06-01,
300200900_,168,2024-06-01,
300200901_,169,2024-06-01,
300200902_,170,2024-06-01,
300200903_,171,2024-06-01,
300200904_,172,2024-06-01,
300200905_,173,2024-06-01,
300200906_,174,2024-06-01,
300200907_,175,2024-06-01,
300200908_,176,2024-06-01,
300200909_,177,2024-06-01,
300200910_,178,2024-06-01,
300200911_,179,2024-06-01,
300200912_,180,2024-06-01,
300200913_,181,2024-06-01,
300200914_,182,2024-06-01,
300200915_,183,2024-06-01,
300200916_,184,2024-06-01,
300200917_,185,2024-06-01,
300200918_,186,2024-06-01,
300200919_,187,2024-06-01,
300200920_,188,2024-06-01,
300200921_,189,2024-06-01,
300200922_,190,2024-06-01,
300200923_,191,2024-06-01,
300200924_,192,2024-06-01,
300200925_,193,2024-06-01,
300200926_,194,2024-06-01,
300200927_,195,2024-06-01,
300200928_,196,2024-06-01,
300200929_,197,2024-06-01,
300200930_,198,2024-06-01,
300200931_,199,2024-06-01,
300200932_,200,2024-06-01,
300200933_,201,2024-06-01,
300200934_,202,2024-06-01,
300200935_,203,2024-06-01,
300200936_,204,2024-06-01,
300200937_,205,2024-06-01,
300200938_,206,2024-06-01,
300200939_,207,2024-06-01,
300200940_,208,2024-06-01,
300200941_,209,2024-06-01,
300200942_,210,2024-06-01,
300200943_,211,2024-06-01,
300200944_,212,2024-06-01,
300200945_,213,2024-06-01,
300200946_,214,2024-06-01,
300200947_,215,2024-06-01,
300200948_,216,2024-06-01,
300200949_,217,2024-06-01,
300200950_,218,2024-06-01,
300200951_,219,2024-06-01,
300200952_,220,2024-06-01,
300200953_,221,2024-06-01,
300200954_,222,2024-06-01,
300200955_,223,2024-06-01,
300200371_,224,2024-06-01,24.0
300200420_,225,2024-06-01,
300200375_,226,2024-06-01,21.0
300200422_,227,2024-06-01,1.0
300200363_,228,2024-06-01,11.0
300200368_,229,2024-06-01,32.0
300200367_,230,2024-06-01,36.0
300200426_,231,2024-06-01,2.0
300200424_,232,2024-06-01,1.0
300200372_,233,2024-06-01,16.0
300200373_,234,2024-06-01,26.0
300200418_,235,2024-06-01,
300200365_,236,2024-06-01,482.0
300200364_,237,2024-06-01,34.0
300200374_,238,2024-06-01,92.0
300200370_,239,2024-06-01,
300200425_,240,2024-06-01,
300200419_,241,2024-06-01,
300200376_,242,2024-06-01,277.0
300200377_,243,2024-06-01,103.0
300200378_,244,2024-06-01,45.0
300200379_,245,2024-06-01,16.0
300200380_,246,2024-06-01,
300200421_,247,2024-06-01,3.0
щщщ0116254,248,2024-06-01,
300200520_,249,2024-06-01,259.0
300200521_,250,2024-06-01,36.0
300200522_,251,2024-06-01,
300200523_,252,2024-06-01,15.0
300200524_,253,2024-06-01,8.0
300200525_,254,2024-06-01,2.0
300200526_,255,2024-06-01,13.0
300200527_,256,2024-06-01,14.0
300200529_,257,2024-06-01,8.0
300200530_,258,2024-06-01,1.0
300200531_,259,2024-06-01,10.0
300200532_,260,2024-06-01,
300200533_,261,2024-06-01,22.0
300200534_,262,2024-06-01,8.0
300200535_,263,2024-06-01,2.0
300200536_,264,2024-06-01,106.0
300200537_,265,2024-06-01,130.0
300200538_,266,2024-06-01,86.0
300200539_,267,2024-06-01,25.0
300200540_,268,2024-06-01,7.0
300200541_,269,2024-06-01,
300200542_,270,2024-06-01,1460.0
300200624_,271,2024-06-01,
300200704_,272,2024-06-01,249.0
300200543_,273,2024-06-01,189.0
300200544_,274,2024-06-01,
300200545_,275,2024-06-01,118.0
300200593_,276,2024-06-01,195.0
300200546_,277,2024-06-01,
300200547_,278,2024-06-01,20.0
300200548_,279,2024-06-01,87.0
300200549_,280,2024-06-01,61.0
300200550_,281,2024-06-01,
300200551_,282,2024-06-01,14.0
300200773_,283,2024-06-01,1.0
300200552_,284,2024-06-01,101.0
300200553_,285,2024-06-01,30.0
300200554_,286,2024-06-01,2.0
300200555_,287,2024-06-01,33.0
300200556_,288,2024-06-01,13.0
300200557_,289,2024-06-01,
300200558_,290,2024-06-01,1050.0
300200559_,291,2024-06-01,394.0
300200560_,292,2024-06-01,181.0
300200561_,293,2024-06-01,55.0
300200562_,294,2024-06-01,20.0
300200563_,295,2024-06-01,56.0
300200564_,296,2024-06-01,173.0
300200565_,297,2024-06-01,25.0
300200590_,298,2024-06-01,19.0
300200566_,299,2024-06-01,2.0
300200567_,300,2024-06-01,6.0
300200591_,301,2024-06-01,9.0
300200568_,302,2024-06-01,20.0
300200569_,303,2024-06-01,2.0
300200570_,304,2024-06-01,5.0
300200571_,305,2024-06-01,10.0
300200572_,306,2024-06-01,
300200573_,307,2024-06-01,
300200574_,308,2024-06-01,52.0
300200575_,309,2024-06-01,
300200511_,310,2024-06-01,
300200576_,311,2024-06-01,30.0
300200776_,312,2024-06-01,2.0
300200577_,313,2024-06-01,4.0
300200579_,314,2024-06-01,19.0
300200580_,315,2024-06-01,20.0
300200581_,316,2024-06-01,32.0
300200582_,317,2024-06-01,13.0
300200583_,318,2024-06-01,2.0
300200584_,319,2024-06-01,2.0
300200343_,320,2024-06-01,6224.0
020100163_,321,2024-06-01,513.0
300200459_,322,2024-06-01,165.0
020100158_,323,2024-06-01,1003.0
020100159_,324,2024-06-01,6.0
300200460_,325,2024-06-01,123.0
020100160_,326,2024-06-01,767.0
020100161_,327,2024-06-01,30.0
300200461_,328,2024-06-01,35.0
300200472_,329,2024-06-01,277.0
300200462_,330,2024-06-01,259.0
300200517_,331,2024-06-01,
020100162_,332,2024-06-01,99.0
300200772_,333,2024-06-01,112.0
300200468_,334,2024-06-01,150.0
300200515_,335,2024-06-01,145.0
300200518_,336,2024-06-01,20.0
300200516_,337,2024-06-01,59.0
300200471_,338,2024-06-01,20.0
300200470_,339,2024-06-01,1.0
300200463_,340,2024-06-01,3099.0
300200464_,341,2024-06-01,1593.0
300200465_,342,2024-06-01,735.0
300200466_,343,2024-06-01,359.0
300200467_,344,2024-06-01,83.0
300200519_,345,2024-06-01,232.0
300200775_,346,2024-06-01,1.0
300200781_,347,2024-06-01,
300200779_,348,2024-06-01,247.0
300200782_,349,2024-06-01,2.0
300200783_,350,2024-06-01,
300100015_,351,2024-06-01,
300100006_,352,2024-06-01,2.0
300100003_,353,2024-06-01,26.0
300100012_,354,2024-06-01,
030200006_,355,2024-06-01,
030200008_,356,2024-06-01,
030200005_,357,2024-06-01,2.0
030200007_,358,2024-06-01,3.0
030200015_,359,2024-06-01,
030200002_,360,2024-06-01,
030200003_,361,2024-06-01,
030200009_,362,2024-06-01,
030200030_,363,2024-06-01,42.0
030200031_,364,2024-06-01,40.0
030200036_,365,2024-06-01,22.0
030200038_,366,2024-06-01,206.0
030200037_,367,2024-06-01,53.0
030200039_,368,2024-06-01,50.0
030200028_,369,2024-06-01,57.0
030200029_,370,2024-06-01,
030200032_,371,2024-06-01,40.0
030200034_,372,2024-06-01,-217.0
030200239_,373,2024-06-01,52.0
030200240_,374,2024-06-01,79.0
030200379_,375,2024-06-01,
030200026_,376,2024-06-01,
030200025_,377,2024-06-01,
030200027_,378,2024-06-01,
030200052_,379,2024-06-01,
030200053_,380,2024-06-01,1.0
030200054_,381,2024-06-01,
030200183_,382,2024-06-01,
030200191_,383,2024-06-01,
030200175_,384,2024-06-01,
030200176_,385,2024-06-01,
030200247_,386,2024-06-01,38.0
030200246_,387,2024-06-01,16.0
030200243_,388,2024-06-01,13.0
030200244_,389,2024-06-01,9.0
030200245_,390,2024-06-01,2.0
030200248_,391,2024-06-01,17.0
030200249_,392,2024-06-01,11.0
030200259_,393,2024-06-01,16.0
030200260_,394,2024-06-01,9.0
030200256_,395,2024-06-01,183.0
030200257_,396,2024-06-01,39.0
030200258_,397,2024-06-01,18.0
030200263_,398,2024-06-01,5.0
030200262_,399,2024-06-01,
030200265_,400,2024-06-01,8.0
030200261_,401,2024-06-01,
030200292_,402,2024-06-01,
030200250_,403,2024-06-01,30.0
030200251_,404,2024-06-01,55.0
030200252_,405,2024-06-01,20.0
030200253_,406,2024-06-01,14.0
030200254_,407,2024-06-01,
300200331_,408,2024-06-01,2065.0
300200296_,409,2024-06-01,1082.0
300200283_,410,2024-06-01,89.0
300200302_,411,2024-06-01,572.0
300200333_,412,2024-06-01,914.0
300200288_,413,2024-06-01,65.0
300200284_,414,2024-06-01,85.0
300200767_,415,2024-06-01,
300200293_,416,2024-06-01,392.0
300200289_,417,2024-06-01,408.0
300200290_,418,2024-06-01,11.0
300200291_,419,2024-06-01,113.0
300200297_,420,2024-06-01,673.0
300200298_,421,2024-06-01,866.0
300200299_,422,2024-06-01,18.0
300200294_,423,2024-06-01,60.0
300200286_,424,2024-06-01,8637.0
300200332_,425,2024-06-01,1175.0
300200301_,426,2024-06-01,836.0
300200287_,427,2024-06-01,5.0
300200700_,428,2024-06-01,204.0
300200295_,429,2024-06-01,67.0
300200292_,430,2024-06-01,35.0
300200300_,431,2024-06-01,4.0
300200312_,432,2024-06-01,
300200303_,433,2024-06-01,5292.0
300200304_,434,2024-06-01,1839.0
300200305_,435,2024-06-01,953.0
300200306_,436,2024-06-01,325.0
300200307_,437,2024-06-01,86.0
300200310_,438,2024-06-01,
300200311_,439,2024-06-01,44.0
300200308_,440,2024-06-01,4.0
300200309_,441,2024-06-01,18.0
300200313_,442,2024-06-01,81.0
300200498_,443,2024-06-01,260.0
ATN000108,444,2024-06-01,
300200314_,445,2024-06-01,33.0
ATN000109,446,2024-06-01,2.0
300200315_,447,2024-06-01,31.0
300200771_,448,2024-06-01,39.0
300200316_,449,2024-06-01,165.0
300200959_,450,2024-06-01,
300200317_,451,2024-06-01,43.0
300200496_,452,2024-06-01,
300200346_,453,2024-06-01,
300200318_,454,2024-06-01,31.0
300200347_,455,2024-06-01,
300200319_,456,2024-06-01,477.0
300200320_,457,2024-06-01,73.0
300200321_,458,2024-06-01,16.0
300200322_,459,2024-06-01,28.0
300200323_,460,2024-06-01,548.0
300200324_,461,2024-06-01,842.0
300200325_,462,2024-06-01,63.0
300200326_,463,2024-06-01,368.0
300200327_,464,2024-06-01,50.0
300200328_,465,2024-06-01,239.0
300200330_,466,2024-06-01,4.0
300200348_,467,2024-06-01,15.0
300200350_,468,2024-06-01,3.0
300200352_,469,2024-06-01,
300200430_,470,2024-06-01,62.0
300200588_,471,2024-06-01,109.0
300200443_,472,2024-06-01,30.0
300200432_,473,2024-06-01,17.0
300200444_,474,2024-06-01,4.0
300200449_,475,2024-06-01,1.0
300200447_,476,2024-06-01,
300200433_,477,2024-06-01,24.0
300200439_,478,2024-06-01,12.0
300200451_,479,2024-06-01,2.0
300200448_,480,2024-06-01,
300200774_,481,2024-06-01,
300200436_,482,2024-06-01,94.0
300200431_,483,2024-06-01,18.0
300200452_,484,2024-06-01,
300200434_,485,2024-06-01,
300200429_,486,2024-06-01,18.0
300200632_,487,2024-06-01,38.0
300200441_,488,2024-06-01,7.0
300200450_,489,2024-06-01,1.0
300200435_,490,2024-06-01,335.0
300200437_,491,2024-06-01,107.0
300200438_,492,2024-06-01,40.0
300200440_,493,2024-06-01,12.0
300200445_,494,2024-06-01,2.0
300200446_,495,2024-06-01,16.0
ATN000399,496,2024-06-01,
300200592_,497,2024-06-01,96.0
300200366_,498,2024-06-01,38.0
LNVA105011,499,2024-06-01,3.0
300200595_,500,2024-06-01,10.0
030200097_,501,2024-06-01,
300200718_,502,2024-06-01,391.0
300200719_,503,2024-06-01,
300200720_,504,2024-06-01,43.0
300200721_,505,2024-06-01,5.0
300200722_,506,2024-06-01,10.0
300200777_,507,2024-06-01,35.0
300200723_,508,2024-06-01,5.0
300200724_,509,2024-06-01,
300200725_,510,2024-06-01,17.0
300200726_,511,2024-06-01,22.0
300200727_,512,2024-06-01,
300200728_,513,2024-06-01,4.0
300200729_,514,2024-06-01,7.0
300200730_,515,2024-06-01,30.0
300200731_,516,2024-06-01,1.0
300200732_,517,2024-06-01,7.0
300200778_,518,2024-06-01,26.0
300200733_,519,2024-06-01,2.0
300200734_,520,2024-06-01,1.0
300200735_,521,2024-06-01,155.0
300200736_,522,2024-06-01,101.0
300200737_,523,2024-06-01,39.0
300200738_,524,2024-06-01,6.0
300200742_,525,2024-06-01,125.0
300200739_,526,2024-06-01,1.0
300200743_,527,2024-06-01,11.0
300200740_,528,2024-06-01,14.0
300200741_,529,2024-06-01,8.0
300200744_,530,2024-06-01,124.0
300200745_,531,2024-06-01,41.0
300200746_,532,2024-06-01,30.0
300200747_,533,2024-06-01,3.0
300200748_,534,2024-06-01,8.0
300200749_,535,2024-06-01,36.0
300200750_,536,2024-06-01,18.0
300200751_,537,2024-06-01,31.0
300200752_,538,2024-06-01,53.0
300200753_,539,2024-06-01,9.0
300200754_,540,2024-06-01,4.0
300200755_,541,2024-06-01,2.0
300200497_,542,2024-06-01,
030200226_,543,2024-06-01,44.0
030200223_,544,2024-06-01,857.0
030200227_,545,2024-06-01,395.0
030200225_,546,2024-06-01,1098.0
030200224_,547,2024-06-01,3014.0
030200221_,548,2024-06-01,2526.0
030200222_,549,2024-06-01,1174.0
300200473_,550,2024-06-01,
ATN000446,551,2024-06-01,10.0
ATN000389,552,2024-06-01,
130300026_,553,2024-06-01,174.0
130300027_,554,2024-06-01,1034.0
130300028_,555,2024-06-01,1550.0
030200203_,556,2024-06-01,162.0
030200128_,3,2024-07-01,
030200382_,4,2024-07-01,3.0
030200127_,5,2024-07-01,
030200141_,6,2024-07-01,
030200096_,7,2024-07-01,
030200072_,8,2024-07-01,
030200093_,9,2024-07-01,
030200135_,10,2024-07-01,
030200136_,11,2024-07-01,
030200134_,12,2024-07-01,
030200094_,13,2024-07-01,
030200090_,14,2024-07-01,
030200095_,15,2024-07-01,
030200142_,16,2024-07-01,
280300174_,17,2024-07-01,843.0
030300013_,18,2024-07-01,50.0
030200220_,19,2024-07-01,1978.0
030200219_,20,2024-07-01,3399.0
030300078_,21,2024-07-01,31.0
030300014_,22,2024-07-01,251.0
030200193_,23,2024-07-01,17311.0
030201459_,24,2024-07-01,
030200192_,25,2024-07-01,40484.0
030200201_,26,2024-07-01,11394.0
300200428_,27,2024-07-01,508.0
ATN544015,28,2024-07-01,
ATN540115,29,2024-07-01,
ATN000532,30,2024-07-01,
ATN001232,31,2024-07-01,
300201148_,32,2024-07-01,
300201149_,33,2024-07-01,
300201150_,34,2024-07-01,
300201151_,35,2024-07-01,
300201152_,36,2024-07-01,
300201153_,37,2024-07-01,
300201154_,38,2024-07-01,
300201155_,39,2024-07-01,
300200968_,40,2024-07-01,
300200967_,41,2024-07-01,
300200413_,42,2024-07-01,12.0
010400436_,43,2024-07-01,100.0
010400432_,44,2024-07-01,43.0
010400440_,45,2024-07-01,39.0
010400444_,46,2024-07-01,128.0
010400447_,47,2024-07-01,122.0
010400433_,48,2024-07-01,41.0
010400437_,49,2024-07-01,46.0
010400441_,50,2024-07-01,40.0
010400445_,51,2024-07-01,27.0
010400448_,52,2024-07-01,18.0
300200784_,53,2024-07-01,
300200785_,54,2024-07-01,
300200786_,55,2024-07-01,
300200787_,56,2024-07-01,
300200788_,57,2024-07-01,
300200789_,58,2024-07-01,
300200790_,59,2024-07-01,
300200791_,60,2024-07-01,
300200792_,61,2024-07-01,
300200793_,62,2024-07-01,
300200794_,63,2024-07-01,
300200795_,64,2024-07-01,
300200796_,65,2024-07-01,
300200797_,66,2024-07-01,
300200798_,67,2024-07-01,
300200799_,68,2024-07-01,
300200800_,69,2024-07-01,
300200801_,70,2024-07-01,
300200802_,71,2024-07-01,
300200803_,72,2024-07-01,
300200804_,73,2024-07-01,
300200805_,74,2024-07-01,
300200806_,75,2024-07-01,
300200807_,76,2024-07-01,
300200808_,77,2024-07-01,
300200809_,78,2024-07-01,
300200810_,79,2024-07-01,
300200811_,80,2024-07-01,
300200812_,81,2024-07-01,
300200813_,82,2024-07-01,
300200814_,83,2024-07-01,
300200815_,84,2024-07-01,
300200816_,85,2024-07-01,
300200817_,86,2024-07-01,
300200818_,87,2024-07-01,
300200819_,88,2024-07-01,
300200820_,89,2024-07-01,
300200821_,90,2024-07-01,
300200822_,91,2024-07-01,
300200823_,92,2024-07-01,
300200824_,93,2024-07-01,
300200825_,94,2024-07-01,
300200826_,95,2024-07-01,
300200827_,96,2024-07-01,
300200828_,97,2024-07-01,
300200829_,98,2024-07-01,
300200830_,99,2024-07-01,
300200831_,100,2024-07-01,
300200832_,101,2024-07-01,
300200833_,102,2024-07-01,
300200834_,103,2024-07-01,
300200835_,104,2024-07-01,
300200836_,105,2024-07-01,
300200837_,106,2024-07-01,
300200838_,107,2024-07-01,
300200839_,108,2024-07-01,
300200840_,109,2024-07-01,
300200841_,110,2024-07-01,
300200842_,111,2024-07-01,
300200843_,112,2024-07-01,
300200844_,113,2024-07-01,
300200845_,114,2024-07-01,
300200846_,115,2024-07-01,
300200847_,116,2024-07-01,
300200848_,117,2024-07-01,
300200849_,118,2024-07-01,
300200850_,119,2024-07-01,
300200851_,120,2024-07-01,
300200852_,121,2024-07-01,
300200853_,122,2024-07-01,
300200854_,123,2024-07-01,
300200855_,124,2024-07-01,
300200856_,125,2024-07-01,
300200857_,126,2024-07-01,
300200858_,127,2024-07-01,
300200859_,128,2024-07-01,
300200860_,129,2024-07-01,
300200861_,130,2024-07-01,
300200862_,131,2024-07-01,
300200863_,132,2024-07-01,
300200864_,133,2024-07-01,
300200865_,134,2024-07-01,
300200866_,135,2024-07-01,
300200867_,136,2024-07-01,
300200868_,137,2024-07-01,
300200869_,138,2024-07-01,
300200870_,139,2024-07-01,
300200871_,140,2024-07-01,
300200872_,141,2024-07-01,
300200873_,142,2024-07-01,
300200874_,143,2024-07-01,
300200875_,144,2024-07-01,
300200876_,145,2024-07-01,
300200877_,146,2024-07-01,
300200878_,147,2024-07-01,
300200879_,148,2024-07-01,
300200880_,149,2024-07-01,
300200881_,150,2024-07-01,
300200882_,151,2024-07-01,
300200883_,152,2024-07-01,
300200884_,153,2024-07-01,
300200885_,154,2024-07-01,
300200886_,155,2024-07-01,
300200887_,156,2024-07-01,
300200888_,157,2024-07-01,
300200889_,158,2024-07-01,
300200890_,159,2024-07-01,
300200892_,160,2024-07-01,
300200893_,161,2024-07-01,
300200894_,162,2024-07-01,
300200895_,163,2024-07-01,
300200896_,164,2024-07-01,
300200897_,165,2024-07-01,
300200898_,166,2024-07-01,
300200899_,167,2024-07-01,
300200900_,168,2024-07-01,
300200901_,169,2024-07-01,
300200902_,170,2024-07-01,
300200903_,171,2024-07-01,
300200904_,172,2024-07-01,
300200905_,173,2024-07-01,
300200906_,174,2024-07-01,
300200907_,175,2024-07-01,
300200908_,176,2024-07-01,
300200909_,177,2024-07-01,
300200910_,178,2024-07-01,
300200911_,179,2024-07-01,
300200912_,180,2024-07-01,
300200913_,181,2024-07-01,
300200914_,182,2024-07-01,
300200915_,183,2024-07-01,
300200916_,184,2024-07-01,
300200917_,185,2024-07-01,
300200918_,186,2024-07-01,
300200919_,187,2024-07-01,
300200920_,188,2024-07-01,
300200921_,189,2024-07-01,
300200922_,190,2024-07-01,
300200923_,191,2024-07-01,
300200924_,192,2024-07-01,
300200925_,193,2024-07-01,
300200926_,194,2024-07-01,
300200927_,195,2024-07-01,
300200928_,196,2024-07-01,
300200929_,197,2024-07-01,
300200930_,198,2024-07-01,
300200931_,199,2024-07-01,
300200932_,200,2024-07-01,
300200933_,201,2024-07-01,
300200934_,202,2024-07-01,
300200935_,203,2024-07-01,
300200936_,204,2024-07-01,
300200937_,205,2024-07-01,
300200938_,206,2024-07-01,
300200939_,207,2024-07-01,
300200940_,208,2024-07-01,
300200941_,209,2024-07-01,
300200942_,210,2024-07-01,
300200943_,211,2024-07-01,
300200944_,212,2024-07-01,
300200945_,213,2024-07-01,
300200946_,214,2024-07-01,
300200947_,215,2024-07-01,
300200948_,216,2024-07-01,
300200949_,217,2024-07-01,
300200950_,218,2024-07-01,
300200951_,219,2024-07-01,
300200952_,220,2024-07-01,
300200953_,221,2024-07-01,
300200954_,222,2024-07-01,
300200955_,223,2024-07-01,
300200371_,224,2024-07-01,36.0
300200420_,225,2024-07-01,5.0
300200375_,226,2024-07-01,13.0
300200422_,227,2024-07-01,7.0
300200363_,228,2024-07-01,7.0
300200368_,229,2024-07-01,17.0
300200367_,230,2024-07-01,7.0
300200426_,231,2024-07-01,5.0
300200424_,232,2024-07-01,
300200372_,233,2024-07-01,103.0
300200373_,234,2024-07-01,24.0
300200418_,235,2024-07-01,
300200365_,236,2024-07-01,596.0
300200364_,237,2024-07-01,115.0
300200374_,238,2024-07-01,
300200370_,239,2024-07-01,
300200425_,240,2024-07-01,
300200419_,241,2024-07-01,
300200376_,242,2024-07-01,393.0
300200377_,243,2024-07-01,140.0
300200378_,244,2024-07-01,64.0
300200379_,245,2024-07-01,25.0
300200380_,246,2024-07-01,7.0
300200421_,247,2024-07-01,13.0
щщщ0116254,248,2024-07-01,
300200520_,249,2024-07-01,630.0
300200521_,250,2024-07-01,24.0
300200522_,251,2024-07-01,
300200523_,252,2024-07-01,45.0
300200524_,253,2024-07-01,
300200525_,254,2024-07-01,
300200526_,255,2024-07-01,24.0
300200527_,256,2024-07-01,33.0
300200529_,257,2024-07-01,6.0
300200530_,258,2024-07-01,1.0
300200531_,259,2024-07-01,6.0
300200532_,260,2024-07-01,2.0
300200533_,261,2024-07-01,
300200534_,262,2024-07-01,2.0
300200535_,263,2024-07-01,
300200536_,264,2024-07-01,152.0
300200537_,265,2024-07-01,144.0
300200538_,266,2024-07-01,42.0
300200539_,267,2024-07-01,25.0
300200540_,268,2024-07-01,2.0
300200541_,269,2024-07-01,18.0
300200542_,270,2024-07-01,798.0
300200624_,271,2024-07-01,30.0
300200704_,272,2024-07-01,133.0
300200543_,273,2024-07-01,87.0
300200544_,274,2024-07-01,2.0
300200545_,275,2024-07-01,27.0
300200593_,276,2024-07-01,173.0
300200546_,277,2024-07-01,
300200547_,278,2024-07-01,2.0
300200548_,279,2024-07-01,58.0
300200549_,280,2024-07-01,23.0
300200550_,281,2024-07-01,
300200551_,282,2024-07-01,8.0
300200773_,283,2024-07-01,2.0
300200552_,284,2024-07-01,87.0
300200553_,285,2024-07-01,2.0
300200554_,286,2024-07-01,5.0
300200555_,287,2024-07-01,4.0
300200556_,288,2024-07-01,11.0
300200557_,289,2024-07-01,1.0
300200558_,290,2024-07-01,736.0
300200559_,291,2024-07-01,220.0
300200560_,292,2024-07-01,125.0
300200561_,293,2024-07-01,53.0
300200562_,294,2024-07-01,15.0
300200563_,295,2024-07-01,17.0
300200564_,296,2024-07-01,146.0
300200565_,297,2024-07-01,18.0
300200590_,298,2024-07-01,9.0
300200566_,299,2024-07-01,4.0
300200567_,300,2024-07-01,9.0
300200591_,301,2024-07-01,11.0
300200568_,302,2024-07-01,6.0
300200569_,303,2024-07-01,5.0
300200570_,304,2024-07-01,1.0
300200571_,305,2024-07-01,2.0
300200572_,306,2024-07-01,4.0
300200573_,307,2024-07-01,
300200574_,308,2024-07-01,27.0
300200575_,309,2024-07-01,1.0
300200511_,310,2024-07-01,
300200576_,311,2024-07-01,10.0
300200776_,312,2024-07-01,4.0
300200577_,313,2024-07-01,1.0
300200579_,314,2024-07-01,83.0
300200580_,315,2024-07-01,33.0
300200581_,316,2024-07-01,30.0
300200582_,317,2024-07-01,4.0
300200583_,318,2024-07-01,
300200584_,319,2024-07-01,
300200343_,320,2024-07-01,3610.0
020100163_,321,2024-07-01,389.0
300200459_,322,2024-07-01,186.0
020100158_,323,2024-07-01,683.0
020100159_,324,2024-07-01,25.0
300200460_,325,2024-07-01,100.0
020100160_,326,2024-07-01,634.0
020100161_,327,2024-07-01,38.0
300200461_,328,2024-07-01,72.0
300200472_,329,2024-07-01,205.0
300200462_,330,2024-07-01,79.0
300200517_,331,2024-07-01,
020100162_,332,2024-07-01,14.0
300200772_,333,2024-07-01,58.0
300200468_,334,2024-07-01,185.0
300200515_,335,2024-07-01,183.0
300200518_,336,2024-07-01,23.0
300200516_,337,2024-07-01,107.0
300200471_,338,2024-07-01,62.0
300200470_,339,2024-07-01,
300200463_,340,2024-07-01,1800.0
300200464_,341,2024-07-01,781.0
300200465_,342,2024-07-01,331.0
300200466_,343,2024-07-01,129.0
300200467_,344,2024-07-01,34.0
300200519_,345,2024-07-01,108.0
300200775_,346,2024-07-01,1.0
300200781_,347,2024-07-01,
300200779_,348,2024-07-01,24.0
300200782_,349,2024-07-01,10.0
300200783_,350,2024-07-01,1.0
300100015_,351,2024-07-01,
300100006_,352,2024-07-01,
300100003_,353,2024-07-01,
300100012_,354,2024-07-01,
030200006_,355,2024-07-01,
030200008_,356,2024-07-01,
030200005_,357,2024-07-01,
030200007_,358,2024-07-01,
030200015_,359,2024-07-01,
030200002_,360,2024-07-01,
030200003_,361,2024-07-01,
030200009_,362,2024-07-01,
030200030_,363,2024-07-01,43.0
030200031_,364,2024-07-01,33.0
030200036_,365,2024-07-01,20.0
030200038_,366,2024-07-01,13.0
030200037_,367,2024-07-01,170.0
030200039_,368,2024-07-01,25.0
030200028_,369,2024-07-01,157.0
030200029_,370,2024-07-01,26.0
030200032_,371,2024-07-01,32.0
030200034_,372,2024-07-01,201.0
030200239_,373,2024-07-01,120.0
030200240_,374,2024-07-01,418.0
030200379_,375,2024-07-01,
030200026_,376,2024-07-01,
030200025_,377,2024-07-01,
030200027_,378,2024-07-01,
030200052_,379,2024-07-01,
030200053_,380,2024-07-01,
030200054_,381,2024-07-01,
030200183_,382,2024-07-01,
030200191_,383,2024-07-01,
030200175_,384,2024-07-01,
030200176_,385,2024-07-01,1.0
030200247_,386,2024-07-01,18.0
030200246_,387,2024-07-01,5.0
030200243_,388,2024-07-01,20.0
030200244_,389,2024-07-01,2.0
030200245_,390,2024-07-01,5.0
030200248_,391,2024-07-01,1.0
030200249_,392,2024-07-01,3.0
030200259_,393,2024-07-01,12.0
030200260_,394,2024-07-01,
030200256_,395,2024-07-01,48.0
030200257_,396,2024-07-01,7.0
030200258_,397,2024-07-01,
030200263_,398,2024-07-01,1.0
030200262_,399,2024-07-01,
030200265_,400,2024-07-01,2.0
030200261_,401,2024-07-01,
030200292_,402,2024-07-01,
030200250_,403,2024-07-01,10.0
030200251_,404,2024-07-01,6.0
030200252_,405,2024-07-01,3.0
030200253_,406,2024-07-01,2.0
030200254_,407,2024-07-01,
300200331_,408,2024-07-01,2287.0
300200296_,409,2024-07-01,435.0
300200283_,410,2024-07-01,36.0
300200302_,411,2024-07-01,253.0
300200333_,412,2024-07-01,1326.0
300200288_,413,2024-07-01,35.0
300200284_,414,2024-07-01,80.0
300200767_,415,2024-07-01,5.0
300200293_,416,2024-07-01,495.0
300200289_,417,2024-07-01,434.0
300200290_,418,2024-07-01,5.0
300200291_,419,2024-07-01,24.0
300200297_,420,2024-07-01,1085.0
300200298_,421,2024-07-01,1208.0
300200299_,422,2024-07-01,1.0
300200294_,423,2024-07-01,134.0
300200286_,424,2024-07-01,11455.0
300200332_,425,2024-07-01,1640.0
300200301_,426,2024-07-01,836.0
300200287_,427,2024-07-01,3.0
300200700_,428,2024-07-01,266.0
300200295_,429,2024-07-01,164.0
300200292_,430,2024-07-01,38.0
300200300_,431,2024-07-01,3.0
300200312_,432,2024-07-01,
300200303_,433,2024-07-01,8070.0
300200304_,434,2024-07-01,2903.0
300200305_,435,2024-07-01,1181.0
300200306_,436,2024-07-01,380.0
300200307_,437,2024-07-01,43.0
300200310_,438,2024-07-01,48.0
300200311_,439,2024-07-01,171.0
300200308_,440,2024-07-01,135.0
300200309_,441,2024-07-01,4.0
300200313_,442,2024-07-01,21.0
300200498_,443,2024-07-01,159.0
ATN000108,444,2024-07-01,
300200314_,445,2024-07-01,13.0
ATN000109,446,2024-07-01,
300200315_,447,2024-07-01,35.0
300200771_,448,2024-07-01,12.0
300200316_,449,2024-07-01,25.0
300200959_,450,2024-07-01,
300200317_,451,2024-07-01,3.0
300200496_,452,2024-07-01,
300200346_,453,2024-07-01,
300200318_,454,2024-07-01,37.0
300200347_,455,2024-07-01,327.0
300200319_,456,2024-07-01,339.0
300200320_,457,2024-07-01,168.0
300200321_,458,2024-07-01,42.0
300200322_,459,2024-07-01,218.0
300200323_,460,2024-07-01,492.0
300200324_,461,2024-07-01,830.0
300200325_,462,2024-07-01,37.0
300200326_,463,2024-07-01,369.0
300200327_,464,2024-07-01,31.0
300200328_,465,2024-07-01,317.0
300200330_,466,2024-07-01,53.0
300200348_,467,2024-07-01,1.0
300200350_,468,2024-07-01,30.0
300200352_,469,2024-07-01,
300200430_,470,2024-07-01,26.0
300200588_,471,2024-07-01,71.0
300200443_,472,2024-07-01,5.0
300200432_,473,2024-07-01,12.0
300200444_,474,2024-07-01,3.0
300200449_,475,2024-07-01,1.0
300200447_,476,2024-07-01,
300200433_,477,2024-07-01,37.0
300200439_,478,2024-07-01,20.0
300200451_,479,2024-07-01,7.0
300200448_,480,2024-07-01,4.0
300200774_,481,2024-07-01,1.0
300200436_,482,2024-07-01,140.0
300200431_,483,2024-07-01,5.0
300200452_,484,2024-07-01,1.0
300200434_,485,2024-07-01,12.0
300200429_,486,2024-07-01,63.0
300200632_,487,2024-07-01,62.0
300200441_,488,2024-07-01,
300200450_,489,2024-07-01,1.0
300200435_,490,2024-07-01,369.0
300200437_,491,2024-07-01,118.0
300200438_,492,2024-07-01,56.0
300200440_,493,2024-07-01,32.0
300200445_,494,2024-07-01,3.0
300200446_,495,2024-07-01,16.0
ATN000399,496,2024-07-01,
300200592_,497,2024-07-01,184.0
300200366_,498,2024-07-01,50.0
LNVA105011,499,2024-07-01,
300200595_,500,2024-07-01,18.0
030200097_,501,2024-07-01,
300200718_,502,2024-07-01,350.0
300200719_,503,2024-07-01,2.0
300200720_,504,2024-07-01,54.0
300200721_,505,2024-07-01,
300200722_,506,2024-07-01,56.0
300200777_,507,2024-07-01,86.0
300200723_,508,2024-07-01,
300200724_,509,2024-07-01,11.0
300200725_,510,2024-07-01,14.0
300200726_,511,2024-07-01,11.0
300200727_,512,2024-07-01,
300200728_,513,2024-07-01,
300200729_,514,2024-07-01,5.0
300200730_,515,2024-07-01,10.0
300200731_,516,2024-07-01,2.0
300200732_,517,2024-07-01,26.0
300200778_,518,2024-07-01,43.0
300200733_,519,2024-07-01,1.0
300200734_,520,2024-07-01,
300200735_,521,2024-07-01,358.0
300200736_,522,2024-07-01,126.0
300200737_,523,2024-07-01,64.0
300200738_,524,2024-07-01,11.0
300200742_,525,2024-07-01,132.0
300200739_,526,2024-07-01,7.0
300200743_,527,2024-07-01,6.0
300200740_,528,2024-07-01,25.0
300200741_,529,2024-07-01,125.0
300200744_,530,2024-07-01,183.0
300200745_,531,2024-07-01,104.0
300200746_,532,2024-07-01,18.0
300200747_,533,2024-07-01,3.0
300200748_,534,2024-07-01,21.0
300200749_,535,2024-07-01,95.0
300200750_,536,2024-07-01,31.0
300200751_,537,2024-07-01,96.0
300200752_,538,2024-07-01,152.0
300200753_,539,2024-07-01,20.0
300200754_,540,2024-07-01,2.0
300200755_,541,2024-07-01,7.0
300200497_,542,2024-07-01,
030200226_,543,2024-07-01,223.0
030200223_,544,2024-07-01,1425.0
030200227_,545,2024-07-01,744.0
030200225_,546,2024-07-01,1332.0
030200224_,547,2024-07-01,3116.0
030200221_,548,2024-07-01,1987.0
030200222_,549,2024-07-01,697.0
300200473_,550,2024-07-01,
ATN000446,551,2024-07-01,12.0
ATN000389,552,2024-07-01,
130300026_,553,2024-07-01,1286.0
130300027_,554,2024-07-01,2931.0
130300028_,555,2024-07-01,-1310.0
030200203_,556,2024-07-01,1451.0
030200128_,3,2024-08-01,
030200382_,4,2024-08-01,74.0
030200127_,5,2024-08-01,
030200141_,6,2024-08-01,
030200096_,7,2024-08-01,
030200072_,8,2024-08-01,
030200093_,9,2024-08-01,16.0
030200135_,10,2024-08-01,
030200136_,11,2024-08-01,
030200134_,12,2024-08-01,5.0
030200094_,13,2024-08-01,
030200090_,14,2024-08-01,
030200095_,15,2024-08-01,
030200142_,16,2024-08-01,2.0
280300174_,17,2024-08-01,237.0
030300013_,18,2024-08-01,15.0
030200220_,19,2024-08-01,2181.0
030200219_,20,2024-08-01,2723.0
030300078_,21,2024-08-01,
030300014_,22,2024-08-01,250.0
030200193_,23,2024-08-01,21000.0
030201459_,24,2024-08-01,
030200192_,25,2024-08-01,50017.0
030200201_,26,2024-08-01,14308.0
300200428_,27,2024-08-01,707.0
ATN544015,28,2024-08-01,
ATN540115,29,2024-08-01,
ATN000532,30,2024-08-01,
ATN001232,31,2024-08-01,
300201148_,32,2024-08-01,
300201149_,33,2024-08-01,
300201150_,34,2024-08-01,
300201151_,35,2024-08-01,
300201152_,36,2024-08-01,
300201153_,37,2024-08-01,
300201154_,38,2024-08-01,
300201155_,39,2024-08-01,
300200968_,40,2024-08-01,
300200967_,41,2024-08-01,
300200413_,42,2024-08-01,28.0
010400436_,43,2024-08-01,100.0
010400432_,44,2024-08-01,95.0
010400440_,45,2024-08-01,73.0
010400444_,46,2024-08-01,152.0
010400447_,47,2024-08-01,143.0
010400433_,48,2024-08-01,51.0
010400437_,49,2024-08-01,91.0
010400441_,50,2024-08-01,41.0
010400445_,51,2024-08-01,77.0
010400448_,52,2024-08-01,54.0
300200784_,53,2024-08-01,24.0
300200785_,54,2024-08-01,24.0
300200786_,55,2024-08-01,10.0
300200787_,56,2024-08-01,20.0
300200788_,57,2024-08-01,10.0
300200789_,58,2024-08-01,6.0
300200790_,59,2024-08-01,10.0
300200791_,60,2024-08-01,5.0
300200792_,61,2024-08-01,
300200793_,62,2024-08-01,20.0
300200794_,63,2024-08-01,5.0
300200795_,64,2024-08-01,34.0
300200796_,65,2024-08-01,30.0
300200797_,66,2024-08-01,20.0
300200798_,67,2024-08-01,10.0
300200799_,68,2024-08-01,10.0
300200800_,69,2024-08-01,10.0
300200801_,70,2024-08-01,6.0
300200802_,71,2024-08-01,
300200803_,72,2024-08-01,10.0
300200804_,73,2024-08-01,6.0
300200805_,74,2024-08-01,5.0
300200806_,75,2024-08-01,6.0
300200807_,76,2024-08-01,3.0
300200808_,77,2024-08-01,3.0
300200809_,78,2024-08-01,3.0
300200810_,79,2024-08-01,44.0
300200811_,80,2024-08-01,
300200812_,81,2024-08-01,14.0
300200813_,82,2024-08-01,
300200814_,83,2024-08-01,10.0
300200815_,84,2024-08-01,
300200816_,85,2024-08-01,5.0
300200817_,86,2024-08-01,10.0
300200818_,87,2024-08-01,10.0
300200819_,88,2024-08-01,
300200820_,89,2024-08-01,5.0
300200821_,90,2024-08-01,44.0
300200822_,91,2024-08-01,10.0
300200823_,92,2024-08-01,10.0
300200824_,93,2024-08-01,5.0
300200825_,94,2024-08-01,2.0
300200826_,95,2024-08-01,10.0
300200827_,96,2024-08-01,
300200828_,97,2024-08-01,
300200829_,98,2024-08-01,
300200830_,99,2024-08-01,
300200831_,100,2024-08-01,
300200832_,101,2024-08-01,5.0
300200833_,102,2024-08-01,14.0
300200834_,103,2024-08-01,
300200835_,104,2024-08-01,
300200836_,105,2024-08-01,5.0
300200837_,106,2024-08-01,
300200838_,107,2024-08-01,
300200839_,108,2024-08-01,
300200840_,109,2024-08-01,5.0
300200841_,110,2024-08-01,3.0
300200842_,111,2024-08-01,10.0
300200843_,112,2024-08-01,14.0
300200844_,113,2024-08-01,
300200845_,114,2024-08-01,5.0
300200846_,115,2024-08-01,
300200847_,116,2024-08-01,30.0
300200848_,117,2024-08-01,20.0
300200849_,118,2024-08-01,10.0
300200850_,119,2024-08-01,10.0
300200851_,120,2024-08-01,
300200852_,121,2024-08-01,6.0
300200853_,122,2024-08-01,5.0
300200854_,123,2024-08-01,6.0
300200855_,124,2024-08-01,
300200856_,125,2024-08-01,14.0
300200857_,126,2024-08-01,14.0
300200858_,127,2024-08-01,10.0
300200859_,128,2024-08-01,10.0
300200860_,129,2024-08-01,5.0
300200861_,130,2024-08-01,
300200862_,131,2024-08-01,5.0
300200863_,132,2024-08-01,
300200864_,133,2024-08-01,3.0
300200865_,134,2024-08-01,10.0
300200866_,135,2024-08-01,
300200867_,136,2024-08-01,
300200868_,137,2024-08-01,34.0
300200869_,138,2024-08-01,30.0
300200870_,139,2024-08-01,20.0
300200871_,140,2024-08-01,10.0
300200872_,141,2024-08-01,10.0
300200873_,142,2024-08-01,5.0
300200874_,143,2024-08-01,
300200875_,144,2024-08-01,
300200876_,145,2024-08-01,
300200877_,146,2024-08-01,
300200878_,147,2024-08-01,
300200879_,148,2024-08-01,5.0
300200880_,149,2024-08-01,
300200881_,150,2024-08-01,
300200882_,151,2024-08-01,14.0
300200883_,152,2024-08-01,10.0
300200884_,153,2024-08-01,10.0
300200885_,154,2024-08-01,10.0
300200886_,155,2024-08-01,10.0
300200887_,156,2024-08-01,4.0
300200888_,157,2024-08-01,
300200889_,158,2024-08-01,
300200890_,159,2024-08-01,
300200892_,160,2024-08-01,
300200893_,161,2024-08-01,
300200894_,162,2024-08-01,
300200895_,163,2024-08-01,
300200896_,164,2024-08-01,
300200897_,165,2024-08-01,
300200898_,166,2024-08-01,4.0
300200899_,167,2024-08-01,
300200900_,168,2024-08-01,
300200901_,169,2024-08-01,
300200902_,170,2024-08-01,
300200903_,171,2024-08-01,
300200904_,172,2024-08-01,
300200905_,173,2024-08-01,
300200906_,174,2024-08-01,
300200907_,175,2024-08-01,
300200908_,176,2024-08-01,
300200909_,177,2024-08-01,
300200910_,178,2024-08-01,24.0
300200911_,179,2024-08-01,
300200912_,180,2024-08-01,24.0
300200913_,181,2024-08-01,10.0
300200914_,182,2024-08-01,20.0
300200915_,183,2024-08-01,10.0
300200916_,184,2024-08-01,6.0
300200917_,185,2024-08-01,10.0
300200918_,186,2024-08-01,5.0
300200919_,187,2024-08-01,3.0
300200920_,188,2024-08-01,5.0
300200921_,189,2024-08-01,34.0
300200922_,190,2024-08-01,30.0
300200923_,191,2024-08-01,20.0
300200924_,192,2024-08-01,10.0
300200925_,193,2024-08-01,10.0
300200926_,194,2024-08-01,10.0
300200927_,195,2024-08-01,6.0
300200928_,196,2024-08-01,
300200929_,197,2024-08-01,6.0
300200930_,198,2024-08-01,
300200931_,199,2024-08-01,3.0
300200932_,200,2024-08-01,10.0
300200933_,201,2024-08-01,4.0
300200934_,202,2024-08-01,4.0
300200935_,203,2024-08-01,
300200936_,204,2024-08-01,
300200937_,205,2024-08-01,
300200938_,206,2024-08-01,
300200939_,207,2024-08-01,
300200940_,208,2024-08-01,
300200941_,209,2024-08-01,
300200942_,210,2024-08-01,
300200943_,211,2024-08-01,
300200944_,212,2024-08-01,
300200945_,213,2024-08-01,
300200946_,214,2024-08-01,
300200947_,215,2024-08-01,
300200948_,216,2024-08-01,
300200949_,217,2024-08-01,
300200950_,218,2024-08-01,
300200951_,219,2024-08-01,
300200952_,220,2024-08-01,
300200953_,221,2024-08-01,
300200954_,222,2024-08-01,
300200955_,223,2024-08-01,
300200371_,224,2024-08-01,36.0
300200420_,225,2024-08-01,4.0
300200375_,226,2024-08-01,67.0
300200422_,227,2024-08-01,2.0
300200363_,228,2024-08-01,13.0
300200368_,229,2024-08-01,27.0
300200367_,230,2024-08-01,36.0
300200426_,231,2024-08-01,
300200424_,232,2024-08-01,2.0
300200372_,233,2024-08-01,32.0
300200373_,234,2024-08-01,17.0
300200418_,235,2024-08-01,4.0
300200365_,236,2024-08-01,532.0
300200364_,237,2024-08-01,34.0
300200374_,238,2024-08-01,26.0
300200370_,239,2024-08-01,4.0
300200425_,240,2024-08-01,
300200419_,241,2024-08-01,
300200376_,242,2024-08-01,385.0
300200377_,243,2024-08-01,155.0
300200378_,244,2024-08-01,92.0
300200379_,245,2024-08-01,21.0
300200380_,246,2024-08-01,6.0
300200421_,247,2024-08-01,24.0
щщщ0116254,248,2024-08-01,4.0
300200520_,249,2024-08-01,485.0
300200521_,250,2024-08-01,31.0
300200522_,251,2024-08-01,
300200523_,252,2024-08-01,66.0
300200524_,253,2024-08-01,
300200525_,254,2024-08-01,1.0
300200526_,255,2024-08-01,23.0
300200527_,256,2024-08-01,22.0
300200529_,257,2024-08-01,5.0
300200530_,258,2024-08-01,22.0
300200531_,259,2024-08-01,35.0
300200532_,260,2024-08-01,6.0
300200533_,261,2024-08-01,16.0
300200534_,262,2024-08-01,
300200535_,263,2024-08-01,1.0
300200536_,264,2024-08-01,79.0
300200537_,265,2024-08-01,65.0
300200538_,266,2024-08-01,59.0
300200539_,267,2024-08-01,17.0
300200540_,268,2024-08-01,9.0
300200541_,269,2024-08-01,24.0
300200542_,270,2024-08-01,1545.0
300200624_,271,2024-08-01,53.0
300200704_,272,2024-08-01,225.0
300200543_,273,2024-08-01,264.0
300200544_,274,2024-08-01,11.0
300200545_,275,2024-08-01,46.0
300200593_,276,2024-08-01,163.0
300200546_,277,2024-08-01,
300200547_,278,2024-08-01,19.0
300200548_,279,2024-08-01,97.0
300200549_,280,2024-08-01,87.0
300200550_,281,2024-08-01,
300200551_,282,2024-08-01,17.0
300200773_,283,2024-08-01,43.0
300200552_,284,2024-08-01,52.0
300200553_,285,2024-08-01,66.0
300200554_,286,2024-08-01,7.0
300200555_,287,2024-08-01,4.0
300200556_,288,2024-08-01,53.0
300200557_,289,2024-08-01,
300200558_,290,2024-08-01,728.0
300200559_,291,2024-08-01,429.0
300200560_,292,2024-08-01,228.0
300200561_,293,2024-08-01,85.0
300200562_,294,2024-08-01,28.0
300200563_,295,2024-08-01,119.0
300200564_,296,2024-08-01,169.0
300200565_,297,2024-08-01,23.0
300200590_,298,2024-08-01,11.0
300200566_,299,2024-08-01,3.0
300200567_,300,2024-08-01,3.0
300200591_,301,2024-08-01,22.0
300200568_,302,2024-08-01,4.0
300200569_,303,2024-08-01,
300200570_,304,2024-08-01,4.0
300200571_,305,2024-08-01,3.0
300200572_,306,2024-08-01,
300200573_,307,2024-08-01,
300200574_,308,2024-08-01,
300200575_,309,2024-08-01,16.0
300200511_,310,2024-08-01,21.0
300200576_,311,2024-08-01,19.0
300200776_,312,2024-08-01,
300200577_,313,2024-08-01,
300200579_,314,2024-08-01,75.0
300200580_,315,2024-08-01,37.0
300200581_,316,2024-08-01,19.0
300200582_,317,2024-08-01,1.0
300200583_,318,2024-08-01,5.0
300200584_,319,2024-08-01,1.0
300200343_,320,2024-08-01,4571.0
020100163_,321,2024-08-01,260.0
300200459_,322,2024-08-01,175.0
020100158_,323,2024-08-01,621.0
020100159_,324,2024-08-01,33.0
300200460_,325,2024-08-01,143.0
020100160_,326,2024-08-01,650.0
020100161_,327,2024-08-01,4.0
300200461_,328,2024-08-01,41.0
300200472_,329,2024-08-01,249.0
300200462_,330,2024-08-01,235.0
300200517_,331,2024-08-01,27.0
020100162_,332,2024-08-01,58.0
300200772_,333,2024-08-01,58.0
300200468_,334,2024-08-01,138.0
300200515_,335,2024-08-01,196.0
300200518_,336,2024-08-01,78.0
300200516_,337,2024-08-01,64.0
300200471_,338,2024-08-01,11.0
300200470_,339,2024-08-01,12.0
300200463_,340,2024-08-01,1701.0
300200464_,341,2024-08-01,1265.0
300200465_,342,2024-08-01,600.0
300200466_,343,2024-08-01,299.0
300200467_,344,2024-08-01,47.0
300200519_,345,2024-08-01,197.0
300200775_,346,2024-08-01,3.0
300200781_,347,2024-08-01,
300200779_,348,2024-08-01,105.0
300200782_,349,2024-08-01,10.0
300200783_,350,2024-08-01,1.0
300100015_,351,2024-08-01,27.0
300100006_,352,2024-08-01,
300100003_,353,2024-08-01,
300100012_,354,2024-08-01,
030200006_,355,2024-08-01,
030200008_,356,2024-08-01,
030200005_,357,2024-08-01,
030200007_,358,2024-08-01,
030200015_,359,2024-08-01,
030200002_,360,2024-08-01,
030200003_,361,2024-08-01,
030200009_,362,2024-08-01,
030200030_,363,2024-08-01,70.0
030200031_,364,2024-08-01,25.0
030200036_,365,2024-08-01,40.0
030200038_,366,2024-08-01,30.0
030200037_,367,2024-08-01,150.0
030200039_,368,2024-08-01,11.0
030200028_,369,2024-08-01,217.0
030200029_,370,2024-08-01,25.0
030200032_,371,2024-08-01,28.0
030200034_,372,2024-08-01,160.0
030200239_,373,2024-08-01,282.0
030200240_,374,2024-08-01,85.0
030200379_,375,2024-08-01,
030200026_,376,2024-08-01,
030200025_,377,2024-08-01,
030200027_,378,2024-08-01,1.0
030200052_,379,2024-08-01,
030200053_,380,2024-08-01,
030200054_,381,2024-08-01,
030200183_,382,2024-08-01,
030200191_,383,2024-08-01,
030200175_,384,2024-08-01,
030200176_,385,2024-08-01,
030200247_,386,2024-08-01,106.0
030200246_,387,2024-08-01,12.0
030200243_,388,2024-08-01,60.0
030200244_,389,2024-08-01,
030200245_,390,2024-08-01,
030200248_,391,2024-08-01,
030200249_,392,2024-08-01,
030200259_,393,2024-08-01,104.0
030200260_,394,2024-08-01,3.0
030200256_,395,2024-08-01,237.0
030200257_,396,2024-08-01,154.0
030200258_,397,2024-08-01,60.0
030200263_,398,2024-08-01,3.0
030200262_,399,2024-08-01,
030200265_,400,2024-08-01,
030200261_,401,2024-08-01,
030200292_,402,2024-08-01,
030200250_,403,2024-08-01,56.0
030200251_,404,2024-08-01,137.0
030200252_,405,2024-08-01,60.0
030200253_,406,2024-08-01,2.0
030200254_,407,2024-08-01,
300200331_,408,2024-08-01,2678.0
300200296_,409,2024-08-01,983.0
300200283_,410,2024-08-01,73.0
300200302_,411,2024-08-01,605.0
300200333_,412,2024-08-01,1534.0
300200288_,413,2024-08-01,48.0
300200284_,414,2024-08-01,418.0
300200767_,415,2024-08-01,13.0
300200293_,416,2024-08-01,376.0
300200289_,417,2024-08-01,454.0
300200290_,418,2024-08-01,
300200291_,419,2024-08-01,107.0
300200297_,420,2024-08-01,1473.0
300200298_,421,2024-08-01,1190.0
300200299_,422,2024-08-01,10.0
300200294_,423,2024-08-01,223.0
300200286_,424,2024-08-01,11997.0
300200332_,425,2024-08-01,1565.0
300200301_,426,2024-08-01,661.0
300200287_,427,2024-08-01,94.0
300200700_,428,2024-08-01,183.0
300200295_,429,2024-08-01,69.0
300200292_,430,2024-08-01,33.0
300200300_,431,2024-08-01,9.0
300200312_,432,2024-08-01,
300200303_,433,2024-08-01,8581.0
300200304_,434,2024-08-01,3178.0
300200305_,435,2024-08-01,1538.0
300200306_,436,2024-08-01,462.0
300200307_,437,2024-08-01,89.0
300200310_,438,2024-08-01,10.0
300200311_,439,2024-08-01,196.0
300200308_,440,2024-08-01,18.0
300200309_,441,2024-08-01,8.0
300200313_,442,2024-08-01,99.0
300200498_,443,2024-08-01,291.0
ATN000108,444,2024-08-01,11.0
300200314_,445,2024-08-01,54.0
ATN000109,446,2024-08-01,2.0
300200315_,447,2024-08-01,20.0
300200771_,448,2024-08-01,37.0
300200316_,449,2024-08-01,52.0
300200959_,450,2024-08-01,10.0
300200317_,451,2024-08-01,685.0
300200496_,452,2024-08-01,
300200346_,453,2024-08-01,
300200318_,454,2024-08-01,750.0
300200347_,455,2024-08-01,3.0
300200319_,456,2024-08-01,390.0
300200320_,457,2024-08-01,109.0
300200321_,458,2024-08-01,108.0
300200322_,459,2024-08-01,166.0
300200323_,460,2024-08-01,522.0
300200324_,461,2024-08-01,1102.0
300200325_,462,2024-08-01,99.0
300200326_,463,2024-08-01,377.0
300200327_,464,2024-08-01,54.0
300200328_,465,2024-08-01,341.0
300200330_,466,2024-08-01,4.0
300200348_,467,2024-08-01,35.0
300200350_,468,2024-08-01,
300200352_,469,2024-08-01,
300200430_,470,2024-08-01,24.0
300200588_,471,2024-08-01,132.0
300200443_,472,2024-08-01,8.0
300200432_,473,2024-08-01,27.0
300200444_,474,2024-08-01,2.0
300200449_,475,2024-08-01,4.0
300200447_,476,2024-08-01,
300200433_,477,2024-08-01,9.0
300200439_,478,2024-08-01,21.0
300200451_,479,2024-08-01,
300200448_,480,2024-08-01,
300200774_,481,2024-08-01,11.0
300200436_,482,2024-08-01,40.0
300200431_,483,2024-08-01,24.0
300200452_,484,2024-08-01,
300200434_,485,2024-08-01,7.0
300200429_,486,2024-08-01,52.0
300200632_,487,2024-08-01,79.0
300200441_,488,2024-08-01,2.0
300200450_,489,2024-08-01,
300200435_,490,2024-08-01,362.0
300200437_,491,2024-08-01,183.0
300200438_,492,2024-08-01,27.0
300200440_,493,2024-08-01,7.0
300200445_,494,2024-08-01,1.0
300200446_,495,2024-08-01,2.0
ATN000399,496,2024-08-01,
300200592_,497,2024-08-01,194.0
300200366_,498,2024-08-01,45.0
LNVA105011,499,2024-08-01,56.0
300200595_,500,2024-08-01,
030200097_,501,2024-08-01,
300200718_,502,2024-08-01,230.0
300200719_,503,2024-08-01,71.0
300200720_,504,2024-08-01,49.0
300200721_,505,2024-08-01,
300200722_,506,2024-08-01,11.0
300200777_,507,2024-08-01,19.0
300200723_,508,2024-08-01,1.0
300200724_,509,2024-08-01,
300200725_,510,2024-08-01,10.0
300200726_,511,2024-08-01,18.0
300200727_,512,2024-08-01,
300200728_,513,2024-08-01,2.0
300200729_,514,2024-08-01,30.0
300200730_,515,2024-08-01,2.0
300200731_,516,2024-08-01,1.0
300200732_,517,2024-08-01,38.0
300200778_,518,2024-08-01,15.0
300200733_,519,2024-08-01,7.0
300200734_,520,2024-08-01,
300200735_,521,2024-08-01,161.0
300200736_,522,2024-08-01,50.0
300200737_,523,2024-08-01,23.0
300200738_,524,2024-08-01,14.0
300200742_,525,2024-08-01,89.0
300200739_,526,2024-08-01,3.0
300200743_,527,2024-08-01,6.0
300200740_,528,2024-08-01,8.0
300200741_,529,2024-08-01,51.0
300200744_,530,2024-08-01,181.0
300200745_,531,2024-08-01,35.0
300200746_,532,2024-08-01,44.0
300200747_,533,2024-08-01,1.0
300200748_,534,2024-08-01,4.0
300200749_,535,2024-08-01,104.0
300200750_,536,2024-08-01,25.0
300200751_,537,2024-08-01,86.0
300200752_,538,2024-08-01,135.0
300200753_,539,2024-08-01,8.0
300200754_,540,2024-08-01,6.0
300200755_,541,2024-08-01,3.0
300200497_,542,2024-08-01,
030200226_,543,2024-08-01,369.0
030200223_,544,2024-08-01,2503.0
030200227_,545,2024-08-01,370.0
030200225_,546,2024-08-01,1723.0
030200224_,547,2024-08-01,2156.0
030200221_,548,2024-08-01,2365.0
030200222_,549,2024-08-01,412.0
300200473_,550,2024-08-01,
ATN000446,551,2024-08-01,34.0
ATN000389,552,2024-08-01,
130300026_,553,2024-08-01,189.0
130300027_,554,2024-08-01,626.0
130300028_,555,2024-08-01,95.0
030200203_,556,2024-08-01,1640.0
030200128_,3,2024-09-01,
030200382_,4,2024-09-01,-34.0
030200127_,5,2024-09-01,
030200141_,6,2024-09-01,
030200096_,7,2024-09-01,
030200072_,8,2024-09-01,
030200093_,9,2024-09-01,
030200135_,10,2024-09-01,
030200136_,11,2024-09-01,
030200134_,12,2024-09-01,1.0
030200094_,13,2024-09-01,1.0
030200090_,14,2024-09-01,
030200095_,15,2024-09-01,
030200142_,16,2024-09-01,
280300174_,17,2024-09-01,776.0
030300013_,18,2024-09-01,71.0
030200220_,19,2024-09-01,1444.0
030200219_,20,2024-09-01,2476.0
030300078_,21,2024-09-01,30.0
030300014_,22,2024-09-01,216.0
030200193_,23,2024-09-01,16565.0
030201459_,24,2024-09-01,
030200192_,25,2024-09-01,65894.0
030200201_,26,2024-09-01,19166.0
300200428_,27,2024-09-01,359.0
ATN544015,28,2024-09-01,
ATN540115,29,2024-09-01,
ATN000532,30,2024-09-01,
ATN001232,31,2024-09-01,
300201148_,32,2024-09-01,
300201149_,33,2024-09-01,
300201150_,34,2024-09-01,
300201151_,35,2024-09-01,
300201152_,36,2024-09-01,
300201153_,37,2024-09-01,
300201154_,38,2024-09-01,
300201155_,39,2024-09-01,
300200968_,40,2024-09-01,
300200967_,41,2024-09-01,
300200413_,42,2024-09-01,46.0
010400436_,43,2024-09-01,69.0
010400432_,44,2024-09-01,21.0
010400440_,45,2024-09-01,30.0
010400444_,46,2024-09-01,124.0
010400447_,47,2024-09-01,98.0
010400433_,48,2024-09-01,66.0
010400437_,49,2024-09-01,81.0
010400441_,50,2024-09-01,19.0
010400445_,51,2024-09-01,54.0
010400448_,52,2024-09-01,35.0
300200784_,53,2024-09-01,187.0
300200785_,54,2024-09-01,86.0
300200786_,55,2024-09-01,31.0
300200787_,56,2024-09-01,65.0
300200788_,57,2024-09-01,29.0
300200789_,58,2024-09-01,23.0
300200790_,59,2024-09-01,19.0
300200791_,60,2024-09-01,20.0
300200792_,61,2024-09-01,2.0
300200793_,62,2024-09-01,10.0
300200794_,63,2024-09-01,23.0
300200795_,64,2024-09-01,178.0
300200796_,65,2024-09-01,85.0
300200797_,66,2024-09-01,29.0
300200798_,67,2024-09-01,21.0
300200799_,68,2024-09-01,19.0
300200800_,69,2024-09-01,19.0
300200801_,70,2024-09-01,10.0
300200802_,71,2024-09-01,10.0
300200803_,72,2024-09-01,20.0
300200804_,73,2024-09-01,14.0
300200805_,74,2024-09-01,10.0
300200806_,75,2024-09-01,10.0
300200807_,76,2024-09-01,
300200808_,77,2024-09-01,1.0
300200809_,78,2024-09-01,1.0
300200810_,79,2024-09-01,477.0
300200811_,80,2024-09-01,61.0
300200812_,81,2024-09-01,135.0
300200813_,82,2024-09-01,20.0
300200814_,83,2024-09-01,89.0
300200815_,84,2024-09-01,20.0
300200816_,85,2024-09-01,44.0
300200817_,86,2024-09-01,39.0
300200818_,87,2024-09-01,20.0
300200819_,88,2024-09-01,5.0
300200820_,89,2024-09-01,15.0
300200821_,90,2024-09-01,236.0
300200822_,91,2024-09-01,167.0
300200823_,92,2024-09-01,89.0
300200824_,93,2024-09-01,45.0
300200825_,94,2024-09-01,27.0
300200826_,95,2024-09-01,39.0
300200827_,96,2024-09-01,10.0
300200828_,97,2024-09-01,11.0
300200829_,98,2024-09-01,30.0
300200830_,99,2024-09-01,2.0
300200831_,100,2024-09-01,
300200832_,101,2024-09-01,23.0
300200833_,102,2024-09-01,193.0
300200834_,103,2024-09-01,30.0
300200835_,104,2024-09-01,13.0
300200836_,105,2024-09-01,32.0
300200837_,106,2024-09-01,
300200838_,107,2024-09-01,
300200839_,108,2024-09-01,1.0
300200840_,109,2024-09-01,40.0
300200841_,110,2024-09-01,3.0
300200842_,111,2024-09-01,389.0
300200843_,112,2024-09-01,137.0
300200844_,113,2024-09-01,20.0
300200845_,114,2024-09-01,43.0
300200846_,115,2024-09-01,251.0
300200847_,116,2024-09-01,171.0
300200848_,117,2024-09-01,88.0
300200849_,118,2024-09-01,51.0
300200850_,119,2024-09-01,35.0
300200851_,120,2024-09-01,
300200852_,121,2024-09-01,20.0
300200853_,122,2024-09-01,11.0
300200854_,123,2024-09-01,25.0
300200855_,124,2024-09-01,
300200856_,125,2024-09-01,627.0
300200857_,126,2024-09-01,211.0
300200858_,127,2024-09-01,21.0
300200859_,128,2024-09-01,226.0
300200860_,129,2024-09-01,24.0
300200861_,130,2024-09-01,
300200862_,131,2024-09-01,83.0
300200863_,132,2024-09-01,26.0
300200864_,133,2024-09-01,7.0
300200865_,134,2024-09-01,138.0
300200866_,135,2024-09-01,30.0
300200867_,136,2024-09-01,
300200868_,137,2024-09-01,402.0
300200869_,138,2024-09-01,204.0
300200870_,139,2024-09-01,125.0
300200871_,140,2024-09-01,66.0
300200872_,141,2024-09-01,35.0
300200873_,142,2024-09-01,71.0
300200874_,143,2024-09-01,
300200875_,144,2024-09-01,32.0
300200876_,145,2024-09-01,
300200877_,146,2024-09-01,
300200878_,147,2024-09-01,
300200879_,148,2024-09-01,30.0
300200880_,149,2024-09-01,4.0
300200881_,150,2024-09-01,
300200882_,151,2024-09-01,21.0
300200883_,152,2024-09-01,21.0
300200884_,153,2024-09-01,
300200885_,154,2024-09-01,2.0
300200886_,155,2024-09-01,
300200887_,156,2024-09-01,87.0
300200888_,157,2024-09-01,
300200889_,158,2024-09-01,5.0
300200890_,159,2024-09-01,24.0
300200892_,160,2024-09-01,10.0
300200893_,161,2024-09-01,10.0
300200894_,162,2024-09-01,
300200895_,163,2024-09-01,
300200896_,164,2024-09-01,10.0
300200897_,165,2024-09-01,11.0
300200898_,166,2024-09-01,42.0
300200899_,167,2024-09-01,29.0
300200900_,168,2024-09-01,13.0
300200901_,169,2024-09-01,11.0
300200902_,170,2024-09-01,11.0
300200903_,171,2024-09-01,10.0
300200904_,172,2024-09-01,
300200905_,173,2024-09-01,
300200906_,174,2024-09-01,
300200907_,175,2024-09-01,
300200908_,176,2024-09-01,
300200909_,177,2024-09-01,10.0
300200910_,178,2024-09-01,224.0
300200911_,179,2024-09-01,10.0
300200912_,180,2024-09-01,37.0
300200913_,181,2024-09-01,10.0
300200914_,182,2024-09-01,58.0
300200915_,183,2024-09-01,10.0
300200916_,184,2024-09-01,11.0
300200917_,185,2024-09-01,14.0
300200918_,186,2024-09-01,13.0
300200919_,187,2024-09-01,
300200920_,188,2024-09-01,12.0
300200921_,189,2024-09-01,81.0
300200922_,190,2024-09-01,42.0
300200923_,191,2024-09-01,27.0
300200924_,192,2024-09-01,12.0
300200925_,193,2024-09-01,13.0
300200926_,194,2024-09-01,13.0
300200927_,195,2024-09-01,
300200928_,196,2024-09-01,
300200929_,197,2024-09-01,2.0
300200930_,198,2024-09-01,9.0
300200931_,199,2024-09-01,
300200932_,200,2024-09-01,10.0
300200933_,201,2024-09-01,106.0
300200934_,202,2024-09-01,45.0
300200935_,203,2024-09-01,10.0
300200936_,204,2024-09-01,26.0
300200937_,205,2024-09-01,11.0
300200938_,206,2024-09-01,
300200939_,207,2024-09-01,14.0
300200940_,208,2024-09-01,10.0
300200941_,209,2024-09-01,
300200942_,210,2024-09-01,10.0
300200943_,211,2024-09-01,11.0
300200944_,212,2024-09-01,10.0
300200945_,213,2024-09-01,49.0
300200946_,214,2024-09-01,31.0
300200947_,215,2024-09-01,17.0
300200948_,216,2024-09-01,12.0
300200949_,217,2024-09-01,12.0
300200950_,218,2024-09-01,10.0
300200951_,219,2024-09-01,
300200952_,220,2024-09-01,
300200953_,221,2024-09-01,
300200954_,222,2024-09-01,1.0
300200955_,223,2024-09-01,4.0
300200371_,224,2024-09-01,8.0
300200420_,225,2024-09-01,10.0
300200375_,226,2024-09-01,44.0
300200422_,227,2024-09-01,13.0
300200363_,228,2024-09-01,14.0
300200368_,229,2024-09-01,25.0
300200367_,230,2024-09-01,26.0
300200426_,231,2024-09-01,
300200424_,232,2024-09-01,10.0
300200372_,233,2024-09-01,66.0
300200373_,234,2024-09-01,19.0
300200418_,235,2024-09-01,
300200365_,236,2024-09-01,407.0
300200364_,237,2024-09-01,123.0
300200374_,238,2024-09-01,22.0
300200370_,239,2024-09-01,2.0
300200425_,240,2024-09-01,10.0
300200419_,241,2024-09-01,
300200376_,242,2024-09-01,297.0
300200377_,243,2024-09-01,104.0
300200378_,244,2024-09-01,34.0
300200379_,245,2024-09-01,35.0
300200380_,246,2024-09-01,30.0
300200421_,247,2024-09-01,17.0
щщщ0116254,248,2024-09-01,
300200520_,249,2024-09-01,287.0
300200521_,250,2024-09-01,38.0
300200522_,251,2024-09-01,
300200523_,252,2024-09-01,32.0
300200524_,253,2024-09-01,5.0
300200525_,254,2024-09-01,15.0
300200526_,255,2024-09-01,26.0
300200527_,256,2024-09-01,24.0
300200529_,257,2024-09-01,10.0
300200530_,258,2024-09-01,33.0
300200531_,259,2024-09-01,10.0
300200532_,260,2024-09-01,
300200533_,261,2024-09-01,
300200534_,262,2024-09-01,1.0
300200535_,263,2024-09-01,
300200536_,264,2024-09-01,163.0
300200537_,265,2024-09-01,94.0
300200538_,266,2024-09-01,46.0
300200539_,267,2024-09-01,16.0
300200540_,268,2024-09-01,13.0
300200541_,269,2024-09-01,24.0
300200542_,270,2024-09-01,1303.0
300200624_,271,2024-09-01,7.0
300200704_,272,2024-09-01,99.0
300200543_,273,2024-09-01,166.0
300200544_,274,2024-09-01,17.0
300200545_,275,2024-09-01,43.0
300200593_,276,2024-09-01,332.0
300200546_,277,2024-09-01,10.0
300200547_,278,2024-09-01,33.0
300200548_,279,2024-09-01,52.0
300200549_,280,2024-09-01,34.0
300200550_,281,2024-09-01,1.0
300200551_,282,2024-09-01,12.0
300200773_,283,2024-09-01,8.0
300200552_,284,2024-09-01,49.0
300200553_,285,2024-09-01,81.0
300200554_,286,2024-09-01,
300200555_,287,2024-09-01,41.0
300200556_,288,2024-09-01,16.0
300200557_,289,2024-09-01,2.0
300200558_,290,2024-09-01,500.0
300200559_,291,2024-09-01,423.0
300200560_,292,2024-09-01,190.0
300200561_,293,2024-09-01,66.0
300200562_,294,2024-09-01,29.0
300200563_,295,2024-09-01,36.0
300200564_,296,2024-09-01,136.0
300200565_,297,2024-09-01,-11.0
300200590_,298,2024-09-01,61.0
300200566_,299,2024-09-01,-4.0
300200567_,300,2024-09-01,5.0
300200591_,301,2024-09-01,-3.0
300200568_,302,2024-09-01,-17.0
300200569_,303,2024-09-01,5.0
300200570_,304,2024-09-01,3.0
300200571_,305,2024-09-01,17.0
300200572_,306,2024-09-01,
300200573_,307,2024-09-01,1.0
300200574_,308,2024-09-01,-28.0
300200575_,309,2024-09-01,2.0
300200511_,310,2024-09-01,
300200576_,311,2024-09-01,-14.0
300200776_,312,2024-09-01,35.0
300200577_,313,2024-09-01,1.0
300200579_,314,2024-09-01,126.0
300200580_,315,2024-09-01,41.0
300200581_,316,2024-09-01,21.0
300200582_,317,2024-09-01,33.0
300200583_,318,2024-09-01,11.0
300200584_,319,2024-09-01,-4.0
300200343_,320,2024-09-01,3837.0
020100163_,321,2024-09-01,255.0
300200459_,322,2024-09-01,170.0
020100158_,323,2024-09-01,981.0
020100159_,324,2024-09-01,34.0
300200460_,325,2024-09-01,88.0
020100160_,326,2024-09-01,406.0
020100161_,327,2024-09-01,26.0
300200461_,328,2024-09-01,92.0
300200472_,329,2024-09-01,167.0
300200462_,330,2024-09-01,144.0
300200517_,331,2024-09-01,1.0
020100162_,332,2024-09-01,21.0
300200772_,333,2024-09-01,24.0
300200468_,334,2024-09-01,173.0
300200515_,335,2024-09-01,246.0
300200518_,336,2024-09-01,62.0
300200516_,337,2024-09-01,182.0
300200471_,338,2024-09-01,15.0
300200470_,339,2024-09-01,10.0
300200463_,340,2024-09-01,1734.0
300200464_,341,2024-09-01,1290.0
300200465_,342,2024-09-01,425.0
300200466_,343,2024-09-01,194.0
300200467_,344,2024-09-01,45.0
300200519_,345,2024-09-01,109.0
300200775_,346,2024-09-01,21.0
300200781_,347,2024-09-01,1.0
300200779_,348,2024-09-01,31.0
300200782_,349,2024-09-01,
300200783_,350,2024-09-01,1.0
300100015_,351,2024-09-01,
300100006_,352,2024-09-01,3.0
300100003_,353,2024-09-01,2.0
300100012_,354,2024-09-01,
030200006_,355,2024-09-01,
030200008_,356,2024-09-01,
030200005_,357,2024-09-01,
030200007_,358,2024-09-01,
030200015_,359,2024-09-01,
030200002_,360,2024-09-01,
030200003_,361,2024-09-01,
030200009_,362,2024-09-01,
030200030_,363,2024-09-01,24.0
030200031_,364,2024-09-01,27.0
030200036_,365,2024-09-01,
030200038_,366,2024-09-01,91.0
030200037_,367,2024-09-01,170.0
030200039_,368,2024-09-01,26.0
030200028_,369,2024-09-01,149.0
030200029_,370,2024-09-01,21.0
030200032_,371,2024-09-01,6.0
030200034_,372,2024-09-01,98.0
030200239_,373,2024-09-01,90.0
030200240_,374,2024-09-01,371.0
030200379_,375,2024-09-01,
030200026_,376,2024-09-01,1.0
030200025_,377,2024-09-01,1.0
030200027_,378,2024-09-01,
030200052_,379,2024-09-01,
030200053_,380,2024-09-01,
030200054_,381,2024-09-01,
030200183_,382,2024-09-01,
030200191_,383,2024-09-01,
030200175_,384,2024-09-01,
030200176_,385,2024-09-01,
030200247_,386,2024-09-01,25.0
030200246_,387,2024-09-01,7.0
030200243_,388,2024-09-01,8.0
030200244_,389,2024-09-01,5.0
030200245_,390,2024-09-01,
030200248_,391,2024-09-01,
030200249_,392,2024-09-01,2.0
030200259_,393,2024-09-01,5.0
030200260_,394,2024-09-01,10.0
030200256_,395,2024-09-01,42.0
030200257_,396,2024-09-01,1.0
030200258_,397,2024-09-01,4.0
030200263_,398,2024-09-01,2.0
030200262_,399,2024-09-01,
030200265_,400,2024-09-01,
030200261_,401,2024-09-01,
030200292_,402,2024-09-01,
030200250_,403,2024-09-01,8.0
030200251_,404,2024-09-01,14.0
030200252_,405,2024-09-01,3.0
030200253_,406,2024-09-01,
030200254_,407,2024-09-01,2.0
300200331_,408,2024-09-01,2751.0
300200296_,409,2024-09-01,696.0
300200283_,410,2024-09-01,39.0
300200302_,411,2024-09-01,514.0
300200333_,412,2024-09-01,1121.0
300200288_,413,2024-09-01,98.0
300200284_,414,2024-09-01,85.0
300200767_,415,2024-09-01,6.0
300200293_,416,2024-09-01,657.0
300200289_,417,2024-09-01,400.0
300200290_,418,2024-09-01,10.0
300200291_,419,2024-09-01,78.0
300200297_,420,2024-09-01,1166.0
300200298_,421,2024-09-01,1187.0
300200299_,422,2024-09-01,20.0
300200294_,423,2024-09-01,207.0
300200286_,424,2024-09-01,10402.0
300200332_,425,2024-09-01,1921.0
300200301_,426,2024-09-01,1022.0
300200287_,427,2024-09-01,16.0
300200700_,428,2024-09-01,88.0
300200295_,429,2024-09-01,166.0
300200292_,430,2024-09-01,12.0
300200300_,431,2024-09-01,4.0
300200312_,432,2024-09-01,10.0
300200303_,433,2024-09-01,6867.0
300200304_,434,2024-09-01,2639.0
300200305_,435,2024-09-01,1098.0
300200306_,436,2024-09-01,610.0
300200307_,437,2024-09-01,96.0
300200310_,438,2024-09-01,5.0
300200311_,439,2024-09-01,133.0
300200308_,440,2024-09-01,10.0
300200309_,441,2024-09-01,2.0
300200313_,442,2024-09-01,97.0
300200498_,443,2024-09-01,283.0
ATN000108,444,2024-09-01,65.0
300200314_,445,2024-09-01,45.0
ATN000109,446,2024-09-01,5.0
300200315_,447,2024-09-01,
300200771_,448,2024-09-01,103.0
300200316_,449,2024-09-01,20.0
300200959_,450,2024-09-01,
300200317_,451,2024-09-01,53.0
300200496_,452,2024-09-01,
300200346_,453,2024-09-01,
300200318_,454,2024-09-01,243.0
300200347_,455,2024-09-01,33.0
300200319_,456,2024-09-01,648.0
300200320_,457,2024-09-01,210.0
300200321_,458,2024-09-01,127.0
300200322_,459,2024-09-01,257.0
300200323_,460,2024-09-01,669.0
300200324_,461,2024-09-01,1309.0
300200325_,462,2024-09-01,93.0
300200326_,463,2024-09-01,525.0
300200327_,464,2024-09-01,131.0
300200328_,465,2024-09-01,419.0
300200330_,466,2024-09-01,2.0
300200348_,467,2024-09-01,4.0
300200350_,468,2024-09-01,3.0
300200352_,469,2024-09-01,
300200430_,470,2024-09-01,29.0
300200588_,471,2024-09-01,111.0
300200443_,472,2024-09-01,26.0
300200432_,473,2024-09-01,8.0
300200444_,474,2024-09-01,13.0
300200449_,475,2024-09-01,12.0
300200447_,476,2024-09-01,
300200433_,477,2024-09-01,10.0
300200439_,478,2024-09-01,47.0
300200451_,479,2024-09-01,
300200448_,480,2024-09-01,11.0
300200774_,481,2024-09-01,
300200436_,482,2024-09-01,75.0
300200431_,483,2024-09-01,9.0
300200452_,484,2024-09-01,
300200434_,485,2024-09-01,13.0
300200429_,486,2024-09-01,12.0
300200632_,487,2024-09-01,58.0
300200441_,488,2024-09-01,
300200450_,489,2024-09-01,
300200435_,490,2024-09-01,434.0
300200437_,491,2024-09-01,83.0
300200438_,492,2024-09-01,56.0
300200440_,493,2024-09-01,33.0
300200445_,494,2024-09-01,12.0
300200446_,495,2024-09-01,14.0
ATN000399,496,2024-09-01,
300200592_,497,2024-09-01,158.0
300200366_,498,2024-09-01,89.0
LNVA105011,499,2024-09-01,
300200595_,500,2024-09-01,27.0
030200097_,501,2024-09-01,
300200718_,502,2024-09-01,236.0
300200719_,503,2024-09-01,29.0
300200720_,504,2024-09-01,32.0
300200721_,505,2024-09-01,
300200722_,506,2024-09-01,8.0
300200777_,507,2024-09-01,13.0
300200723_,508,2024-09-01,
300200724_,509,2024-09-01,7.0
300200725_,510,2024-09-01,5.0
300200726_,511,2024-09-01,21.0
300200727_,512,2024-09-01,
300200728_,513,2024-09-01,
300200729_,514,2024-09-01,
300200730_,515,2024-09-01,10.0
300200731_,516,2024-09-01,2.0
300200732_,517,2024-09-01,6.0
300200778_,518,2024-09-01,23.0
300200733_,519,2024-09-01,6.0
300200734_,520,2024-09-01,
300200735_,521,2024-09-01,58.0
300200736_,522,2024-09-01,79.0
300200737_,523,2024-09-01,40.0
300200738_,524,2024-09-01,5.0
300200742_,525,2024-09-01,134.0
300200739_,526,2024-09-01,1.0
300200743_,527,2024-09-01,50.0
300200740_,528,2024-09-01,3.0
300200741_,529,2024-09-01,15.0
300200744_,530,2024-09-01,195.0
300200745_,531,2024-09-01,161.0
300200746_,532,2024-09-01,39.0
300200747_,533,2024-09-01,1.0
300200748_,534,2024-09-01,
300200749_,535,2024-09-01,39.0
300200750_,536,2024-09-01,16.0
300200751_,537,2024-09-01,91.0
300200752_,538,2024-09-01,204.0
300200753_,539,2024-09-01,9.0
300200754_,540,2024-09-01,4.0
300200755_,541,2024-09-01,14.0
300200497_,542,2024-09-01,
030200226_,543,2024-09-01,373.0
030200223_,544,2024-09-01,2890.0
030200227_,545,2024-09-01,69.0
030200225_,546,2024-09-01,2447.0
030200224_,547,2024-09-01,4425.0
030200221_,548,2024-09-01,1130.0
030200222_,549,2024-09-01,1056.0
300200473_,550,2024-09-01,3.0
ATN000446,551,2024-09-01,10.0
ATN000389,552,2024-09-01,
130300026_,553,2024-09-01,647.0
130300027_,554,2024-09-01,580.0
130300028_,555,2024-09-01,656.0
030200203_,556,2024-09-01,1747.0
030200128_,3,2024-10-01,
030200382_,4,2024-10-01,5.0
030200127_,5,2024-10-01,
030200141_,6,2024-10-01,
030200096_,7,2024-10-01,
030200072_,8,2024-10-01,
030200093_,9,2024-10-01,
030200135_,10,2024-10-01,
030200136_,11,2024-10-01,
030200134_,12,2024-10-01,
030200094_,13,2024-10-01,
030200090_,14,2024-10-01,
030200095_,15,2024-10-01,
030200142_,16,2024-10-01,
280300174_,17,2024-10-01,1211.0
030300013_,18,2024-10-01,20.0
030200220_,19,2024-10-01,1525.0
030200219_,20,2024-10-01,2858.0
030300078_,21,2024-10-01,2.0
030300014_,22,2024-10-01,201.0
030200193_,23,2024-10-01,22804.0
030201459_,24,2024-10-01,
030200192_,25,2024-10-01,42301.0
030200201_,26,2024-10-01,14688.0
300200428_,27,2024-10-01,384.0
ATN544015,28,2024-10-01,
ATN540115,29,2024-10-01,
ATN000532,30,2024-10-01,
ATN001232,31,2024-10-01,
300201148_,32,2024-10-01,
300201149_,33,2024-10-01,
300201150_,34,2024-10-01,
300201151_,35,2024-10-01,
300201152_,36,2024-10-01,
300201153_,37,2024-10-01,
300201154_,38,2024-10-01,
300201155_,39,2024-10-01,
300200968_,40,2024-10-01,
300200967_,41,2024-10-01,
300200413_,42,2024-10-01,7.0
010400436_,43,2024-10-01,105.0
010400432_,44,2024-10-01,32.0
010400440_,45,2024-10-01,58.0
010400444_,46,2024-10-01,140.0
010400447_,47,2024-10-01,129.0
010400433_,48,2024-10-01,72.0
010400437_,49,2024-10-01,99.0
010400441_,50,2024-10-01,120.0
010400445_,51,2024-10-01,67.0
010400448_,52,2024-10-01,26.0
300200784_,53,2024-10-01,77.0
300200785_,54,2024-10-01,7.0
300200786_,55,2024-10-01,
300200787_,56,2024-10-01,8.0
300200788_,57,2024-10-01,
300200789_,58,2024-10-01,16.0
300200790_,59,2024-10-01,2.0
300200791_,60,2024-10-01,3.0
300200792_,61,2024-10-01,
300200793_,62,2024-10-01,10.0
300200794_,63,2024-10-01,
300200795_,64,2024-10-01,29.0
300200796_,65,2024-10-01,22.0
300200797_,66,2024-10-01,17.0
300200798_,67,2024-10-01,2.0
300200799_,68,2024-10-01,2.0
300200800_,69,2024-10-01,14.0
300200801_,70,2024-10-01,10.0
300200802_,71,2024-10-01,10.0
300200803_,72,2024-10-01,16.0
300200804_,73,2024-10-01,
300200805_,74,2024-10-01,5.0
300200806_,75,2024-10-01,
300200807_,76,2024-10-01,
300200808_,77,2024-10-01,
300200809_,78,2024-10-01,
300200810_,79,2024-10-01,224.0
300200811_,80,2024-10-01,14.0
300200812_,81,2024-10-01,67.0
300200813_,82,2024-10-01,40.0
300200814_,83,2024-10-01,32.0
300200815_,84,2024-10-01,20.0
300200816_,85,2024-10-01,
300200817_,86,2024-10-01,27.0
300200818_,87,2024-10-01,
300200819_,88,2024-10-01,1.0
300200820_,89,2024-10-01,
300200821_,90,2024-10-01,114.0
300200822_,91,2024-10-01,37.0
300200823_,92,2024-10-01,12.0
300200824_,93,2024-10-01,5.0
300200825_,94,2024-10-01,
300200826_,95,2024-10-01,10.0
300200827_,96,2024-10-01,
300200828_,97,2024-10-01,1.0
300200829_,98,2024-10-01,
300200830_,99,2024-10-01,2.0
300200831_,100,2024-10-01,
300200832_,101,2024-10-01,20.0
300200833_,102,2024-10-01,30.0
300200834_,103,2024-10-01,30.0
300200835_,104,2024-10-01,74.0
300200836_,105,2024-10-01,20.0
300200837_,106,2024-10-01,
300200838_,107,2024-10-01,11.0
300200839_,108,2024-10-01,20.0
300200840_,109,2024-10-01,10.0
300200841_,110,2024-10-01,
300200842_,111,2024-10-01,124.0
300200843_,112,2024-10-01,15.0
300200844_,113,2024-10-01,20.0
300200845_,114,2024-10-01,1.0
300200846_,115,2024-10-01,263.0
300200847_,116,2024-10-01,33.0
300200848_,117,2024-10-01,18.0
300200849_,118,2024-10-01,10.0
300200850_,119,2024-10-01,10.0
300200851_,120,2024-10-01,
300200852_,121,2024-10-01,10.0
300200853_,122,2024-10-01,
300200854_,123,2024-10-01,
300200855_,124,2024-10-01,
300200856_,125,2024-10-01,197.0
300200857_,126,2024-10-01,36.0
300200858_,127,2024-10-01,17.0
300200859_,128,2024-10-01,97.0
300200860_,129,2024-10-01,20.0
300200861_,130,2024-10-01,18.0
300200862_,131,2024-10-01,22.0
300200863_,132,2024-10-01,25.0
300200864_,133,2024-10-01,19.0
300200865_,134,2024-10-01,20.0
300200866_,135,2024-10-01,17.0
300200867_,136,2024-10-01,20.0
300200868_,137,2024-10-01,117.0
300200869_,138,2024-10-01,61.0
300200870_,139,2024-10-01,35.0
300200871_,140,2024-10-01,16.0
300200872_,141,2024-10-01,10.0
300200873_,142,2024-10-01,69.0
300200874_,143,2024-10-01,
300200875_,144,2024-10-01,4.0
300200876_,145,2024-10-01,
300200877_,146,2024-10-01,
300200878_,147,2024-10-01,
300200879_,148,2024-10-01,11.0
300200880_,149,2024-10-01,19.0
300200881_,150,2024-10-01,
300200882_,151,2024-10-01,33.0
300200883_,152,2024-10-01,26.0
300200884_,153,2024-10-01,9.0
300200885_,154,2024-10-01,10.0
300200886_,155,2024-10-01,
300200887_,156,2024-10-01,35.0
300200888_,157,2024-10-01,16.0
300200889_,158,2024-10-01,1.0
300200890_,159,2024-10-01,20.0
300200892_,160,2024-10-01,10.0
300200893_,161,2024-10-01,14.0
300200894_,162,2024-10-01,
300200895_,163,2024-10-01,12.0
300200896_,164,2024-10-01,12.0
300200897_,165,2024-10-01,
300200898_,166,2024-10-01,15.0
300200899_,167,2024-10-01,12.0
300200900_,168,2024-10-01,15.0
300200901_,169,2024-10-01,11.0
300200902_,170,2024-10-01,10.0
300200903_,171,2024-10-01,10.0
300200904_,172,2024-10-01,
300200905_,173,2024-10-01,
300200906_,174,2024-10-01,
300200907_,175,2024-10-01,2.0
300200908_,176,2024-10-01,
300200909_,177,2024-10-01,10.0
300200910_,178,2024-10-01,43.0
300200911_,179,2024-10-01,10.0
300200912_,180,2024-10-01,15.0
300200913_,181,2024-10-01,10.0
300200914_,182,2024-10-01,15.0
300200915_,183,2024-10-01,10.0
300200916_,184,2024-10-01,12.0
300200917_,185,2024-10-01,10.0
300200918_,186,2024-10-01,10.0
300200919_,187,2024-10-01,
300200920_,188,2024-10-01,
300200921_,189,2024-10-01,48.0
300200922_,190,2024-10-01,27.0
300200923_,191,2024-10-01,25.0
300200924_,192,2024-10-01,14.0
300200925_,193,2024-10-01,11.0
300200926_,194,2024-10-01,
300200927_,195,2024-10-01,1.0
300200928_,196,2024-10-01,
300200929_,197,2024-10-01,
300200930_,198,2024-10-01,
300200931_,199,2024-10-01,
300200932_,200,2024-10-01,10.0
300200933_,201,2024-10-01,38.0
300200934_,202,2024-10-01,24.0
300200935_,203,2024-10-01,10.0
300200936_,204,2024-10-01,18.0
300200937_,205,2024-10-01,10.0
300200938_,206,2024-10-01,4.0
300200939_,207,2024-10-01,10.0
300200940_,208,2024-10-01,10.0
300200941_,209,2024-10-01,2.0
300200942_,210,2024-10-01,76.0
300200943_,211,2024-10-01,12.0
300200944_,212,2024-10-01,
300200945_,213,2024-10-01,72.0
300200946_,214,2024-10-01,33.0
300200947_,215,2024-10-01,24.0
300200948_,216,2024-10-01,12.0
300200949_,217,2024-10-01,10.0
300200950_,218,2024-10-01,13.0
300200951_,219,2024-10-01,
300200952_,220,2024-10-01,
300200953_,221,2024-10-01,3.0
300200954_,222,2024-10-01,
300200955_,223,2024-10-01,
300200371_,224,2024-10-01,15.0
300200420_,225,2024-10-01,10.0
300200375_,226,2024-10-01,27.0
300200422_,227,2024-10-01,
300200363_,228,2024-10-01,14.0
300200368_,229,2024-10-01,10.0
300200367_,230,2024-10-01,9.0
300200426_,231,2024-10-01,
300200424_,232,2024-10-01,4.0
300200372_,233,2024-10-01,52.0
300200373_,234,2024-10-01,85.0
300200418_,235,2024-10-01,1.0
300200365_,236,2024-10-01,182.0
300200364_,237,2024-10-01,25.0
300200374_,238,2024-10-01,1.0
300200370_,239,2024-10-01,2.0
300200425_,240,2024-10-01,
300200419_,241,2024-10-01,
300200376_,242,2024-10-01,303.0
300200377_,243,2024-10-01,35.0
300200378_,244,2024-10-01,21.0
300200379_,245,2024-10-01,29.0
300200380_,246,2024-10-01,2.0
300200421_,247,2024-10-01,4.0
щщщ0116254,248,2024-10-01,
300200520_,249,2024-10-01,444.0
300200521_,250,2024-10-01,19.0
300200522_,251,2024-10-01,
300200523_,252,2024-10-01,46.0
300200524_,253,2024-10-01,7.0
300200525_,254,2024-10-01,11.0
300200526_,255,2024-10-01,15.0
300200527_,256,2024-10-01,16.0
300200529_,257,2024-10-01,10.0
300200530_,258,2024-10-01,5.0
300200531_,259,2024-10-01,13.0
300200532_,260,2024-10-01,2.0
300200533_,261,2024-10-01,1.0
300200534_,262,2024-10-01,4.0
300200535_,263,2024-10-01,
300200536_,264,2024-10-01,181.0
300200537_,265,2024-10-01,129.0
300200538_,266,2024-10-01,49.0
300200539_,267,2024-10-01,24.0
300200540_,268,2024-10-01,14.0
300200541_,269,2024-10-01,30.0
300200542_,270,2024-10-01,1275.0
300200624_,271,2024-10-01,75.0
300200704_,272,2024-10-01,78.0
300200543_,273,2024-10-01,224.0
300200544_,274,2024-10-01,34.0
300200545_,275,2024-10-01,15.0
300200593_,276,2024-10-01,144.0
300200546_,277,2024-10-01,15.0
300200547_,278,2024-10-01,22.0
300200548_,279,2024-10-01,35.0
300200549_,280,2024-10-01,87.0
300200550_,281,2024-10-01,
300200551_,282,2024-10-01,26.0
300200773_,283,2024-10-01,3.0
300200552_,284,2024-10-01,98.0
300200553_,285,2024-10-01,103.0
300200554_,286,2024-10-01,10.0
300200555_,287,2024-10-01,
300200556_,288,2024-10-01,5.0
300200557_,289,2024-10-01,
300200558_,290,2024-10-01,707.0
300200559_,291,2024-10-01,288.0
300200560_,292,2024-10-01,122.0
300200561_,293,2024-10-01,31.0
300200562_,294,2024-10-01,22.0
300200563_,295,2024-10-01,31.0
300200564_,296,2024-10-01,177.0
300200565_,297,2024-10-01,30.0
300200590_,298,2024-10-01,21.0
300200566_,299,2024-10-01,4.0
300200567_,300,2024-10-01,27.0
300200591_,301,2024-10-01,31.0
300200568_,302,2024-10-01,4.0
300200569_,303,2024-10-01,5.0
300200570_,304,2024-10-01,9.0
300200571_,305,2024-10-01,3.0
300200572_,306,2024-10-01,
300200573_,307,2024-10-01,
300200574_,308,2024-10-01,
300200575_,309,2024-10-01,64.0
300200511_,310,2024-10-01,
300200576_,311,2024-10-01,18.0
300200776_,312,2024-10-01,-2.0
300200577_,313,2024-10-01,3.0
300200579_,314,2024-10-01,102.0
300200580_,315,2024-10-01,48.0
300200581_,316,2024-10-01,29.0
300200582_,317,2024-10-01,12.0
300200583_,318,2024-10-01,1.0
300200584_,319,2024-10-01,3.0
300200343_,320,2024-10-01,3658.0
020100163_,321,2024-10-01,270.0
300200459_,322,2024-10-01,146.0
020100158_,323,2024-10-01,517.0
020100159_,324,2024-10-01,-2.0
300200460_,325,2024-10-01,57.0
020100160_,326,2024-10-01,523.0
020100161_,327,2024-10-01,-7.0
300200461_,328,2024-10-01,24.0
300200472_,329,2024-10-01,179.0
300200462_,330,2024-10-01,231.0
300200517_,331,2024-10-01,1.0
020100162_,332,2024-10-01,45.0
300200772_,333,2024-10-01,60.0
300200468_,334,2024-10-01,121.0
300200515_,335,2024-10-01,218.0
300200518_,336,2024-10-01,29.0
300200516_,337,2024-10-01,155.0
300200471_,338,2024-10-01,16.0
300200470_,339,2024-10-01,20.0
300200463_,340,2024-10-01,2072.0
300200464_,341,2024-10-01,1058.0
300200465_,342,2024-10-01,507.0
300200466_,343,2024-10-01,171.0
300200467_,344,2024-10-01,49.0
300200519_,345,2024-10-01,120.0
300200775_,346,2024-10-01,3.0
300200781_,347,2024-10-01,4.0
300200779_,348,2024-10-01,38.0
300200782_,349,2024-10-01,7.0
300200783_,350,2024-10-01,1.0
300100015_,351,2024-10-01,
300100006_,352,2024-10-01,1.0
300100003_,353,2024-10-01,
300100012_,354,2024-10-01,
030200006_,355,2024-10-01,
030200008_,356,2024-10-01,
030200005_,357,2024-10-01,
030200007_,358,2024-10-01,
030200015_,359,2024-10-01,
030200002_,360,2024-10-01,
030200003_,361,2024-10-01,
030200009_,362,2024-10-01,
030200030_,363,2024-10-01,479.0
030200031_,364,2024-10-01,343.0
030200036_,365,2024-10-01,46.0
030200038_,366,2024-10-01,1324.0
030200037_,367,2024-10-01,100.0
030200039_,368,2024-10-01,183.0
030200028_,369,2024-10-01,161.0
030200029_,370,2024-10-01,19.0
030200032_,371,2024-10-01,32.0
030200034_,372,2024-10-01,88.0
030200239_,373,2024-10-01,48.0
030200240_,374,2024-10-01,130.0
030200379_,375,2024-10-01,
030200026_,376,2024-10-01,
030200025_,377,2024-10-01,
030200027_,378,2024-10-01,45.0
030200052_,379,2024-10-01,
030200053_,380,2024-10-01,
030200054_,381,2024-10-01,
030200183_,382,2024-10-01,
030200191_,383,2024-10-01,
030200175_,384,2024-10-01,
030200176_,385,2024-10-01,1.0
030200247_,386,2024-10-01,19.0
030200246_,387,2024-10-01,6.0
030200243_,388,2024-10-01,9.0
030200244_,389,2024-10-01,-3.0
030200245_,390,2024-10-01,11.0
030200248_,391,2024-10-01,5.0
030200249_,392,2024-10-01,-2.0
030200259_,393,2024-10-01,19.0
030200260_,394,2024-10-01,16.0
030200256_,395,2024-10-01,75.0
030200257_,396,2024-10-01,16.0
030200258_,397,2024-10-01,1.0
030200263_,398,2024-10-01,2.0
030200262_,399,2024-10-01,2.0
030200265_,400,2024-10-01,2.0
030200261_,401,2024-10-01,
030200292_,402,2024-10-01,
030200250_,403,2024-10-01,3.0
030200251_,404,2024-10-01,28.0
030200252_,405,2024-10-01,11.0
030200253_,406,2024-10-01,2.0
030200254_,407,2024-10-01,2.0
300200331_,408,2024-10-01,2211.0
300200296_,409,2024-10-01,485.0
300200283_,410,2024-10-01,25.0
300200302_,411,2024-10-01,270.0
300200333_,412,2024-10-01,1280.0
300200288_,413,2024-10-01,6.0
300200284_,414,2024-10-01,77.0
300200767_,415,2024-10-01,9.0
300200293_,416,2024-10-01,270.0
300200289_,417,2024-10-01,593.0
300200290_,418,2024-10-01,2.0
300200291_,419,2024-10-01,47.0
300200297_,420,2024-10-01,1073.0
300200298_,421,2024-10-01,889.0
300200299_,422,2024-10-01,
300200294_,423,2024-10-01,61.0
300200286_,424,2024-10-01,11409.0
300200332_,425,2024-10-01,1385.0
300200301_,426,2024-10-01,287.0
300200287_,427,2024-10-01,20.0
300200700_,428,2024-10-01,33.0
300200295_,429,2024-10-01,37.0
300200292_,430,2024-10-01,4.0
300200300_,431,2024-10-01,5.0
300200312_,432,2024-10-01,7.0
300200303_,433,2024-10-01,8081.0
300200304_,434,2024-10-01,3062.0
300200305_,435,2024-10-01,1318.0
300200306_,436,2024-10-01,459.0
300200307_,437,2024-10-01,93.0
300200310_,438,2024-10-01,5.0
300200311_,439,2024-10-01,108.0
300200308_,440,2024-10-01,8.0
300200309_,441,2024-10-01,2.0
300200313_,442,2024-10-01,121.0
300200498_,443,2024-10-01,197.0
ATN000108,444,2024-10-01,
300200314_,445,2024-10-01,49.0
ATN000109,446,2024-10-01,3.0
300200315_,447,2024-10-01,30.0
300200771_,448,2024-10-01,48.0
300200316_,449,2024-10-01,75.0
300200959_,450,2024-10-01,
300200317_,451,2024-10-01,290.0
300200496_,452,2024-10-01,
300200346_,453,2024-10-01,10.0
300200318_,454,2024-10-01,133.0
300200347_,455,2024-10-01,212.0
300200319_,456,2024-10-01,601.0
300200320_,457,2024-10-01,253.0
300200321_,458,2024-10-01,52.0
300200322_,459,2024-10-01,126.0
300200323_,460,2024-10-01,610.0
300200324_,461,2024-10-01,1196.0
300200325_,462,2024-10-01,51.0
300200326_,463,2024-10-01,285.0
300200327_,464,2024-10-01,21.0
300200328_,465,2024-10-01,335.0
300200330_,466,2024-10-01,4.0
300200348_,467,2024-10-01,16.0
300200350_,468,2024-10-01,
300200352_,469,2024-10-01,
300200430_,470,2024-10-01,26.0
300200588_,471,2024-10-01,86.0
300200443_,472,2024-10-01,16.0
300200432_,473,2024-10-01,26.0
300200444_,474,2024-10-01,18.0
300200449_,475,2024-10-01,13.0
300200447_,476,2024-10-01,
300200433_,477,2024-10-01,24.0
300200439_,478,2024-10-01,27.0
300200451_,479,2024-10-01,
300200448_,480,2024-10-01,3.0
300200774_,481,2024-10-01,
300200436_,482,2024-10-01,75.0
300200431_,483,2024-10-01,101.0
300200452_,484,2024-10-01,
300200434_,485,2024-10-01,6.0
300200429_,486,2024-10-01,106.0
300200632_,487,2024-10-01,16.0
300200441_,488,2024-10-01,2.0
300200450_,489,2024-10-01,
300200435_,490,2024-10-01,276.0
300200437_,491,2024-10-01,61.0
300200438_,492,2024-10-01,34.0
300200440_,493,2024-10-01,19.0
300200445_,494,2024-10-01,8.0
300200446_,495,2024-10-01,5.0
ATN000399,496,2024-10-01,
300200592_,497,2024-10-01,237.0
300200366_,498,2024-10-01,
LNVA105011,499,2024-10-01,26.0
300200595_,500,2024-10-01,46.0
030200097_,501,2024-10-01,
300200718_,502,2024-10-01,237.0
300200719_,503,2024-10-01,3.0
300200720_,504,2024-10-01,16.0
300200721_,505,2024-10-01,
300200722_,506,2024-10-01,25.0
300200777_,507,2024-10-01,36.0
300200723_,508,2024-10-01,
300200724_,509,2024-10-01,11.0
300200725_,510,2024-10-01,11.0
300200726_,511,2024-10-01,31.0
300200727_,512,2024-10-01,
300200728_,513,2024-10-01,10.0
300200729_,514,2024-10-01,41.0
300200730_,515,2024-10-01,25.0
300200731_,516,2024-10-01,1.0
300200732_,517,2024-10-01,22.0
300200778_,518,2024-10-01,
300200733_,519,2024-10-01,10.0
300200734_,520,2024-10-01,
300200735_,521,2024-10-01,157.0
300200736_,522,2024-10-01,62.0
300200737_,523,2024-10-01,60.0
300200738_,524,2024-10-01,22.0
300200742_,525,2024-10-01,136.0
300200739_,526,2024-10-01,13.0
300200743_,527,2024-10-01,27.0
300200740_,528,2024-10-01,14.0
300200741_,529,2024-10-01,71.0
300200744_,530,2024-10-01,104.0
300200745_,531,2024-10-01,84.0
300200746_,532,2024-10-01,111.0
300200747_,533,2024-10-01,1.0
300200748_,534,2024-10-01,5.0
300200749_,535,2024-10-01,48.0
300200750_,536,2024-10-01,22.0
300200751_,537,2024-10-01,152.0
300200752_,538,2024-10-01,65.0
300200753_,539,2024-10-01,6.0
300200754_,540,2024-10-01,3.0
300200755_,541,2024-10-01,5.0
300200497_,542,2024-10-01,
030200226_,543,2024-10-01,544.0
030200223_,544,2024-10-01,1100.0
030200227_,545,2024-10-01,434.0
030200225_,546,2024-10-01,1884.0
030200224_,547,2024-10-01,6432.0
030200221_,548,2024-10-01,3116.0
030200222_,549,2024-10-01,1142.0
300200473_,550,2024-10-01,
ATN000446,551,2024-10-01,
ATN000389,552,2024-10-01,
130300026_,553,2024-10-01,744.0
130300027_,554,2024-10-01,661.0
130300028_,555,2024-10-01,322.0
030200203_,556,2024-10-01,1662.0
030200128_,3,2024-11-01,
030200382_,4,2024-11-01,
030200127_,5,2024-11-01,
030200141_,6,2024-11-01,
030200096_,7,2024-11-01,
030200072_,8,2024-11-01,
030200093_,9,2024-11-01,
030200135_,10,2024-11-01,
030200136_,11,2024-11-01,
030200134_,12,2024-11-01,
030200094_,13,2024-11-01,
030200090_,14,2024-11-01,
030200095_,15,2024-11-01,
030200142_,16,2024-11-01,
280300174_,17,2024-11-01,1005.0
030300013_,18,2024-11-01,6.0
030200220_,19,2024-11-01,1505.0
030200219_,20,2024-11-01,1388.0
030300078_,21,2024-11-01,46.0
030300014_,22,2024-11-01,142.0
030200193_,23,2024-11-01,17450.0
030201459_,24,2024-11-01,
030200192_,25,2024-11-01,40967.0
030200201_,26,2024-11-01,14065.0
300200428_,27,2024-11-01,253.0
ATN544015,28,2024-11-01,
ATN540115,29,2024-11-01,
ATN000532,30,2024-11-01,
ATN001232,31,2024-11-01,
300201148_,32,2024-11-01,
300201149_,33,2024-11-01,
300201150_,34,2024-11-01,
300201151_,35,2024-11-01,
300201152_,36,2024-11-01,
300201153_,37,2024-11-01,
300201154_,38,2024-11-01,
300201155_,39,2024-11-01,
300200968_,40,2024-11-01,
300200967_,41,2024-11-01,
300200413_,42,2024-11-01,5.0
010400436_,43,2024-11-01,114.0
010400432_,44,2024-11-01,15.0
010400440_,45,2024-11-01,44.0
010400444_,46,2024-11-01,128.0
010400447_,47,2024-11-01,89.0
010400433_,48,2024-11-01,34.0
010400437_,49,2024-11-01,79.0
010400441_,50,2024-11-01,10.0
010400445_,51,2024-11-01,46.0
010400448_,52,2024-11-01,31.0
300200784_,53,2024-11-01,55.0
300200785_,54,2024-11-01,15.0
300200786_,55,2024-11-01,
300200787_,56,2024-11-01,11.0
300200788_,57,2024-11-01,
300200789_,58,2024-11-01,
300200790_,59,2024-11-01,13.0
300200791_,60,2024-11-01,
300200792_,61,2024-11-01,
300200793_,62,2024-11-01,2.0
300200794_,63,2024-11-01,
300200795_,64,2024-11-01,51.0
300200796_,65,2024-11-01,15.0
300200797_,66,2024-11-01,3.0
300200798_,67,2024-11-01,2.0
300200799_,68,2024-11-01,
300200800_,69,2024-11-01,17.0
300200801_,70,2024-11-01,
300200802_,71,2024-11-01,
300200803_,72,2024-11-01,
300200804_,73,2024-11-01,
300200805_,74,2024-11-01,
300200806_,75,2024-11-01,
300200807_,76,2024-11-01,
300200808_,77,2024-11-01,
300200809_,78,2024-11-01,
300200810_,79,2024-11-01,361.0
300200811_,80,2024-11-01,
300200812_,81,2024-11-01,98.0
300200813_,82,2024-11-01,29.0
300200814_,83,2024-11-01,77.0
300200815_,84,2024-11-01,18.0
300200816_,85,2024-11-01,24.0
300200817_,86,2024-11-01,14.0
300200818_,87,2024-11-01,12.0
300200819_,88,2024-11-01,
300200820_,89,2024-11-01,10.0
300200821_,90,2024-11-01,191.0
300200822_,91,2024-11-01,115.0
300200823_,92,2024-11-01,49.0
300200824_,93,2024-11-01,17.0
300200825_,94,2024-11-01,10.0
300200826_,95,2024-11-01,10.0
300200827_,96,2024-11-01,
300200828_,97,2024-11-01,10.0
300200829_,98,2024-11-01,10.0
300200830_,99,2024-11-01,
300200831_,100,2024-11-01,
300200832_,101,2024-11-01,29.0
300200833_,102,2024-11-01,82.0
300200834_,103,2024-11-01,20.0
300200835_,104,2024-11-01,77.0
300200836_,105,2024-11-01,34.0
300200837_,106,2024-11-01,
300200838_,107,2024-11-01,9.0
300200839_,108,2024-11-01,32.0
300200840_,109,2024-11-01,12.0
300200841_,110,2024-11-01,2.0
300200842_,111,2024-11-01,558.0
300200843_,112,2024-11-01,5.0
300200844_,113,2024-11-01,9.0
300200845_,114,2024-11-01,5.0
300200846_,115,2024-11-01,623.0
300200847_,116,2024-11-01,132.0
300200848_,117,2024-11-01,55.0
300200849_,118,2024-11-01,21.0
300200850_,119,2024-11-01,12.0
300200851_,120,2024-11-01,
300200852_,121,2024-11-01,
300200853_,122,2024-11-01,20.0
300200854_,123,2024-11-01,6.0
300200855_,124,2024-11-01,1.0
300200856_,125,2024-11-01,379.0
300200857_,126,2024-11-01,148.0
300200858_,127,2024-11-01,10.0
300200859_,128,2024-11-01,37.0
300200860_,129,2024-11-01,30.0
300200861_,130,2024-11-01,8.0
300200862_,131,2024-11-01,29.0
300200863_,132,2024-11-01,13.0
300200864_,133,2024-11-01,
300200865_,134,2024-11-01,
300200866_,135,2024-11-01,15.0
300200867_,136,2024-11-01,8.0
300200868_,137,2024-11-01,236.0
300200869_,138,2024-11-01,102.0
300200870_,139,2024-11-01,67.0
300200871_,140,2024-11-01,15.0
300200872_,141,2024-11-01,21.0
300200873_,142,2024-11-01,4.0
300200874_,143,2024-11-01,
300200875_,144,2024-11-01,4.0
300200876_,145,2024-11-01,
300200877_,146,2024-11-01,
300200878_,147,2024-11-01,
300200879_,148,2024-11-01,10.0
300200880_,149,2024-11-01,15.0
300200881_,150,2024-11-01,3.0
300200882_,151,2024-11-01,35.0
300200883_,152,2024-11-01,3.0
300200884_,153,2024-11-01,
300200885_,154,2024-11-01,
300200886_,155,2024-11-01,
300200887_,156,2024-11-01,62.0
300200888_,157,2024-11-01,23.0
300200889_,158,2024-11-01,
300200890_,159,2024-11-01,24.0
300200892_,160,2024-11-01,8.0
300200893_,161,2024-11-01,4.0
300200894_,162,2024-11-01,1.0
300200895_,163,2024-11-01,
300200896_,164,2024-11-01,57.0
300200897_,165,2024-11-01,3.0
300200898_,166,2024-11-01,44.0
300200899_,167,2024-11-01,28.0
300200900_,168,2024-11-01,12.0
300200901_,169,2024-11-01,5.0
300200902_,170,2024-11-01,
300200903_,171,2024-11-01,2.0
300200904_,172,2024-11-01,
300200905_,173,2024-11-01,
300200906_,174,2024-11-01,
300200907_,175,2024-11-01,2.0
300200908_,176,2024-11-01,
300200909_,177,2024-11-01,3.0
300200910_,178,2024-11-01,121.0
300200911_,179,2024-11-01,
300200912_,180,2024-11-01,58.0
300200913_,181,2024-11-01,20.0
300200914_,182,2024-11-01,34.0
300200915_,183,2024-11-01,20.0
300200916_,184,2024-11-01,12.0
300200917_,185,2024-11-01,10.0
300200918_,186,2024-11-01,
300200919_,187,2024-11-01,
300200920_,188,2024-11-01,7.0
300200921_,189,2024-11-01,158.0
300200922_,190,2024-11-01,71.0
300200923_,191,2024-11-01,23.0
300200924_,192,2024-11-01,10.0
300200925_,193,2024-11-01,10.0
300200926_,194,2024-11-01,10.0
300200927_,195,2024-11-01,10.0
300200928_,196,2024-11-01,3.0
300200929_,197,2024-11-01,10.0
300200930_,198,2024-11-01,
300200931_,199,2024-11-01,
300200932_,200,2024-11-01,
300200933_,201,2024-11-01,252.0
300200934_,202,2024-11-01,40.0
300200935_,203,2024-11-01,3.0
300200936_,204,2024-11-01,79.0
300200937_,205,2024-11-01,1.0
300200938_,206,2024-11-01,5.0
300200939_,207,2024-11-01,11.0
300200940_,208,2024-11-01,4.0
300200941_,209,2024-11-01,
300200942_,210,2024-11-01,35.0
300200943_,211,2024-11-01,11.0
300200944_,212,2024-11-01,
300200945_,213,2024-11-01,149.0
300200946_,214,2024-11-01,93.0
300200947_,215,2024-11-01,21.0
300200948_,216,2024-11-01,11.0
300200949_,217,2024-11-01,3.0
300200950_,218,2024-11-01,5.0
300200951_,219,2024-11-01,
300200952_,220,2024-11-01,
300200953_,221,2024-11-01,3.0
300200954_,222,2024-11-01,
300200955_,223,2024-11-01,
300200371_,224,2024-11-01,42.0
300200420_,225,2024-11-01,12.0
300200375_,226,2024-11-01,73.0
300200422_,227,2024-11-01,10.0
300200363_,228,2024-11-01,13.0
300200368_,229,2024-11-01,78.0
300200367_,230,2024-11-01,4.0
300200426_,231,2024-11-01,
300200424_,232,2024-11-01,
300200372_,233,2024-11-01,22.0
300200373_,234,2024-11-01,82.0
300200418_,235,2024-11-01,31.0
300200365_,236,2024-11-01,779.0
300200364_,237,2024-11-01,26.0
300200374_,238,2024-11-01,7.0
300200370_,239,2024-11-01,1.0
300200425_,240,2024-11-01,
300200419_,241,2024-11-01,
300200376_,242,2024-11-01,369.0
300200377_,243,2024-11-01,136.0
300200378_,244,2024-11-01,71.0
300200379_,245,2024-11-01,46.0
300200380_,246,2024-11-01,9.0
300200421_,247,2024-11-01,19.0
щщщ0116254,248,2024-11-01,
300200520_,249,2024-11-01,157.0
300200521_,250,2024-11-01,36.0
300200522_,251,2024-11-01,
300200523_,252,2024-11-01,12.0
300200524_,253,2024-11-01,2.0
300200525_,254,2024-11-01,3.0
300200526_,255,2024-11-01,10.0
300200527_,256,2024-11-01,18.0
300200529_,257,2024-11-01,15.0
300200530_,258,2024-11-01,
300200531_,259,2024-11-01,34.0
300200532_,260,2024-11-01,
300200533_,261,2024-11-01,28.0
300200534_,262,2024-11-01,1.0
300200535_,263,2024-11-01,
300200536_,264,2024-11-01,123.0
300200537_,265,2024-11-01,60.0
300200538_,266,2024-11-01,28.0
300200539_,267,2024-11-01,22.0
300200540_,268,2024-11-01,5.0
300200541_,269,2024-11-01,10.0
300200542_,270,2024-11-01,960.0
300200624_,271,2024-11-01,4.0
300200704_,272,2024-11-01,142.0
300200543_,273,2024-11-01,55.0
300200544_,274,2024-11-01,5.0
300200545_,275,2024-11-01,25.0
300200593_,276,2024-11-01,107.0
300200546_,277,2024-11-01,1.0
300200547_,278,2024-11-01,20.0
300200548_,279,2024-11-01,67.0
300200549_,280,2024-11-01,58.0
300200550_,281,2024-11-01,
300200551_,282,2024-11-01,14.0
300200773_,283,2024-11-01,4.0
300200552_,284,2024-11-01,56.0
300200553_,285,2024-11-01,12.0
300200554_,286,2024-11-01,3.0
300200555_,287,2024-11-01,
300200556_,288,2024-11-01,13.0
300200557_,289,2024-11-01,
300200558_,290,2024-11-01,654.0
300200559_,291,2024-11-01,335.0
300200560_,292,2024-11-01,121.0
300200561_,293,2024-11-01,64.0
300200562_,294,2024-11-01,11.0
300200563_,295,2024-11-01,65.0
300200564_,296,2024-11-01,263.0
300200565_,297,2024-11-01,26.0
300200590_,298,2024-11-01,71.0
300200566_,299,2024-11-01,
300200567_,300,2024-11-01,12.0
300200591_,301,2024-11-01,17.0
300200568_,302,2024-11-01,
300200569_,303,2024-11-01,3.0
300200570_,304,2024-11-01,28.0
300200571_,305,2024-11-01,26.0
300200572_,306,2024-11-01,
300200573_,307,2024-11-01,
300200574_,308,2024-11-01,39.0
300200575_,309,2024-11-01,29.0
300200511_,310,2024-11-01,11.0
300200576_,311,2024-11-01,30.0
300200776_,312,2024-11-01,109.0
300200577_,313,2024-11-01,4.0
300200579_,314,2024-11-01,186.0
300200580_,315,2024-11-01,63.0
300200581_,316,2024-11-01,32.0
300200582_,317,2024-11-01,18.0
300200583_,318,2024-11-01,7.0
300200584_,319,2024-11-01,18.0
300200343_,320,2024-11-01,3004.0
020100163_,321,2024-11-01,114.0
300200459_,322,2024-11-01,117.0
020100158_,323,2024-11-01,437.0
020100159_,324,2024-11-01,25.0
300200460_,325,2024-11-01,88.0
020100160_,326,2024-11-01,418.0
020100161_,327,2024-11-01,45.0
300200461_,328,2024-11-01,25.0
300200472_,329,2024-11-01,291.0
300200462_,330,2024-11-01,183.0
300200517_,331,2024-11-01,
020100162_,332,2024-11-01,28.0
300200772_,333,2024-11-01,13.0
300200468_,334,2024-11-01,86.0
300200515_,335,2024-11-01,170.0
300200518_,336,2024-11-01,24.0
300200516_,337,2024-11-01,195.0
300200471_,338,2024-11-01,6.0
300200470_,339,2024-11-01,2.0
300200463_,340,2024-11-01,2315.0
300200464_,341,2024-11-01,1114.0
300200465_,342,2024-11-01,614.0
300200466_,343,2024-11-01,257.0
300200467_,344,2024-11-01,54.0
300200519_,345,2024-11-01,160.0
300200775_,346,2024-11-01,-1.0
300200781_,347,2024-11-01,7.0
300200779_,348,2024-11-01,40.0
300200782_,349,2024-11-01,21.0
300200783_,350,2024-11-01,3.0
300100015_,351,2024-11-01,
300100006_,352,2024-11-01,
300100003_,353,2024-11-01,
300100012_,354,2024-11-01,
030200006_,355,2024-11-01,
030200008_,356,2024-11-01,
030200005_,357,2024-11-01,
030200007_,358,2024-11-01,
030200015_,359,2024-11-01,
030200002_,360,2024-11-01,
030200003_,361,2024-11-01,
030200009_,362,2024-11-01,
030200030_,363,2024-11-01,21.0
030200031_,364,2024-11-01,25.0
030200036_,365,2024-11-01,60.0
030200038_,366,2024-11-01,20.0
030200037_,367,2024-11-01,210.0
030200039_,368,2024-11-01,11.0
030200028_,369,2024-11-01,145.0
030200029_,370,2024-11-01,74.0
030200032_,371,2024-11-01,35.0
030200034_,372,2024-11-01,69.0
030200239_,373,2024-11-01,137.0
030200240_,374,2024-11-01,234.0
030200379_,375,2024-11-01,
030200026_,376,2024-11-01,
030200025_,377,2024-11-01,
030200027_,378,2024-11-01,
030200052_,379,2024-11-01,
030200053_,380,2024-11-01,
030200054_,381,2024-11-01,
030200183_,382,2024-11-01,
030200191_,383,2024-11-01,
030200175_,384,2024-11-01,3.0
030200176_,385,2024-11-01,14.0
030200247_,386,2024-11-01,4.0
030200246_,387,2024-11-01,3.0
030200243_,388,2024-11-01,5.0
030200244_,389,2024-11-01,2.0
030200245_,390,2024-11-01,
030200248_,391,2024-11-01,
030200249_,392,2024-11-01,
030200259_,393,2024-11-01,2.0
030200260_,394,2024-11-01,6.0
030200256_,395,2024-11-01,31.0
030200257_,396,2024-11-01,74.0
030200258_,397,2024-11-01,
030200263_,398,2024-11-01,
030200262_,399,2024-11-01,
030200265_,400,2024-11-01,1.0
030200261_,401,2024-11-01,
030200292_,402,2024-11-01,
030200250_,403,2024-11-01,5.0
030200251_,404,2024-11-01,14.0
030200252_,405,2024-11-01,4.0
030200253_,406,2024-11-01,
030200254_,407,2024-11-01,
300200331_,408,2024-11-01,2400.0
300200296_,409,2024-11-01,634.0
300200283_,410,2024-11-01,44.0
300200302_,411,2024-11-01,383.0
300200333_,412,2024-11-01,1003.0
300200288_,413,2024-11-01,5.0
300200284_,414,2024-11-01,91.0
300200767_,415,2024-11-01,-2.0
300200293_,416,2024-11-01,460.0
300200289_,417,2024-11-01,477.0
300200290_,418,2024-11-01,
300200291_,419,2024-11-01,54.0
300200297_,420,2024-11-01,801.0
300200298_,421,2024-11-01,945.0
300200299_,422,2024-11-01,1.0
300200294_,423,2024-11-01,166.0
300200286_,424,2024-11-01,8757.0
300200332_,425,2024-11-01,1795.0
300200301_,426,2024-11-01,602.0
300200287_,427,2024-11-01,
300200700_,428,2024-11-01,130.0
300200295_,429,2024-11-01,115.0
300200292_,430,2024-11-01,4.0
300200300_,431,2024-11-01,11.0
300200312_,432,2024-11-01,2.0
300200303_,433,2024-11-01,7796.0
300200304_,434,2024-11-01,3241.0
300200305_,435,2024-11-01,1349.0
300200306_,436,2024-11-01,661.0
300200307_,437,2024-11-01,75.0
300200310_,438,2024-11-01,8.0
300200311_,439,2024-11-01,47.0
300200308_,440,2024-11-01,22.0
300200309_,441,2024-11-01,2.0
300200313_,442,2024-11-01,65.0
300200498_,443,2024-11-01,306.0
ATN000108,444,2024-11-01,
300200314_,445,2024-11-01,17.0
ATN000109,446,2024-11-01,5.0
300200315_,447,2024-11-01,5.0
300200771_,448,2024-11-01,36.0
300200316_,449,2024-11-01,22.0
300200959_,450,2024-11-01,
300200317_,451,2024-11-01,89.0
300200496_,452,2024-11-01,
300200346_,453,2024-11-01,
300200318_,454,2024-11-01,77.0
300200347_,455,2024-11-01,17.0
300200319_,456,2024-11-01,383.0
300200320_,457,2024-11-01,121.0
300200321_,458,2024-11-01,56.0
300200322_,459,2024-11-01,126.0
300200323_,460,2024-11-01,438.0
300200324_,461,2024-11-01,1113.0
300200325_,462,2024-11-01,32.0
300200326_,463,2024-11-01,320.0
300200327_,464,2024-11-01,21.0
300200328_,465,2024-11-01,201.0
300200330_,466,2024-11-01,1.0
300200348_,467,2024-11-01,4.0
300200350_,468,2024-11-01,
300200352_,469,2024-11-01,
300200430_,470,2024-11-01,70.0
300200588_,471,2024-11-01,55.0
300200443_,472,2024-11-01,10.0
300200432_,473,2024-11-01,28.0
300200444_,474,2024-11-01,6.0
300200449_,475,2024-11-01,2.0
300200447_,476,2024-11-01,
300200433_,477,2024-11-01,33.0
300200439_,478,2024-11-01,18.0
300200451_,479,2024-11-01,
300200448_,480,2024-11-01,
300200774_,481,2024-11-01,
300200436_,482,2024-11-01,72.0
300200431_,483,2024-11-01,57.0
300200452_,484,2024-11-01,2.0
300200434_,485,2024-11-01,5.0
300200429_,486,2024-11-01,94.0
300200632_,487,2024-11-01,71.0
300200441_,488,2024-11-01,1.0
300200450_,489,2024-11-01,
300200435_,490,2024-11-01,305.0
300200437_,491,2024-11-01,196.0
300200438_,492,2024-11-01,40.0
300200440_,493,2024-11-01,5.0
300200445_,494,2024-11-01,
300200446_,495,2024-11-01,2.0
ATN000399,496,2024-11-01,
300200592_,497,2024-11-01,111.0
300200366_,498,2024-11-01,10.0
LNVA105011,499,2024-11-01,1.0
300200595_,500,2024-11-01,10.0
030200097_,501,2024-11-01,
300200718_,502,2024-11-01,416.0
300200719_,503,2024-11-01,15.0
300200720_,504,2024-11-01,65.0
300200721_,505,2024-11-01,10.0
300200722_,506,2024-11-01,28.0
300200777_,507,2024-11-01,63.0
300200723_,508,2024-11-01,
300200724_,509,2024-11-01,2.0
300200725_,510,2024-11-01,11.0
300200726_,511,2024-11-01,32.0
300200727_,512,2024-11-01,
300200728_,513,2024-11-01,
300200729_,514,2024-11-01,20.0
300200730_,515,2024-11-01,29.0
300200731_,516,2024-11-01,2.0
300200732_,517,2024-11-01,9.0
300200778_,518,2024-11-01,88.0
300200733_,519,2024-11-01,15.0
300200734_,520,2024-11-01,
300200735_,521,2024-11-01,371.0
300200736_,522,2024-11-01,106.0
300200737_,523,2024-11-01,37.0
300200738_,524,2024-11-01,16.0
300200742_,525,2024-11-01,211.0
300200739_,526,2024-11-01,4.0
300200743_,527,2024-11-01,3.0
300200740_,528,2024-11-01,2.0
300200741_,529,2024-11-01,44.0
300200744_,530,2024-11-01,117.0
300200745_,531,2024-11-01,39.0
300200746_,532,2024-11-01,47.0
300200747_,533,2024-11-01,2.0
300200748_,534,2024-11-01,10.0
300200749_,535,2024-11-01,46.0
300200750_,536,2024-11-01,20.0
300200751_,537,2024-11-01,69.0
300200752_,538,2024-11-01,69.0
300200753_,539,2024-11-01,7.0
300200754_,540,2024-11-01,8.0
300200755_,541,2024-11-01,7.0
300200497_,542,2024-11-01,
030200226_,543,2024-11-01,60.0
030200223_,544,2024-11-01,1475.0
030200227_,545,2024-11-01,147.0
030200225_,546,2024-11-01,2808.0
030200224_,547,2024-11-01,3277.0
030200221_,548,2024-11-01,658.0
030200222_,549,2024-11-01,721.0
300200473_,550,2024-11-01,
ATN000446,551,2024-11-01,8.0
ATN000389,552,2024-11-01,
130300026_,553,2024-11-01,853.0
130300027_,554,2024-11-01,697.0
130300028_,555,2024-11-01,15.0
030200203_,556,2024-11-01,2162.0
030200128_,3,2024-12-01,
030200382_,4,2024-12-01,2.0
030200127_,5,2024-12-01,
030200141_,6,2024-12-01,
030200096_,7,2024-12-01,
030200072_,8,2024-12-01,
030200093_,9,2024-12-01,8.0
030200135_,10,2024-12-01,1.0
030200136_,11,2024-12-01,
030200134_,12,2024-12-01,
030200094_,13,2024-12-01,
030200090_,14,2024-12-01,
030200095_,15,2024-12-01,
030200142_,16,2024-12-01,
280300174_,17,2024-12-01,373.0
030300013_,18,2024-12-01,50.0
030200220_,19,2024-12-01,872.0
030200219_,20,2024-12-01,1186.0
030300078_,21,2024-12-01,10.0
030300014_,22,2024-12-01,3.0
030200193_,23,2024-12-01,13211.0
030201459_,24,2024-12-01,
030200192_,25,2024-12-01,36204.0
030200201_,26,2024-12-01,11283.0
300200428_,27,2024-12-01,530.0
ATN544015,28,2024-12-01,
ATN540115,29,2024-12-01,
ATN000532,30,2024-12-01,
ATN001232,31,2024-12-01,
300201148_,32,2024-12-01,
300201149_,33,2024-12-01,
300201150_,34,2024-12-01,
300201151_,35,2024-12-01,
300201152_,36,2024-12-01,
300201153_,37,2024-12-01,
300201154_,38,2024-12-01,
300201155_,39,2024-12-01,
300200968_,40,2024-12-01,
300200967_,41,2024-12-01,
300200413_,42,2024-12-01,33.0
010400436_,43,2024-12-01,42.0
010400432_,44,2024-12-01,12.0
010400440_,45,2024-12-01,19.0
010400444_,46,2024-12-01,96.0
010400447_,47,2024-12-01,74.0
010400433_,48,2024-12-01,59.0
010400437_,49,2024-12-01,18.0
010400441_,50,2024-12-01,59.0
010400445_,51,2024-12-01,33.0
010400448_,52,2024-12-01,49.0
300200784_,53,2024-12-01,213.0
300200785_,54,2024-12-01,49.0
300200786_,55,2024-12-01,
300200787_,56,2024-12-01,42.0
300200788_,57,2024-12-01,
300200789_,58,2024-12-01,28.0
300200790_,59,2024-12-01,12.0
300200791_,60,2024-12-01,1.0
300200792_,61,2024-12-01,
300200793_,62,2024-12-01,
300200794_,63,2024-12-01,7.0
300200795_,64,2024-12-01,121.0
300200796_,65,2024-12-01,55.0
300200797_,66,2024-12-01,16.0
300200798_,67,2024-12-01,20.0
300200799_,68,2024-12-01,
300200800_,69,2024-12-01,2.0
300200801_,70,2024-12-01,20.0
300200802_,71,2024-12-01,
300200803_,72,2024-12-01,7.0
300200804_,73,2024-12-01,
300200805_,74,2024-12-01,
300200806_,75,2024-12-01,
300200807_,76,2024-12-01,6.0
300200808_,77,2024-12-01,
300200809_,78,2024-12-01,
300200810_,79,2024-12-01,385.0
300200811_,80,2024-12-01,33.0
300200812_,81,2024-12-01,89.0
300200813_,82,2024-12-01,10.0
300200814_,83,2024-12-01,37.0
300200815_,84,2024-12-01,
300200816_,85,2024-12-01,22.0
300200817_,86,2024-12-01,12.0
300200818_,87,2024-12-01,1.0
300200819_,88,2024-12-01,
300200820_,89,2024-12-01,3.0
300200821_,90,2024-12-01,159.0
300200822_,91,2024-12-01,85.0
300200823_,92,2024-12-01,44.0
300200824_,93,2024-12-01,19.0
300200825_,94,2024-12-01,7.0
300200826_,95,2024-12-01,37.0
300200827_,96,2024-12-01,
300200828_,97,2024-12-01,4.0
300200829_,98,2024-12-01,
300200830_,99,2024-12-01,2.0
300200831_,100,2024-12-01,
300200832_,101,2024-12-01,11.0
300200833_,102,2024-12-01,28.0
300200834_,103,2024-12-01,7.0
300200835_,104,2024-12-01,31.0
300200836_,105,2024-12-01,1.0
300200837_,106,2024-12-01,
300200838_,107,2024-12-01,17.0
300200839_,108,2024-12-01,11.0
300200840_,109,2024-12-01,
300200841_,110,2024-12-01,
300200842_,111,2024-12-01,270.0
300200843_,112,2024-12-01,85.0
300200844_,113,2024-12-01,23.0
300200845_,114,2024-12-01,3.0
300200846_,115,2024-12-01,137.0
300200847_,116,2024-12-01,80.0
300200848_,117,2024-12-01,49.0
300200849_,118,2024-12-01,5.0
300200850_,119,2024-12-01,3.0
300200851_,120,2024-12-01,46.0
300200852_,121,2024-12-01,
300200853_,122,2024-12-01,1.0
300200854_,123,2024-12-01,3.0
300200855_,124,2024-12-01,
300200856_,125,2024-12-01,662.0
300200857_,126,2024-12-01,92.0
300200858_,127,2024-12-01,2.0
300200859_,128,2024-12-01,102.0
300200860_,129,2024-12-01,
300200861_,130,2024-12-01,17.0
300200862_,131,2024-12-01,10.0
300200863_,132,2024-12-01,6.0
300200864_,133,2024-12-01,12.0
300200865_,134,2024-12-01,1.0
300200866_,135,2024-12-01,7.0
300200867_,136,2024-12-01,4.0
300200868_,137,2024-12-01,197.0
300200869_,138,2024-12-01,137.0
300200870_,139,2024-12-01,63.0
300200871_,140,2024-12-01,32.0
300200872_,141,2024-12-01,7.0
300200873_,142,2024-12-01,45.0
300200874_,143,2024-12-01,
300200875_,144,2024-12-01,26.0
300200876_,145,2024-12-01,3.0
300200877_,146,2024-12-01,
300200878_,147,2024-12-01,
300200879_,148,2024-12-01,9.0
300200880_,149,2024-12-01,
300200881_,150,2024-12-01,
300200882_,151,2024-12-01,
300200883_,152,2024-12-01,
300200884_,153,2024-12-01,
300200885_,154,2024-12-01,
300200886_,155,2024-12-01,
300200887_,156,2024-12-01,27.0
300200888_,157,2024-12-01,7.0
300200889_,158,2024-12-01,
300200890_,159,2024-12-01,7.0
300200892_,160,2024-12-01,
300200893_,161,2024-12-01,4.0
300200894_,162,2024-12-01,
300200895_,163,2024-12-01,3.0
300200896_,164,2024-12-01,
300200897_,165,2024-12-01,
300200898_,166,2024-12-01,18.0
300200899_,167,2024-12-01,7.0
300200900_,168,2024-12-01,2.0
300200901_,169,2024-12-01,5.0
300200902_,170,2024-12-01,
300200903_,171,2024-12-01,8.0
300200904_,172,2024-12-01,
300200905_,173,2024-12-01,2.0
300200906_,174,2024-12-01,
300200907_,175,2024-12-01,2.0
300200908_,176,2024-12-01,
300200909_,177,2024-12-01,2.0
300200910_,178,2024-12-01,71.0
300200911_,179,2024-12-01,
300200912_,180,2024-12-01,25.0
300200913_,181,2024-12-01,
300200914_,182,2024-12-01,8.0
300200915_,183,2024-12-01,
300200916_,184,2024-12-01,
300200917_,185,2024-12-01,2.0
300200918_,186,2024-12-01,
300200919_,187,2024-12-01,
300200920_,188,2024-12-01,
300200921_,189,2024-12-01,92.0
300200922_,190,2024-12-01,14.0
300200923_,191,2024-12-01,2.0
300200924_,192,2024-12-01,3.0
300200925_,193,2024-12-01,1.0
300200926_,194,2024-12-01,1.0
300200927_,195,2024-12-01,
300200928_,196,2024-12-01,
300200929_,197,2024-12-01,
300200930_,198,2024-12-01,
300200931_,199,2024-12-01,
300200932_,200,2024-12-01,
300200933_,201,2024-12-01,193.0
300200934_,202,2024-12-01,25.0
300200935_,203,2024-12-01,1.0
300200936_,204,2024-12-01,21.0
300200937_,205,2024-12-01,
300200938_,206,2024-12-01,5.0
300200939_,207,2024-12-01,4.0
300200940_,208,2024-12-01,
300200941_,209,2024-12-01,
300200942_,210,2024-12-01,
300200943_,211,2024-12-01,17.0
300200944_,212,2024-12-01,
300200945_,213,2024-12-01,76.0
300200946_,214,2024-12-01,48.0
300200947_,215,2024-12-01,31.0
300200948_,216,2024-12-01,6.0
300200949_,217,2024-12-01,
300200950_,218,2024-12-01,4.0
300200951_,219,2024-12-01,
300200952_,220,2024-12-01,
300200953_,221,2024-12-01,
300200954_,222,2024-12-01,
300200955_,223,2024-12-01,
300200371_,224,2024-12-01,-5.0
300200420_,225,2024-12-01,-13.0
300200375_,226,2024-12-01,40.0
300200422_,227,2024-12-01,-6.0
300200363_,228,2024-12-01,-2.0
300200368_,229,2024-12-01,-20.0
300200367_,230,2024-12-01,1.0
300200426_,231,2024-12-01,2.0
300200424_,232,2024-12-01,-18.0
300200372_,233,2024-12-01,-2.0
300200373_,234,2024-12-01,29.0
300200418_,235,2024-12-01,-20.0
300200365_,236,2024-12-01,355.0
300200364_,237,2024-12-01,71.0
300200374_,238,2024-12-01,9.0
300200370_,239,2024-12-01,-7.0
300200425_,240,2024-12-01,
300200419_,241,2024-12-01,
300200376_,242,2024-12-01,253.0
300200377_,243,2024-12-01,87.0
300200378_,244,2024-12-01,27.0
300200379_,245,2024-12-01,3.0
300200380_,246,2024-12-01,-16.0
300200421_,247,2024-12-01,-4.0
щщщ0116254,248,2024-12-01,
300200520_,249,2024-12-01,161.0
300200521_,250,2024-12-01,
300200522_,251,2024-12-01,
300200523_,252,2024-12-01,1.0
300200524_,253,2024-12-01,
300200525_,254,2024-12-01,8.0
300200526_,255,2024-12-01,4.0
300200527_,256,2024-12-01,
300200529_,257,2024-12-01,
300200530_,258,2024-12-01,
300200531_,259,2024-12-01,5.0
300200532_,260,2024-12-01,
300200533_,261,2024-12-01,1.0
300200534_,262,2024-12-01,
300200535_,263,2024-12-01,
300200536_,264,2024-12-01,94.0
300200537_,265,2024-12-01,12.0
300200538_,266,2024-12-01,15.0
300200539_,267,2024-12-01,3.0
300200540_,268,2024-12-01,
300200541_,269,2024-12-01,5.0
300200542_,270,2024-12-01,1259.0
300200624_,271,2024-12-01,68.0
300200704_,272,2024-12-01,69.0
300200543_,273,2024-12-01,120.0
300200544_,274,2024-12-01,
300200545_,275,2024-12-01,18.0
300200593_,276,2024-12-01,191.0
300200546_,277,2024-12-01,
300200547_,278,2024-12-01,19.0
300200548_,279,2024-12-01,83.0
300200549_,280,2024-12-01,43.0
300200550_,281,2024-12-01,
300200551_,282,2024-12-01,2.0
300200773_,283,2024-12-01,44.0
300200552_,284,2024-12-01,50.0
300200553_,285,2024-12-01,82.0
300200554_,286,2024-12-01,1.0
300200555_,287,2024-12-01,
300200556_,288,2024-12-01,10.0
300200557_,289,2024-12-01,
300200558_,290,2024-12-01,603.0
300200559_,291,2024-12-01,469.0
300200560_,292,2024-12-01,155.0
300200561_,293,2024-12-01,53.0
300200562_,294,2024-12-01,85.0
300200563_,295,2024-12-01,39.0
300200564_,296,2024-12-01,281.0
300200565_,297,2024-12-01,34.0
300200590_,298,2024-12-01,17.0
300200566_,299,2024-12-01,-20.0
300200567_,300,2024-12-01,2.0
300200591_,301,2024-12-01,4.0
300200568_,302,2024-12-01,-10.0
300200569_,303,2024-12-01,-9.0
300200570_,304,2024-12-01,-12.0
300200571_,305,2024-12-01,-11.0
300200572_,306,2024-12-01,
300200573_,307,2024-12-01,-24.0
300200574_,308,2024-12-01,-8.0
300200575_,309,2024-12-01,47.0
300200511_,310,2024-12-01,-18.0
300200576_,311,2024-12-01,2.0
300200776_,312,2024-12-01,14.0
300200577_,313,2024-12-01,-17.0
300200579_,314,2024-12-01,78.0
300200580_,315,2024-12-01,30.0
300200581_,316,2024-12-01,4.0
300200582_,317,2024-12-01,-11.0
300200583_,318,2024-12-01,-15.0
300200584_,319,2024-12-01,-24.0
300200343_,320,2024-12-01,3123.0
020100163_,321,2024-12-01,61.0
300200459_,322,2024-12-01,46.0
020100158_,323,2024-12-01,488.0
020100159_,324,2024-12-01,8.0
300200460_,325,2024-12-01,21.0
020100160_,326,2024-12-01,292.0
020100161_,327,2024-12-01,-7.0
300200461_,328,2024-12-01,46.0
300200472_,329,2024-12-01,107.0
300200462_,330,2024-12-01,152.0
300200517_,331,2024-12-01,
020100162_,332,2024-12-01,24.0
300200772_,333,2024-12-01,26.0
300200468_,334,2024-12-01,69.0
300200515_,335,2024-12-01,96.0
300200518_,336,2024-12-01,-13.0
300200516_,337,2024-12-01,274.0
300200471_,338,2024-12-01,5.0
300200470_,339,2024-12-01,
300200463_,340,2024-12-01,1591.0
300200464_,341,2024-12-01,865.0
300200465_,342,2024-12-01,412.0
300200466_,343,2024-12-01,174.0
300200467_,344,2024-12-01,18.0
300200519_,345,2024-12-01,190.0
300200775_,346,2024-12-01,1.0
300200781_,347,2024-12-01,
300200779_,348,2024-12-01,38.0
300200782_,349,2024-12-01,3.0
300200783_,350,2024-12-01,2.0
300100015_,351,2024-12-01,
300100006_,352,2024-12-01,
300100003_,353,2024-12-01,
300100012_,354,2024-12-01,
030200006_,355,2024-12-01,
030200008_,356,2024-12-01,
030200005_,357,2024-12-01,1.0
030200007_,358,2024-12-01,
030200015_,359,2024-12-01,
030200002_,360,2024-12-01,
030200003_,361,2024-12-01,
030200009_,362,2024-12-01,
030200030_,363,2024-12-01,64.0
030200031_,364,2024-12-01,
030200036_,365,2024-12-01,80.0
030200038_,366,2024-12-01,40.0
030200037_,367,2024-12-01,60.0
030200039_,368,2024-12-01,65.0
030200028_,369,2024-12-01,35.0
030200029_,370,2024-12-01,15.0
030200032_,371,2024-12-01,
030200034_,372,2024-12-01,
030200239_,373,2024-12-01,42.0
030200240_,374,2024-12-01,95.0
030200379_,375,2024-12-01,
030200026_,376,2024-12-01,
030200025_,377,2024-12-01,
030200027_,378,2024-12-01,
030200052_,379,2024-12-01,
030200053_,380,2024-12-01,
030200054_,381,2024-12-01,
030200183_,382,2024-12-01,
030200191_,383,2024-12-01,13.0
030200175_,384,2024-12-01,
030200176_,385,2024-12-01,
030200247_,386,2024-12-01,32.0
030200246_,387,2024-12-01,5.0
030200243_,388,2024-12-01,12.0
030200244_,389,2024-12-01,4.0
030200245_,390,2024-12-01,
030200248_,391,2024-12-01,
030200249_,392,2024-12-01,
030200259_,393,2024-12-01,
030200260_,394,2024-12-01,10.0
030200256_,395,2024-12-01,70.0
030200257_,396,2024-12-01,21.0
030200258_,397,2024-12-01,1.0
030200263_,398,2024-12-01,5.0
030200262_,399,2024-12-01,
030200265_,400,2024-12-01,
030200261_,401,2024-12-01,
030200292_,402,2024-12-01,
030200250_,403,2024-12-01,6.0
030200251_,404,2024-12-01,35.0
030200252_,405,2024-12-01,10.0
030200253_,406,2024-12-01,2.0
030200254_,407,2024-12-01,2.0
300200331_,408,2024-12-01,1365.0
300200296_,409,2024-12-01,544.0
300200283_,410,2024-12-01,36.0
300200302_,411,2024-12-01,277.0
300200333_,412,2024-12-01,738.0
300200288_,413,2024-12-01,14.0
300200284_,414,2024-12-01,102.0
300200767_,415,2024-12-01,4.0
300200293_,416,2024-12-01,381.0
300200289_,417,2024-12-01,287.0
300200290_,418,2024-12-01,1.0
300200291_,419,2024-12-01,37.0
300200297_,420,2024-12-01,490.0
300200298_,421,2024-12-01,915.0
300200299_,422,2024-12-01,
300200294_,423,2024-12-01,56.0
300200286_,424,2024-12-01,8682.0
300200332_,425,2024-12-01,865.0
300200301_,426,2024-12-01,593.0
300200287_,427,2024-12-01,
300200700_,428,2024-12-01,110.0
300200295_,429,2024-12-01,52.0
300200292_,430,2024-12-01,4.0
300200300_,431,2024-12-01,10.0
300200312_,432,2024-12-01,
300200303_,433,2024-12-01,3962.0
300200304_,434,2024-12-01,1513.0
300200305_,435,2024-12-01,825.0
300200306_,436,2024-12-01,212.0
300200307_,437,2024-12-01,37.0
300200310_,438,2024-12-01,2.0
300200311_,439,2024-12-01,95.0
300200308_,440,2024-12-01,6.0
300200309_,441,2024-12-01,10.0
300200313_,442,2024-12-01,236.0
300200498_,443,2024-12-01,143.0
ATN000108,444,2024-12-01,
300200314_,445,2024-12-01,135.0
ATN000109,446,2024-12-01,1.0
300200315_,447,2024-12-01,
300200771_,448,2024-12-01,17.0
300200316_,449,2024-12-01,6.0
300200959_,450,2024-12-01,
300200317_,451,2024-12-01,612.0
300200496_,452,2024-12-01,
300200346_,453,2024-12-01,35.0
300200318_,454,2024-12-01,52.0
300200347_,455,2024-12-01,94.0
300200319_,456,2024-12-01,249.0
300200320_,457,2024-12-01,129.0
300200321_,458,2024-12-01,57.0
300200322_,459,2024-12-01,79.0
300200323_,460,2024-12-01,511.0
300200324_,461,2024-12-01,1104.0
300200325_,462,2024-12-01,68.0
300200326_,463,2024-12-01,384.0
300200327_,464,2024-12-01,67.0
300200328_,465,2024-12-01,151.0
300200330_,466,2024-12-01,
300200348_,467,2024-12-01,3.0
300200350_,468,2024-12-01,
300200352_,469,2024-12-01,
300200430_,470,2024-12-01,-23.0
300200588_,471,2024-12-01,119.0
300200443_,472,2024-12-01,-25.0
300200432_,473,2024-12-01,-12.0
300200444_,474,2024-12-01,-15.0
300200449_,475,2024-12-01,-5.0
300200447_,476,2024-12-01,
300200433_,477,2024-12-01,12.0
300200439_,478,2024-12-01,-12.0
300200451_,479,2024-12-01,-5.0
300200448_,480,2024-12-01,-11.0
300200774_,481,2024-12-01,
300200436_,482,2024-12-01,33.0
300200431_,483,2024-12-01,5.0
300200452_,484,2024-12-01,-2.0
300200434_,485,2024-12-01,5.0
300200429_,486,2024-12-01,53.0
300200632_,487,2024-12-01,36.0
300200441_,488,2024-12-01,-2.0
300200450_,489,2024-12-01,-11.0
300200435_,490,2024-12-01,306.0
300200437_,491,2024-12-01,126.0
300200438_,492,2024-12-01,38.0
300200440_,493,2024-12-01,-9.0
300200445_,494,2024-12-01,-14.0
300200446_,495,2024-12-01,-7.0
ATN000399,496,2024-12-01,
300200592_,497,2024-12-01,171.0
300200366_,498,2024-12-01,28.0
LNVA105011,499,2024-12-01,
300200595_,500,2024-12-01,23.0
030200097_,501,2024-12-01,
300200718_,502,2024-12-01,464.0
300200719_,503,2024-12-01,42.0
300200720_,504,2024-12-01,39.0
300200721_,505,2024-12-01,
300200722_,506,2024-12-01,15.0
300200777_,507,2024-12-01,111.0
300200723_,508,2024-12-01,
300200724_,509,2024-12-01,11.0
300200725_,510,2024-12-01,25.0
300200726_,511,2024-12-01,19.0
300200727_,512,2024-12-01,
300200728_,513,2024-12-01,1.0
300200729_,514,2024-12-01,10.0
300200730_,515,2024-12-01,7.0
300200731_,516,2024-12-01,1.0
300200732_,517,2024-12-01,1.0
300200778_,518,2024-12-01,52.0
300200733_,519,2024-12-01,
300200734_,520,2024-12-01,
300200735_,521,2024-12-01,321.0
300200736_,522,2024-12-01,103.0
300200737_,523,2024-12-01,71.0
300200738_,524,2024-12-01,10.0
300200742_,525,2024-12-01,40.0
300200739_,526,2024-12-01,2.0
300200743_,527,2024-12-01,5.0
300200740_,528,2024-12-01,36.0
300200741_,529,2024-12-01,85.0
300200744_,530,2024-12-01,89.0
300200745_,531,2024-12-01,58.0
300200746_,532,2024-12-01,55.0
300200747_,533,2024-12-01,
300200748_,534,2024-12-01,1.0
300200749_,535,2024-12-01,24.0
300200750_,536,2024-12-01,20.0
300200751_,537,2024-12-01,86.0
300200752_,538,2024-12-01,147.0
300200753_,539,2024-12-01,17.0
300200754_,540,2024-12-01,4.0
300200755_,541,2024-12-01,3.0
300200497_,542,2024-12-01,
030200226_,543,2024-12-01,118.0
030200223_,544,2024-12-01,769.0
030200227_,545,2024-12-01,319.0
030200225_,546,2024-12-01,1501.0
030200224_,547,2024-12-01,1683.0
030200221_,548,2024-12-01,1073.0
030200222_,549,2024-12-01,745.0
300200473_,550,2024-12-01,1.0
ATN000446,551,2024-12-01,7.0
ATN000389,552,2024-12-01,
130300026_,553,2024-12-01,423.0
130300027_,554,2024-12-01,61.0
130300028_,555,2024-12-01,265.0
030200203_,556,2024-12-01,1967.0
030200128_,3,2025-01-01,
030200382_,4,2025-01-01,
030200127_,5,2025-01-01,
030200141_,6,2025-01-01,
030200096_,7,2025-01-01,
030200072_,8,2025-01-01,2.0
030200093_,9,2025-01-01,1.0
030200135_,10,2025-01-01,
030200136_,11,2025-01-01,
030200134_,12,2025-01-01,
030200094_,13,2025-01-01,
030200090_,14,2025-01-01,
030200095_,15,2025-01-01,
030200142_,16,2025-01-01,
280300174_,17,2025-01-01,579.0
030300013_,18,2025-01-01,149.0
030200220_,19,2025-01-01,747.0
030200219_,20,2025-01-01,5141.0
030300078_,21,2025-01-01,1.0
030300014_,22,2025-01-01,
030200193_,23,2025-01-01,16307.0
030201459_,24,2025-01-01,
030200192_,25,2025-01-01,53478.0
030200201_,26,2025-01-01,20124.0
300200428_,27,2025-01-01,610.0
ATN544015,28,2025-01-01,
ATN540115,29,2025-01-01,
ATN000532,30,2025-01-01,
ATN001232,31,2025-01-01,
300201148_,32,2025-01-01,
300201149_,33,2025-01-01,
300201150_,34,2025-01-01,
300201151_,35,2025-01-01,
300201152_,36,2025-01-01,
300201153_,37,2025-01-01,
300201154_,38,2025-01-01,
300201155_,39,2025-01-01,
300200968_,40,2025-01-01,
300200967_,41,2025-01-01,
300200413_,42,2025-01-01,10.0
010400436_,43,2025-01-01,69.0
010400432_,44,2025-01-01,15.0
010400440_,45,2025-01-01,28.0
010400444_,46,2025-01-01,105.0
010400447_,47,2025-01-01,48.0
010400433_,48,2025-01-01,30.0
010400437_,49,2025-01-01,36.0
010400441_,50,2025-01-01,52.0
010400445_,51,2025-01-01,27.0
010400448_,52,2025-01-01,15.0
300200784_,53,2025-01-01,4.0
300200785_,54,2025-01-01,2.0
300200786_,55,2025-01-01,
300200787_,56,2025-01-01,
300200788_,57,2025-01-01,
300200789_,58,2025-01-01,
300200790_,59,2025-01-01,
300200791_,60,2025-01-01,
300200792_,61,2025-01-01,
300200793_,62,2025-01-01,
300200794_,63,2025-01-01,1.0
300200795_,64,2025-01-01,3.0
300200796_,65,2025-01-01,
300200797_,66,2025-01-01,
300200798_,67,2025-01-01,
300200799_,68,2025-01-01,
300200800_,69,2025-01-01,
300200801_,70,2025-01-01,-20.0
300200802_,71,2025-01-01,
300200803_,72,2025-01-01,
300200804_,73,2025-01-01,1.0
300200805_,74,2025-01-01,
300200806_,75,2025-01-01,
300200807_,76,2025-01-01,
300200808_,77,2025-01-01,
300200809_,78,2025-01-01,
300200810_,79,2025-01-01,149.0
300200811_,80,2025-01-01,
300200812_,81,2025-01-01,40.0
300200813_,82,2025-01-01,
300200814_,83,2025-01-01,11.0
300200815_,84,2025-01-01,
300200816_,85,2025-01-01,5.0
300200817_,86,2025-01-01,
300200818_,87,2025-01-01,
300200819_,88,2025-01-01,
300200820_,89,2025-01-01,
300200821_,90,2025-01-01,95.0
300200822_,91,2025-01-01,26.0
300200823_,92,2025-01-01,9.0
300200824_,93,2025-01-01,4.0
300200825_,94,2025-01-01,6.0
300200826_,95,2025-01-01,
300200827_,96,2025-01-01,5.0
300200828_,97,2025-01-01,
300200829_,98,2025-01-01,
300200830_,99,2025-01-01,
300200831_,100,2025-01-01,
300200832_,101,2025-01-01,6.0
300200833_,102,2025-01-01,20.0
300200834_,103,2025-01-01,6.0
300200835_,104,2025-01-01,20.0
300200836_,105,2025-01-01,5.0
300200837_,106,2025-01-01,2.0
300200838_,107,2025-01-01,8.0
300200839_,108,2025-01-01,10.0
300200840_,109,2025-01-01,
300200841_,110,2025-01-01,6.0
300200842_,111,2025-01-01,325.0
300200843_,112,2025-01-01,76.0
300200844_,113,2025-01-01,13.0
300200845_,114,2025-01-01,
300200846_,115,2025-01-01,175.0
300200847_,116,2025-01-01,95.0
300200848_,117,2025-01-01,30.0
300200849_,118,2025-01-01,15.0
300200850_,119,2025-01-01,3.0
300200851_,120,2025-01-01,13.0
300200852_,121,2025-01-01,5.0
300200853_,122,2025-01-01,6.0
300200854_,123,2025-01-01,
300200855_,124,2025-01-01,6.0
300200856_,125,2025-01-01,293.0
300200857_,126,2025-01-01,46.0
300200858_,127,2025-01-01,3.0
300200859_,128,2025-01-01,39.0
300200860_,129,2025-01-01,12.0
300200861_,130,2025-01-01,24.0
300200862_,131,2025-01-01,28.0
300200863_,132,2025-01-01,6.0
300200864_,133,2025-01-01,
300200865_,134,2025-01-01,2.0
300200866_,135,2025-01-01,2.0
300200867_,136,2025-01-01,
300200868_,137,2025-01-01,168.0
300200869_,138,2025-01-01,113.0
300200870_,139,2025-01-01,38.0
300200871_,140,2025-01-01,9.0
300200872_,141,2025-01-01,5.0
300200873_,142,2025-01-01,26.0
300200874_,143,2025-01-01,
300200875_,144,2025-01-01,
300200876_,145,2025-01-01,
300200877_,146,2025-01-01,
300200878_,147,2025-01-01,5.0
300200879_,148,2025-01-01,3.0
300200880_,149,2025-01-01,
300200881_,150,2025-01-01,2.0
300200882_,151,2025-01-01,13.0
300200883_,152,2025-01-01,4.0
300200884_,153,2025-01-01,3.0
300200885_,154,2025-01-01,
300200886_,155,2025-01-01,
300200887_,156,2025-01-01,35.0
300200888_,157,2025-01-01,10.0
300200889_,158,2025-01-01,
300200890_,159,2025-01-01,2.0
300200892_,160,2025-01-01,3.0
300200893_,161,2025-01-01,4.0
300200894_,162,2025-01-01,5.0
300200895_,163,2025-01-01,
300200896_,164,2025-01-01,
300200897_,165,2025-01-01,
300200898_,166,2025-01-01,25.0
300200899_,167,2025-01-01,10.0
300200900_,168,2025-01-01,6.0
300200901_,169,2025-01-01,1.0
300200902_,170,2025-01-01,3.0
300200903_,171,2025-01-01,6.0
300200904_,172,2025-01-01,
300200905_,173,2025-01-01,
300200906_,174,2025-01-01,
300200907_,175,2025-01-01,
300200908_,176,2025-01-01,
300200909_,177,2025-01-01,
300200910_,178,2025-01-01,185.0
300200911_,179,2025-01-01,
300200912_,180,2025-01-01,13.0
300200913_,181,2025-01-01,
300200914_,182,2025-01-01,39.0
300200915_,183,2025-01-01,
300200916_,184,2025-01-01,6.0
300200917_,185,2025-01-01,14.0
300200918_,186,2025-01-01,3.0
300200919_,187,2025-01-01,5.0
300200920_,188,2025-01-01,1.0
300200921_,189,2025-01-01,81.0
300200922_,190,2025-01-01,74.0
300200923_,191,2025-01-01,20.0
300200924_,192,2025-01-01,3.0
300200925_,193,2025-01-01,
300200926_,194,2025-01-01,31.0
300200927_,195,2025-01-01,
300200928_,196,2025-01-01,10.0
300200929_,197,2025-01-01,1.0
300200930_,198,2025-01-01,
300200931_,199,2025-01-01,
300200932_,200,2025-01-01,15.0
300200933_,201,2025-01-01,243.0
300200934_,202,2025-01-01,30.0
300200935_,203,2025-01-01,16.0
300200936_,204,2025-01-01,1.0
300200937_,205,2025-01-01,18.0
300200938_,206,2025-01-01,21.0
300200939_,207,2025-01-01,1.0
300200940_,208,2025-01-01,
300200941_,209,2025-01-01,3.0
300200942_,210,2025-01-01,116.0
300200943_,211,2025-01-01,
300200944_,212,2025-01-01,3.0
300200945_,213,2025-01-01,68.0
300200946_,214,2025-01-01,89.0
300200947_,215,2025-01-01,41.0
300200948_,216,2025-01-01,17.0
300200949_,217,2025-01-01,2.0
300200950_,218,2025-01-01,3.0
300200951_,219,2025-01-01,
300200952_,220,2025-01-01,4.0
300200953_,221,2025-01-01,10.0
300200954_,222,2025-01-01,18.0
300200955_,223,2025-01-01,
300200371_,224,2025-01-01,6.0
300200420_,225,2025-01-01,3.0
300200375_,226,2025-01-01,10.0
300200422_,227,2025-01-01,
300200363_,228,2025-01-01,
300200368_,229,2025-01-01,4.0
300200367_,230,2025-01-01,6.0
300200426_,231,2025-01-01,
300200424_,232,2025-01-01,1.0
300200372_,233,2025-01-01,26.0
300200373_,234,2025-01-01,33.0
300200418_,235,2025-01-01,
300200365_,236,2025-01-01,130.0
300200364_,237,2025-01-01,33.0
300200374_,238,2025-01-01,3.0
300200370_,239,2025-01-01,2.0
300200425_,240,2025-01-01,
300200419_,241,2025-01-01,
300200376_,242,2025-01-01,53.0
300200377_,243,2025-01-01,13.0
300200378_,244,2025-01-01,22.0
300200379_,245,2025-01-01,6.0
300200380_,246,2025-01-01,4.0
300200421_,247,2025-01-01,6.0
щщщ0116254,248,2025-01-01,
300200520_,249,2025-01-01,95.0
300200521_,250,2025-01-01,22.0
300200522_,251,2025-01-01,
300200523_,252,2025-01-01,25.0
300200524_,253,2025-01-01,
300200525_,254,2025-01-01,1.0
300200526_,255,2025-01-01,6.0
300200527_,256,2025-01-01,
300200529_,257,2025-01-01,
300200530_,258,2025-01-01,35.0
300200531_,259,2025-01-01,20.0
300200532_,260,2025-01-01,3.0
300200533_,261,2025-01-01,5.0
300200534_,262,2025-01-01,2.0
300200535_,263,2025-01-01,
300200536_,264,2025-01-01,43.0
300200537_,265,2025-01-01,15.0
300200538_,266,2025-01-01,8.0
300200539_,267,2025-01-01,2.0
300200540_,268,2025-01-01,
300200541_,269,2025-01-01,6.0
300200542_,270,2025-01-01,714.0
300200624_,271,2025-01-01,
300200704_,272,2025-01-01,60.0
300200543_,273,2025-01-01,34.0
300200544_,274,2025-01-01,
300200545_,275,2025-01-01,11.0
300200593_,276,2025-01-01,104.0
300200546_,277,2025-01-01,6.0
300200547_,278,2025-01-01,9.0
300200548_,279,2025-01-01,23.0
300200549_,280,2025-01-01,30.0
300200550_,281,2025-01-01,
300200551_,282,2025-01-01,3.0
300200773_,283,2025-01-01,5.0
300200552_,284,2025-01-01,14.0
300200553_,285,2025-01-01,28.0
300200554_,286,2025-01-01,2.0
300200555_,287,2025-01-01,11.0
300200556_,288,2025-01-01,1.0
300200557_,289,2025-01-01,
300200558_,290,2025-01-01,279.0
300200559_,291,2025-01-01,137.0
300200560_,292,2025-01-01,50.0
300200561_,293,2025-01-01,23.0
300200562_,294,2025-01-01,2.0
300200563_,295,2025-01-01,40.0
300200564_,296,2025-01-01,121.0
300200565_,297,2025-01-01,9.0
300200590_,298,2025-01-01,16.0
300200566_,299,2025-01-01,
300200567_,300,2025-01-01,7.0
300200591_,301,2025-01-01,2.0
300200568_,302,2025-01-01,
300200569_,303,2025-01-01,
300200570_,304,2025-01-01,1.0
300200571_,305,2025-01-01,4.0
300200572_,306,2025-01-01,
300200573_,307,2025-01-01,
300200574_,308,2025-01-01,4.0
300200575_,309,2025-01-01,3.0
300200511_,310,2025-01-01,
300200576_,311,2025-01-01,4.0
300200776_,312,2025-01-01,10.0
300200577_,313,2025-01-01,
300200579_,314,2025-01-01,15.0
300200580_,315,2025-01-01,18.0
300200581_,316,2025-01-01,17.0
300200582_,317,2025-01-01,5.0
300200583_,318,2025-01-01,
300200584_,319,2025-01-01,
300200343_,320,2025-01-01,2903.0
020100163_,321,2025-01-01,124.0
300200459_,322,2025-01-01,79.0
020100158_,323,2025-01-01,448.0
020100159_,324,2025-01-01,18.0
300200460_,325,2025-01-01,90.0
020100160_,326,2025-01-01,299.0
020100161_,327,2025-01-01,13.0
300200461_,328,2025-01-01,31.0
300200472_,329,2025-01-01,179.0
300200462_,330,2025-01-01,177.0
300200517_,331,2025-01-01,4.0
020100162_,332,2025-01-01,33.0
300200772_,333,2025-01-01,72.0
300200468_,334,2025-01-01,13.0
300200515_,335,2025-01-01,155.0
300200518_,336,2025-01-01,9.0
300200516_,337,2025-01-01,64.0
300200471_,338,2025-01-01,19.0
300200470_,339,2025-01-01,
300200463_,340,2025-01-01,1524.0
300200464_,341,2025-01-01,691.0
300200465_,342,2025-01-01,362.0
300200466_,343,2025-01-01,89.0
300200467_,344,2025-01-01,33.0
300200519_,345,2025-01-01,95.0
300200775_,346,2025-01-01,4.0
300200781_,347,2025-01-01,
300200779_,348,2025-01-01,19.0
300200782_,349,2025-01-01,9.0
300200783_,350,2025-01-01,
300100015_,351,2025-01-01,
300100006_,352,2025-01-01,
300100003_,353,2025-01-01,
300100012_,354,2025-01-01,
030200006_,355,2025-01-01,
030200008_,356,2025-01-01,
030200005_,357,2025-01-01,
030200007_,358,2025-01-01,
030200015_,359,2025-01-01,
030200002_,360,2025-01-01,
030200003_,361,2025-01-01,
030200009_,362,2025-01-01,
030200030_,363,2025-01-01,66.0
030200031_,364,2025-01-01,74.0
030200036_,365,2025-01-01,20.0
030200038_,366,2025-01-01,22.0
030200037_,367,2025-01-01,170.0
030200039_,368,2025-01-01,110.0
030200028_,369,2025-01-01,188.0
030200029_,370,2025-01-01,12.0
030200032_,371,2025-01-01,32.0
030200034_,372,2025-01-01,77.0
030200239_,373,2025-01-01,227.0
030200240_,374,2025-01-01,356.0
030200379_,375,2025-01-01,1.0
030200026_,376,2025-01-01,
030200025_,377,2025-01-01,
030200027_,378,2025-01-01,
030200052_,379,2025-01-01,
030200053_,380,2025-01-01,
030200054_,381,2025-01-01,
030200183_,382,2025-01-01,
030200191_,383,2025-01-01,
030200175_,384,2025-01-01,
030200176_,385,2025-01-01,2.0
030200247_,386,2025-01-01,8.0
030200246_,387,2025-01-01,
030200243_,388,2025-01-01,7.0
030200244_,389,2025-01-01,2.0
030200245_,390,2025-01-01,
030200248_,391,2025-01-01,1.0
030200249_,392,2025-01-01,
030200259_,393,2025-01-01,
030200260_,394,2025-01-01,
030200256_,395,2025-01-01,20.0
030200257_,396,2025-01-01,5.0
030200258_,397,2025-01-01,2.0
030200263_,398,2025-01-01,
030200262_,399,2025-01-01,
030200265_,400,2025-01-01,
030200261_,401,2025-01-01,
030200292_,402,2025-01-01,
030200250_,403,2025-01-01,16.0
030200251_,404,2025-01-01,11.0
030200252_,405,2025-01-01,3.0
030200253_,406,2025-01-01,
030200254_,407,2025-01-01,
300200331_,408,2025-01-01,1575.0
300200296_,409,2025-01-01,298.0
300200283_,410,2025-01-01,11.0
300200302_,411,2025-01-01,229.0
300200333_,412,2025-01-01,922.0
300200288_,413,2025-01-01,51.0
300200284_,414,2025-01-01,77.0
300200767_,415,2025-01-01,
300200293_,416,2025-01-01,342.0
300200289_,417,2025-01-01,245.0
300200290_,418,2025-01-01,
300200291_,419,2025-01-01,15.0
300200297_,420,2025-01-01,740.0
300200298_,421,2025-01-01,663.0
300200299_,422,2025-01-01,
300200294_,423,2025-01-01,25.0
300200286_,424,2025-01-01,6557.0
300200332_,425,2025-01-01,736.0
300200301_,426,2025-01-01,343.0
300200287_,427,2025-01-01,
300200700_,428,2025-01-01,110.0
300200295_,429,2025-01-01,42.0
300200292_,430,2025-01-01,1.0
300200300_,431,2025-01-01,4.0
300200312_,432,2025-01-01,1.0
300200303_,433,2025-01-01,4019.0
300200304_,434,2025-01-01,2083.0
300200305_,435,2025-01-01,672.0
300200306_,436,2025-01-01,199.0
300200307_,437,2025-01-01,19.0
300200310_,438,2025-01-01,20.0
300200311_,439,2025-01-01,45.0
300200308_,440,2025-01-01,2.0
300200309_,441,2025-01-01,3.0
300200313_,442,2025-01-01,58.0
300200498_,443,2025-01-01,137.0
ATN000108,444,2025-01-01,
300200314_,445,2025-01-01,33.0
ATN000109,446,2025-01-01,
300200315_,447,2025-01-01,
300200771_,448,2025-01-01,34.0
300200316_,449,2025-01-01,21.0
300200959_,450,2025-01-01,13.0
300200317_,451,2025-01-01,26.0
300200496_,452,2025-01-01,17.0
300200346_,453,2025-01-01,128.0
300200318_,454,2025-01-01,78.0
300200347_,455,2025-01-01,
300200319_,456,2025-01-01,552.0
300200320_,457,2025-01-01,189.0
300200321_,458,2025-01-01,145.0
300200322_,459,2025-01-01,180.0
300200323_,460,2025-01-01,362.0
300200324_,461,2025-01-01,694.0
300200325_,462,2025-01-01,32.0
300200326_,463,2025-01-01,328.0
300200327_,464,2025-01-01,29.0
300200328_,465,2025-01-01,252.0
300200330_,466,2025-01-01,2.0
300200348_,467,2025-01-01,
300200350_,468,2025-01-01,19.0
300200352_,469,2025-01-01,
300200430_,470,2025-01-01,32.0
300200588_,471,2025-01-01,133.0
300200443_,472,2025-01-01,1.0
300200432_,473,2025-01-01,23.0
300200444_,474,2025-01-01,
300200449_,475,2025-01-01,
300200447_,476,2025-01-01,
300200433_,477,2025-01-01,15.0
300200439_,478,2025-01-01,12.0
300200451_,479,2025-01-01,1.0
300200448_,480,2025-01-01,
300200774_,481,2025-01-01,
300200436_,482,2025-01-01,26.0
300200431_,483,2025-01-01,14.0
300200452_,484,2025-01-01,
300200434_,485,2025-01-01,
300200429_,486,2025-01-01,4.0
300200632_,487,2025-01-01,10.0
300200441_,488,2025-01-01,
300200450_,489,2025-01-01,
300200435_,490,2025-01-01,200.0
300200437_,491,2025-01-01,135.0
300200438_,492,2025-01-01,28.0
300200440_,493,2025-01-01,20.0
300200445_,494,2025-01-01,4.0
300200446_,495,2025-01-01,12.0
ATN000399,496,2025-01-01,
300200592_,497,2025-01-01,112.0
300200366_,498,2025-01-01,10.0
LNVA105011,499,2025-01-01,
300200595_,500,2025-01-01,
030200097_,501,2025-01-01,
300200718_,502,2025-01-01,476.0
300200719_,503,2025-01-01,30.0
300200720_,504,2025-01-01,25.0
300200721_,505,2025-01-01,
300200722_,506,2025-01-01,15.0
300200777_,507,2025-01-01,39.0
300200723_,508,2025-01-01,
300200724_,509,2025-01-01,6.0
300200725_,510,2025-01-01,7.0
300200726_,511,2025-01-01,2.0
300200727_,512,2025-01-01,
300200728_,513,2025-01-01,1.0
300200729_,514,2025-01-01,6.0
300200730_,515,2025-01-01,24.0
300200731_,516,2025-01-01,
300200732_,517,2025-01-01,2.0
300200778_,518,2025-01-01,
300200733_,519,2025-01-01,
300200734_,520,2025-01-01,
300200735_,521,2025-01-01,304.0
300200736_,522,2025-01-01,69.0
300200737_,523,2025-01-01,44.0
300200738_,524,2025-01-01,19.0
300200742_,525,2025-01-01,15.0
300200739_,526,2025-01-01,
300200743_,527,2025-01-01,4.0
300200740_,528,2025-01-01,17.0
300200741_,529,2025-01-01,40.0
300200744_,530,2025-01-01,22.0
300200745_,531,2025-01-01,32.0
300200746_,532,2025-01-01,56.0
300200747_,533,2025-01-01,
300200748_,534,2025-01-01,2.0
300200749_,535,2025-01-01,28.0
300200750_,536,2025-01-01,3.0
300200751_,537,2025-01-01,41.0
300200752_,538,2025-01-01,32.0
300200753_,539,2025-01-01,4.0
300200754_,540,2025-01-01,
300200755_,541,2025-01-01,3.0
300200497_,542,2025-01-01,
030200226_,543,2025-01-01,1325.0
030200223_,544,2025-01-01,608.0
030200227_,545,2025-01-01,32.0
030200225_,546,2025-01-01,1536.0
030200224_,547,2025-01-01,3263.0
030200221_,548,2025-01-01,1929.0
030200222_,549,2025-01-01,1166.0
300200473_,550,2025-01-01,4.0
ATN000446,551,2025-01-01,3.0
ATN000389,552,2025-01-01,4.0
130300026_,553,2025-01-01,477.0
130300027_,554,2025-01-01,41.0
130300028_,555,2025-01-01,84.0
030200203_,556,2025-01-01,1052.0
030200128_,3,2025-02-01,
030200382_,4,2025-02-01,
030200127_,5,2025-02-01,
030200141_,6,2025-02-01,
030200096_,7,2025-02-01,
030200072_,8,2025-02-01,
030200093_,9,2025-02-01,
030200135_,10,2025-02-01,
030200136_,11,2025-02-01,
030200134_,12,2025-02-01,
030200094_,13,2025-02-01,
030200090_,14,2025-02-01,
030200095_,15,2025-02-01,
030200142_,16,2025-02-01,
280300174_,17,2025-02-01,383.0
030300013_,18,2025-02-01,111.0
030200220_,19,2025-02-01,1307.0
030200219_,20,2025-02-01,3492.0
030300078_,21,2025-02-01,10.0
030300014_,22,2025-02-01,34.0
030200193_,23,2025-02-01,22560.0
030201459_,24,2025-02-01,
030200192_,25,2025-02-01,43751.0
030200201_,26,2025-02-01,14561.0
300200428_,27,2025-02-01,394.0
ATN544015,28,2025-02-01,
ATN540115,29,2025-02-01,
ATN000532,30,2025-02-01,
ATN001232,31,2025-02-01,
300201148_,32,2025-02-01,
300201149_,33,2025-02-01,
300201150_,34,2025-02-01,
300201151_,35,2025-02-01,
300201152_,36,2025-02-01,
300201153_,37,2025-02-01,
300201154_,38,2025-02-01,
300201155_,39,2025-02-01,
300200968_,40,2025-02-01,
300200967_,41,2025-02-01,
300200413_,42,2025-02-01,7.0
010400436_,43,2025-02-01,40.0
010400432_,44,2025-02-01,3.0
010400440_,45,2025-02-01,32.0
010400444_,46,2025-02-01,96.0
010400447_,47,2025-02-01,85.0
010400433_,48,2025-02-01,26.0
010400437_,49,2025-02-01,32.0
010400441_,50,2025-02-01,19.0
010400445_,51,2025-02-01,16.0
010400448_,52,2025-02-01,15.0
300200784_,53,2025-02-01,78.0
300200785_,54,2025-02-01,15.0
300200786_,55,2025-02-01,
300200787_,56,2025-02-01,14.0
300200788_,57,2025-02-01,
300200789_,58,2025-02-01,15.0
300200790_,59,2025-02-01,10.0
300200791_,60,2025-02-01,3.0
300200792_,61,2025-02-01,
300200793_,62,2025-02-01,
300200794_,63,2025-02-01,3.0
300200795_,64,2025-02-01,26.0
300200796_,65,2025-02-01,21.0
300200797_,66,2025-02-01,8.0
300200798_,67,2025-02-01,12.0
300200799_,68,2025-02-01,
300200800_,69,2025-02-01,7.0
300200801_,70,2025-02-01,
300200802_,71,2025-02-01,3.0
300200803_,72,2025-02-01,10.0
300200804_,73,2025-02-01,
300200805_,74,2025-02-01,
300200806_,75,2025-02-01,
300200807_,76,2025-02-01,
300200808_,77,2025-02-01,
300200809_,78,2025-02-01,
300200810_,79,2025-02-01,506.0
300200811_,80,2025-02-01,
300200812_,81,2025-02-01,78.0
300200813_,82,2025-02-01,2.0
300200814_,83,2025-02-01,89.0
300200815_,84,2025-02-01,2.0
300200816_,85,2025-02-01,19.0
300200817_,86,2025-02-01,28.0
300200818_,87,2025-02-01,8.0
300200819_,88,2025-02-01,
300200820_,89,2025-02-01,9.0
300200821_,90,2025-02-01,361.0
300200822_,91,2025-02-01,126.0
300200823_,92,2025-02-01,77.0
300200824_,93,2025-02-01,27.0
300200825_,94,2025-02-01,4.0
300200826_,95,2025-02-01,34.0
300200827_,96,2025-02-01,
300200828_,97,2025-02-01,7.0
300200829_,98,2025-02-01,
300200830_,99,2025-02-01,
300200831_,100,2025-02-01,
300200832_,101,2025-02-01,20.0
300200833_,102,2025-02-01,39.0
300200834_,103,2025-02-01,
300200835_,104,2025-02-01,52.0
300200836_,105,2025-02-01,
300200837_,106,2025-02-01,
300200838_,107,2025-02-01,21.0
300200839_,108,2025-02-01,20.0
300200840_,109,2025-02-01,3.0
300200841_,110,2025-02-01,2.0
300200842_,111,2025-02-01,236.0
300200843_,112,2025-02-01,10.0
300200844_,113,2025-02-01,12.0
300200845_,114,2025-02-01,3.0
300200846_,115,2025-02-01,108.0
300200847_,116,2025-02-01,62.0
300200848_,117,2025-02-01,14.0
300200849_,118,2025-02-01,17.0
300200850_,119,2025-02-01,
300200851_,120,2025-02-01,16.0
300200852_,121,2025-02-01,
300200853_,122,2025-02-01,2.0
300200854_,123,2025-02-01,5.0
300200855_,124,2025-02-01,3.0
300200856_,125,2025-02-01,690.0
300200857_,126,2025-02-01,75.0
300200858_,127,2025-02-01,27.0
300200859_,128,2025-02-01,95.0
300200860_,129,2025-02-01,11.0
300200861_,130,2025-02-01,38.0
300200862_,131,2025-02-01,48.0
300200863_,132,2025-02-01,23.0
300200864_,133,2025-02-01,
300200865_,134,2025-02-01,3.0
300200866_,135,2025-02-01,13.0
300200867_,136,2025-02-01,4.0
300200868_,137,2025-02-01,279.0
300200869_,138,2025-02-01,180.0
300200870_,139,2025-02-01,80.0
300200871_,140,2025-02-01,40.0
300200872_,141,2025-02-01,12.0
300200873_,142,2025-02-01,47.0
300200874_,143,2025-02-01,
300200875_,144,2025-02-01,7.0
300200876_,145,2025-02-01,1.0
300200877_,146,2025-02-01,
300200878_,147,2025-02-01,
300200879_,148,2025-02-01,6.0
300200880_,149,2025-02-01,10.0
300200881_,150,2025-02-01,7.0
300200882_,151,2025-02-01,16.0
300200883_,152,2025-02-01,4.0
300200884_,153,2025-02-01,2.0
300200885_,154,2025-02-01,
300200886_,155,2025-02-01,
300200887_,156,2025-02-01,19.0
300200888_,157,2025-02-01,24.0
300200889_,158,2025-02-01,
300200890_,159,2025-02-01,4.0
300200892_,160,2025-02-01,
300200893_,161,2025-02-01,
300200894_,162,2025-02-01,
300200895_,163,2025-02-01,
300200896_,164,2025-02-01,21.0
300200897_,165,2025-02-01,
300200898_,166,2025-02-01,28.0
300200899_,167,2025-02-01,11.0
300200900_,168,2025-02-01,13.0
300200901_,169,2025-02-01,
300200902_,170,2025-02-01,1.0
300200903_,171,2025-02-01,
300200904_,172,2025-02-01,
300200905_,173,2025-02-01,
300200906_,174,2025-02-01,1.0
300200907_,175,2025-02-01,
300200908_,176,2025-02-01,
300200909_,177,2025-02-01,
300200910_,178,2025-02-01,129.0
300200911_,179,2025-02-01,
300200912_,180,2025-02-01,16.0
300200913_,181,2025-02-01,
300200914_,182,2025-02-01,28.0
300200915_,183,2025-02-01,
300200916_,184,2025-02-01,
300200917_,185,2025-02-01,
300200918_,186,2025-02-01,
300200919_,187,2025-02-01,
300200920_,188,2025-02-01,14.0
300200921_,189,2025-02-01,73.0
300200922_,190,2025-02-01,4.0
300200923_,191,2025-02-01,31.0
300200924_,192,2025-02-01,4.0
300200925_,193,2025-02-01,
300200926_,194,2025-02-01,3.0
300200927_,195,2025-02-01,
300200928_,196,2025-02-01,
300200929_,197,2025-02-01,
300200930_,198,2025-02-01,2.0
300200931_,199,2025-02-01,
300200932_,200,2025-02-01,
300200933_,201,2025-02-01,219.0
300200934_,202,2025-02-01,17.0
300200935_,203,2025-02-01,3.0
300200936_,204,2025-02-01,37.0
300200937_,205,2025-02-01,10.0
300200938_,206,2025-02-01,11.0
300200939_,207,2025-02-01,
300200940_,208,2025-02-01,2.0
300200941_,209,2025-02-01,2.0
300200942_,210,2025-02-01,20.0
300200943_,211,2025-02-01,2.0
300200944_,212,2025-02-01,
300200945_,213,2025-02-01,86.0
300200946_,214,2025-02-01,56.0
300200947_,215,2025-02-01,25.0
300200948_,216,2025-02-01,9.0
300200949_,217,2025-02-01,1.0
300200950_,218,2025-02-01,6.0
300200951_,219,2025-02-01,
300200952_,220,2025-02-01,
300200953_,221,2025-02-01,
300200954_,222,2025-02-01,1.0
300200955_,223,2025-02-01,
300200371_,224,2025-02-01,8.0
300200420_,225,2025-02-01,
300200375_,226,2025-02-01,32.0
300200422_,227,2025-02-01,
300200363_,228,2025-02-01,2.0
300200368_,229,2025-02-01,10.0
300200367_,230,2025-02-01,8.0
300200426_,231,2025-02-01,
300200424_,232,2025-02-01,
300200372_,233,2025-02-01,20.0
300200373_,234,2025-02-01,25.0
300200418_,235,2025-02-01,
300200365_,236,2025-02-01,424.0
300200364_,237,2025-02-01,7.0
300200374_,238,2025-02-01,
300200370_,239,2025-02-01,1.0
300200425_,240,2025-02-01,
300200419_,241,2025-02-01,
300200376_,242,2025-02-01,317.0
300200377_,243,2025-02-01,124.0
300200378_,244,2025-02-01,14.0
300200379_,245,2025-02-01,11.0
300200380_,246,2025-02-01,
300200421_,247,2025-02-01,10.0
щщщ0116254,248,2025-02-01,1.0
300200520_,249,2025-02-01,135.0
300200521_,250,2025-02-01,12.0
300200522_,251,2025-02-01,
300200523_,252,2025-02-01,9.0
300200524_,253,2025-02-01,
300200525_,254,2025-02-01,2.0
300200526_,255,2025-02-01,1.0
300200527_,256,2025-02-01,4.0
300200529_,257,2025-02-01,
300200530_,258,2025-02-01,18.0
300200531_,259,2025-02-01,1.0
300200532_,260,2025-02-01,
300200533_,261,2025-02-01,
300200534_,262,2025-02-01,1.0
300200535_,263,2025-02-01,
300200536_,264,2025-02-01,71.0
300200537_,265,2025-02-01,15.0
300200538_,266,2025-02-01,5.0
300200539_,267,2025-02-01,3.0
300200540_,268,2025-02-01,
300200541_,269,2025-02-01,
300200542_,270,2025-02-01,744.0
300200624_,271,2025-02-01,16.0
300200704_,272,2025-02-01,101.0
300200543_,273,2025-02-01,78.0
300200544_,274,2025-02-01,8.0
300200545_,275,2025-02-01,29.0
300200593_,276,2025-02-01,90.0
300200546_,277,2025-02-01,
300200547_,278,2025-02-01,11.0
300200548_,279,2025-02-01,32.0
300200549_,280,2025-02-01,60.0
300200550_,281,2025-02-01,
300200551_,282,2025-02-01,6.0
300200773_,283,2025-02-01,4.0
300200552_,284,2025-02-01,52.0
300200553_,285,2025-02-01,71.0
300200554_,286,2025-02-01,3.0
300200555_,287,2025-02-01,2.0
300200556_,288,2025-02-01,9.0
300200557_,289,2025-02-01,
300200558_,290,2025-02-01,458.0
300200559_,291,2025-02-01,190.0
300200560_,292,2025-02-01,95.0
300200561_,293,2025-02-01,27.0
300200562_,294,2025-02-01,
300200563_,295,2025-02-01,36.0
300200564_,296,2025-02-01,163.0
300200565_,297,2025-02-01,6.0
300200590_,298,2025-02-01,33.0
300200566_,299,2025-02-01,
300200567_,300,2025-02-01,
300200591_,301,2025-02-01,9.0
300200568_,302,2025-02-01,
300200569_,303,2025-02-01,
300200570_,304,2025-02-01,19.0
300200571_,305,2025-02-01,2.0
300200572_,306,2025-02-01,
300200573_,307,2025-02-01,
300200574_,308,2025-02-01,
300200575_,309,2025-02-01,27.0
300200511_,310,2025-02-01,
300200576_,311,2025-02-01,80.0
300200776_,312,2025-02-01,
300200577_,313,2025-02-01,
300200579_,314,2025-02-01,
300200580_,315,2025-02-01,9.0
300200581_,316,2025-02-01,39.0
300200582_,317,2025-02-01,
300200583_,318,2025-02-01,
300200584_,319,2025-02-01,1.0
300200343_,320,2025-02-01,2518.0
020100163_,321,2025-02-01,137.0
300200459_,322,2025-02-01,168.0
020100158_,323,2025-02-01,417.0
020100159_,324,2025-02-01,150.0
300200460_,325,2025-02-01,130.0
020100160_,326,2025-02-01,244.0
020100161_,327,2025-02-01,30.0
300200461_,328,2025-02-01,35.0
300200472_,329,2025-02-01,175.0
300200462_,330,2025-02-01,124.0
300200517_,331,2025-02-01,
020100162_,332,2025-02-01,42.0
300200772_,333,2025-02-01,24.0
300200468_,334,2025-02-01,67.0
300200515_,335,2025-02-01,185.0
300200518_,336,2025-02-01,56.0
300200516_,337,2025-02-01,54.0
300200471_,338,2025-02-01,16.0
300200470_,339,2025-02-01,10.0
300200463_,340,2025-02-01,1177.0
300200464_,341,2025-02-01,684.0
300200465_,342,2025-02-01,305.0
300200466_,343,2025-02-01,118.0
300200467_,344,2025-02-01,23.0
300200519_,345,2025-02-01,127.0
300200775_,346,2025-02-01,
300200781_,347,2025-02-01,1.0
300200779_,348,2025-02-01,38.0
300200782_,349,2025-02-01,8.0
300200783_,350,2025-02-01,3.0
300100015_,351,2025-02-01,
300100006_,352,2025-02-01,
300100003_,353,2025-02-01,1.0
300100012_,354,2025-02-01,
030200006_,355,2025-02-01,
030200008_,356,2025-02-01,
030200005_,357,2025-02-01,
030200007_,358,2025-02-01,
030200015_,359,2025-02-01,
030200002_,360,2025-02-01,
030200003_,361,2025-02-01,
030200009_,362,2025-02-01,
030200030_,363,2025-02-01,83.0
030200031_,364,2025-02-01,49.0
030200036_,365,2025-02-01,10.0
030200038_,366,2025-02-01,131.0
030200037_,367,2025-02-01,50.0
030200039_,368,2025-02-01,164.0
030200028_,369,2025-02-01,88.0
030200029_,370,2025-02-01,
030200032_,371,2025-02-01,43.0
030200034_,372,2025-02-01,184.0
030200239_,373,2025-02-01,95.0
030200240_,374,2025-02-01,93.0
030200379_,375,2025-02-01,
030200026_,376,2025-02-01,
030200025_,377,2025-02-01,
030200027_,378,2025-02-01,
030200052_,379,2025-02-01,
030200053_,380,2025-02-01,
030200054_,381,2025-02-01,
030200183_,382,2025-02-01,
030200191_,383,2025-02-01,2.0
030200175_,384,2025-02-01,
030200176_,385,2025-02-01,2.0
030200247_,386,2025-02-01,
030200246_,387,2025-02-01,
030200243_,388,2025-02-01,1.0
030200244_,389,2025-02-01,
030200245_,390,2025-02-01,
030200248_,391,2025-02-01,
030200249_,392,2025-02-01,
030200259_,393,2025-02-01,16.0
030200260_,394,2025-02-01,
030200256_,395,2025-02-01,5.0
030200257_,396,2025-02-01,
030200258_,397,2025-02-01,1.0
030200263_,398,2025-02-01,
030200262_,399,2025-02-01,
030200265_,400,2025-02-01,
030200261_,401,2025-02-01,
030200292_,402,2025-02-01,
030200250_,403,2025-02-01,
030200251_,404,2025-02-01,2.0
030200252_,405,2025-02-01,1.0
030200253_,406,2025-02-01,
030200254_,407,2025-02-01,
300200331_,408,2025-02-01,1564.0
300200296_,409,2025-02-01,572.0
300200283_,410,2025-02-01,111.0
300200302_,411,2025-02-01,462.0
300200333_,412,2025-02-01,948.0
300200288_,413,2025-02-01,114.0
300200284_,414,2025-02-01,117.0
300200767_,415,2025-02-01,1.0
300200293_,416,2025-02-01,372.0
300200289_,417,2025-02-01,356.0
300200290_,418,2025-02-01,
300200291_,419,2025-02-01,53.0
300200297_,420,2025-02-01,539.0
300200298_,421,2025-02-01,996.0
300200299_,422,2025-02-01,4.0
300200294_,423,2025-02-01,215.0
300200286_,424,2025-02-01,6663.0
300200332_,425,2025-02-01,990.0
300200301_,426,2025-02-01,657.0
300200287_,427,2025-02-01,
300200700_,428,2025-02-01,158.0
300200295_,429,2025-02-01,202.0
300200292_,430,2025-02-01,52.0
300200300_,431,2025-02-01,5.0
300200312_,432,2025-02-01,1.0
300200303_,433,2025-02-01,4666.0
300200304_,434,2025-02-01,1926.0
300200305_,435,2025-02-01,695.0
300200306_,436,2025-02-01,355.0
300200307_,437,2025-02-01,49.0
300200310_,438,2025-02-01,
300200311_,439,2025-02-01,53.0
300200308_,440,2025-02-01,18.0
300200309_,441,2025-02-01,7.0
300200313_,442,2025-02-01,63.0
300200498_,443,2025-02-01,115.0
ATN000108,444,2025-02-01,
300200314_,445,2025-02-01,39.0
ATN000109,446,2025-02-01,
300200315_,447,2025-02-01,
300200771_,448,2025-02-01,22.0
300200316_,449,2025-02-01,11.0
300200959_,450,2025-02-01,28.0
300200317_,451,2025-02-01,142.0
300200496_,452,2025-02-01,2.0
300200346_,453,2025-02-01,
300200318_,454,2025-02-01,66.0
300200347_,455,2025-02-01,30.0
300200319_,456,2025-02-01,393.0
300200320_,457,2025-02-01,57.0
300200321_,458,2025-02-01,13.0
300200322_,459,2025-02-01,63.0
300200323_,460,2025-02-01,287.0
300200324_,461,2025-02-01,921.0
300200325_,462,2025-02-01,162.0
300200326_,463,2025-02-01,423.0
300200327_,464,2025-02-01,69.0
300200328_,465,2025-02-01,259.0
300200330_,466,2025-02-01,3.0
300200348_,467,2025-02-01,8.0
300200350_,468,2025-02-01,5.0
300200352_,469,2025-02-01,
300200430_,470,2025-02-01,15.0
300200588_,471,2025-02-01,32.0
300200443_,472,2025-02-01,20.0
300200432_,473,2025-02-01,27.0
300200444_,474,2025-02-01,
300200449_,475,2025-02-01,15.0
300200447_,476,2025-02-01,
300200433_,477,2025-02-01,51.0
300200439_,478,2025-02-01,9.0
300200451_,479,2025-02-01,
300200448_,480,2025-02-01,
300200774_,481,2025-02-01,
300200436_,482,2025-02-01,61.0
300200431_,483,2025-02-01,14.0
300200452_,484,2025-02-01,
300200434_,485,2025-02-01,8.0
300200429_,486,2025-02-01,
300200632_,487,2025-02-01,60.0
300200441_,488,2025-02-01,
300200450_,489,2025-02-01,
300200435_,490,2025-02-01,416.0
300200437_,491,2025-02-01,76.0
300200438_,492,2025-02-01,43.0
300200440_,493,2025-02-01,21.0
300200445_,494,2025-02-01,1.0
300200446_,495,2025-02-01,30.0
ATN000399,496,2025-02-01,
300200592_,497,2025-02-01,130.0
300200366_,498,2025-02-01,43.0
LNVA105011,499,2025-02-01,20.0
300200595_,500,2025-02-01,3.0
030200097_,501,2025-02-01,
300200718_,502,2025-02-01,946.0
300200719_,503,2025-02-01,27.0
300200720_,504,2025-02-01,73.0
300200721_,505,2025-02-01,3.0
300200722_,506,2025-02-01,40.0
300200777_,507,2025-02-01,126.0
300200723_,508,2025-02-01,
300200724_,509,2025-02-01,1.0
300200725_,510,2025-02-01,50.0
300200726_,511,2025-02-01,31.0
300200727_,512,2025-02-01,
300200728_,513,2025-02-01,8.0
300200729_,514,2025-02-01,27.0
300200730_,515,2025-02-01,50.0
300200731_,516,2025-02-01,1.0
300200732_,517,2025-02-01,1.0
300200778_,518,2025-02-01,
300200733_,519,2025-02-01,5.0
300200734_,520,2025-02-01,
300200735_,521,2025-02-01,260.0
300200736_,522,2025-02-01,270.0
300200737_,523,2025-02-01,89.0
300200738_,524,2025-02-01,23.0
300200742_,525,2025-02-01,138.0
300200739_,526,2025-02-01,7.0
300200743_,527,2025-02-01,17.0
300200740_,528,2025-02-01,27.0
300200741_,529,2025-02-01,58.0
300200744_,530,2025-02-01,119.0
300200745_,531,2025-02-01,79.0
300200746_,532,2025-02-01,34.0
300200747_,533,2025-02-01,1.0
300200748_,534,2025-02-01,1.0
300200749_,535,2025-02-01,42.0
300200750_,536,2025-02-01,18.0
300200751_,537,2025-02-01,67.0
300200752_,538,2025-02-01,84.0
300200753_,539,2025-02-01,2.0
300200754_,540,2025-02-01,1.0
300200755_,541,2025-02-01,9.0
300200497_,542,2025-02-01,
030200226_,543,2025-02-01,231.0
030200223_,544,2025-02-01,1248.0
030200227_,545,2025-02-01,115.0
030200225_,546,2025-02-01,1463.0
030200224_,547,2025-02-01,4090.0
030200221_,548,2025-02-01,2137.0
030200222_,549,2025-02-01,835.0
300200473_,550,2025-02-01,
ATN000446,551,2025-02-01,6.0
ATN000389,552,2025-02-01,
130300026_,553,2025-02-01,147.0
130300027_,554,2025-02-01,1245.0
130300028_,555,2025-02-01,295.0
030200203_,556,2025-02-01,1387.0
030200128_,3,2025-03-01,
030200382_,4,2025-03-01,
030200127_,5,2025-03-01,
030200141_,6,2025-03-01,
030200096_,7,2025-03-01,
030200072_,8,2025-03-01,
030200093_,9,2025-03-01,
030200135_,10,2025-03-01,
030200136_,11,2025-03-01,
030200134_,12,2025-03-01,
030200094_,13,2025-03-01,
030200090_,14,2025-03-01,
030200095_,15,2025-03-01,
030200142_,16,2025-03-01,
280300174_,17,2025-03-01,944.0
030300013_,18,2025-03-01,108.0
030200220_,19,2025-03-01,906.0
030200219_,20,2025-03-01,3656.0
030300078_,21,2025-03-01,10.0
030300014_,22,2025-03-01,1814.0
030200193_,23,2025-03-01,21882.0
030201459_,24,2025-03-01,
030200192_,25,2025-03-01,54311.0
030200201_,26,2025-03-01,15620.0
300200428_,27,2025-03-01,444.0
ATN544015,28,2025-03-01,
ATN540115,29,2025-03-01,
ATN000532,30,2025-03-01,
ATN001232,31,2025-03-01,
300201148_,32,2025-03-01,
300201149_,33,2025-03-01,
300201150_,34,2025-03-01,
300201151_,35,2025-03-01,
300201152_,36,2025-03-01,
300201153_,37,2025-03-01,
300201154_,38,2025-03-01,
300201155_,39,2025-03-01,
300200968_,40,2025-03-01,
300200967_,41,2025-03-01,
300200413_,42,2025-03-01,12.0
010400436_,43,2025-03-01,25.0
010400432_,44,2025-03-01,10.0
010400440_,45,2025-03-01,40.0
010400444_,46,2025-03-01,99.0
010400447_,47,2025-03-01,73.0
010400433_,48,2025-03-01,2.0
010400437_,49,2025-03-01,21.0
010400441_,50,2025-03-01,16.0
010400445_,51,2025-03-01,23.0
010400448_,52,2025-03-01,18.0
300200784_,53,2025-03-01,
300200785_,54,2025-03-01,1.0
300200786_,55,2025-03-01,
300200787_,56,2025-03-01,1.0
300200788_,57,2025-03-01,
300200789_,58,2025-03-01,-1.0
300200790_,59,2025-03-01,
300200791_,60,2025-03-01,
300200792_,61,2025-03-01,
300200793_,62,2025-03-01,
300200794_,63,2025-03-01,
300200795_,64,2025-03-01,
300200796_,65,2025-03-01,
300200797_,66,2025-03-01,1.0
300200798_,67,2025-03-01,
300200799_,68,2025-03-01,
300200800_,69,2025-03-01,
300200801_,70,2025-03-01,1.0
300200802_,71,2025-03-01,-1.0
300200803_,72,2025-03-01,-1.0
300200804_,73,2025-03-01,
300200805_,74,2025-03-01,
300200806_,75,2025-03-01,
300200807_,76,2025-03-01,
300200808_,77,2025-03-01,
300200809_,78,2025-03-01,
300200810_,79,2025-03-01,380.0
300200811_,80,2025-03-01,2.0
300200812_,81,2025-03-01,104.0
300200813_,82,2025-03-01,
300200814_,83,2025-03-01,56.0
300200815_,84,2025-03-01,
300200816_,85,2025-03-01,-3.0
300200817_,86,2025-03-01,40.0
300200818_,87,2025-03-01,
300200819_,88,2025-03-01,7.0
300200820_,89,2025-03-01,4.0
300200821_,90,2025-03-01,238.0
300200822_,91,2025-03-01,90.0
300200823_,92,2025-03-01,20.0
300200824_,93,2025-03-01,14.0
300200825_,94,2025-03-01,-7.0
300200826_,95,2025-03-01,8.0
300200827_,96,2025-03-01,5.0
300200828_,97,2025-03-01,5.0
300200829_,98,2025-03-01,-10.0
300200830_,99,2025-03-01,3.0
300200831_,100,2025-03-01,
300200832_,101,2025-03-01,7.0
300200833_,102,2025-03-01,
300200834_,103,2025-03-01,1.0
300200835_,104,2025-03-01,-1.0
300200836_,105,2025-03-01,
300200837_,106,2025-03-01,
300200838_,107,2025-03-01,-7.0
300200839_,108,2025-03-01,-4.0
300200840_,109,2025-03-01,-7.0
300200841_,110,2025-03-01,
300200842_,111,2025-03-01,167.0
300200843_,112,2025-03-01,2.0
300200844_,113,2025-03-01,10.0
300200845_,114,2025-03-01,-10.0
300200846_,115,2025-03-01,96.0
300200847_,116,2025-03-01,-21.0
300200848_,117,2025-03-01,-7.0
300200849_,118,2025-03-01,-2.0
300200850_,119,2025-03-01,-9.0
300200851_,120,2025-03-01,6.0
300200852_,121,2025-03-01,
300200853_,122,2025-03-01,4.0
300200854_,123,2025-03-01,-10.0
300200855_,124,2025-03-01,
300200856_,125,2025-03-01,1011.0
300200857_,126,2025-03-01,72.0
300200858_,127,2025-03-01,20.0
300200859_,128,2025-03-01,59.0
300200860_,129,2025-03-01,5.0
300200861_,130,2025-03-01,28.0
300200862_,131,2025-03-01,31.0
300200863_,132,2025-03-01,-3.0
300200864_,133,2025-03-01,1.0
300200865_,134,2025-03-01,
300200866_,135,2025-03-01,26.0
300200867_,136,2025-03-01,7.0
300200868_,137,2025-03-01,220.0
300200869_,138,2025-03-01,138.0
300200870_,139,2025-03-01,54.0
300200871_,140,2025-03-01,13.0
300200872_,141,2025-03-01,-8.0
300200873_,142,2025-03-01,13.0
300200874_,143,2025-03-01,
300200875_,144,2025-03-01,6.0
300200876_,145,2025-03-01,
300200877_,146,2025-03-01,
300200878_,147,2025-03-01,
300200879_,148,2025-03-01,2.0
300200880_,149,2025-03-01,-5.0
300200881_,150,2025-03-01,
300200882_,151,2025-03-01,4.0
300200883_,152,2025-03-01,
300200884_,153,2025-03-01,
300200885_,154,2025-03-01,
300200886_,155,2025-03-01,
300200887_,156,2025-03-01,10.0
300200888_,157,2025-03-01,1.0
300200889_,158,2025-03-01,
300200890_,159,2025-03-01,
300200892_,160,2025-03-01,
300200893_,161,2025-03-01,
300200894_,162,2025-03-01,
300200895_,163,2025-03-01,
300200896_,164,2025-03-01,
300200897_,165,2025-03-01,
300200898_,166,2025-03-01,-15.0
300200899_,167,2025-03-01,-1.0
300200900_,168,2025-03-01,-1.0
300200901_,169,2025-03-01,
300200902_,170,2025-03-01,-1.0
300200903_,171,2025-03-01,
300200904_,172,2025-03-01,
300200905_,173,2025-03-01,
300200906_,174,2025-03-01,
300200907_,175,2025-03-01,
300200908_,176,2025-03-01,
300200909_,177,2025-03-01,
300200910_,178,2025-03-01,187.0
300200911_,179,2025-03-01,1.0
300200912_,180,2025-03-01,37.0
300200913_,181,2025-03-01,1.0
300200914_,182,2025-03-01,16.0
300200915_,183,2025-03-01,
300200916_,184,2025-03-01,1.0
300200917_,185,2025-03-01,11.0
300200918_,186,2025-03-01,
300200919_,187,2025-03-01,
300200920_,188,2025-03-01,
300200921_,189,2025-03-01,63.0
300200922_,190,2025-03-01,53.0
300200923_,191,2025-03-01,16.0
300200924_,192,2025-03-01,5.0
300200925_,193,2025-03-01,
300200926_,194,2025-03-01,11.0
300200927_,195,2025-03-01,
300200928_,196,2025-03-01,2.0
300200929_,197,2025-03-01,
300200930_,198,2025-03-01,
300200931_,199,2025-03-01,
300200932_,200,2025-03-01,5.0
300200933_,201,2025-03-01,254.0
300200934_,202,2025-03-01,49.0
300200935_,203,2025-03-01,
300200936_,204,2025-03-01,77.0
300200937_,205,2025-03-01,
300200938_,206,2025-03-01,4.0
300200939_,207,2025-03-01,20.0
300200940_,208,2025-03-01,6.0
300200941_,209,2025-03-01,
300200942_,210,2025-03-01,
300200943_,211,2025-03-01,
300200944_,212,2025-03-01,
300200945_,213,2025-03-01,113.0
300200946_,214,2025-03-01,71.0
300200947_,215,2025-03-01,42.0
300200948_,216,2025-03-01,10.0
300200949_,217,2025-03-01,1.0
300200950_,218,2025-03-01,9.0
300200951_,219,2025-03-01,3.0
300200952_,220,2025-03-01,
300200953_,221,2025-03-01,
300200954_,222,2025-03-01,
300200955_,223,2025-03-01,
300200371_,224,2025-03-01,27.0
300200420_,225,2025-03-01,3.0
300200375_,226,2025-03-01,108.0
300200422_,227,2025-03-01,
300200363_,228,2025-03-01,12.0
300200368_,229,2025-03-01,23.0
300200367_,230,2025-03-01,24.0
300200426_,231,2025-03-01,
300200424_,232,2025-03-01,
300200372_,233,2025-03-01,3.0
300200373_,234,2025-03-01,64.0
300200418_,235,2025-03-01,
300200365_,236,2025-03-01,654.0
300200364_,237,2025-03-01,32.0
300200374_,238,2025-03-01,14.0
300200370_,239,2025-03-01,5.0
300200425_,240,2025-03-01,
300200419_,241,2025-03-01,1.0
300200376_,242,2025-03-01,277.0
300200377_,243,2025-03-01,241.0
300200378_,244,2025-03-01,40.0
300200379_,245,2025-03-01,21.0
300200380_,246,2025-03-01,13.0
300200421_,247,2025-03-01,15.0
щщщ0116254,248,2025-03-01,
300200520_,249,2025-03-01,30.0
300200521_,250,2025-03-01,11.0
300200522_,251,2025-03-01,
300200523_,252,2025-03-01,5.0
300200524_,253,2025-03-01,
300200525_,254,2025-03-01,
300200526_,255,2025-03-01,
300200527_,256,2025-03-01,
300200529_,257,2025-03-01,
300200530_,258,2025-03-01,
300200531_,259,2025-03-01,
300200532_,260,2025-03-01,
300200533_,261,2025-03-01,
300200534_,262,2025-03-01,
300200535_,263,2025-03-01,
300200536_,264,2025-03-01,65.0
300200537_,265,2025-03-01,42.0
300200538_,266,2025-03-01,15.0
300200539_,267,2025-03-01,12.0
300200540_,268,2025-03-01,11.0
300200541_,269,2025-03-01,
300200542_,270,2025-03-01,820.0
300200624_,271,2025-03-01,4.0
300200704_,272,2025-03-01,2.0
300200543_,273,2025-03-01,78.0
300200544_,274,2025-03-01,1.0
300200545_,275,2025-03-01,36.0
300200593_,276,2025-03-01,98.0
300200546_,277,2025-03-01,
300200547_,278,2025-03-01,15.0
300200548_,279,2025-03-01,42.0
300200549_,280,2025-03-01,34.0
300200550_,281,2025-03-01,
300200551_,282,2025-03-01,6.0
300200773_,283,2025-03-01,12.0
300200552_,284,2025-03-01,8.0
300200553_,285,2025-03-01,55.0
300200554_,286,2025-03-01,8.0
300200555_,287,2025-03-01,6.0
300200556_,288,2025-03-01,2.0
300200557_,289,2025-03-01,
300200558_,290,2025-03-01,483.0
300200559_,291,2025-03-01,212.0
300200560_,292,2025-03-01,84.0
300200561_,293,2025-03-01,38.0
300200562_,294,2025-03-01,7.0
300200563_,295,2025-03-01,51.0
300200564_,296,2025-03-01,113.0
300200565_,297,2025-03-01,14.0
300200590_,298,2025-03-01,1.0
300200566_,299,2025-03-01,
300200567_,300,2025-03-01,6.0
300200591_,301,2025-03-01,2.0
300200568_,302,2025-03-01,
300200569_,303,2025-03-01,
300200570_,304,2025-03-01,11.0
300200571_,305,2025-03-01,
300200572_,306,2025-03-01,
300200573_,307,2025-03-01,
300200574_,308,2025-03-01,2.0
300200575_,309,2025-03-01,4.0
300200511_,310,2025-03-01,
300200576_,311,2025-03-01,2.0
300200776_,312,2025-03-01,
300200577_,313,2025-03-01,
300200579_,314,2025-03-01,84.0
300200580_,315,2025-03-01,30.0
300200581_,316,2025-03-01,3.0
300200582_,317,2025-03-01,2.0
300200583_,318,2025-03-01,
300200584_,319,2025-03-01,4.0
300200343_,320,2025-03-01,2730.0
020100163_,321,2025-03-01,68.0
300200459_,322,2025-03-01,81.0
020100158_,323,2025-03-01,491.0
020100159_,324,2025-03-01,11.0
300200460_,325,2025-03-01,52.0
020100160_,326,2025-03-01,278.0
020100161_,327,2025-03-01,5.0
300200461_,328,2025-03-01,40.0
300200472_,329,2025-03-01,79.0
300200462_,330,2025-03-01,135.0
300200517_,331,2025-03-01,
020100162_,332,2025-03-01,18.0
300200772_,333,2025-03-01,9.0
300200468_,334,2025-03-01,
300200515_,335,2025-03-01,69.0
300200518_,336,2025-03-01,67.0
300200516_,337,2025-03-01,67.0
300200471_,338,2025-03-01,7.0
300200470_,339,2025-03-01,
300200463_,340,2025-03-01,1311.0
300200464_,341,2025-03-01,567.0
300200465_,342,2025-03-01,307.0
300200466_,343,2025-03-01,120.0
300200467_,344,2025-03-01,41.0
300200519_,345,2025-03-01,196.0
300200775_,346,2025-03-01,19.0
300200781_,347,2025-03-01,
300200779_,348,2025-03-01,32.0
300200782_,349,2025-03-01,
300200783_,350,2025-03-01,2.0
300100015_,351,2025-03-01,
300100006_,352,2025-03-01,
300100003_,353,2025-03-01,
300100012_,354,2025-03-01,
030200006_,355,2025-03-01,
030200008_,356,2025-03-01,
030200005_,357,2025-03-01,
030200007_,358,2025-03-01,
030200015_,359,2025-03-01,
030200002_,360,2025-03-01,
030200003_,361,2025-03-01,
030200009_,362,2025-03-01,
030200030_,363,2025-03-01,
030200031_,364,2025-03-01,
030200036_,365,2025-03-01,20.0
030200038_,366,2025-03-01,30.0
030200037_,367,2025-03-01,150.0
030200039_,368,2025-03-01,
030200028_,369,2025-03-01,51.0
030200029_,370,2025-03-01,15.0
030200032_,371,2025-03-01,84.0
030200034_,372,2025-03-01,111.0
030200239_,373,2025-03-01,
030200240_,374,2025-03-01,15.0
030200379_,375,2025-03-01,
030200026_,376,2025-03-01,
030200025_,377,2025-03-01,
030200027_,378,2025-03-01,
030200052_,379,2025-03-01,
030200053_,380,2025-03-01,
030200054_,381,2025-03-01,
030200183_,382,2025-03-01,5.0
030200191_,383,2025-03-01,
030200175_,384,2025-03-01,
030200176_,385,2025-03-01,13.0
030200247_,386,2025-03-01,41.0
030200246_,387,2025-03-01,
030200243_,388,2025-03-01,5.0
030200244_,389,2025-03-01,
030200245_,390,2025-03-01,
030200248_,391,2025-03-01,
030200249_,392,2025-03-01,
030200259_,393,2025-03-01,
030200260_,394,2025-03-01,12.0
030200256_,395,2025-03-01,23.0
030200257_,396,2025-03-01,40.0
030200258_,397,2025-03-01,
030200263_,398,2025-03-01,2.0
030200262_,399,2025-03-01,2.0
030200265_,400,2025-03-01,
030200261_,401,2025-03-01,
030200292_,402,2025-03-01,
030200250_,403,2025-03-01,4.0
030200251_,404,2025-03-01,4.0
030200252_,405,2025-03-01,
030200253_,406,2025-03-01,1.0
030200254_,407,2025-03-01,3.0
300200331_,408,2025-03-01,1184.0
300200296_,409,2025-03-01,414.0
300200283_,410,2025-03-01,70.0
300200302_,411,2025-03-01,218.0
300200333_,412,2025-03-01,610.0
300200288_,413,2025-03-01,22.0
300200284_,414,2025-03-01,139.0
300200767_,415,2025-03-01,1.0
300200293_,416,2025-03-01,211.0
300200289_,417,2025-03-01,223.0
300200290_,418,2025-03-01,10.0
300200291_,419,2025-03-01,22.0
300200297_,420,2025-03-01,693.0
300200298_,421,2025-03-01,515.0
300200299_,422,2025-03-01,
300200294_,423,2025-03-01,55.0
300200286_,424,2025-03-01,5776.0
300200332_,425,2025-03-01,865.0
300200301_,426,2025-03-01,387.0
300200287_,427,2025-03-01,38.0
300200700_,428,2025-03-01,175.0
300200295_,429,2025-03-01,36.0
300200292_,430,2025-03-01,2.0
300200300_,431,2025-03-01,
300200312_,432,2025-03-01,1.0
300200303_,433,2025-03-01,3815.0
300200304_,434,2025-03-01,990.0
300200305_,435,2025-03-01,576.0
300200306_,436,2025-03-01,176.0
300200307_,437,2025-03-01,67.0
300200310_,438,2025-03-01,
300200311_,439,2025-03-01,55.0
300200308_,440,2025-03-01,15.0
300200309_,441,2025-03-01,4.0
300200313_,442,2025-03-01,20.0
300200498_,443,2025-03-01,134.0
ATN000108,444,2025-03-01,
300200314_,445,2025-03-01,4.0
ATN000109,446,2025-03-01,2.0
300200315_,447,2025-03-01,14.0
300200771_,448,2025-03-01,37.0
300200316_,449,2025-03-01,19.0
300200959_,450,2025-03-01,9.0
300200317_,451,2025-03-01,34.0
300200496_,452,2025-03-01,64.0
300200346_,453,2025-03-01,
300200318_,454,2025-03-01,49.0
300200347_,455,2025-03-01,40.0
300200319_,456,2025-03-01,295.0
300200320_,457,2025-03-01,108.0
300200321_,458,2025-03-01,97.0
300200322_,459,2025-03-01,97.0
300200323_,460,2025-03-01,252.0
300200324_,461,2025-03-01,814.0
300200325_,462,2025-03-01,60.0
300200326_,463,2025-03-01,261.0
300200327_,464,2025-03-01,62.0
300200328_,465,2025-03-01,223.0
300200330_,466,2025-03-01,8.0
300200348_,467,2025-03-01,40.0
300200350_,468,2025-03-01,5.0
300200352_,469,2025-03-01,
300200430_,470,2025-03-01,3.0
300200588_,471,2025-03-01,78.0
300200443_,472,2025-03-01,4.0
300200432_,473,2025-03-01,39.0
300200444_,474,2025-03-01,4.0
300200449_,475,2025-03-01,
300200447_,476,2025-03-01,
300200433_,477,2025-03-01,30.0
300200439_,478,2025-03-01,
300200451_,479,2025-03-01,
300200448_,480,2025-03-01,2.0
300200774_,481,2025-03-01,2.0
300200436_,482,2025-03-01,23.0
300200431_,483,2025-03-01,42.0
300200452_,484,2025-03-01,
300200434_,485,2025-03-01,
300200429_,486,2025-03-01,81.0
300200632_,487,2025-03-01,50.0
300200441_,488,2025-03-01,7.0
300200450_,489,2025-03-01,
300200435_,490,2025-03-01,170.0
300200437_,491,2025-03-01,90.0
300200438_,492,2025-03-01,90.0
300200440_,493,2025-03-01,15.0
300200445_,494,2025-03-01,1.0
300200446_,495,2025-03-01,1.0
ATN000399,496,2025-03-01,
300200592_,497,2025-03-01,93.0
300200366_,498,2025-03-01,47.0
LNVA105011,499,2025-03-01,
300200595_,500,2025-03-01,
030200097_,501,2025-03-01,
300200718_,502,2025-03-01,256.0
300200719_,503,2025-03-01,9.0
300200720_,504,2025-03-01,15.0
300200721_,505,2025-03-01,
300200722_,506,2025-03-01,18.0
300200777_,507,2025-03-01,67.0
300200723_,508,2025-03-01,
300200724_,509,2025-03-01,
300200725_,510,2025-03-01,2.0
300200726_,511,2025-03-01,16.0
300200727_,512,2025-03-01,
300200728_,513,2025-03-01,
300200729_,514,2025-03-01,19.0
300200730_,515,2025-03-01,18.0
300200731_,516,2025-03-01,
300200732_,517,2025-03-01,
300200778_,518,2025-03-01,63.0
300200733_,519,2025-03-01,4.0
300200734_,520,2025-03-01,1.0
300200735_,521,2025-03-01,212.0
300200736_,522,2025-03-01,102.0
300200737_,523,2025-03-01,52.0
300200738_,524,2025-03-01,4.0
300200742_,525,2025-03-01,78.0
300200739_,526,2025-03-01,2.0
300200743_,527,2025-03-01,37.0
300200740_,528,2025-03-01,5.0
300200741_,529,2025-03-01,70.0
300200744_,530,2025-03-01,103.0
300200745_,531,2025-03-01,96.0
300200746_,532,2025-03-01,47.0
300200747_,533,2025-03-01,1.0
300200748_,534,2025-03-01,1.0
300200749_,535,2025-03-01,36.0
300200750_,536,2025-03-01,10.0
300200751_,537,2025-03-01,65.0
300200752_,538,2025-03-01,119.0
300200753_,539,2025-03-01,29.0
300200754_,540,2025-03-01,
300200755_,541,2025-03-01,2.0
300200497_,542,2025-03-01,
030200226_,543,2025-03-01,265.0
030200223_,544,2025-03-01,1626.0
030200227_,545,2025-03-01,157.0
030200225_,546,2025-03-01,611.0
030200224_,547,2025-03-01,2687.0
030200221_,548,2025-03-01,2141.0
030200222_,549,2025-03-01,443.0
300200473_,550,2025-03-01,
ATN000446,551,2025-03-01,
ATN000389,552,2025-03-01,
130300026_,553,2025-03-01,153.0
130300027_,554,2025-03-01,142.0
130300028_,555,2025-03-01,32.0
030200203_,556,2025-03-01,1844.0
030200128_,3,2025-04-01,
030200382_,4,2025-04-01,
030200127_,5,2025-04-01,
030200141_,6,2025-04-01,
030200096_,7,2025-04-01,
030200072_,8,2025-04-01,
030200093_,9,2025-04-01,
030200135_,10,2025-04-01,
030200136_,11,2025-04-01,1.0
030200134_,12,2025-04-01,
030200094_,13,2025-04-01,
030200090_,14,2025-04-01,
030200095_,15,2025-04-01,
030200142_,16,2025-04-01,
280300174_,17,2025-04-01,614.0
030300013_,18,2025-04-01,1.0
030200220_,19,2025-04-01,1229.0
030200219_,20,2025-04-01,3658.0
030300078_,21,2025-04-01,
030300014_,22,2025-04-01,191.0
030200193_,23,2025-04-01,25710.0
030201459_,24,2025-04-01,
030200192_,25,2025-04-01,52084.0
030200201_,26,2025-04-01,19797.0
300200428_,27,2025-04-01,104.0
ATN544015,28,2025-04-01,
ATN540115,29,2025-04-01,
ATN000532,30,2025-04-01,
ATN001232,31,2025-04-01,
300201148_,32,2025-04-01,
300201149_,33,2025-04-01,
300201150_,34,2025-04-01,
300201151_,35,2025-04-01,2.0
300201152_,36,2025-04-01,
300201153_,37,2025-04-01,24.0
300201154_,38,2025-04-01,
300201155_,39,2025-04-01,
300200968_,40,2025-04-01,4.0
300200967_,41,2025-04-01,
300200413_,42,2025-04-01,31.0
010400436_,43,2025-04-01,47.0
010400432_,44,2025-04-01,13.0
010400440_,45,2025-04-01,43.0
010400444_,46,2025-04-01,93.0
010400447_,47,2025-04-01,96.0
010400433_,48,2025-04-01,12.0
010400437_,49,2025-04-01,21.0
010400441_,50,2025-04-01,22.0
010400445_,51,2025-04-01,48.0
010400448_,52,2025-04-01,35.0
300200784_,53,2025-04-01,31.0
300200785_,54,2025-04-01,3.0
300200786_,55,2025-04-01,
300200787_,56,2025-04-01,14.0
300200788_,57,2025-04-01,
300200789_,58,2025-04-01,
300200790_,59,2025-04-01,
300200791_,60,2025-04-01,
300200792_,61,2025-04-01,
300200793_,62,2025-04-01,
300200794_,63,2025-04-01,2.0
300200795_,64,2025-04-01,6.0
300200796_,65,2025-04-01,
300200797_,66,2025-04-01,2.0
300200798_,67,2025-04-01,
300200799_,68,2025-04-01,1.0
300200800_,69,2025-04-01,
300200801_,70,2025-04-01,
300200802_,71,2025-04-01,
300200803_,72,2025-04-01,
300200804_,73,2025-04-01,
300200805_,74,2025-04-01,
300200806_,75,2025-04-01,
300200807_,76,2025-04-01,
300200808_,77,2025-04-01,
300200809_,78,2025-04-01,
300200810_,79,2025-04-01,380.0
300200811_,80,2025-04-01,13.0
300200812_,81,2025-04-01,99.0
300200813_,82,2025-04-01,
300200814_,83,2025-04-01,72.0
300200815_,84,2025-04-01,
300200816_,85,2025-04-01,16.0
300200817_,86,2025-04-01,54.0
300200818_,87,2025-04-01,5.0
300200819_,88,2025-04-01,14.0
300200820_,89,2025-04-01,3.0
300200821_,90,2025-04-01,164.0
300200822_,91,2025-04-01,189.0
300200823_,92,2025-04-01,54.0
300200824_,93,2025-04-01,23.0
300200825_,94,2025-04-01,7.0
300200826_,95,2025-04-01,53.0
300200827_,96,2025-04-01,
300200828_,97,2025-04-01,31.0
300200829_,98,2025-04-01,
300200830_,99,2025-04-01,
300200831_,100,2025-04-01,
300200832_,101,2025-04-01,4.0
300200833_,102,2025-04-01,14.0
300200834_,103,2025-04-01,10.0
300200835_,104,2025-04-01,71.0
300200836_,105,2025-04-01,20.0
300200837_,106,2025-04-01,
300200838_,107,2025-04-01,10.0
300200839_,108,2025-04-01,27.0
300200840_,109,2025-04-01,17.0
300200841_,110,2025-04-01,
300200842_,111,2025-04-01,674.0
300200843_,112,2025-04-01,41.0
300200844_,113,2025-04-01,16.0
300200845_,114,2025-04-01,1.0
300200846_,115,2025-04-01,11.0
300200847_,116,2025-04-01,70.0
300200848_,117,2025-04-01,42.0
300200849_,118,2025-04-01,15.0
300200850_,119,2025-04-01,5.0
300200851_,120,2025-04-01,31.0
300200852_,121,2025-04-01,
300200853_,122,2025-04-01,8.0
300200854_,123,2025-04-01,5.0
300200855_,124,2025-04-01,
300200856_,125,2025-04-01,337.0
300200857_,126,2025-04-01,155.0
300200858_,127,2025-04-01,10.0
300200859_,128,2025-04-01,120.0
300200860_,129,2025-04-01,10.0
300200861_,130,2025-04-01,9.0
300200862_,131,2025-04-01,35.0
300200863_,132,2025-04-01,8.0
300200864_,133,2025-04-01,
300200865_,134,2025-04-01,37.0
300200866_,135,2025-04-01,
300200867_,136,2025-04-01,5.0
300200868_,137,2025-04-01,271.0
300200869_,138,2025-04-01,141.0
300200870_,139,2025-04-01,57.0
300200871_,140,2025-04-01,12.0
300200872_,141,2025-04-01,
300200873_,142,2025-04-01,24.0
300200874_,143,2025-04-01,
300200875_,144,2025-04-01,1.0
300200876_,145,2025-04-01,1.0
300200877_,146,2025-04-01,
300200878_,147,2025-04-01,
300200879_,148,2025-04-01,2.0
300200880_,149,2025-04-01,2.0
300200881_,150,2025-04-01,
300200882_,151,2025-04-01,36.0
300200883_,152,2025-04-01,4.0
300200884_,153,2025-04-01,10.0
300200885_,154,2025-04-01,2.0
300200886_,155,2025-04-01,1.0
300200887_,156,2025-04-01,3.0
300200888_,157,2025-04-01,
300200889_,158,2025-04-01,
300200890_,159,2025-04-01,
300200892_,160,2025-04-01,
300200893_,161,2025-04-01,
300200894_,162,2025-04-01,
300200895_,163,2025-04-01,
300200896_,164,2025-04-01,
300200897_,165,2025-04-01,
300200898_,166,2025-04-01,6.0
300200899_,167,2025-04-01,24.0
300200900_,168,2025-04-01,3.0
300200901_,169,2025-04-01,1.0
300200902_,170,2025-04-01,
300200903_,171,2025-04-01,
300200904_,172,2025-04-01,
300200905_,173,2025-04-01,
300200906_,174,2025-04-01,
300200907_,175,2025-04-01,
300200908_,176,2025-04-01,
300200909_,177,2025-04-01,
300200910_,178,2025-04-01,303.0
300200911_,179,2025-04-01,
300200912_,180,2025-04-01,11.0
300200913_,181,2025-04-01,
300200914_,182,2025-04-01,46.0
300200915_,183,2025-04-01,
300200916_,184,2025-04-01,6.0
300200917_,185,2025-04-01,20.0
300200918_,186,2025-04-01,
300200919_,187,2025-04-01,
300200920_,188,2025-04-01,
300200921_,189,2025-04-01,133.0
300200922_,190,2025-04-01,126.0
300200923_,191,2025-04-01,41.0
300200924_,192,2025-04-01,2.0
300200925_,193,2025-04-01,
300200926_,194,2025-04-01,36.0
300200927_,195,2025-04-01,
300200928_,196,2025-04-01,2.0
300200929_,197,2025-04-01,
300200930_,198,2025-04-01,
300200931_,199,2025-04-01,
300200932_,200,2025-04-01,47.0
300200933_,201,2025-04-01,432.0
300200934_,202,2025-04-01,48.0
300200935_,203,2025-04-01,
300200936_,204,2025-04-01,29.0
300200937_,205,2025-04-01,
300200938_,206,2025-04-01,16.0
300200939_,207,2025-04-01,
300200940_,208,2025-04-01,1.0
300200941_,209,2025-04-01,
300200942_,210,2025-04-01,29.0
300200943_,211,2025-04-01,10.0
300200944_,212,2025-04-01,
300200945_,213,2025-04-01,172.0
300200946_,214,2025-04-01,101.0
300200947_,215,2025-04-01,33.0
300200948_,216,2025-04-01,4.0
300200949_,217,2025-04-01,
300200950_,218,2025-04-01,40.0
300200951_,219,2025-04-01,
300200952_,220,2025-04-01,8.0
300200953_,221,2025-04-01,1.0
300200954_,222,2025-04-01,
300200955_,223,2025-04-01,
300200371_,224,2025-04-01,5.0
300200420_,225,2025-04-01,40.0
300200375_,226,2025-04-01,15.0
300200422_,227,2025-04-01,7.0
300200363_,228,2025-04-01,1.0
300200368_,229,2025-04-01,16.0
300200367_,230,2025-04-01,18.0
300200426_,231,2025-04-01,2.0
300200424_,232,2025-04-01,8.0
300200372_,233,2025-04-01,17.0
300200373_,234,2025-04-01,-2.0
300200418_,235,2025-04-01,2.0
300200365_,236,2025-04-01,452.0
300200364_,237,2025-04-01,23.0
300200374_,238,2025-04-01,17.0
300200370_,239,2025-04-01,2.0
300200425_,240,2025-04-01,
300200419_,241,2025-04-01,
300200376_,242,2025-04-01,96.0
300200377_,243,2025-04-01,130.0
300200378_,244,2025-04-01,57.0
300200379_,245,2025-04-01,5.0
300200380_,246,2025-04-01,
300200421_,247,2025-04-01,3.0
щщщ0116254,248,2025-04-01,
300200520_,249,2025-04-01,195.0
300200521_,250,2025-04-01,
300200522_,251,2025-04-01,
300200523_,252,2025-04-01,6.0
300200524_,253,2025-04-01,
300200525_,254,2025-04-01,
300200526_,255,2025-04-01,1.0
300200527_,256,2025-04-01,23.0
300200529_,257,2025-04-01,
300200530_,258,2025-04-01,10.0
300200531_,259,2025-04-01,2.0
300200532_,260,2025-04-01,
300200533_,261,2025-04-01,
300200534_,262,2025-04-01,2.0
300200535_,263,2025-04-01,
300200536_,264,2025-04-01,157.0
300200537_,265,2025-04-01,29.0
300200538_,266,2025-04-01,8.0
300200539_,267,2025-04-01,11.0
300200540_,268,2025-04-01,1.0
300200541_,269,2025-04-01,
300200542_,270,2025-04-01,1313.0
300200624_,271,2025-04-01,5.0
300200704_,272,2025-04-01,120.0
300200543_,273,2025-04-01,94.0
300200544_,274,2025-04-01,9.0
300200545_,275,2025-04-01,7.0
300200593_,276,2025-04-01,253.0
300200546_,277,2025-04-01,6.0
300200547_,278,2025-04-01,23.0
300200548_,279,2025-04-01,72.0
300200549_,280,2025-04-01,320.0
300200550_,281,2025-04-01,
300200551_,282,2025-04-01,15.0
300200773_,283,2025-04-01,17.0
300200552_,284,2025-04-01,12.0
300200553_,285,2025-04-01,20.0
300200554_,286,2025-04-01,
300200555_,287,2025-04-01,3.0
300200556_,288,2025-04-01,27.0
300200557_,289,2025-04-01,8.0
300200558_,290,2025-04-01,586.0
300200559_,291,2025-04-01,340.0
300200560_,292,2025-04-01,165.0
300200561_,293,2025-04-01,157.0
300200562_,294,2025-04-01,3.0
300200563_,295,2025-04-01,158.0
300200564_,296,2025-04-01,8.0
300200565_,297,2025-04-01,
300200590_,298,2025-04-01,2.0
300200566_,299,2025-04-01,10.0
300200567_,300,2025-04-01,10.0
300200591_,301,2025-04-01,1.0
300200568_,302,2025-04-01,
300200569_,303,2025-04-01,
300200570_,304,2025-04-01,
300200571_,305,2025-04-01,
300200572_,306,2025-04-01,
300200573_,307,2025-04-01,
300200574_,308,2025-04-01,
300200575_,309,2025-04-01,
300200511_,310,2025-04-01,
300200576_,311,2025-04-01,
300200776_,312,2025-04-01,
300200577_,313,2025-04-01,
300200579_,314,2025-04-01,12.0
300200580_,315,2025-04-01,3.0
300200581_,316,2025-04-01,2.0
300200582_,317,2025-04-01,
300200583_,318,2025-04-01,
300200584_,319,2025-04-01,
300200343_,320,2025-04-01,2016.0
020100163_,321,2025-04-01,175.0
300200459_,322,2025-04-01,74.0
020100158_,323,2025-04-01,431.0
020100159_,324,2025-04-01,39.0
300200460_,325,2025-04-01,40.0
020100160_,326,2025-04-01,314.0
020100161_,327,2025-04-01,38.0
300200461_,328,2025-04-01,31.0
300200472_,329,2025-04-01,52.0
300200462_,330,2025-04-01,81.0
300200517_,331,2025-04-01,
020100162_,332,2025-04-01,24.0
300200772_,333,2025-04-01,15.0
300200468_,334,2025-04-01,166.0
300200515_,335,2025-04-01,157.0
300200518_,336,2025-04-01,13.0
300200516_,337,2025-04-01,253.0
300200471_,338,2025-04-01,31.0
300200470_,339,2025-04-01,
300200463_,340,2025-04-01,1172.0
300200464_,341,2025-04-01,526.0
300200465_,342,2025-04-01,226.0
300200466_,343,2025-04-01,79.0
300200467_,344,2025-04-01,28.0
300200519_,345,2025-04-01,74.0
300200775_,346,2025-04-01,4.0
300200781_,347,2025-04-01,
300200779_,348,2025-04-01,34.0
300200782_,349,2025-04-01,4.0
300200783_,350,2025-04-01,-2.0
300100015_,351,2025-04-01,
300100006_,352,2025-04-01,
300100003_,353,2025-04-01,
300100012_,354,2025-04-01,
030200006_,355,2025-04-01,
030200008_,356,2025-04-01,
030200005_,357,2025-04-01,4.0
030200007_,358,2025-04-01,
030200015_,359,2025-04-01,
030200002_,360,2025-04-01,
030200003_,361,2025-04-01,4.0
030200009_,362,2025-04-01,
030200030_,363,2025-04-01,
030200031_,364,2025-04-01,
030200036_,365,2025-04-01,
030200038_,366,2025-04-01,842.0
030200037_,367,2025-04-01,
030200039_,368,2025-04-01,10.0
030200028_,369,2025-04-01,
030200029_,370,2025-04-01,
030200032_,371,2025-04-01,
030200034_,372,2025-04-01,3.0
030200239_,373,2025-04-01,
030200240_,374,2025-04-01,
030200379_,375,2025-04-01,
030200026_,376,2025-04-01,
030200025_,377,2025-04-01,
030200027_,378,2025-04-01,
030200052_,379,2025-04-01,
030200053_,380,2025-04-01,
030200054_,381,2025-04-01,
030200183_,382,2025-04-01,
030200191_,383,2025-04-01,
030200175_,384,2025-04-01,
030200176_,385,2025-04-01,
030200247_,386,2025-04-01,27.0
030200246_,387,2025-04-01,
030200243_,388,2025-04-01,9.0
030200244_,389,2025-04-01,
030200245_,390,2025-04-01,
030200248_,391,2025-04-01,
030200249_,392,2025-04-01,1.0
030200259_,393,2025-04-01,10.0
030200260_,394,2025-04-01,
030200256_,395,2025-04-01,14.0
030200257_,396,2025-04-01,
030200258_,397,2025-04-01,
030200263_,398,2025-04-01,
030200262_,399,2025-04-01,
030200265_,400,2025-04-01,3.0
030200261_,401,2025-04-01,1.0
030200292_,402,2025-04-01,
030200250_,403,2025-04-01,5.0
030200251_,404,2025-04-01,14.0
030200252_,405,2025-04-01,
030200253_,406,2025-04-01,1.0
030200254_,407,2025-04-01,2.0
300200331_,408,2025-04-01,1323.0
300200296_,409,2025-04-01,782.0
300200283_,410,2025-04-01,72.0
300200302_,411,2025-04-01,361.0
300200333_,412,2025-04-01,890.0
300200288_,413,2025-04-01,102.0
300200284_,414,2025-04-01,45.0
300200767_,415,2025-04-01,1.0
300200293_,416,2025-04-01,219.0
300200289_,417,2025-04-01,211.0
300200290_,418,2025-04-01,8.0
300200291_,419,2025-04-01,23.0
300200297_,420,2025-04-01,672.0
300200298_,421,2025-04-01,1002.0
300200299_,422,2025-04-01,2.0
300200294_,423,2025-04-01,50.0
300200286_,424,2025-04-01,6383.0
300200332_,425,2025-04-01,1377.0
300200301_,426,2025-04-01,925.0
300200287_,427,2025-04-01,
300200700_,428,2025-04-01,55.0
300200295_,429,2025-04-01,49.0
300200292_,430,2025-04-01,
300200300_,431,2025-04-01,8.0
300200312_,432,2025-04-01,1.0
300200303_,433,2025-04-01,4939.0
300200304_,434,2025-04-01,2717.0
300200305_,435,2025-04-01,731.0
300200306_,436,2025-04-01,182.0
300200307_,437,2025-04-01,52.0
300200310_,438,2025-04-01,
300200311_,439,2025-04-01,137.0
300200308_,440,2025-04-01,16.0
300200309_,441,2025-04-01,4.0
300200313_,442,2025-04-01,374.0
300200498_,443,2025-04-01,125.0
ATN000108,444,2025-04-01,
300200314_,445,2025-04-01,285.0
ATN000109,446,2025-04-01,21.0
300200315_,447,2025-04-01,5.0
300200771_,448,2025-04-01,61.0
300200316_,449,2025-04-01,2.0
300200959_,450,2025-04-01,136.0
300200317_,451,2025-04-01,131.0
300200496_,452,2025-04-01,14.0
300200346_,453,2025-04-01,36.0
300200318_,454,2025-04-01,586.0
300200347_,455,2025-04-01,166.0
300200319_,456,2025-04-01,395.0
300200320_,457,2025-04-01,110.0
300200321_,458,2025-04-01,36.0
300200322_,459,2025-04-01,143.0
300200323_,460,2025-04-01,593.0
300200324_,461,2025-04-01,978.0
300200325_,462,2025-04-01,29.0
300200326_,463,2025-04-01,305.0
300200327_,464,2025-04-01,23.0
300200328_,465,2025-04-01,287.0
300200330_,466,2025-04-01,1.0
300200348_,467,2025-04-01,1.0
300200350_,468,2025-04-01,
300200352_,469,2025-04-01,
300200430_,470,2025-04-01,20.0
300200588_,471,2025-04-01,65.0
300200443_,472,2025-04-01,
300200432_,473,2025-04-01,5.0
300200444_,474,2025-04-01,
300200449_,475,2025-04-01,1.0
300200447_,476,2025-04-01,
300200433_,477,2025-04-01,6.0
300200439_,478,2025-04-01,18.0
300200451_,479,2025-04-01,
300200448_,480,2025-04-01,
300200774_,481,2025-04-01,1.0
300200436_,482,2025-04-01,62.0
300200431_,483,2025-04-01,61.0
300200452_,484,2025-04-01,
300200434_,485,2025-04-01,
300200429_,486,2025-04-01,44.0
300200632_,487,2025-04-01,41.0
300200441_,488,2025-04-01,
300200450_,489,2025-04-01,1.0
300200435_,490,2025-04-01,89.0
300200437_,491,2025-04-01,29.0
300200438_,492,2025-04-01,36.0
300200440_,493,2025-04-01,17.0
300200445_,494,2025-04-01,-30.0
300200446_,495,2025-04-01,8.0
ATN000399,496,2025-04-01,
300200592_,497,2025-04-01,174.0
300200366_,498,2025-04-01,46.0
LNVA105011,499,2025-04-01,15.0
300200595_,500,2025-04-01,52.0
030200097_,501,2025-04-01,
300200718_,502,2025-04-01,256.0
300200719_,503,2025-04-01,20.0
300200720_,504,2025-04-01,52.0
300200721_,505,2025-04-01,20.0
300200722_,506,2025-04-01,17.0
300200777_,507,2025-04-01,72.0
300200723_,508,2025-04-01,
300200724_,509,2025-04-01,12.0
300200725_,510,2025-04-01,16.0
300200726_,511,2025-04-01,5.0
300200727_,512,2025-04-01,
300200728_,513,2025-04-01,10.0
300200729_,514,2025-04-01,45.0
300200730_,515,2025-04-01,82.0
300200731_,516,2025-04-01,
300200732_,517,2025-04-01,
300200778_,518,2025-04-01,6.0
300200733_,519,2025-04-01,5.0
300200734_,520,2025-04-01,
300200735_,521,2025-04-01,149.0
300200736_,522,2025-04-01,105.0
300200737_,523,2025-04-01,92.0
300200738_,524,2025-04-01,17.0
300200742_,525,2025-04-01,70.0
300200739_,526,2025-04-01,8.0
300200743_,527,2025-04-01,8.0
300200740_,528,2025-04-01,46.0
300200741_,529,2025-04-01,58.0
300200744_,530,2025-04-01,68.0
300200745_,531,2025-04-01,112.0
300200746_,532,2025-04-01,22.0
300200747_,533,2025-04-01,
300200748_,534,2025-04-01,4.0
300200749_,535,2025-04-01,41.0
300200750_,536,2025-04-01,31.0
300200751_,537,2025-04-01,54.0
300200752_,538,2025-04-01,38.0
300200753_,539,2025-04-01,16.0
300200754_,540,2025-04-01,6.0
300200755_,541,2025-04-01,3.0
300200497_,542,2025-04-01,
030200226_,543,2025-04-01,177.0
030200223_,544,2025-04-01,755.0
030200227_,545,2025-04-01,41.0
030200225_,546,2025-04-01,1011.0
030200224_,547,2025-04-01,2457.0
030200221_,548,2025-04-01,1710.0
030200222_,549,2025-04-01,1150.0
300200473_,550,2025-04-01,
ATN000446,551,2025-04-01,4.0
ATN000389,552,2025-04-01,
130300026_,553,2025-04-01,57.0
130300027_,554,2025-04-01,305.0
130300028_,555,2025-04-01,669.0
030200203_,556,2025-04-01,1132.0
030200128_,3,2025-05-01,
030200382_,4,2025-05-01,
030200127_,5,2025-05-01,
030200141_,6,2025-05-01,
030200096_,7,2025-05-01,
030200072_,8,2025-05-01,
030200093_,9,2025-05-01,
030200135_,10,2025-05-01,
030200136_,11,2025-05-01,
030200134_,12,2025-05-01,
030200094_,13,2025-05-01,
030200090_,14,2025-05-01,
030200095_,15,2025-05-01,
030200142_,16,2025-05-01,
280300174_,17,2025-05-01,480.0
030300013_,18,2025-05-01,
030200220_,19,2025-05-01,1883.0
030200219_,20,2025-05-01,3963.0
030300078_,21,2025-05-01,
030300014_,22,2025-05-01,1395.0
030200193_,23,2025-05-01,17627.0
030201459_,24,2025-05-01,
030200192_,25,2025-05-01,50676.0
030200201_,26,2025-05-01,20724.0
300200428_,27,2025-05-01,589.0
ATN544015,28,2025-05-01,
ATN540115,29,2025-05-01,
ATN000532,30,2025-05-01,9.0
ATN001232,31,2025-05-01,
300201148_,32,2025-05-01,24.0
300201149_,33,2025-05-01,9.0
300201150_,34,2025-05-01,2.0
300201151_,35,2025-05-01,17.0
300201152_,36,2025-05-01,2.0
300201153_,37,2025-05-01,17.0
300201154_,38,2025-05-01,6.0
300201155_,39,2025-05-01,3.0
300200968_,40,2025-05-01,78.0
300200967_,41,2025-05-01,59.0
300200413_,42,2025-05-01,11.0
010400436_,43,2025-05-01,27.0
010400432_,44,2025-05-01,8.0
010400440_,45,2025-05-01,41.0
010400444_,46,2025-05-01,102.0
010400447_,47,2025-05-01,73.0
010400433_,48,2025-05-01,5.0
010400437_,49,2025-05-01,51.0
010400441_,50,2025-05-01,13.0
010400445_,51,2025-05-01,28.0
010400448_,52,2025-05-01,21.0
300200784_,53,2025-05-01,53.0
300200785_,54,2025-05-01,14.0
300200786_,55,2025-05-01,
300200787_,56,2025-05-01,10.0
300200788_,57,2025-05-01,
300200789_,58,2025-05-01,18.0
300200790_,59,2025-05-01,26.0
300200791_,60,2025-05-01,1.0
300200792_,61,2025-05-01,
300200793_,62,2025-05-01,
300200794_,63,2025-05-01,
300200795_,64,2025-05-01,69.0
300200796_,65,2025-05-01,22.0
300200797_,66,2025-05-01,2.0
300200798_,67,2025-05-01,
300200799_,68,2025-05-01,
300200800_,69,2025-05-01,3.0
300200801_,70,2025-05-01,2.0
300200802_,71,2025-05-01,
300200803_,72,2025-05-01,4.0
300200804_,73,2025-05-01,
300200805_,74,2025-05-01,
300200806_,75,2025-05-01,
300200807_,76,2025-05-01,
300200808_,77,2025-05-01,
300200809_,78,2025-05-01,1.0
300200810_,79,2025-05-01,268.0
300200811_,80,2025-05-01,28.0
300200812_,81,2025-05-01,73.0
300200813_,82,2025-05-01,
300200814_,83,2025-05-01,37.0
300200815_,84,2025-05-01,
300200816_,85,2025-05-01,1.0
300200817_,86,2025-05-01,2.0
300200818_,87,2025-05-01,20.0
300200819_,88,2025-05-01,
300200820_,89,2025-05-01,
300200821_,90,2025-05-01,136.0
300200822_,91,2025-05-01,46.0
300200823_,92,2025-05-01,27.0
300200824_,93,2025-05-01,4.0
300200825_,94,2025-05-01,
300200826_,95,2025-05-01,6.0
300200827_,96,2025-05-01,5.0
300200828_,97,2025-05-01,3.0
300200829_,98,2025-05-01,
300200830_,99,2025-05-01,
300200831_,100,2025-05-01,
300200832_,101,2025-05-01,6.0
300200833_,102,2025-05-01,9.0
300200834_,103,2025-05-01,28.0
300200835_,104,2025-05-01,30.0
300200836_,105,2025-05-01,11.0
300200837_,106,2025-05-01,
300200838_,107,2025-05-01,9.0
300200839_,108,2025-05-01,4.0
300200840_,109,2025-05-01,
300200841_,110,2025-05-01,
300200842_,111,2025-05-01,224.0
300200843_,112,2025-05-01,
300200844_,113,2025-05-01,2.0
300200845_,114,2025-05-01,
300200846_,115,2025-05-01,60.0
300200847_,116,2025-05-01,36.0
300200848_,117,2025-05-01,8.0
300200849_,118,2025-05-01,3.0
300200850_,119,2025-05-01,2.0
300200851_,120,2025-05-01,26.0
300200852_,121,2025-05-01,6.0
300200853_,122,2025-05-01,
300200854_,123,2025-05-01,
300200855_,124,2025-05-01,
300200856_,125,2025-05-01,226.0
300200857_,126,2025-05-01,55.0
300200858_,127,2025-05-01,1.0
300200859_,128,2025-05-01,12.0
300200860_,129,2025-05-01,
300200861_,130,2025-05-01,5.0
300200862_,131,2025-05-01,15.0
300200863_,132,2025-05-01,2.0
300200864_,133,2025-05-01,2.0
300200865_,134,2025-05-01,60.0
300200866_,135,2025-05-01,
300200867_,136,2025-05-01,3.0
300200868_,137,2025-05-01,113.0
300200869_,138,2025-05-01,50.0
300200870_,139,2025-05-01,30.0
300200871_,140,2025-05-01,2.0
300200872_,141,2025-05-01,2.0
300200873_,142,2025-05-01,7.0
300200874_,143,2025-05-01,
300200875_,144,2025-05-01,5.0
300200876_,145,2025-05-01,6.0
300200877_,146,2025-05-01,
300200878_,147,2025-05-01,
300200879_,148,2025-05-01,1.0
300200880_,149,2025-05-01,
300200881_,150,2025-05-01,7.0
300200882_,151,2025-05-01,29.0
300200883_,152,2025-05-01,34.0
300200884_,153,2025-05-01,3.0
300200885_,154,2025-05-01,3.0
300200886_,155,2025-05-01,1.0
300200887_,156,2025-05-01,
300200888_,157,2025-05-01,
300200889_,158,2025-05-01,
300200890_,159,2025-05-01,1.0
300200892_,160,2025-05-01,
300200893_,161,2025-05-01,
300200894_,162,2025-05-01,
300200895_,163,2025-05-01,
300200896_,164,2025-05-01,
300200897_,165,2025-05-01,
300200898_,166,2025-05-01,1.0
300200899_,167,2025-05-01,
300200900_,168,2025-05-01,
300200901_,169,2025-05-01,
300200902_,170,2025-05-01,
300200903_,171,2025-05-01,
300200904_,172,2025-05-01,
300200905_,173,2025-05-01,
300200906_,174,2025-05-01,
300200907_,175,2025-05-01,
300200908_,176,2025-05-01,
300200909_,177,2025-05-01,
300200910_,178,2025-05-01,10.0
300200911_,179,2025-05-01,
300200912_,180,2025-05-01,
300200913_,181,2025-05-01,
300200914_,182,2025-05-01,
300200915_,183,2025-05-01,
300200916_,184,2025-05-01,
300200917_,185,2025-05-01,
300200918_,186,2025-05-01,
300200919_,187,2025-05-01,
300200920_,188,2025-05-01,
300200921_,189,2025-05-01,20.0
300200922_,190,2025-05-01,10.0
300200923_,191,2025-05-01,6.0
300200924_,192,2025-05-01,3.0
300200925_,193,2025-05-01,
300200926_,194,2025-05-01,
300200927_,195,2025-05-01,
300200928_,196,2025-05-01,
300200929_,197,2025-05-01,
300200930_,198,2025-05-01,
300200931_,199,2025-05-01,
300200932_,200,2025-05-01,
300200933_,201,2025-05-01,69.0
300200934_,202,2025-05-01,6.0
300200935_,203,2025-05-01,
300200936_,204,2025-05-01,8.0
300200937_,205,2025-05-01,
300200938_,206,2025-05-01,
300200939_,207,2025-05-01,
300200940_,208,2025-05-01,
300200941_,209,2025-05-01,
300200942_,210,2025-05-01,
300200943_,211,2025-05-01,2.0
300200944_,212,2025-05-01,
300200945_,213,2025-05-01,30.0
300200946_,214,2025-05-01,23.0
300200947_,215,2025-05-01,7.0
300200948_,216,2025-05-01,
300200949_,217,2025-05-01,
300200950_,218,2025-05-01,1.0
300200951_,219,2025-05-01,
300200952_,220,2025-05-01,
300200953_,221,2025-05-01,
300200954_,222,2025-05-01,
300200955_,223,2025-05-01,
300200371_,224,2025-05-01,7.0
300200420_,225,2025-05-01,4.0
300200375_,226,2025-05-01,21.0
300200422_,227,2025-05-01,1.0
300200363_,228,2025-05-01,1.0
300200368_,229,2025-05-01,7.0
300200367_,230,2025-05-01,
300200426_,231,2025-05-01,
300200424_,232,2025-05-01,
300200372_,233,2025-05-01,12.0
300200373_,234,2025-05-01,7.0
300200418_,235,2025-05-01,
300200365_,236,2025-05-01,360.0
300200364_,237,2025-05-01,
300200374_,238,2025-05-01,
300200370_,239,2025-05-01,
300200425_,240,2025-05-01,
300200419_,241,2025-05-01,
300200376_,242,2025-05-01,153.0
300200377_,243,2025-05-01,125.0
300200378_,244,2025-05-01,51.0
300200379_,245,2025-05-01,30.0
300200380_,246,2025-05-01,2.0
300200421_,247,2025-05-01,
щщщ0116254,248,2025-05-01,
300200520_,249,2025-05-01,64.0
300200521_,250,2025-05-01,1.0
300200522_,251,2025-05-01,
300200523_,252,2025-05-01,3.0
300200524_,253,2025-05-01,
300200525_,254,2025-05-01,
300200526_,255,2025-05-01,
300200527_,256,2025-05-01,11.0
300200529_,257,2025-05-01,
300200530_,258,2025-05-01,
300200531_,259,2025-05-01,
300200532_,260,2025-05-01,
300200533_,261,2025-05-01,
300200534_,262,2025-05-01,
300200535_,263,2025-05-01,
300200536_,264,2025-05-01,15.0
300200537_,265,2025-05-01,22.0
300200538_,266,2025-05-01,13.0
300200539_,267,2025-05-01,1.0
300200540_,268,2025-05-01,
300200541_,269,2025-05-01,
300200542_,270,2025-05-01,629.0
300200624_,271,2025-05-01,6.0
300200704_,272,2025-05-01,111.0
300200543_,273,2025-05-01,36.0
300200544_,274,2025-05-01,3.0
300200545_,275,2025-05-01,
300200593_,276,2025-05-01,96.0
300200546_,277,2025-05-01,9.0
300200547_,278,2025-05-01,6.0
300200548_,279,2025-05-01,45.0
300200549_,280,2025-05-01,24.0
300200550_,281,2025-05-01,
300200551_,282,2025-05-01,7.0
300200773_,283,2025-05-01,2.0
300200552_,284,2025-05-01,21.0
300200553_,285,2025-05-01,119.0
300200554_,286,2025-05-01,
300200555_,287,2025-05-01,3.0
300200556_,288,2025-05-01,
300200557_,289,2025-05-01,
300200558_,290,2025-05-01,494.0
300200559_,291,2025-05-01,207.0
300200560_,292,2025-05-01,62.0
300200561_,293,2025-05-01,-5.0
300200562_,294,2025-05-01,28.0
300200563_,295,2025-05-01,38.0
300200564_,296,2025-05-01,180.0
300200565_,297,2025-05-01,18.0
300200590_,298,2025-05-01,19.0
300200566_,299,2025-05-01,
300200567_,300,2025-05-01,3.0
300200591_,301,2025-05-01,6.0
300200568_,302,2025-05-01,
300200569_,303,2025-05-01,1.0
300200570_,304,2025-05-01,7.0
300200571_,305,2025-05-01,5.0
300200572_,306,2025-05-01,
300200573_,307,2025-05-01,
300200574_,308,2025-05-01,
300200575_,309,2025-05-01,
300200511_,310,2025-05-01,21.0
300200576_,311,2025-05-01,22.0
300200776_,312,2025-05-01,
300200577_,313,2025-05-01,
300200579_,314,2025-05-01,103.0
300200580_,315,2025-05-01,33.0
300200581_,316,2025-05-01,13.0
300200582_,317,2025-05-01,12.0
300200583_,318,2025-05-01,2.0
300200584_,319,2025-05-01,4.0
300200343_,320,2025-05-01,1874.0
020100163_,321,2025-05-01,21.0
300200459_,322,2025-05-01,48.0
020100158_,323,2025-05-01,310.0
020100159_,324,2025-05-01,14.0
300200460_,325,2025-05-01,48.0
020100160_,326,2025-05-01,222.0
020100161_,327,2025-05-01,2.0
300200461_,328,2025-05-01,30.0
300200472_,329,2025-05-01,89.0
300200462_,330,2025-05-01,133.0
300200517_,331,2025-05-01,
020100162_,332,2025-05-01,54.0
300200772_,333,2025-05-01,13.0
300200468_,334,2025-05-01,34.0
300200515_,335,2025-05-01,170.0
300200518_,336,2025-05-01,12.0
300200516_,337,2025-05-01,53.0
300200471_,338,2025-05-01,7.0
300200470_,339,2025-05-01,
300200463_,340,2025-05-01,1177.0
300200464_,341,2025-05-01,768.0
300200465_,342,2025-05-01,290.0
300200466_,343,2025-05-01,51.0
300200467_,344,2025-05-01,13.0
300200519_,345,2025-05-01,78.0
300200775_,346,2025-05-01,
300200781_,347,2025-05-01,
300200779_,348,2025-05-01,38.0
300200782_,349,2025-05-01,4.0
300200783_,350,2025-05-01,
300100015_,351,2025-05-01,
300100006_,352,2025-05-01,
300100003_,353,2025-05-01,
300100012_,354,2025-05-01,
030200006_,355,2025-05-01,
030200008_,356,2025-05-01,
030200005_,357,2025-05-01,
030200007_,358,2025-05-01,
030200015_,359,2025-05-01,2.0
030200002_,360,2025-05-01,
030200003_,361,2025-05-01,
030200009_,362,2025-05-01,
030200030_,363,2025-05-01,
030200031_,364,2025-05-01,
030200036_,365,2025-05-01,
030200038_,366,2025-05-01,
030200037_,367,2025-05-01,
030200039_,368,2025-05-01,
030200028_,369,2025-05-01,
030200029_,370,2025-05-01,
030200032_,371,2025-05-01,
030200034_,372,2025-05-01,82.0
030200239_,373,2025-05-01,
030200240_,374,2025-05-01,16.0
030200379_,375,2025-05-01,
030200026_,376,2025-05-01,
030200025_,377,2025-05-01,
030200027_,378,2025-05-01,
030200052_,379,2025-05-01,
030200053_,380,2025-05-01,
030200054_,381,2025-05-01,
030200183_,382,2025-05-01,
030200191_,383,2025-05-01,
030200175_,384,2025-05-01,5.0
030200176_,385,2025-05-01,
030200247_,386,2025-05-01,3.0
030200246_,387,2025-05-01,
030200243_,388,2025-05-01,4.0
030200244_,389,2025-05-01,
030200245_,390,2025-05-01,
030200248_,391,2025-05-01,
030200249_,392,2025-05-01,2.0
030200259_,393,2025-05-01,
030200260_,394,2025-05-01,
030200256_,395,2025-05-01,77.0
030200257_,396,2025-05-01,50.0
030200258_,397,2025-05-01,11.0
030200263_,398,2025-05-01,2.0
030200262_,399,2025-05-01,
030200265_,400,2025-05-01,
030200261_,401,2025-05-01,
030200292_,402,2025-05-01,
030200250_,403,2025-05-01,2.0
030200251_,404,2025-05-01,9.0
030200252_,405,2025-05-01,2.0
030200253_,406,2025-05-01,7.0
030200254_,407,2025-05-01,3.0
300200331_,408,2025-05-01,1892.0
300200296_,409,2025-05-01,506.0
300200283_,410,2025-05-01,66.0
300200302_,411,2025-05-01,105.0
300200333_,412,2025-05-01,1030.0
300200288_,413,2025-05-01,45.0
300200284_,414,2025-05-01,119.0
300200767_,415,2025-05-01,1.0
300200293_,416,2025-05-01,309.0
300200289_,417,2025-05-01,322.0
300200290_,418,2025-05-01,12.0
300200291_,419,2025-05-01,69.0
300200297_,420,2025-05-01,681.0
300200298_,421,2025-05-01,1078.0
300200299_,422,2025-05-01,50.0
300200294_,423,2025-05-01,56.0
300200286_,424,2025-05-01,7671.0
300200332_,425,2025-05-01,813.0
300200301_,426,2025-05-01,417.0
300200287_,427,2025-05-01,2.0
300200700_,428,2025-05-01,105.0
300200295_,429,2025-05-01,71.0
300200292_,430,2025-05-01,17.0
300200300_,431,2025-05-01,
300200312_,432,2025-05-01,9.0
300200303_,433,2025-05-01,5786.0
300200304_,434,2025-05-01,2020.0
300200305_,435,2025-05-01,891.0
300200306_,436,2025-05-01,313.0
300200307_,437,2025-05-01,35.0
300200310_,438,2025-05-01,2.0
300200311_,439,2025-05-01,137.0
300200308_,440,2025-05-01,21.0
300200309_,441,2025-05-01,15.0
300200313_,442,2025-05-01,88.0
300200498_,443,2025-05-01,311.0
ATN000108,444,2025-05-01,1.0
300200314_,445,2025-05-01,6.0
ATN000109,446,2025-05-01,
300200315_,447,2025-05-01,
300200771_,448,2025-05-01,24.0
300200316_,449,2025-05-01,
300200959_,450,2025-05-01,24.0
300200317_,451,2025-05-01,69.0
300200496_,452,2025-05-01,
300200346_,453,2025-05-01,
300200318_,454,2025-05-01,42.0
300200347_,455,2025-05-01,
300200319_,456,2025-05-01,435.0
300200320_,457,2025-05-01,127.0
300200321_,458,2025-05-01,26.0
300200322_,459,2025-05-01,73.0
300200323_,460,2025-05-01,633.0
300200324_,461,2025-05-01,1089.0
300200325_,462,2025-05-01,39.0
300200326_,463,2025-05-01,262.0
300200327_,464,2025-05-01,16.0
300200328_,465,2025-05-01,142.0
300200330_,466,2025-05-01,2.0
300200348_,467,2025-05-01,
300200350_,468,2025-05-01,
300200352_,469,2025-05-01,
300200430_,470,2025-05-01,25.0
300200588_,471,2025-05-01,107.0
300200443_,472,2025-05-01,30.0
300200432_,473,2025-05-01,57.0
300200444_,474,2025-05-01,40.0
300200449_,475,2025-05-01,18.0
300200447_,476,2025-05-01,
300200433_,477,2025-05-01,23.0
300200439_,478,2025-05-01,26.0
300200451_,479,2025-05-01,
300200448_,480,2025-05-01,1.0
300200774_,481,2025-05-01,
300200436_,482,2025-05-01,201.0
300200431_,483,2025-05-01,22.0
300200452_,484,2025-05-01,
300200434_,485,2025-05-01,10.0
300200429_,486,2025-05-01,14.0
300200632_,487,2025-05-01,110.0
300200441_,488,2025-05-01,8.0
300200450_,489,2025-05-01,
300200435_,490,2025-05-01,538.0
300200437_,491,2025-05-01,259.0
300200438_,492,2025-05-01,39.0
300200440_,493,2025-05-01,27.0
300200445_,494,2025-05-01,12.0
300200446_,495,2025-05-01,12.0
ATN000399,496,2025-05-01,2.0
300200592_,497,2025-05-01,98.0
300200366_,498,2025-05-01,44.0
LNVA105011,499,2025-05-01,
300200595_,500,2025-05-01,10.0
030200097_,501,2025-05-01,
300200718_,502,2025-05-01,761.0
300200719_,503,2025-05-01,10.0
300200720_,504,2025-05-01,23.0
300200721_,505,2025-05-01,
300200722_,506,2025-05-01,17.0
300200777_,507,2025-05-01,41.0
300200723_,508,2025-05-01,
300200724_,509,2025-05-01,12.0
300200725_,510,2025-05-01,20.0
300200726_,511,2025-05-01,34.0
300200727_,512,2025-05-01,
300200728_,513,2025-05-01,
300200729_,514,2025-05-01,
300200730_,515,2025-05-01,
300200731_,516,2025-05-01,5.0
300200732_,517,2025-05-01,
300200778_,518,2025-05-01,11.0
300200733_,519,2025-05-01,
300200734_,520,2025-05-01,
300200735_,521,2025-05-01,324.0
300200736_,522,2025-05-01,203.0
300200737_,523,2025-05-01,49.0
300200738_,524,2025-05-01,50.0
300200742_,525,2025-05-01,101.0
300200739_,526,2025-05-01,5.0
300200743_,527,2025-05-01,13.0
300200740_,528,2025-05-01,16.0
300200741_,529,2025-05-01,100.0
300200744_,530,2025-05-01,89.0
300200745_,531,2025-05-01,58.0
300200746_,532,2025-05-01,119.0
300200747_,533,2025-05-01,1.0
300200748_,534,2025-05-01,4.0
300200749_,535,2025-05-01,62.0
300200750_,536,2025-05-01,30.0
300200751_,537,2025-05-01,126.0
300200752_,538,2025-05-01,58.0
300200753_,539,2025-05-01,45.0
300200754_,540,2025-05-01,7.0
300200755_,541,2025-05-01,5.0
300200497_,542,2025-05-01,
030200226_,543,2025-05-01,30.0
030200223_,544,2025-05-01,1276.0
030200227_,545,2025-05-01,281.0
030200225_,546,2025-05-01,968.0
030200224_,547,2025-05-01,3608.0
030200221_,548,2025-05-01,1909.0
030200222_,549,2025-05-01,341.0
300200473_,550,2025-05-01,
ATN000446,551,2025-05-01,3.0
ATN000389,552,2025-05-01,
130300026_,553,2025-05-01,1010.0
130300027_,554,2025-05-01,1024.0
130300028_,555,2025-05-01,444.0
030200203_,556,2025-05-01,1609.0
030200128_,3,2025-06-01,
030200382_,4,2025-06-01,
030200127_,5,2025-06-01,
030200141_,6,2025-06-01,
030200096_,7,2025-06-01,
030200072_,8,2025-06-01,3.0
030200093_,9,2025-06-01,
030200135_,10,2025-06-01,
030200136_,11,2025-06-01,
030200134_,12,2025-06-01,
030200094_,13,2025-06-01,
030200090_,14,2025-06-01,1.0
030200095_,15,2025-06-01,
030200142_,16,2025-06-01,
280300174_,17,2025-06-01,764.0
030300013_,18,2025-06-01,
030200220_,19,2025-06-01,2328.0
030200219_,20,2025-06-01,5211.0
030300078_,21,2025-06-01,40.0
030300014_,22,2025-06-01,
030200193_,23,2025-06-01,25136.0
030201459_,24,2025-06-01,
030200192_,25,2025-06-01,62934.0
030200201_,26,2025-06-01,19636.0
300200428_,27,2025-06-01,413.0
ATN544015,28,2025-06-01,
ATN540115,29,2025-06-01,
ATN000532,30,2025-06-01,
ATN001232,31,2025-06-01,
300201148_,32,2025-06-01,83.0
300201149_,33,2025-06-01,79.0
300201150_,34,2025-06-01,59.0
300201151_,35,2025-06-01,66.0
300201152_,36,2025-06-01,33.0
300201153_,37,2025-06-01,54.0
300201154_,38,2025-06-01,18.0
300201155_,39,2025-06-01,31.0
300200968_,40,2025-06-01,62.0
300200967_,41,2025-06-01,75.0
300200413_,42,2025-06-01,12.0
010400436_,43,2025-06-01,77.0
010400432_,44,2025-06-01,7.0
010400440_,45,2025-06-01,40.0
010400444_,46,2025-06-01,104.0
010400447_,47,2025-06-01,47.0
010400433_,48,2025-06-01,11.0
010400437_,49,2025-06-01,35.0
010400441_,50,2025-06-01,18.0
010400445_,51,2025-06-01,48.0
010400448_,52,2025-06-01,26.0
300200784_,53,2025-06-01,40.0
300200785_,54,2025-06-01,20.0
300200786_,55,2025-06-01,
300200787_,56,2025-06-01,
300200788_,57,2025-06-01,
300200789_,58,2025-06-01,
300200790_,59,2025-06-01,10.0
300200791_,60,2025-06-01,12.0
300200792_,61,2025-06-01,
300200793_,62,2025-06-01,
300200794_,63,2025-06-01,
300200795_,64,2025-06-01,1.0
300200796_,65,2025-06-01,
300200797_,66,2025-06-01,
300200798_,67,2025-06-01,
300200799_,68,2025-06-01,
300200800_,69,2025-06-01,
300200801_,70,2025-06-01,
300200802_,71,2025-06-01,
300200803_,72,2025-06-01,
300200804_,73,2025-06-01,
300200805_,74,2025-06-01,
300200806_,75,2025-06-01,
300200807_,76,2025-06-01,
300200808_,77,2025-06-01,
300200809_,78,2025-06-01,
300200810_,79,2025-06-01,120.0
300200811_,80,2025-06-01,
300200812_,81,2025-06-01,37.0
300200813_,82,2025-06-01,
300200814_,83,2025-06-01,112.0
300200815_,84,2025-06-01,5.0
300200816_,85,2025-06-01,2.0
300200817_,86,2025-06-01,34.0
300200818_,87,2025-06-01,
300200819_,88,2025-06-01,
300200820_,89,2025-06-01,2.0
300200821_,90,2025-06-01,86.0
300200822_,91,2025-06-01,19.0
300200823_,92,2025-06-01,15.0
300200824_,93,2025-06-01,6.0
300200825_,94,2025-06-01,
300200826_,95,2025-06-01,50.0
300200827_,96,2025-06-01,1.0
300200828_,97,2025-06-01,
300200829_,98,2025-06-01,
300200830_,99,2025-06-01,
300200831_,100,2025-06-01,
300200832_,101,2025-06-01,2.0
300200833_,102,2025-06-01,40.0
300200834_,103,2025-06-01,
300200835_,104,2025-06-01,35.0
300200836_,105,2025-06-01,
300200837_,106,2025-06-01,1.0
300200838_,107,2025-06-01,10.0
300200839_,108,2025-06-01,34.0
300200840_,109,2025-06-01,2.0
300200841_,110,2025-06-01,
300200842_,111,2025-06-01,229.0
300200843_,112,2025-06-01,12.0
300200844_,113,2025-06-01,10.0
300200845_,114,2025-06-01,
300200846_,115,2025-06-01,100.0
300200847_,116,2025-06-01,46.0
300200848_,117,2025-06-01,23.0
300200849_,118,2025-06-01,18.0
300200850_,119,2025-06-01,6.0
300200851_,120,2025-06-01,13.0
300200852_,121,2025-06-01,-5.0
300200853_,122,2025-06-01,8.0
300200854_,123,2025-06-01,1.0
300200855_,124,2025-06-01,4.0
300200856_,125,2025-06-01,275.0
300200857_,126,2025-06-01,62.0
300200858_,127,2025-06-01,
300200859_,128,2025-06-01,35.0
300200860_,129,2025-06-01,
300200861_,130,2025-06-01,32.0
300200862_,131,2025-06-01,32.0
300200863_,132,2025-06-01,19.0
300200864_,133,2025-06-01,2.0
300200865_,134,2025-06-01,70.0
300200866_,135,2025-06-01,1.0
300200867_,136,2025-06-01,10.0
300200868_,137,2025-06-01,152.0
300200869_,138,2025-06-01,90.0
300200870_,139,2025-06-01,39.0
300200871_,140,2025-06-01,23.0
300200872_,141,2025-06-01,10.0
300200873_,142,2025-06-01,110.0
300200874_,143,2025-06-01,
300200875_,144,2025-06-01,9.0
300200876_,145,2025-06-01,
300200877_,146,2025-06-01,
300200878_,147,2025-06-01,8.0
300200879_,148,2025-06-01,5.0
300200880_,149,2025-06-01,
300200881_,150,2025-06-01,2.0
300200882_,151,2025-06-01,
300200883_,152,2025-06-01,3.0
300200884_,153,2025-06-01,
300200885_,154,2025-06-01,
300200886_,155,2025-06-01,
300200887_,156,2025-06-01,105.0
300200888_,157,2025-06-01,10.0
300200889_,158,2025-06-01,
300200890_,159,2025-06-01,6.0
300200892_,160,2025-06-01,8.0
300200893_,161,2025-06-01,3.0
300200894_,162,2025-06-01,2.0
300200895_,163,2025-06-01,
300200896_,164,2025-06-01,
300200897_,165,2025-06-01,
300200898_,166,2025-06-01,11.0
300200899_,167,2025-06-01,25.0
300200900_,168,2025-06-01,5.0
300200901_,169,2025-06-01,12.0
300200902_,170,2025-06-01,
300200903_,171,2025-06-01,8.0
300200904_,172,2025-06-01,
300200905_,173,2025-06-01,8.0
300200906_,174,2025-06-01,
300200907_,175,2025-06-01,
300200908_,176,2025-06-01,
300200909_,177,2025-06-01,2.0
300200910_,178,2025-06-01,135.0
300200911_,179,2025-06-01,
300200912_,180,2025-06-01,9.0
300200913_,181,2025-06-01,
300200914_,182,2025-06-01,
300200915_,183,2025-06-01,
300200916_,184,2025-06-01,3.0
300200917_,185,2025-06-01,10.0
300200918_,186,2025-06-01,
300200919_,187,2025-06-01,1.0
300200920_,188,2025-06-01,
300200921_,189,2025-06-01,98.0
300200922_,190,2025-06-01,5.0
300200923_,191,2025-06-01,3.0
300200924_,192,2025-06-01,2.0
300200925_,193,2025-06-01,1.0
300200926_,194,2025-06-01,15.0
300200927_,195,2025-06-01,
300200928_,196,2025-06-01,
300200929_,197,2025-06-01,1.0
300200930_,198,2025-06-01,
300200931_,199,2025-06-01,
300200932_,200,2025-06-01,3.0
300200933_,201,2025-06-01,78.0
300200934_,202,2025-06-01,5.0
300200935_,203,2025-06-01,
300200936_,204,2025-06-01,36.0
300200937_,205,2025-06-01,
300200938_,206,2025-06-01,
300200939_,207,2025-06-01,27.0
300200940_,208,2025-06-01,
300200941_,209,2025-06-01,
300200942_,210,2025-06-01,
300200943_,211,2025-06-01,5.0
300200944_,212,2025-06-01,
300200945_,213,2025-06-01,44.0
300200946_,214,2025-06-01,25.0
300200947_,215,2025-06-01,9.0
300200948_,216,2025-06-01,2.0
300200949_,217,2025-06-01,
300200950_,218,2025-06-01,2.0
300200951_,219,2025-06-01,
300200952_,220,2025-06-01,
300200953_,221,2025-06-01,3.0
300200954_,222,2025-06-01,
300200955_,223,2025-06-01,
300200371_,224,2025-06-01,12.0
300200420_,225,2025-06-01,3.0
300200375_,226,2025-06-01,23.0
300200422_,227,2025-06-01,2.0
300200363_,228,2025-06-01,11.0
300200368_,229,2025-06-01,19.0
300200367_,230,2025-06-01,43.0
300200426_,231,2025-06-01,
300200424_,232,2025-06-01,1.0
300200372_,233,2025-06-01,36.0
300200373_,234,2025-06-01,15.0
300200418_,235,2025-06-01,
300200365_,236,2025-06-01,480.0
300200364_,237,2025-06-01,72.0
300200374_,238,2025-06-01,
300200370_,239,2025-06-01,1.0
300200425_,240,2025-06-01,5.0
300200419_,241,2025-06-01,
300200376_,242,2025-06-01,299.0
300200377_,243,2025-06-01,136.0
300200378_,244,2025-06-01,73.0
300200379_,245,2025-06-01,21.0
300200380_,246,2025-06-01,
300200421_,247,2025-06-01,28.0
щщщ0116254,248,2025-06-01,
300200520_,249,2025-06-01,35.0
300200521_,250,2025-06-01,
300200522_,251,2025-06-01,
300200523_,252,2025-06-01,6.0
300200524_,253,2025-06-01,
300200525_,254,2025-06-01,
300200526_,255,2025-06-01,1.0
300200527_,256,2025-06-01,1.0
300200529_,257,2025-06-01,
300200530_,258,2025-06-01,
300200531_,259,2025-06-01,20.0
300200532_,260,2025-06-01,
300200533_,261,2025-06-01,2.0
300200534_,262,2025-06-01,
300200535_,263,2025-06-01,
300200536_,264,2025-06-01,84.0
300200537_,265,2025-06-01,43.0
300200538_,266,2025-06-01,6.0
300200539_,267,2025-06-01,1.0
300200540_,268,2025-06-01,1.0
300200541_,269,2025-06-01,
300200542_,270,2025-06-01,499.0
300200624_,271,2025-06-01,
300200704_,272,2025-06-01,98.0
300200543_,273,2025-06-01,57.0
300200544_,274,2025-06-01,2.0
300200545_,275,2025-06-01,25.0
300200593_,276,2025-06-01,68.0
300200546_,277,2025-06-01,1.0
300200547_,278,2025-06-01,8.0
300200548_,279,2025-06-01,29.0
300200549_,280,2025-06-01,36.0
300200550_,281,2025-06-01,
300200551_,282,2025-06-01,
300200773_,283,2025-06-01,2.0
300200552_,284,2025-06-01,77.0
300200553_,285,2025-06-01,77.0
300200554_,286,2025-06-01,
300200555_,287,2025-06-01,4.0
300200556_,288,2025-06-01,6.0
300200557_,289,2025-06-01,6.0
300200558_,290,2025-06-01,313.0
300200559_,291,2025-06-01,121.0
300200560_,292,2025-06-01,83.0
300200561_,293,2025-06-01,32.0
300200562_,294,2025-06-01,5.0
300200563_,295,2025-06-01,50.0
300200564_,296,2025-06-01,285.0
300200565_,297,2025-06-01,15.0
300200590_,298,2025-06-01,4.0
300200566_,299,2025-06-01,
300200567_,300,2025-06-01,9.0
300200591_,301,2025-06-01,8.0
300200568_,302,2025-06-01,
300200569_,303,2025-06-01,1.0
300200570_,304,2025-06-01,1.0
300200571_,305,2025-06-01,6.0
300200572_,306,2025-06-01,
300200573_,307,2025-06-01,
300200574_,308,2025-06-01,5.0
300200575_,309,2025-06-01,1.0
300200511_,310,2025-06-01,
300200576_,311,2025-06-01,2.0
300200776_,312,2025-06-01,
300200577_,313,2025-06-01,1.0
300200579_,314,2025-06-01,35.0
300200580_,315,2025-06-01,27.0
300200581_,316,2025-06-01,64.0
300200582_,317,2025-06-01,2.0
300200583_,318,2025-06-01,
300200584_,319,2025-06-01,
300200343_,320,2025-06-01,1938.0
020100163_,321,2025-06-01,115.0
300200459_,322,2025-06-01,83.0
020100158_,323,2025-06-01,441.0
020100159_,324,2025-06-01,34.0
300200460_,325,2025-06-01,73.0
020100160_,326,2025-06-01,233.0
020100161_,327,2025-06-01,12.0
300200461_,328,2025-06-01,27.0
300200472_,329,2025-06-01,155.0
300200462_,330,2025-06-01,95.0
300200517_,331,2025-06-01,
020100162_,332,2025-06-01,17.0
300200772_,333,2025-06-01,15.0
300200468_,334,2025-06-01,130.0
300200515_,335,2025-06-01,201.0
300200518_,336,2025-06-01,52.0
300200516_,337,2025-06-01,89.0
300200471_,338,2025-06-01,10.0
300200470_,339,2025-06-01,5.0
300200463_,340,2025-06-01,1237.0
300200464_,341,2025-06-01,396.0
300200465_,342,2025-06-01,156.0
300200466_,343,2025-06-01,90.0
300200467_,344,2025-06-01,15.0
300200519_,345,2025-06-01,72.0
300200775_,346,2025-06-01,
300200781_,347,2025-06-01,1.0
300200779_,348,2025-06-01,29.0
300200782_,349,2025-06-01,9.0
300200783_,350,2025-06-01,3.0
300100015_,351,2025-06-01,
300100006_,352,2025-06-01,2.0
300100003_,353,2025-06-01,1.0
300100012_,354,2025-06-01,
030200006_,355,2025-06-01,
030200008_,356,2025-06-01,
030200005_,357,2025-06-01,
030200007_,358,2025-06-01,
030200015_,359,2025-06-01,-2.0
030200002_,360,2025-06-01,
030200003_,361,2025-06-01,
030200009_,362,2025-06-01,
030200030_,363,2025-06-01,
030200031_,364,2025-06-01,
030200036_,365,2025-06-01,
030200038_,366,2025-06-01,
030200037_,367,2025-06-01,
030200039_,368,2025-06-01,
030200028_,369,2025-06-01,
030200029_,370,2025-06-01,
030200032_,371,2025-06-01,
030200034_,372,2025-06-01,
030200239_,373,2025-06-01,
030200240_,374,2025-06-01,
030200379_,375,2025-06-01,
030200026_,376,2025-06-01,
030200025_,377,2025-06-01,
030200027_,378,2025-06-01,17.0
030200052_,379,2025-06-01,
030200053_,380,2025-06-01,
030200054_,381,2025-06-01,
030200183_,382,2025-06-01,
030200191_,383,2025-06-01,4.0
030200175_,384,2025-06-01,
030200176_,385,2025-06-01,
030200247_,386,2025-06-01,
030200246_,387,2025-06-01,
030200243_,388,2025-06-01,
030200244_,389,2025-06-01,
030200245_,390,2025-06-01,1.0
030200248_,391,2025-06-01,1.0
030200249_,392,2025-06-01,1.0
030200259_,393,2025-06-01,
030200260_,394,2025-06-01,
030200256_,395,2025-06-01,
030200257_,396,2025-06-01,
030200258_,397,2025-06-01,2.0
030200263_,398,2025-06-01,
030200262_,399,2025-06-01,
030200265_,400,2025-06-01,
030200261_,401,2025-06-01,
030200292_,402,2025-06-01,
030200250_,403,2025-06-01,1.0
030200251_,404,2025-06-01,
030200252_,405,2025-06-01,
030200253_,406,2025-06-01,
030200254_,407,2025-06-01,
300200331_,408,2025-06-01,1507.0
300200296_,409,2025-06-01,421.0
300200283_,410,2025-06-01,87.0
300200302_,411,2025-06-01,285.0
300200333_,412,2025-06-01,719.0
300200288_,413,2025-06-01,45.0
300200284_,414,2025-06-01,65.0
300200767_,415,2025-06-01,
300200293_,416,2025-06-01,386.0
300200289_,417,2025-06-01,297.0
300200290_,418,2025-06-01,4.0
300200291_,419,2025-06-01,37.0
300200297_,420,2025-06-01,764.0
300200298_,421,2025-06-01,880.0
300200299_,422,2025-06-01,
300200294_,423,2025-06-01,33.0
300200286_,424,2025-06-01,7033.0
300200332_,425,2025-06-01,1298.0
300200301_,426,2025-06-01,236.0
300200287_,427,2025-06-01,5.0
300200700_,428,2025-06-01,192.0
300200295_,429,2025-06-01,48.0
300200292_,430,2025-06-01,25.0
300200300_,431,2025-06-01,
300200312_,432,2025-06-01,8.0
300200303_,433,2025-06-01,4713.0
300200304_,434,2025-06-01,1649.0
300200305_,435,2025-06-01,712.0
300200306_,436,2025-06-01,256.0
300200307_,437,2025-06-01,116.0
300200310_,438,2025-06-01,3.0
300200311_,439,2025-06-01,147.0
300200308_,440,2025-06-01,3.0
300200309_,441,2025-06-01,6.0
300200313_,442,2025-06-01,23.0
300200498_,443,2025-06-01,277.0
ATN000108,444,2025-06-01,
300200314_,445,2025-06-01,4.0
ATN000109,446,2025-06-01,14.0
300200315_,447,2025-06-01,5.0
300200771_,448,2025-06-01,12.0
300200316_,449,2025-06-01,2.0
300200959_,450,2025-06-01,39.0
300200317_,451,2025-06-01,23.0
300200496_,452,2025-06-01,
300200346_,453,2025-06-01,
300200318_,454,2025-06-01,69.0
300200347_,455,2025-06-01,
300200319_,456,2025-06-01,327.0
300200320_,457,2025-06-01,81.0
300200321_,458,2025-06-01,85.0
300200322_,459,2025-06-01,190.0
300200323_,460,2025-06-01,483.0
300200324_,461,2025-06-01,759.0
300200325_,462,2025-06-01,43.0
300200326_,463,2025-06-01,248.0
300200327_,464,2025-06-01,30.0
300200328_,465,2025-06-01,319.0
300200330_,466,2025-06-01,
300200348_,467,2025-06-01,
300200350_,468,2025-06-01,
300200352_,469,2025-06-01,
300200430_,470,2025-06-01,100.0
300200588_,471,2025-06-01,131.0
300200443_,472,2025-06-01,11.0
300200432_,473,2025-06-01,11.0
300200444_,474,2025-06-01,
300200449_,475,2025-06-01,-1.0
300200447_,476,2025-06-01,
300200433_,477,2025-06-01,-1.0
300200439_,478,2025-06-01,3.0
300200451_,479,2025-06-01,
300200448_,480,2025-06-01,
300200774_,481,2025-06-01,
300200436_,482,2025-06-01,68.0
300200431_,483,2025-06-01,10.0
300200452_,484,2025-06-01,
300200434_,485,2025-06-01,48.0
300200429_,486,2025-06-01,39.0
300200632_,487,2025-06-01,133.0
300200441_,488,2025-06-01,-3.0
300200450_,489,2025-06-01,
300200435_,490,2025-06-01,249.0
300200437_,491,2025-06-01,90.0
300200438_,492,2025-06-01,39.0
300200440_,493,2025-06-01,61.0
300200445_,494,2025-06-01,
300200446_,495,2025-06-01,20.0
ATN000399,496,2025-06-01,
300200592_,497,2025-06-01,71.0
300200366_,498,2025-06-01,68.0
LNVA105011,499,2025-06-01,10.0
300200595_,500,2025-06-01,7.0
030200097_,501,2025-06-01,
300200718_,502,2025-06-01,548.0
300200719_,503,2025-06-01,
300200720_,504,2025-06-01,14.0
300200721_,505,2025-06-01,11.0
300200722_,506,2025-06-01,36.0
300200777_,507,2025-06-01,60.0
300200723_,508,2025-06-01,3.0
300200724_,509,2025-06-01,8.0
300200725_,510,2025-06-01,27.0
300200726_,511,2025-06-01,24.0
300200727_,512,2025-06-01,9.0
300200728_,513,2025-06-01,5.0
300200729_,514,2025-06-01,12.0
300200730_,515,2025-06-01,24.0
300200731_,516,2025-06-01,2.0
300200732_,517,2025-06-01,4.0
300200778_,518,2025-06-01,10.0
300200733_,519,2025-06-01,10.0
300200734_,520,2025-06-01,
300200735_,521,2025-06-01,251.0
300200736_,522,2025-06-01,110.0
300200737_,523,2025-06-01,50.0
300200738_,524,2025-06-01,24.0
300200742_,525,2025-06-01,60.0
300200739_,526,2025-06-01,2.0
300200743_,527,2025-06-01,30.0
300200740_,528,2025-06-01,36.0
300200741_,529,2025-06-01,110.0
300200744_,530,2025-06-01,158.0
300200745_,531,2025-06-01,52.0
300200746_,532,2025-06-01,39.0
300200747_,533,2025-06-01,1.0
300200748_,534,2025-06-01,6.0
300200749_,535,2025-06-01,49.0
300200750_,536,2025-06-01,14.0
300200751_,537,2025-06-01,45.0
300200752_,538,2025-06-01,107.0
300200753_,539,2025-06-01,13.0
300200754_,540,2025-06-01,11.0
300200755_,541,2025-06-01,9.0
300200497_,542,2025-06-01,
030200226_,543,2025-06-01,44.0
030200223_,544,2025-06-01,659.0
030200227_,545,2025-06-01,155.0
030200225_,546,2025-06-01,1535.0
030200224_,547,2025-06-01,2529.0
030200221_,548,2025-06-01,2086.0
030200222_,549,2025-06-01,868.0
300200473_,550,2025-06-01,
ATN000446,551,2025-06-01,24.0
ATN000389,552,2025-06-01,
130300026_,553,2025-06-01,125.0
130300027_,554,2025-06-01,185.0
130300028_,555,2025-06-01,94.0
030200203_,556,2025-06-01,917.0
030200128_,3,2025-07-01,2.0
030200382_,4,2025-07-01,
030200127_,5,2025-07-01,
030200141_,6,2025-07-01,
030200096_,7,2025-07-01,120.0
030200072_,8,2025-07-01,10.0
030200093_,9,2025-07-01,
030200135_,10,2025-07-01,1.0
030200136_,11,2025-07-01,
030200134_,12,2025-07-01,
030200094_,13,2025-07-01,
030200090_,14,2025-07-01,
030200095_,15,2025-07-01,
030200142_,16,2025-07-01,
280300174_,17,2025-07-01,581.0
030300013_,18,2025-07-01,3.0
030200220_,19,2025-07-01,1252.0
030200219_,20,2025-07-01,10609.0
030300078_,21,2025-07-01,60.0
030300014_,22,2025-07-01,601.0
030200193_,23,2025-07-01,23583.0
030201459_,24,2025-07-01,
030200192_,25,2025-07-01,60436.0
030200201_,26,2025-07-01,21655.0
300200428_,27,2025-07-01,379.0
ATN544015,28,2025-07-01,
ATN540115,29,2025-07-01,
ATN000532,30,2025-07-01,
ATN001232,31,2025-07-01,
300201148_,32,2025-07-01,38.0
300201149_,33,2025-07-01,28.0
300201150_,34,2025-07-01,2.0
300201151_,35,2025-07-01,12.0
300201152_,36,2025-07-01,67.0
300201153_,37,2025-07-01,38.0
300201154_,38,2025-07-01,6.0
300201155_,39,2025-07-01,31.0
300200968_,40,2025-07-01,100.0
300200967_,41,2025-07-01,71.0
300200413_,42,2025-07-01,1.0
010400436_,43,2025-07-01,84.0
010400432_,44,2025-07-01,5.0
010400440_,45,2025-07-01,42.0
010400444_,46,2025-07-01,114.0
010400447_,47,2025-07-01,90.0
010400433_,48,2025-07-01,18.0
010400437_,49,2025-07-01,60.0
010400441_,50,2025-07-01,17.0
010400445_,51,2025-07-01,49.0
010400448_,52,2025-07-01,40.0
300200784_,53,2025-07-01,69.0
300200785_,54,2025-07-01,16.0
300200786_,55,2025-07-01,
300200787_,56,2025-07-01,1.0
300200788_,57,2025-07-01,
300200789_,58,2025-07-01,
300200790_,59,2025-07-01,8.0
300200791_,60,2025-07-01,
300200792_,61,2025-07-01,
300200793_,62,2025-07-01,1.0
300200794_,63,2025-07-01,
300200795_,64,2025-07-01,35.0
300200796_,65,2025-07-01,18.0
300200797_,66,2025-07-01,8.0
300200798_,67,2025-07-01,2.0
300200799_,68,2025-07-01,
300200800_,69,2025-07-01,9.0
300200801_,70,2025-07-01,
300200802_,71,2025-07-01,
300200803_,72,2025-07-01,4.0
300200804_,73,2025-07-01,
300200805_,74,2025-07-01,
300200806_,75,2025-07-01,
300200807_,76,2025-07-01,
300200808_,77,2025-07-01,
300200809_,78,2025-07-01,
300200810_,79,2025-07-01,91.0
300200811_,80,2025-07-01,28.0
300200812_,81,2025-07-01,-9.0
300200813_,82,2025-07-01,-6.0
300200814_,83,2025-07-01,32.0
300200815_,84,2025-07-01,-9.0
300200816_,85,2025-07-01,
300200817_,86,2025-07-01,2.0
300200818_,87,2025-07-01,-4.0
300200819_,88,2025-07-01,
300200820_,89,2025-07-01,-12.0
300200821_,90,2025-07-01,41.0
300200822_,91,2025-07-01,9.0
300200823_,92,2025-07-01,-3.0
300200824_,93,2025-07-01,-33.0
300200825_,94,2025-07-01,-3.0
300200826_,95,2025-07-01,10.0
300200827_,96,2025-07-01,
300200828_,97,2025-07-01,
300200829_,98,2025-07-01,-10.0
300200830_,99,2025-07-01,
300200831_,100,2025-07-01,
300200832_,101,2025-07-01,-11.0
300200833_,102,2025-07-01,-2.0
300200834_,103,2025-07-01,-7.0
300200835_,104,2025-07-01,-5.0
300200836_,105,2025-07-01,-10.0
300200837_,106,2025-07-01,
300200838_,107,2025-07-01,3.0
300200839_,108,2025-07-01,-1.0
300200840_,109,2025-07-01,-9.0
300200841_,110,2025-07-01,
300200842_,111,2025-07-01,-23.0
300200843_,112,2025-07-01,4.0
300200844_,113,2025-07-01,
300200845_,114,2025-07-01,-23.0
300200846_,115,2025-07-01,-234.0
300200847_,116,2025-07-01,5.0
300200848_,117,2025-07-01,4.0
300200849_,118,2025-07-01,-6.0
300200850_,119,2025-07-01,-3.0
300200851_,120,2025-07-01,6.0
300200852_,121,2025-07-01,3.0
300200853_,122,2025-07-01,1.0
300200854_,123,2025-07-01,-10.0
300200855_,124,2025-07-01,
300200856_,125,2025-07-01,185.0
300200857_,126,2025-07-01,33.0
300200858_,127,2025-07-01,4.0
300200859_,128,2025-07-01,43.0
300200860_,129,2025-07-01,10.0
300200861_,130,2025-07-01,12.0
300200862_,131,2025-07-01,16.0
300200863_,132,2025-07-01,
300200864_,133,2025-07-01,
300200865_,134,2025-07-01,19.0
300200866_,135,2025-07-01,
300200867_,136,2025-07-01,
300200868_,137,2025-07-01,66.0
300200869_,138,2025-07-01,71.0
300200870_,139,2025-07-01,18.0
300200871_,140,2025-07-01,14.0
300200872_,141,2025-07-01,1.0
300200873_,142,2025-07-01,9.0
300200874_,143,2025-07-01,
300200875_,144,2025-07-01,
300200876_,145,2025-07-01,
300200877_,146,2025-07-01,
300200878_,147,2025-07-01,
300200879_,148,2025-07-01,2.0
300200880_,149,2025-07-01,
300200881_,150,2025-07-01,1.0
300200882_,151,2025-07-01,
300200883_,152,2025-07-01,
300200884_,153,2025-07-01,
300200885_,154,2025-07-01,
300200886_,155,2025-07-01,
300200887_,156,2025-07-01,2.0
300200888_,157,2025-07-01,
300200889_,158,2025-07-01,
300200890_,159,2025-07-01,
300200892_,160,2025-07-01,
300200893_,161,2025-07-01,
300200894_,162,2025-07-01,
300200895_,163,2025-07-01,
300200896_,164,2025-07-01,
300200897_,165,2025-07-01,
300200898_,166,2025-07-01,1.0
300200899_,167,2025-07-01,
300200900_,168,2025-07-01,
300200901_,169,2025-07-01,
300200902_,170,2025-07-01,
300200903_,171,2025-07-01,1.0
300200904_,172,2025-07-01,
300200905_,173,2025-07-01,
300200906_,174,2025-07-01,
300200907_,175,2025-07-01,
300200908_,176,2025-07-01,
300200909_,177,2025-07-01,
300200910_,178,2025-07-01,270.0
300200911_,179,2025-07-01,
300200912_,180,2025-07-01,
300200913_,181,2025-07-01,
300200914_,182,2025-07-01,
300200915_,183,2025-07-01,
300200916_,184,2025-07-01,
300200917_,185,2025-07-01,
300200918_,186,2025-07-01,2.0
300200919_,187,2025-07-01,
300200920_,188,2025-07-01,5.0
300200921_,189,2025-07-01,35.0
300200922_,190,2025-07-01,1.0
300200923_,191,2025-07-01,55.0
300200924_,192,2025-07-01,
300200925_,193,2025-07-01,
300200926_,194,2025-07-01,5.0
300200927_,195,2025-07-01,
300200928_,196,2025-07-01,
300200929_,197,2025-07-01,
300200930_,198,2025-07-01,
300200931_,199,2025-07-01,
300200932_,200,2025-07-01,
300200933_,201,2025-07-01,111.0
300200934_,202,2025-07-01,36.0
300200935_,203,2025-07-01,
300200936_,204,2025-07-01,22.0
300200937_,205,2025-07-01,
300200938_,206,2025-07-01,5.0
300200939_,207,2025-07-01,9.0
300200940_,208,2025-07-01,
300200941_,209,2025-07-01,1.0
300200942_,210,2025-07-01,65.0
300200943_,211,2025-07-01,7.0
300200944_,212,2025-07-01,1.0
300200945_,213,2025-07-01,61.0
300200946_,214,2025-07-01,40.0
300200947_,215,2025-07-01,29.0
300200948_,216,2025-07-01,9.0
300200949_,217,2025-07-01,2.0
300200950_,218,2025-07-01,16.0
300200951_,219,2025-07-01,
300200952_,220,2025-07-01,
300200953_,221,2025-07-01,
300200954_,222,2025-07-01,2.0
300200955_,223,2025-07-01,2.0
300200371_,224,2025-07-01,30.0
300200420_,225,2025-07-01,
300200375_,226,2025-07-01,11.0
300200422_,227,2025-07-01,
300200363_,228,2025-07-01,
300200368_,229,2025-07-01,5.0
300200367_,230,2025-07-01,12.0
300200426_,231,2025-07-01,1.0
300200424_,232,2025-07-01,
300200372_,233,2025-07-01,61.0
300200373_,234,2025-07-01,2.0
300200418_,235,2025-07-01,4.0
300200365_,236,2025-07-01,329.0
300200364_,237,2025-07-01,76.0
300200374_,238,2025-07-01,30.0
300200370_,239,2025-07-01,
300200425_,240,2025-07-01,
300200419_,241,2025-07-01,
300200376_,242,2025-07-01,250.0
300200377_,243,2025-07-01,59.0
300200378_,244,2025-07-01,32.0
300200379_,245,2025-07-01,3.0
300200380_,246,2025-07-01,3.0
300200421_,247,2025-07-01,4.0
щщщ0116254,248,2025-07-01,
300200520_,249,2025-07-01,120.0
300200521_,250,2025-07-01,52.0
300200522_,251,2025-07-01,
300200523_,252,2025-07-01,20.0
300200524_,253,2025-07-01,
300200525_,254,2025-07-01,2.0
300200526_,255,2025-07-01,7.0
300200527_,256,2025-07-01,
300200529_,257,2025-07-01,
300200530_,258,2025-07-01,11.0
300200531_,259,2025-07-01,
300200532_,260,2025-07-01,
300200533_,261,2025-07-01,
300200534_,262,2025-07-01,
300200535_,263,2025-07-01,1.0
300200536_,264,2025-07-01,142.0
300200537_,265,2025-07-01,26.0
300200538_,266,2025-07-01,21.0
300200539_,267,2025-07-01,6.0
300200540_,268,2025-07-01,
300200541_,269,2025-07-01,4.0
300200542_,270,2025-07-01,932.0
300200624_,271,2025-07-01,35.0
300200704_,272,2025-07-01,161.0
300200543_,273,2025-07-01,109.0
300200544_,274,2025-07-01,4.0
300200545_,275,2025-07-01,60.0
300200593_,276,2025-07-01,134.0
300200546_,277,2025-07-01,
300200547_,278,2025-07-01,10.0
300200548_,279,2025-07-01,36.0
300200549_,280,2025-07-01,65.0
300200550_,281,2025-07-01,
300200551_,282,2025-07-01,6.0
300200773_,283,2025-07-01,16.0
300200552_,284,2025-07-01,67.0
300200553_,285,2025-07-01,67.0
300200554_,286,2025-07-01,12.0
300200555_,287,2025-07-01,31.0
300200556_,288,2025-07-01,4.0
300200557_,289,2025-07-01,
300200558_,290,2025-07-01,1061.0
300200559_,291,2025-07-01,217.0
300200560_,292,2025-07-01,90.0
300200561_,293,2025-07-01,33.0
300200562_,294,2025-07-01,7.0
300200563_,295,2025-07-01,32.0
300200564_,296,2025-07-01,162.0
300200565_,297,2025-07-01,1.0
300200590_,298,2025-07-01,18.0
300200566_,299,2025-07-01,
300200567_,300,2025-07-01,
300200591_,301,2025-07-01,18.0
300200568_,302,2025-07-01,
300200569_,303,2025-07-01,
300200570_,304,2025-07-01,8.0
300200571_,305,2025-07-01,24.0
300200572_,306,2025-07-01,
300200573_,307,2025-07-01,1.0
300200574_,308,2025-07-01,11.0
300200575_,309,2025-07-01,
300200511_,310,2025-07-01,
300200576_,311,2025-07-01,
300200776_,312,2025-07-01,
300200577_,313,2025-07-01,2.0
300200579_,314,2025-07-01,77.0
300200580_,315,2025-07-01,40.0
300200581_,316,2025-07-01,11.0
300200582_,317,2025-07-01,5.0
300200583_,318,2025-07-01,
300200584_,319,2025-07-01,5.0
300200343_,320,2025-07-01,1769.0
020100163_,321,2025-07-01,116.0
300200459_,322,2025-07-01,211.0
020100158_,323,2025-07-01,292.0
020100159_,324,2025-07-01,29.0
300200460_,325,2025-07-01,69.0
020100160_,326,2025-07-01,144.0
020100161_,327,2025-07-01,34.0
300200461_,328,2025-07-01,33.0
300200472_,329,2025-07-01,79.0
300200462_,330,2025-07-01,72.0
300200517_,331,2025-07-01,6.0
020100162_,332,2025-07-01,10.0
300200772_,333,2025-07-01,8.0
300200468_,334,2025-07-01,118.0
300200515_,335,2025-07-01,138.0
300200518_,336,2025-07-01,4.0
300200516_,337,2025-07-01,117.0
300200471_,338,2025-07-01,13.0
300200470_,339,2025-07-01,
300200463_,340,2025-07-01,1052.0
300200464_,341,2025-07-01,481.0
300200465_,342,2025-07-01,257.0
300200466_,343,2025-07-01,60.0
300200467_,344,2025-07-01,11.0
300200519_,345,2025-07-01,75.0
300200775_,346,2025-07-01,
300200781_,347,2025-07-01,
300200779_,348,2025-07-01,7.0
300200782_,349,2025-07-01,
300200783_,350,2025-07-01,
300100015_,351,2025-07-01,20.0
300100006_,352,2025-07-01,
300100003_,353,2025-07-01,
300100012_,354,2025-07-01,
030200006_,355,2025-07-01,8.0
030200008_,356,2025-07-01,2.0
030200005_,357,2025-07-01,
030200007_,358,2025-07-01,
030200015_,359,2025-07-01,6.0
030200002_,360,2025-07-01,
030200003_,361,2025-07-01,15.0
030200009_,362,2025-07-01,1.0
030200030_,363,2025-07-01,
030200031_,364,2025-07-01,
030200036_,365,2025-07-01,
030200038_,366,2025-07-01,
030200037_,367,2025-07-01,
030200039_,368,2025-07-01,
030200028_,369,2025-07-01,
030200029_,370,2025-07-01,
030200032_,371,2025-07-01,
030200034_,372,2025-07-01,
030200239_,373,2025-07-01,
030200240_,374,2025-07-01,
030200379_,375,2025-07-01,
030200026_,376,2025-07-01,
030200025_,377,2025-07-01,
030200027_,378,2025-07-01,5.0
030200052_,379,2025-07-01,
030200053_,380,2025-07-01,
030200054_,381,2025-07-01,
030200183_,382,2025-07-01,
030200191_,383,2025-07-01,
030200175_,384,2025-07-01,
030200176_,385,2025-07-01,
030200247_,386,2025-07-01,2.0
030200246_,387,2025-07-01,
030200243_,388,2025-07-01,
030200244_,389,2025-07-01,
030200245_,390,2025-07-01,
030200248_,391,2025-07-01,
030200249_,392,2025-07-01,
030200259_,393,2025-07-01,
030200260_,394,2025-07-01,
030200256_,395,2025-07-01,30.0
030200257_,396,2025-07-01,1.0
030200258_,397,2025-07-01,
030200263_,398,2025-07-01,
030200262_,399,2025-07-01,
030200265_,400,2025-07-01,
030200261_,401,2025-07-01,
030200292_,402,2025-07-01,
030200250_,403,2025-07-01,
030200251_,404,2025-07-01,7.0
030200252_,405,2025-07-01,
030200253_,406,2025-07-01,
030200254_,407,2025-07-01,
300200331_,408,2025-07-01,1038.0
300200296_,409,2025-07-01,513.0
300200283_,410,2025-07-01,21.0
300200302_,411,2025-07-01,336.0
300200333_,412,2025-07-01,550.0
300200288_,413,2025-07-01,7.0
300200284_,414,2025-07-01,68.0
300200767_,415,2025-07-01,-1.0
300200293_,416,2025-07-01,226.0
300200289_,417,2025-07-01,335.0
300200290_,418,2025-07-01,
300200291_,419,2025-07-01,46.0
300200297_,420,2025-07-01,848.0
300200298_,421,2025-07-01,1079.0
300200299_,422,2025-07-01,1.0
300200294_,423,2025-07-01,64.0
300200286_,424,2025-07-01,5770.0
300200332_,425,2025-07-01,1157.0
300200301_,426,2025-07-01,897.0
300200287_,427,2025-07-01,9.0
300200700_,428,2025-07-01,221.0
300200295_,429,2025-07-01,20.0
300200292_,430,2025-07-01,5.0
300200300_,431,2025-07-01,
300200312_,432,2025-07-01,
300200303_,433,2025-07-01,3254.0
300200304_,434,2025-07-01,1615.0
300200305_,435,2025-07-01,608.0
300200306_,436,2025-07-01,270.0
300200307_,437,2025-07-01,53.0
300200310_,438,2025-07-01,13.0
300200311_,439,2025-07-01,157.0
300200308_,440,2025-07-01,14.0
300200309_,441,2025-07-01,8.0
300200313_,442,2025-07-01,54.0
300200498_,443,2025-07-01,165.0
ATN000108,444,2025-07-01,
300200314_,445,2025-07-01,47.0
ATN000109,446,2025-07-01,4.0
300200315_,447,2025-07-01,20.0
300200771_,448,2025-07-01,31.0
300200316_,449,2025-07-01,8.0
300200959_,450,2025-07-01,20.0
300200317_,451,2025-07-01,342.0
300200496_,452,2025-07-01,80.0
300200346_,453,2025-07-01,
300200318_,454,2025-07-01,82.0
300200347_,455,2025-07-01,
300200319_,456,2025-07-01,608.0
300200320_,457,2025-07-01,139.0
300200321_,458,2025-07-01,18.0
300200322_,459,2025-07-01,39.0
300200323_,460,2025-07-01,418.0
300200324_,461,2025-07-01,967.0
300200325_,462,2025-07-01,22.0
300200326_,463,2025-07-01,307.0
300200327_,464,2025-07-01,22.0
300200328_,465,2025-07-01,209.0
300200330_,466,2025-07-01,24.0
300200348_,467,2025-07-01,1.0
300200350_,468,2025-07-01,3.0
300200352_,469,2025-07-01,1.0
300200430_,470,2025-07-01,12.0
300200588_,471,2025-07-01,77.0
300200443_,472,2025-07-01,
300200432_,473,2025-07-01,7.0
300200444_,474,2025-07-01,
300200449_,475,2025-07-01,17.0
300200447_,476,2025-07-01,
300200433_,477,2025-07-01,3.0
300200439_,478,2025-07-01,20.0
300200451_,479,2025-07-01,
300200448_,480,2025-07-01,5.0
300200774_,481,2025-07-01,1.0
300200436_,482,2025-07-01,72.0
300200431_,483,2025-07-01,4.0
300200452_,484,2025-07-01,5.0
300200434_,485,2025-07-01,
300200429_,486,2025-07-01,1.0
300200632_,487,2025-07-01,-25.0
300200441_,488,2025-07-01,
300200450_,489,2025-07-01,
300200435_,490,2025-07-01,214.0
300200437_,491,2025-07-01,72.0
300200438_,492,2025-07-01,32.0
300200440_,493,2025-07-01,15.0
300200445_,494,2025-07-01,3.0
300200446_,495,2025-07-01,21.0
ATN000399,496,2025-07-01,
300200592_,497,2025-07-01,190.0
300200366_,498,2025-07-01,19.0
LNVA105011,499,2025-07-01,1.0
300200595_,500,2025-07-01,12.0
030200097_,501,2025-07-01,
300200718_,502,2025-07-01,242.0
300200719_,503,2025-07-01,
300200720_,504,2025-07-01,36.0
300200721_,505,2025-07-01,
300200722_,506,2025-07-01,12.0
300200777_,507,2025-07-01,79.0
300200723_,508,2025-07-01,
300200724_,509,2025-07-01,3.0
300200725_,510,2025-07-01,10.0
300200726_,511,2025-07-01,15.0
300200727_,512,2025-07-01,
300200728_,513,2025-07-01,
300200729_,514,2025-07-01,10.0
300200730_,515,2025-07-01,24.0
300200731_,516,2025-07-01,
300200732_,517,2025-07-01,1.0
300200778_,518,2025-07-01,40.0
300200733_,519,2025-07-01,3.0
300200734_,520,2025-07-01,
300200735_,521,2025-07-01,247.0
300200736_,522,2025-07-01,83.0
300200737_,523,2025-07-01,27.0
300200738_,524,2025-07-01,21.0
300200742_,525,2025-07-01,56.0
300200739_,526,2025-07-01,6.0
300200743_,527,2025-07-01,25.0
300200740_,528,2025-07-01,30.0
300200741_,529,2025-07-01,39.0
300200744_,530,2025-07-01,98.0
300200745_,531,2025-07-01,101.0
300200746_,532,2025-07-01,67.0
300200747_,533,2025-07-01,1.0
300200748_,534,2025-07-01,1.0
300200749_,535,2025-07-01,128.0
300200750_,536,2025-07-01,26.0
300200751_,537,2025-07-01,98.0
300200752_,538,2025-07-01,63.0
300200753_,539,2025-07-01,22.0
300200754_,540,2025-07-01,7.0
300200755_,541,2025-07-01,10.0
300200497_,542,2025-07-01,
030200226_,543,2025-07-01,19.0
030200223_,544,2025-07-01,1375.0
030200227_,545,2025-07-01,366.0
030200225_,546,2025-07-01,818.0
030200224_,547,2025-07-01,3060.0
030200221_,548,2025-07-01,851.0
030200222_,549,2025-07-01,711.0
300200473_,550,2025-07-01,
ATN000446,551,2025-07-01,4.0
ATN000389,552,2025-07-01,
130300026_,553,2025-07-01,239.0
130300027_,554,2025-07-01,494.0
130300028_,555,2025-07-01,183.0
030200203_,556,2025-07-01,880.0
030200128_,3,2025-08-01,
030200382_,4,2025-08-01,3.0
030200127_,5,2025-08-01,
030200141_,6,2025-08-01,
030200096_,7,2025-08-01,
030200072_,8,2025-08-01,19.0
030200093_,9,2025-08-01,
030200135_,10,2025-08-01,
030200136_,11,2025-08-01,2.0
030200134_,12,2025-08-01,2.0
030200094_,13,2025-08-01,
030200090_,14,2025-08-01,
030200095_,15,2025-08-01,2.0
030200142_,16,2025-08-01,
280300174_,17,2025-08-01,621.0
030300013_,18,2025-08-01,195.0
030200220_,19,2025-08-01,1464.0
030200219_,20,2025-08-01,7696.0
030300078_,21,2025-08-01,95.0
030300014_,22,2025-08-01,361.0
030200193_,23,2025-08-01,22259.0
030201459_,24,2025-08-01,
030200192_,25,2025-08-01,50757.0
030200201_,26,2025-08-01,18797.0
300200428_,27,2025-08-01,170.0
ATN544015,28,2025-08-01,
ATN540115,29,2025-08-01,
ATN000532,30,2025-08-01,
ATN001232,31,2025-08-01,
300201148_,32,2025-08-01,22.0
300201149_,33,2025-08-01,16.0
300201150_,34,2025-08-01,4.0
300201151_,35,2025-08-01,15.0
300201152_,36,2025-08-01,9.0
300201153_,37,2025-08-01,31.0
300201154_,38,2025-08-01,9.0
300201155_,39,2025-08-01,22.0
300200968_,40,2025-08-01,34.0
300200967_,41,2025-08-01,112.0
300200413_,42,2025-08-01,17.0
010400436_,43,2025-08-01,33.0
010400432_,44,2025-08-01,18.0
010400440_,45,2025-08-01,38.0
010400444_,46,2025-08-01,105.0
010400447_,47,2025-08-01,81.0
010400433_,48,2025-08-01,68.0
010400437_,49,2025-08-01,48.0
010400441_,50,2025-08-01,34.0
010400445_,51,2025-08-01,34.0
010400448_,52,2025-08-01,12.0
300200784_,53,2025-08-01,54.0
300200785_,54,2025-08-01,23.0
300200786_,55,2025-08-01,
300200787_,56,2025-08-01,3.0
300200788_,57,2025-08-01,
300200789_,58,2025-08-01,2.0
300200790_,59,2025-08-01,4.0
300200791_,60,2025-08-01,
300200792_,61,2025-08-01,
300200793_,62,2025-08-01,
300200794_,63,2025-08-01,2.0
300200795_,64,2025-08-01,30.0
300200796_,65,2025-08-01,38.0
300200797_,66,2025-08-01,3.0
300200798_,67,2025-08-01,5.0
300200799_,68,2025-08-01,
300200800_,69,2025-08-01,
300200801_,70,2025-08-01,
300200802_,71,2025-08-01,
300200803_,72,2025-08-01,
300200804_,73,2025-08-01,
300200805_,74,2025-08-01,
300200806_,75,2025-08-01,1.0
300200807_,76,2025-08-01,
300200808_,77,2025-08-01,
300200809_,78,2025-08-01,
300200810_,79,2025-08-01,213.0
300200811_,80,2025-08-01,-25.0
300200812_,81,2025-08-01,9.0
300200813_,82,2025-08-01,-14.0
300200814_,83,2025-08-01,33.0
300200815_,84,2025-08-01,-1.0
300200816_,85,2025-08-01,-2.0
300200817_,86,2025-08-01,3.0
300200818_,87,2025-08-01,2.0
300200819_,88,2025-08-01,-1.0
300200820_,89,2025-08-01,
300200821_,90,2025-08-01,48.0
300200822_,91,2025-08-01,71.0
300200823_,92,2025-08-01,24.0
300200824_,93,2025-08-01,9.0
300200825_,94,2025-08-01,-8.0
300200826_,95,2025-08-01,5.0
300200827_,96,2025-08-01,-9.0
300200828_,97,2025-08-01,-4.0
300200829_,98,2025-08-01,-10.0
300200830_,99,2025-08-01,2.0
300200831_,100,2025-08-01,
300200832_,101,2025-08-01,-3.0
300200833_,102,2025-08-01,-8.0
300200834_,103,2025-08-01,4.0
300200835_,104,2025-08-01,7.0
300200836_,105,2025-08-01,-4.0
300200837_,106,2025-08-01,
300200838_,107,2025-08-01,7.0
300200839_,108,2025-08-01,2.0
300200840_,109,2025-08-01,-5.0
300200841_,110,2025-08-01,-2.0
300200842_,111,2025-08-01,120.0
300200843_,112,2025-08-01,-21.0
300200844_,113,2025-08-01,-3.0
300200845_,114,2025-08-01,-2.0
300200846_,115,2025-08-01,18.0
300200847_,116,2025-08-01,26.0
300200848_,117,2025-08-01,23.0
300200849_,118,2025-08-01,
300200850_,119,2025-08-01,-9.0
300200851_,120,2025-08-01,4.0
300200852_,121,2025-08-01,-10.0
300200853_,122,2025-08-01,-3.0
300200854_,123,2025-08-01,-5.0
300200855_,124,2025-08-01,
300200856_,125,2025-08-01,100.0
300200857_,126,2025-08-01,15.0
300200858_,127,2025-08-01,6.0
300200859_,128,2025-08-01,-11.0
300200860_,129,2025-08-01,-5.0
300200861_,130,2025-08-01,7.0
300200862_,131,2025-08-01,-7.0
300200863_,132,2025-08-01,-5.0
300200864_,133,2025-08-01,-3.0
300200865_,134,2025-08-01,-56.0
300200866_,135,2025-08-01,-8.0
300200867_,136,2025-08-01,
300200868_,137,2025-08-01,39.0
300200869_,138,2025-08-01,29.0
300200870_,139,2025-08-01,11.0
300200871_,140,2025-08-01,-3.0
300200872_,141,2025-08-01,-5.0
300200873_,142,2025-08-01,9.0
300200874_,143,2025-08-01,
300200875_,144,2025-08-01,10.0
300200876_,145,2025-08-01,
300200877_,146,2025-08-01,
300200878_,147,2025-08-01,1.0
300200879_,148,2025-08-01,3.0
300200880_,149,2025-08-01,
300200881_,150,2025-08-01,3.0
300200882_,151,2025-08-01,
300200883_,152,2025-08-01,
300200884_,153,2025-08-01,
300200885_,154,2025-08-01,
300200886_,155,2025-08-01,
300200887_,156,2025-08-01,122.0
300200888_,157,2025-08-01,1.0
300200889_,158,2025-08-01,
300200890_,159,2025-08-01,
300200892_,160,2025-08-01,7.0
300200893_,161,2025-08-01,2.0
300200894_,162,2025-08-01,
300200895_,163,2025-08-01,
300200896_,164,2025-08-01,
300200897_,165,2025-08-01,
300200898_,166,2025-08-01,19.0
300200899_,167,2025-08-01,45.0
300200900_,168,2025-08-01,
300200901_,169,2025-08-01,5.0
300200902_,170,2025-08-01,
300200903_,171,2025-08-01,
300200904_,172,2025-08-01,
300200905_,173,2025-08-01,
300200906_,174,2025-08-01,
300200907_,175,2025-08-01,
300200908_,176,2025-08-01,
300200909_,177,2025-08-01,1.0
300200910_,178,2025-08-01,287.0
300200911_,179,2025-08-01,75.0
300200912_,180,2025-08-01,90.0
300200913_,181,2025-08-01,
300200914_,182,2025-08-01,41.0
300200915_,183,2025-08-01,
300200916_,184,2025-08-01,30.0
300200917_,185,2025-08-01,33.0
300200918_,186,2025-08-01,6.0
300200919_,187,2025-08-01,
300200920_,188,2025-08-01,3.0
300200921_,189,2025-08-01,277.0
300200922_,190,2025-08-01,73.0
300200923_,191,2025-08-01,27.0
300200924_,192,2025-08-01,22.0
300200925_,193,2025-08-01,
300200926_,194,2025-08-01,11.0
300200927_,195,2025-08-01,
300200928_,196,2025-08-01,
300200929_,197,2025-08-01,
300200930_,198,2025-08-01,
300200931_,199,2025-08-01,
300200932_,200,2025-08-01,
300200933_,201,2025-08-01,156.0
300200934_,202,2025-08-01,38.0
300200935_,203,2025-08-01,
300200936_,204,2025-08-01,16.0
300200937_,205,2025-08-01,
300200938_,206,2025-08-01,12.0
300200939_,207,2025-08-01,14.0
300200940_,208,2025-08-01,3.0
300200941_,209,2025-08-01,
300200942_,210,2025-08-01,
300200943_,211,2025-08-01,2.0
300200944_,212,2025-08-01,
300200945_,213,2025-08-01,60.0
300200946_,214,2025-08-01,40.0
300200947_,215,2025-08-01,25.0
300200948_,216,2025-08-01,7.0
300200949_,217,2025-08-01,
300200950_,218,2025-08-01,4.0
300200951_,219,2025-08-01,
300200952_,220,2025-08-01,
300200953_,221,2025-08-01,
300200954_,222,2025-08-01,
300200955_,223,2025-08-01,
300200371_,224,2025-08-01,67.0
300200420_,225,2025-08-01,1.0
300200375_,226,2025-08-01,26.0
300200422_,227,2025-08-01,4.0
300200363_,228,2025-08-01,
300200368_,229,2025-08-01,20.0
300200367_,230,2025-08-01,21.0
300200426_,231,2025-08-01,
300200424_,232,2025-08-01,
300200372_,233,2025-08-01,25.0
300200373_,234,2025-08-01,3.0
300200418_,235,2025-08-01,
300200365_,236,2025-08-01,72.0
300200364_,237,2025-08-01,67.0
300200374_,238,2025-08-01,59.0
300200370_,239,2025-08-01,3.0
300200425_,240,2025-08-01,1.0
300200419_,241,2025-08-01,
300200376_,242,2025-08-01,52.0
300200377_,243,2025-08-01,58.0
300200378_,244,2025-08-01,18.0
300200379_,245,2025-08-01,15.0
300200380_,246,2025-08-01,2.0
300200421_,247,2025-08-01,1.0
щщщ0116254,248,2025-08-01,
300200520_,249,2025-08-01,53.0
300200521_,250,2025-08-01,2.0
300200522_,251,2025-08-01,
300200523_,252,2025-08-01,3.0
300200524_,253,2025-08-01,
300200525_,254,2025-08-01,-1.0
300200526_,255,2025-08-01,5.0
300200527_,256,2025-08-01,
300200529_,257,2025-08-01,
300200530_,258,2025-08-01,
300200531_,259,2025-08-01,1.0
300200532_,260,2025-08-01,2.0
300200533_,261,2025-08-01,
300200534_,262,2025-08-01,1.0
300200535_,263,2025-08-01,
300200536_,264,2025-08-01,23.0
300200537_,265,2025-08-01,3.0
300200538_,266,2025-08-01,9.0
300200539_,267,2025-08-01,9.0
300200540_,268,2025-08-01,
300200541_,269,2025-08-01,
300200542_,270,2025-08-01,619.0
300200624_,271,2025-08-01,
300200704_,272,2025-08-01,62.0
300200543_,273,2025-08-01,65.0
300200544_,274,2025-08-01,11.0
300200545_,275,2025-08-01,35.0
300200593_,276,2025-08-01,61.0
300200546_,277,2025-08-01,4.0
300200547_,278,2025-08-01,9.0
300200548_,279,2025-08-01,33.0
300200549_,280,2025-08-01,40.0
300200550_,281,2025-08-01,
300200551_,282,2025-08-01,6.0
300200773_,283,2025-08-01,10.0
300200552_,284,2025-08-01,69.0
300200553_,285,2025-08-01,98.0
300200554_,286,2025-08-01,3.0
300200555_,287,2025-08-01,
300200556_,288,2025-08-01,
300200557_,289,2025-08-01,1.0
300200558_,290,2025-08-01,377.0
300200559_,291,2025-08-01,170.0
300200560_,292,2025-08-01,65.0
300200561_,293,2025-08-01,13.0
300200562_,294,2025-08-01,8.0
300200563_,295,2025-08-01,49.0
300200564_,296,2025-08-01,87.0
300200565_,297,2025-08-01,2.0
300200590_,298,2025-08-01,17.0
300200566_,299,2025-08-01,1.0
300200567_,300,2025-08-01,
300200591_,301,2025-08-01,17.0
300200568_,302,2025-08-01,
300200569_,303,2025-08-01,
300200570_,304,2025-08-01,4.0
300200571_,305,2025-08-01,
300200572_,306,2025-08-01,
300200573_,307,2025-08-01,
300200574_,308,2025-08-01,16.0
300200575_,309,2025-08-01,2.0
300200511_,310,2025-08-01,
300200576_,311,2025-08-01,1.0
300200776_,312,2025-08-01,2.0
300200577_,313,2025-08-01,
300200579_,314,2025-08-01,81.0
300200580_,315,2025-08-01,13.0
300200581_,316,2025-08-01,3.0
300200582_,317,2025-08-01,5.0
300200583_,318,2025-08-01,
300200584_,319,2025-08-01,
300200343_,320,2025-08-01,2595.0
020100163_,321,2025-08-01,231.0
300200459_,322,2025-08-01,97.0
020100158_,323,2025-08-01,476.0
020100159_,324,2025-08-01,3.0
300200460_,325,2025-08-01,38.0
020100160_,326,2025-08-01,361.0
020100161_,327,2025-08-01,
300200461_,328,2025-08-01,13.0
300200472_,329,2025-08-01,142.0
300200462_,330,2025-08-01,144.0
300200517_,331,2025-08-01,
020100162_,332,2025-08-01,14.0
300200772_,333,2025-08-01,15.0
300200468_,334,2025-08-01,119.0
300200515_,335,2025-08-01,104.0
300200518_,336,2025-08-01,12.0
300200516_,337,2025-08-01,93.0
300200471_,338,2025-08-01,21.0
300200470_,339,2025-08-01,
300200463_,340,2025-08-01,1128.0
300200464_,341,2025-08-01,675.0
300200465_,342,2025-08-01,245.0
300200466_,343,2025-08-01,138.0
300200467_,344,2025-08-01,45.0
300200519_,345,2025-08-01,108.0
300200775_,346,2025-08-01,
300200781_,347,2025-08-01,
300200779_,348,2025-08-01,79.0
300200782_,349,2025-08-01,25.0
300200783_,350,2025-08-01,16.0
300100015_,351,2025-08-01,
300100006_,352,2025-08-01,
300100003_,353,2025-08-01,
300100012_,354,2025-08-01,
030200006_,355,2025-08-01,26.0
030200008_,356,2025-08-01,35.0
030200005_,357,2025-08-01,
030200007_,358,2025-08-01,
030200015_,359,2025-08-01,
030200002_,360,2025-08-01,6.0
030200003_,361,2025-08-01,8.0
030200009_,362,2025-08-01,14.0
030200030_,363,2025-08-01,
030200031_,364,2025-08-01,
030200036_,365,2025-08-01,
030200038_,366,2025-08-01,
030200037_,367,2025-08-01,
030200039_,368,2025-08-01,
030200028_,369,2025-08-01,
030200029_,370,2025-08-01,
030200032_,371,2025-08-01,
030200034_,372,2025-08-01,
030200239_,373,2025-08-01,
030200240_,374,2025-08-01,
030200379_,375,2025-08-01,
030200026_,376,2025-08-01,
030200025_,377,2025-08-01,
030200027_,378,2025-08-01,
030200052_,379,2025-08-01,
030200053_,380,2025-08-01,
030200054_,381,2025-08-01,
030200183_,382,2025-08-01,
030200191_,383,2025-08-01,44.0
030200175_,384,2025-08-01,
030200176_,385,2025-08-01,
030200247_,386,2025-08-01,
030200246_,387,2025-08-01,
030200243_,388,2025-08-01,
030200244_,389,2025-08-01,5.0
030200245_,390,2025-08-01,
030200248_,391,2025-08-01,
030200249_,392,2025-08-01,2.0
030200259_,393,2025-08-01,
030200260_,394,2025-08-01,
030200256_,395,2025-08-01,5.0
030200257_,396,2025-08-01,
030200258_,397,2025-08-01,6.0
030200263_,398,2025-08-01,2.0
030200262_,399,2025-08-01,
030200265_,400,2025-08-01,
030200261_,401,2025-08-01,
030200292_,402,2025-08-01,
030200250_,403,2025-08-01,11.0
030200251_,404,2025-08-01,13.0
030200252_,405,2025-08-01,4.0
030200253_,406,2025-08-01,2.0
030200254_,407,2025-08-01,
300200331_,408,2025-08-01,1761.0
300200296_,409,2025-08-01,787.0
300200283_,410,2025-08-01,299.0
300200302_,411,2025-08-01,520.0
300200333_,412,2025-08-01,923.0
300200288_,413,2025-08-01,26.0
300200284_,414,2025-08-01,77.0
300200767_,415,2025-08-01,3.0
300200293_,416,2025-08-01,280.0
300200289_,417,2025-08-01,290.0
300200290_,418,2025-08-01,-20.0
300200291_,419,2025-08-01,7.0
300200297_,420,2025-08-01,783.0
300200298_,421,2025-08-01,751.0
300200299_,422,2025-08-01,7.0
300200294_,423,2025-08-01,281.0
300200286_,424,2025-08-01,7503.0
300200332_,425,2025-08-01,869.0
300200301_,426,2025-08-01,675.0
300200287_,427,2025-08-01,
300200700_,428,2025-08-01,119.0
300200295_,429,2025-08-01,48.0
300200292_,430,2025-08-01,10.0
300200300_,431,2025-08-01,
300200312_,432,2025-08-01,
300200303_,433,2025-08-01,5456.0
300200304_,434,2025-08-01,2239.0
300200305_,435,2025-08-01,784.0
300200306_,436,2025-08-01,243.0
300200307_,437,2025-08-01,42.0
300200310_,438,2025-08-01,15.0
300200311_,439,2025-08-01,105.0
300200308_,440,2025-08-01,17.0
300200309_,441,2025-08-01,3.0
300200313_,442,2025-08-01,105.0
300200498_,443,2025-08-01,147.0
ATN000108,444,2025-08-01,
300200314_,445,2025-08-01,15.0
ATN000109,446,2025-08-01,
300200315_,447,2025-08-01,
300200771_,448,2025-08-01,38.0
300200316_,449,2025-08-01,
300200959_,450,2025-08-01,36.0
300200317_,451,2025-08-01,160.0
300200496_,452,2025-08-01,10.0
300200346_,453,2025-08-01,
300200318_,454,2025-08-01,94.0
300200347_,455,2025-08-01,
300200319_,456,2025-08-01,668.0
300200320_,457,2025-08-01,252.0
300200321_,458,2025-08-01,104.0
300200322_,459,2025-08-01,155.0
300200323_,460,2025-08-01,636.0
300200324_,461,2025-08-01,1306.0
300200325_,462,2025-08-01,43.0
300200326_,463,2025-08-01,309.0
300200327_,464,2025-08-01,17.0
300200328_,465,2025-08-01,242.0
300200330_,466,2025-08-01,1.0
300200348_,467,2025-08-01,1.0
300200350_,468,2025-08-01,1.0
300200352_,469,2025-08-01,
300200430_,470,2025-08-01,12.0
300200588_,471,2025-08-01,27.0
300200443_,472,2025-08-01,5.0
300200432_,473,2025-08-01,13.0
300200444_,474,2025-08-01,
300200449_,475,2025-08-01,3.0
300200447_,476,2025-08-01,
300200433_,477,2025-08-01,-11.0
300200439_,478,2025-08-01,7.0
300200451_,479,2025-08-01,
300200448_,480,2025-08-01,
300200774_,481,2025-08-01,
300200436_,482,2025-08-01,36.0
300200431_,483,2025-08-01,24.0
300200452_,484,2025-08-01,
300200434_,485,2025-08-01,
300200429_,486,2025-08-01,1.0
300200632_,487,2025-08-01,34.0
300200441_,488,2025-08-01,1.0
300200450_,489,2025-08-01,
300200435_,490,2025-08-01,105.0
300200437_,491,2025-08-01,36.0
300200438_,492,2025-08-01,25.0
300200440_,493,2025-08-01,2.0
300200445_,494,2025-08-01,3.0
300200446_,495,2025-08-01,4.0
ATN000399,496,2025-08-01,4.0
300200592_,497,2025-08-01,89.0
300200366_,498,2025-08-01,3.0
LNVA105011,499,2025-08-01,2.0
300200595_,500,2025-08-01,6.0
030200097_,501,2025-08-01,
300200718_,502,2025-08-01,508.0
300200719_,503,2025-08-01,
300200720_,504,2025-08-01,8.0
300200721_,505,2025-08-01,
300200722_,506,2025-08-01,14.0
300200777_,507,2025-08-01,46.0
300200723_,508,2025-08-01,
300200724_,509,2025-08-01,1.0
300200725_,510,2025-08-01,9.0
300200726_,511,2025-08-01,35.0
300200727_,512,2025-08-01,
300200728_,513,2025-08-01,1.0
300200729_,514,2025-08-01,12.0
300200730_,515,2025-08-01,
300200731_,516,2025-08-01,
300200732_,517,2025-08-01,3.0
300200778_,518,2025-08-01,73.0
300200733_,519,2025-08-01,5.0
300200734_,520,2025-08-01,
300200735_,521,2025-08-01,174.0
300200736_,522,2025-08-01,113.0
300200737_,523,2025-08-01,45.0
300200738_,524,2025-08-01,36.0
300200742_,525,2025-08-01,44.0
300200739_,526,2025-08-01,2.0
300200743_,527,2025-08-01,14.0
300200740_,528,2025-08-01,-15.0
300200741_,529,2025-08-01,86.0
300200744_,530,2025-08-01,99.0
300200745_,531,2025-08-01,136.0
300200746_,532,2025-08-01,72.0
300200747_,533,2025-08-01,
300200748_,534,2025-08-01,9.0
300200749_,535,2025-08-01,43.0
300200750_,536,2025-08-01,20.0
300200751_,537,2025-08-01,56.0
300200752_,538,2025-08-01,60.0
300200753_,539,2025-08-01,17.0
300200754_,540,2025-08-01,1.0
300200755_,541,2025-08-01,17.0
300200497_,542,2025-08-01,
030200226_,543,2025-08-01,149.0
030200223_,544,2025-08-01,894.0
030200227_,545,2025-08-01,331.0
030200225_,546,2025-08-01,777.0
030200224_,547,2025-08-01,2794.0
030200221_,548,2025-08-01,1713.0
030200222_,549,2025-08-01,1541.0
300200473_,550,2025-08-01,
ATN000446,551,2025-08-01,13.0
ATN000389,552,2025-08-01,1.0
130300026_,553,2025-08-01,920.0
130300027_,554,2025-08-01,849.0
130300028_,555,2025-08-01,170.0
030200203_,556,2025-08-01,1683.0
030200128_,3,2025-09-01,
030200382_,4,2025-09-01,3.0
030200127_,5,2025-09-01,
030200141_,6,2025-09-01,
030200096_,7,2025-09-01,
030200072_,8,2025-09-01,17.0
030200093_,9,2025-09-01,1.0
030200135_,10,2025-09-01,2.0
030200136_,11,2025-09-01,21.0
030200134_,12,2025-09-01,
030200094_,13,2025-09-01,
030200090_,14,2025-09-01,
030200095_,15,2025-09-01,
030200142_,16,2025-09-01,
280300174_,17,2025-09-01,959.0
030300013_,18,2025-09-01,
030200220_,19,2025-09-01,973.0
030200219_,20,2025-09-01,4320.0
030300078_,21,2025-09-01,
030300014_,22,2025-09-01,241.0
030200193_,23,2025-09-01,15925.0
030201459_,24,2025-09-01,
030200192_,25,2025-09-01,53879.0
030200201_,26,2025-09-01,25145.0
300200428_,27,2025-09-01,806.0
ATN544015,28,2025-09-01,
ATN540115,29,2025-09-01,
ATN000532,30,2025-09-01,
ATN001232,31,2025-09-01,
300201148_,32,2025-09-01,52.0
300201149_,33,2025-09-01,37.0
300201150_,34,2025-09-01,9.0
300201151_,35,2025-09-01,222.0
300201152_,36,2025-09-01,
300201153_,37,2025-09-01,121.0
300201154_,38,2025-09-01,1.0
300201155_,39,2025-09-01,22.0
300200968_,40,2025-09-01,85.0
300200967_,41,2025-09-01,66.0
300200413_,42,2025-09-01,6.0
010400436_,43,2025-09-01,49.0
010400432_,44,2025-09-01,1.0
010400440_,45,2025-09-01,28.0
010400444_,46,2025-09-01,84.0
010400447_,47,2025-09-01,45.0
010400433_,48,2025-09-01,-6.0
010400437_,49,2025-09-01,73.0
010400441_,50,2025-09-01,16.0
010400445_,51,2025-09-01,34.0
010400448_,52,2025-09-01,14.0
300200784_,53,2025-09-01,56.0
300200785_,54,2025-09-01,-3.0
300200786_,55,2025-09-01,-10.0
300200787_,56,2025-09-01,7.0
300200788_,57,2025-09-01,-9.0
300200789_,58,2025-09-01,-2.0
300200790_,59,2025-09-01,-7.0
300200791_,60,2025-09-01,-3.0
300200792_,61,2025-09-01,
300200793_,62,2025-09-01,-17.0
300200794_,63,2025-09-01,-5.0
300200795_,64,2025-09-01,25.0
300200796_,65,2025-09-01,-19.0
300200797_,66,2025-09-01,-12.0
300200798_,67,2025-09-01,-7.0
300200799_,68,2025-09-01,-9.0
300200800_,69,2025-09-01,-7.0
300200801_,70,2025-09-01,-6.0
300200802_,71,2025-09-01,
300200803_,72,2025-09-01,-8.0
300200804_,73,2025-09-01,-2.0
300200805_,74,2025-09-01,-5.0
300200806_,75,2025-09-01,-4.0
300200807_,76,2025-09-01,-3.0
300200808_,77,2025-09-01,-3.0
300200809_,78,2025-09-01,
300200810_,79,2025-09-01,56.0
300200811_,80,2025-09-01,1.0
300200812_,81,2025-09-01,14.0
300200813_,82,2025-09-01,
300200814_,83,2025-09-01,7.0
300200815_,84,2025-09-01,
300200816_,85,2025-09-01,2.0
300200817_,86,2025-09-01,
300200818_,87,2025-09-01,
300200819_,88,2025-09-01,
300200820_,89,2025-09-01,
300200821_,90,2025-09-01,75.0
300200822_,91,2025-09-01,28.0
300200823_,92,2025-09-01,15.0
300200824_,93,2025-09-01,2.0
300200825_,94,2025-09-01,2.0
300200826_,95,2025-09-01,-3.0
300200827_,96,2025-09-01,
300200828_,97,2025-09-01,-3.0
300200829_,98,2025-09-01,
300200830_,99,2025-09-01,
300200831_,100,2025-09-01,
300200832_,101,2025-09-01,
300200833_,102,2025-09-01,-6.0
300200834_,103,2025-09-01,-4.0
300200835_,104,2025-09-01,2.0
300200836_,105,2025-09-01,-5.0
300200837_,106,2025-09-01,
300200838_,107,2025-09-01,
300200839_,108,2025-09-01,1.0
300200840_,109,2025-09-01,-5.0
300200841_,110,2025-09-01,
300200842_,111,2025-09-01,6.0
300200843_,112,2025-09-01,-10.0
300200844_,113,2025-09-01,3.0
300200845_,114,2025-09-01,-5.0
300200846_,115,2025-09-01,-22.0
300200847_,116,2025-09-01,-8.0
300200848_,117,2025-09-01,-10.0
300200849_,118,2025-09-01,
300200850_,119,2025-09-01,-10.0
300200851_,120,2025-09-01,2.0
300200852_,121,2025-09-01,-5.0
300200853_,122,2025-09-01,-1.0
300200854_,123,2025-09-01,-5.0
300200855_,124,2025-09-01,
300200856_,125,2025-09-01,193.0
300200857_,126,2025-09-01,60.0
300200858_,127,2025-09-01,-8.0
300200859_,128,2025-09-01,31.0
300200860_,129,2025-09-01,2.0
300200861_,130,2025-09-01,15.0
300200862_,131,2025-09-01,11.0
300200863_,132,2025-09-01,1.0
300200864_,133,2025-09-01,-3.0
300200865_,134,2025-09-01,9.0
300200866_,135,2025-09-01,2.0
300200867_,136,2025-09-01,-6.0
300200868_,137,2025-09-01,136.0
300200869_,138,2025-09-01,38.0
300200870_,139,2025-09-01,
300200871_,140,2025-09-01,3.0
300200872_,141,2025-09-01,-10.0
300200873_,142,2025-09-01,1.0
300200874_,143,2025-09-01,
300200875_,144,2025-09-01,2.0
300200876_,145,2025-09-01,
300200877_,146,2025-09-01,1.0
300200878_,147,2025-09-01,22.0
300200879_,148,2025-09-01,-5.0
300200880_,149,2025-09-01,-2.0
300200881_,150,2025-09-01,
300200882_,151,2025-09-01,-10.0
300200883_,152,2025-09-01,-10.0
300200884_,153,2025-09-01,-10.0
300200885_,154,2025-09-01,-10.0
300200886_,155,2025-09-01,-10.0
300200887_,156,2025-09-01,
300200888_,157,2025-09-01,
300200889_,158,2025-09-01,
300200890_,159,2025-09-01,
300200892_,160,2025-09-01,
300200893_,161,2025-09-01,
300200894_,162,2025-09-01,
300200895_,163,2025-09-01,
300200896_,164,2025-09-01,
300200897_,165,2025-09-01,
300200898_,166,2025-09-01,7.0
300200899_,167,2025-09-01,5.0
300200900_,168,2025-09-01,
300200901_,169,2025-09-01,
300200902_,170,2025-09-01,
300200903_,171,2025-09-01,
300200904_,172,2025-09-01,
300200905_,173,2025-09-01,
300200906_,174,2025-09-01,
300200907_,175,2025-09-01,
300200908_,176,2025-09-01,
300200909_,177,2025-09-01,
300200910_,178,2025-09-01,46.0
300200911_,179,2025-09-01,
300200912_,180,2025-09-01,-17.0
300200913_,181,2025-09-01,-10.0
300200914_,182,2025-09-01,2.0
300200915_,183,2025-09-01,-10.0
300200916_,184,2025-09-01,-5.0
300200917_,185,2025-09-01,-10.0
300200918_,186,2025-09-01,-5.0
300200919_,187,2025-09-01,-3.0
300200920_,188,2025-09-01,-5.0
300200921_,189,2025-09-01,15.0
300200922_,190,2025-09-01,-15.0
300200923_,191,2025-09-01,-18.0
300200924_,192,2025-09-01,
300200925_,193,2025-09-01,-10.0
300200926_,194,2025-09-01,-10.0
300200927_,195,2025-09-01,-5.0
300200928_,196,2025-09-01,
300200929_,197,2025-09-01,-5.0
300200930_,198,2025-09-01,
300200931_,199,2025-09-01,
300200932_,200,2025-09-01,-10.0
300200933_,201,2025-09-01,144.0
300200934_,202,2025-09-01,38.0
300200935_,203,2025-09-01,
300200936_,204,2025-09-01,17.0
300200937_,205,2025-09-01,
300200938_,206,2025-09-01,7.0
300200939_,207,2025-09-01,9.0
300200940_,208,2025-09-01,
300200941_,209,2025-09-01,
300200942_,210,2025-09-01,
300200943_,211,2025-09-01,6.0
300200944_,212,2025-09-01,2.0
300200945_,213,2025-09-01,95.0
300200946_,214,2025-09-01,43.0
300200947_,215,2025-09-01,10.0
300200948_,216,2025-09-01,3.0
300200949_,217,2025-09-01,
300200950_,218,2025-09-01,5.0
300200951_,219,2025-09-01,5.0
300200952_,220,2025-09-01,
300200953_,221,2025-09-01,
300200954_,222,2025-09-01,
300200955_,223,2025-09-01,
300200371_,224,2025-09-01,23.0
300200420_,225,2025-09-01,10.0
300200375_,226,2025-09-01,39.0
300200422_,227,2025-09-01,
300200363_,228,2025-09-01,
300200368_,229,2025-09-01,15.0
300200367_,230,2025-09-01,23.0
300200426_,231,2025-09-01,
300200424_,232,2025-09-01,1.0
300200372_,233,2025-09-01,53.0
300200373_,234,2025-09-01,7.0
300200418_,235,2025-09-01,11.0
300200365_,236,2025-09-01,194.0
300200364_,237,2025-09-01,37.0
300200374_,238,2025-09-01,
300200370_,239,2025-09-01,1.0
300200425_,240,2025-09-01,
300200419_,241,2025-09-01,
300200376_,242,2025-09-01,193.0
300200377_,243,2025-09-01,65.0
300200378_,244,2025-09-01,13.0
300200379_,245,2025-09-01,5.0
300200380_,246,2025-09-01,1.0
300200421_,247,2025-09-01,7.0
щщщ0116254,248,2025-09-01,
300200520_,249,2025-09-01,514.0
300200521_,250,2025-09-01,6.0
300200522_,251,2025-09-01,
300200523_,252,2025-09-01,10.0
300200524_,253,2025-09-01,
300200525_,254,2025-09-01,
300200526_,255,2025-09-01,45.0
300200527_,256,2025-09-01,20.0
300200529_,257,2025-09-01,4.0
300200530_,258,2025-09-01,2.0
300200531_,259,2025-09-01,
300200532_,260,2025-09-01,3.0
300200533_,261,2025-09-01,2.0
300200534_,262,2025-09-01,
300200535_,263,2025-09-01,15.0
300200536_,264,2025-09-01,196.0
300200537_,265,2025-09-01,37.0
300200538_,266,2025-09-01,15.0
300200539_,267,2025-09-01,44.0
300200540_,268,2025-09-01,1.0
300200541_,269,2025-09-01,
300200542_,270,2025-09-01,618.0
300200624_,271,2025-09-01,13.0
300200704_,272,2025-09-01,46.0
300200543_,273,2025-09-01,44.0
300200544_,274,2025-09-01,-4.0
300200545_,275,2025-09-01,16.0
300200593_,276,2025-09-01,70.0
300200546_,277,2025-09-01,5.0
300200547_,278,2025-09-01,7.0
300200548_,279,2025-09-01,31.0
300200549_,280,2025-09-01,32.0
300200550_,281,2025-09-01,
300200551_,282,2025-09-01,12.0
300200773_,283,2025-09-01,10.0
300200552_,284,2025-09-01,8.0
300200553_,285,2025-09-01,26.0
300200554_,286,2025-09-01,
300200555_,287,2025-09-01,3.0
300200556_,288,2025-09-01,1.0
300200557_,289,2025-09-01,2.0
300200558_,290,2025-09-01,411.0
300200559_,291,2025-09-01,222.0
300200560_,292,2025-09-01,99.0
300200561_,293,2025-09-01,54.0
300200562_,294,2025-09-01,5.0
300200563_,295,2025-09-01,39.0
300200564_,296,2025-09-01,180.0
300200565_,297,2025-09-01,4.0
300200590_,298,2025-09-01,45.0
300200566_,299,2025-09-01,
300200567_,300,2025-09-01,8.0
300200591_,301,2025-09-01,27.0
300200568_,302,2025-09-01,
300200569_,303,2025-09-01,
300200570_,304,2025-09-01,1.0
300200571_,305,2025-09-01,1.0
300200572_,306,2025-09-01,
300200573_,307,2025-09-01,1.0
300200574_,308,2025-09-01,2.0
300200575_,309,2025-09-01,12.0
300200511_,310,2025-09-01,
300200576_,311,2025-09-01,
300200776_,312,2025-09-01,4.0
300200577_,313,2025-09-01,
300200579_,314,2025-09-01,85.0
300200580_,315,2025-09-01,30.0
300200581_,316,2025-09-01,13.0
300200582_,317,2025-09-01,9.0
300200583_,318,2025-09-01,3.0
300200584_,319,2025-09-01,5.0
300200343_,320,2025-09-01,2620.0
020100163_,321,2025-09-01,46.0
300200459_,322,2025-09-01,155.0
020100158_,323,2025-09-01,378.0
020100159_,324,2025-09-01,10.0
300200460_,325,2025-09-01,161.0
020100160_,326,2025-09-01,232.0
020100161_,327,2025-09-01,7.0
300200461_,328,2025-09-01,16.0
300200472_,329,2025-09-01,50.0
300200462_,330,2025-09-01,132.0
300200517_,331,2025-09-01,
020100162_,332,2025-09-01,3.0
300200772_,333,2025-09-01,8.0
300200468_,334,2025-09-01,86.0
300200515_,335,2025-09-01,96.0
300200518_,336,2025-09-01,22.0
300200516_,337,2025-09-01,51.0
300200471_,338,2025-09-01,9.0
300200470_,339,2025-09-01,
300200463_,340,2025-09-01,967.0
300200464_,341,2025-09-01,667.0
300200465_,342,2025-09-01,213.0
300200466_,343,2025-09-01,152.0
300200467_,344,2025-09-01,6.0
300200519_,345,2025-09-01,106.0
300200775_,346,2025-09-01,
300200781_,347,2025-09-01,
300200779_,348,2025-09-01,42.0
300200782_,349,2025-09-01,20.0
300200783_,350,2025-09-01,7.0
300100015_,351,2025-09-01,
300100006_,352,2025-09-01,
300100003_,353,2025-09-01,
300100012_,354,2025-09-01,
030200006_,355,2025-09-01,67.0
030200008_,356,2025-09-01,47.0
030200005_,357,2025-09-01,18.0
030200007_,358,2025-09-01,2.0
030200015_,359,2025-09-01,
030200002_,360,2025-09-01,
030200003_,361,2025-09-01,1.0
030200009_,362,2025-09-01,5.0
030200030_,363,2025-09-01,
030200031_,364,2025-09-01,
030200036_,365,2025-09-01,
030200038_,366,2025-09-01,
030200037_,367,2025-09-01,
030200039_,368,2025-09-01,
030200028_,369,2025-09-01,
030200029_,370,2025-09-01,
030200032_,371,2025-09-01,
030200034_,372,2025-09-01,
030200239_,373,2025-09-01,
030200240_,374,2025-09-01,
030200379_,375,2025-09-01,
030200026_,376,2025-09-01,
030200025_,377,2025-09-01,
030200027_,378,2025-09-01,6.0
030200052_,379,2025-09-01,
030200053_,380,2025-09-01,
030200054_,381,2025-09-01,
030200183_,382,2025-09-01,
030200191_,383,2025-09-01,
030200175_,384,2025-09-01,
030200176_,385,2025-09-01,
030200247_,386,2025-09-01,22.0
030200246_,387,2025-09-01,
030200243_,388,2025-09-01,1.0
030200244_,389,2025-09-01,
030200245_,390,2025-09-01,
030200248_,391,2025-09-01,
030200249_,392,2025-09-01,
030200259_,393,2025-09-01,
030200260_,394,2025-09-01,
030200256_,395,2025-09-01,51.0
030200257_,396,2025-09-01,
030200258_,397,2025-09-01,1.0
030200263_,398,2025-09-01,
030200262_,399,2025-09-01,
030200265_,400,2025-09-01,
030200261_,401,2025-09-01,
030200292_,402,2025-09-01,
030200250_,403,2025-09-01,
030200251_,404,2025-09-01,
030200252_,405,2025-09-01,
030200253_,406,2025-09-01,
030200254_,407,2025-09-01,
300200331_,408,2025-09-01,1491.0
300200296_,409,2025-09-01,402.0
300200283_,410,2025-09-01,45.0
300200302_,411,2025-09-01,368.0
300200333_,412,2025-09-01,830.0
300200288_,413,2025-09-01,65.0
300200284_,414,2025-09-01,57.0
300200767_,415,2025-09-01,9.0
300200293_,416,2025-09-01,152.0
300200289_,417,2025-09-01,279.0
300200290_,418,2025-09-01,2.0
300200291_,419,2025-09-01,23.0
300200297_,420,2025-09-01,707.0
300200298_,421,2025-09-01,686.0
300200299_,422,2025-09-01,-52.0
300200294_,423,2025-09-01,42.0
300200286_,424,2025-09-01,6226.0
300200332_,425,2025-09-01,969.0
300200301_,426,2025-09-01,209.0
300200287_,427,2025-09-01,
300200700_,428,2025-09-01,123.0
300200295_,429,2025-09-01,37.0
300200292_,430,2025-09-01,
300200300_,431,2025-09-01,
300200312_,432,2025-09-01,
300200303_,433,2025-09-01,3753.0
300200304_,434,2025-09-01,1809.0
300200305_,435,2025-09-01,605.0
300200306_,436,2025-09-01,223.0
300200307_,437,2025-09-01,48.0
300200310_,438,2025-09-01,53.0
300200311_,439,2025-09-01,84.0
300200308_,440,2025-09-01,50.0
300200309_,441,2025-09-01,6.0
300200313_,442,2025-09-01,32.0
300200498_,443,2025-09-01,178.0
ATN000108,444,2025-09-01,
300200314_,445,2025-09-01,3.0
ATN000109,446,2025-09-01,21.0
300200315_,447,2025-09-01,
300200771_,448,2025-09-01,20.0
300200316_,449,2025-09-01,10.0
300200959_,450,2025-09-01,22.0
300200317_,451,2025-09-01,27.0
300200496_,452,2025-09-01,15.0
300200346_,453,2025-09-01,2.0
300200318_,454,2025-09-01,71.0
300200347_,455,2025-09-01,
300200319_,456,2025-09-01,328.0
300200320_,457,2025-09-01,91.0
300200321_,458,2025-09-01,9.0
300200322_,459,2025-09-01,87.0
300200323_,460,2025-09-01,264.0
300200324_,461,2025-09-01,1043.0
300200325_,462,2025-09-01,102.0
300200326_,463,2025-09-01,301.0
300200327_,464,2025-09-01,104.0
300200328_,465,2025-09-01,151.0
300200330_,466,2025-09-01,
300200348_,467,2025-09-01,1.0
300200350_,468,2025-09-01,2.0
300200352_,469,2025-09-01,
300200430_,470,2025-09-01,42.0
300200588_,471,2025-09-01,75.0
300200443_,472,2025-09-01,24.0
300200432_,473,2025-09-01,39.0
300200444_,474,2025-09-01,10.0
300200449_,475,2025-09-01,11.0
300200447_,476,2025-09-01,
300200433_,477,2025-09-01,30.0
300200439_,478,2025-09-01,10.0
300200451_,479,2025-09-01,17.0
300200448_,480,2025-09-01,6.0
300200774_,481,2025-09-01,2.0
300200436_,482,2025-09-01,23.0
300200431_,483,2025-09-01,54.0
300200452_,484,2025-09-01,2.0
300200434_,485,2025-09-01,1.0
300200429_,486,2025-09-01,81.0
300200632_,487,2025-09-01,15.0
300200441_,488,2025-09-01,4.0
300200450_,489,2025-09-01,
300200435_,490,2025-09-01,280.0
300200437_,491,2025-09-01,186.0
300200438_,492,2025-09-01,78.0
300200440_,493,2025-09-01,42.0
300200445_,494,2025-09-01,7.0
300200446_,495,2025-09-01,29.0
ATN000399,496,2025-09-01,
300200592_,497,2025-09-01,149.0
300200366_,498,2025-09-01,13.0
LNVA105011,499,2025-09-01,10.0
300200595_,500,2025-09-01,49.0
030200097_,501,2025-09-01,
300200718_,502,2025-09-01,390.0
300200719_,503,2025-09-01,8.0
300200720_,504,2025-09-01,15.0
300200721_,505,2025-09-01,
300200722_,506,2025-09-01,20.0
300200777_,507,2025-09-01,55.0
300200723_,508,2025-09-01,
300200724_,509,2025-09-01,2.0
300200725_,510,2025-09-01,11.0
300200726_,511,2025-09-01,34.0
300200727_,512,2025-09-01,
300200728_,513,2025-09-01,4.0
300200729_,514,2025-09-01,38.0
300200730_,515,2025-09-01,18.0
300200731_,516,2025-09-01,
300200732_,517,2025-09-01,5.0
300200778_,518,2025-09-01,35.0
300200733_,519,2025-09-01,
300200734_,520,2025-09-01,
300200735_,521,2025-09-01,291.0
300200736_,522,2025-09-01,80.0
300200737_,523,2025-09-01,48.0
300200738_,524,2025-09-01,11.0
300200742_,525,2025-09-01,83.0
300200739_,526,2025-09-01,2.0
300200743_,527,2025-09-01,26.0
300200740_,528,2025-09-01,11.0
300200741_,529,2025-09-01,118.0
300200744_,530,2025-09-01,82.0
300200745_,531,2025-09-01,96.0
300200746_,532,2025-09-01,54.0
300200747_,533,2025-09-01,7.0
300200748_,534,2025-09-01,10.0
300200749_,535,2025-09-01,43.0
300200750_,536,2025-09-01,35.0
300200751_,537,2025-09-01,41.0
300200752_,538,2025-09-01,91.0
300200753_,539,2025-09-01,37.0
300200754_,540,2025-09-01,13.0
300200755_,541,2025-09-01,8.0
300200497_,542,2025-09-01,
030200226_,543,2025-09-01,10.0
030200223_,544,2025-09-01,986.0
030200227_,545,2025-09-01,82.0
030200225_,546,2025-09-01,2648.0
030200224_,547,2025-09-01,2142.0
030200221_,548,2025-09-01,1184.0
030200222_,549,2025-09-01,836.0
300200473_,550,2025-09-01,
ATN000446,551,2025-09-01,8.0
ATN000389,552,2025-09-01,
130300026_,553,2025-09-01,270.0
130300027_,554,2025-09-01,1344.0
130300028_,555,2025-09-01,202.0
030200203_,556,2025-09-01,1392.0
030200128_,3,2025-10-01,2.0
030200382_,4,2025-10-01,9.0
030200127_,5,2025-10-01,4.0
030200141_,6,2025-10-01,
030200096_,7,2025-10-01,
030200072_,8,2025-10-01,16.0
030200093_,9,2025-10-01,
030200135_,10,2025-10-01,
030200136_,11,2025-10-01,-4.0
030200134_,12,2025-10-01,
030200094_,13,2025-10-01,
030200090_,14,2025-10-01,
030200095_,15,2025-10-01,
030200142_,16,2025-10-01,
280300174_,17,2025-10-01,164.0
030300013_,18,2025-10-01,80.0
030200220_,19,2025-10-01,1661.0
030200219_,20,2025-10-01,2560.0
030300078_,21,2025-10-01,
030300014_,22,2025-10-01,912.0
030200193_,23,2025-10-01,25149.0
030201459_,24,2025-10-01,
030200192_,25,2025-10-01,61615.0
030200201_,26,2025-10-01,22466.0
300200428_,27,2025-10-01,212.0
ATN544015,28,2025-10-01,
ATN540115,29,2025-10-01,
ATN000532,30,2025-10-01,
ATN001232,31,2025-10-01,
300201148_,32,2025-10-01,101.0
300201149_,33,2025-10-01,47.0
300201150_,34,2025-10-01,19.0
300201151_,35,2025-10-01,43.0
300201152_,36,2025-10-01,24.0
300201153_,37,2025-10-01,47.0
300201154_,38,2025-10-01,23.0
300201155_,39,2025-10-01,15.0
300200968_,40,2025-10-01,138.0
300200967_,41,2025-10-01,301.0
300200413_,42,2025-10-01,20.0
010400436_,43,2025-10-01,61.0
010400432_,44,2025-10-01,12.0
010400440_,45,2025-10-01,27.0
010400444_,46,2025-10-01,58.0
010400447_,47,2025-10-01,50.0
010400433_,48,2025-10-01,9.0
010400437_,49,2025-10-01,44.0
010400441_,50,2025-10-01,13.0
010400445_,51,2025-10-01,62.0
010400448_,52,2025-10-01,37.0
300200784_,53,2025-10-01,66.0
300200785_,54,2025-10-01,12.0
300200786_,55,2025-10-01,
300200787_,56,2025-10-01,
300200788_,57,2025-10-01,6.0
300200789_,58,2025-10-01,
300200790_,59,2025-10-01,2.0
300200791_,60,2025-10-01,
300200792_,61,2025-10-01,
300200793_,62,2025-10-01,
300200794_,63,2025-10-01,
300200795_,64,2025-10-01,38.0
300200796_,65,2025-10-01,16.0
300200797_,66,2025-10-01,8.0
300200798_,67,2025-10-01,1.0
300200799_,68,2025-10-01,
300200800_,69,2025-10-01,4.0
300200801_,70,2025-10-01,4.0
300200802_,71,2025-10-01,
300200803_,72,2025-10-01,
300200804_,73,2025-10-01,
300200805_,74,2025-10-01,
300200806_,75,2025-10-01,2.0
300200807_,76,2025-10-01,
300200808_,77,2025-10-01,
300200809_,78,2025-10-01,2.0
300200810_,79,2025-10-01,186.0
300200811_,80,2025-10-01,
300200812_,81,2025-10-01,48.0
300200813_,82,2025-10-01,
300200814_,83,2025-10-01,20.0
300200815_,84,2025-10-01,5.0
300200816_,85,2025-10-01,4.0
300200817_,86,2025-10-01,13.0
300200818_,87,2025-10-01,3.0
300200819_,88,2025-10-01,3.0
300200820_,89,2025-10-01,4.0
300200821_,90,2025-10-01,50.0
300200822_,91,2025-10-01,57.0
300200823_,92,2025-10-01,12.0
300200824_,93,2025-10-01,14.0
300200825_,94,2025-10-01,
300200826_,95,2025-10-01,7.0
300200827_,96,2025-10-01,
300200828_,97,2025-10-01,
300200829_,98,2025-10-01,
300200830_,99,2025-10-01,
300200831_,100,2025-10-01,
300200832_,101,2025-10-01,
300200833_,102,2025-10-01,11.0
300200834_,103,2025-10-01,
300200835_,104,2025-10-01,5.0
300200836_,105,2025-10-01,
300200837_,106,2025-10-01,
300200838_,107,2025-10-01,1.0
300200839_,108,2025-10-01,
300200840_,109,2025-10-01,
300200841_,110,2025-10-01,
300200842_,111,2025-10-01,
300200843_,112,2025-10-01,48.0
300200844_,113,2025-10-01,
300200845_,114,2025-10-01,4.0
300200846_,115,2025-10-01,22.0
300200847_,116,2025-10-01,12.0
300200848_,117,2025-10-01,2.0
300200849_,118,2025-10-01,5.0
300200850_,119,2025-10-01,
300200851_,120,2025-10-01,1.0
300200852_,121,2025-10-01,5.0
300200853_,122,2025-10-01,5.0
300200854_,123,2025-10-01,
300200855_,124,2025-10-01,
300200856_,125,2025-10-01,88.0
300200857_,126,2025-10-01,7.0
300200858_,127,2025-10-01,-8.0
300200859_,128,2025-10-01,37.0
300200860_,129,2025-10-01,-8.0
300200861_,130,2025-10-01,7.0
300200862_,131,2025-10-01,-9.0
300200863_,132,2025-10-01,-3.0
300200864_,133,2025-10-01,
300200865_,134,2025-10-01,107.0
300200866_,135,2025-10-01,-4.0
300200867_,136,2025-10-01,-3.0
300200868_,137,2025-10-01,163.0
300200869_,138,2025-10-01,15.0
300200870_,139,2025-10-01,29.0
300200871_,140,2025-10-01,4.0
300200872_,141,2025-10-01,-3.0
300200873_,142,2025-10-01,22.0
300200874_,143,2025-10-01,
300200875_,144,2025-10-01,2.0
300200876_,145,2025-10-01,
300200877_,146,2025-10-01,
300200878_,147,2025-10-01,
300200879_,148,2025-10-01,4.0
300200880_,149,2025-10-01,-5.0
300200881_,150,2025-10-01,2.0
300200882_,151,2025-10-01,
300200883_,152,2025-10-01,2.0
300200884_,153,2025-10-01,
300200885_,154,2025-10-01,
300200886_,155,2025-10-01,
300200887_,156,2025-10-01,69.0
300200888_,157,2025-10-01,12.0
300200889_,158,2025-10-01,
300200890_,159,2025-10-01,10.0
300200892_,160,2025-10-01,4.0
300200893_,161,2025-10-01,2.0
300200894_,162,2025-10-01,
300200895_,163,2025-10-01,
300200896_,164,2025-10-01,
300200897_,165,2025-10-01,
300200898_,166,2025-10-01,23.0
300200899_,167,2025-10-01,23.0
300200900_,168,2025-10-01,8.0
300200901_,169,2025-10-01,1.0
300200902_,170,2025-10-01,
300200903_,171,2025-10-01,
300200904_,172,2025-10-01,
300200905_,173,2025-10-01,
300200906_,174,2025-10-01,
300200907_,175,2025-10-01,
300200908_,176,2025-10-01,
300200909_,177,2025-10-01,
300200910_,178,2025-10-01,218.0
300200911_,179,2025-10-01,9.0
300200912_,180,2025-10-01,39.0
300200913_,181,2025-10-01,
300200914_,182,2025-10-01,35.0
300200915_,183,2025-10-01,1.0
300200916_,184,2025-10-01,7.0
300200917_,185,2025-10-01,10.0
300200918_,186,2025-10-01,2.0
300200919_,187,2025-10-01,
300200920_,188,2025-10-01,3.0
300200921_,189,2025-10-01,117.0
300200922_,190,2025-10-01,56.0
300200923_,191,2025-10-01,30.0
300200924_,192,2025-10-01,9.0
300200925_,193,2025-10-01,1.0
300200926_,194,2025-10-01,16.0
300200927_,195,2025-10-01,12.0
300200928_,196,2025-10-01,1.0
300200929_,197,2025-10-01,
300200930_,198,2025-10-01,
300200931_,199,2025-10-01,
300200932_,200,2025-10-01,2.0
300200933_,201,2025-10-01,32.0
300200934_,202,2025-10-01,15.0
300200935_,203,2025-10-01,
300200936_,204,2025-10-01,13.0
300200937_,205,2025-10-01,
300200938_,206,2025-10-01,2.0
300200939_,207,2025-10-01,4.0
300200940_,208,2025-10-01,
300200941_,209,2025-10-01,
300200942_,210,2025-10-01,2.0
300200943_,211,2025-10-01,4.0
300200944_,212,2025-10-01,
300200945_,213,2025-10-01,50.0
300200946_,214,2025-10-01,12.0
300200947_,215,2025-10-01,3.0
300200948_,216,2025-10-01,4.0
300200949_,217,2025-10-01,
300200950_,218,2025-10-01,5.0
300200951_,219,2025-10-01,
300200952_,220,2025-10-01,
300200953_,221,2025-10-01,4.0
300200954_,222,2025-10-01,
300200955_,223,2025-10-01,
300200371_,224,2025-10-01,6.0
300200420_,225,2025-10-01,3.0
300200375_,226,2025-10-01,23.0
300200422_,227,2025-10-01,3.0
300200363_,228,2025-10-01,10.0
300200368_,229,2025-10-01,7.0
300200367_,230,2025-10-01,3.0
300200426_,231,2025-10-01,
300200424_,232,2025-10-01,
300200372_,233,2025-10-01,2.0
300200373_,234,2025-10-01,17.0
300200418_,235,2025-10-01,
300200365_,236,2025-10-01,287.0
300200364_,237,2025-10-01,
300200374_,238,2025-10-01,2.0
300200370_,239,2025-10-01,
300200425_,240,2025-10-01,
300200419_,241,2025-10-01,2.0
300200376_,242,2025-10-01,46.0
300200377_,243,2025-10-01,64.0
300200378_,244,2025-10-01,27.0
300200379_,245,2025-10-01,23.0
300200380_,246,2025-10-01,2.0
300200421_,247,2025-10-01,2.0
щщщ0116254,248,2025-10-01,
300200520_,249,2025-10-01,209.0
300200521_,250,2025-10-01,5.0
300200522_,251,2025-10-01,1.0
300200523_,252,2025-10-01,13.0
300200524_,253,2025-10-01,4.0
300200525_,254,2025-10-01,
300200526_,255,2025-10-01,5.0
300200527_,256,2025-10-01,12.0
300200529_,257,2025-10-01,2.0
300200530_,258,2025-10-01,1.0
300200531_,259,2025-10-01,14.0
300200532_,260,2025-10-01,
300200533_,261,2025-10-01,3.0
300200534_,262,2025-10-01,3.0
300200535_,263,2025-10-01,
300200536_,264,2025-10-01,113.0
300200537_,265,2025-10-01,38.0
300200538_,266,2025-10-01,11.0
300200539_,267,2025-10-01,15.0
300200540_,268,2025-10-01,1.0
300200541_,269,2025-10-01,15.0
300200542_,270,2025-10-01,748.0
300200624_,271,2025-10-01,46.0
300200704_,272,2025-10-01,5.0
300200543_,273,2025-10-01,88.0
300200544_,274,2025-10-01,
300200545_,275,2025-10-01,27.0
300200593_,276,2025-10-01,70.0
300200546_,277,2025-10-01,
300200547_,278,2025-10-01,4.0
300200548_,279,2025-10-01,26.0
300200549_,280,2025-10-01,67.0
300200550_,281,2025-10-01,
300200551_,282,2025-10-01,19.0
300200773_,283,2025-10-01,1.0
300200552_,284,2025-10-01,26.0
300200553_,285,2025-10-01,52.0
300200554_,286,2025-10-01,1.0
300200555_,287,2025-10-01,10.0
300200556_,288,2025-10-01,9.0
300200557_,289,2025-10-01,
300200558_,290,2025-10-01,297.0
300200559_,291,2025-10-01,250.0
300200560_,292,2025-10-01,76.0
300200561_,293,2025-10-01,29.0
300200562_,294,2025-10-01,2.0
300200563_,295,2025-10-01,25.0
300200564_,296,2025-10-01,95.0
300200565_,297,2025-10-01,17.0
300200590_,298,2025-10-01,-3.0
300200566_,299,2025-10-01,
300200567_,300,2025-10-01,7.0
300200591_,301,2025-10-01,2.0
300200568_,302,2025-10-01,
300200569_,303,2025-10-01,
300200570_,304,2025-10-01,1.0
300200571_,305,2025-10-01,4.0
300200572_,306,2025-10-01,
300200573_,307,2025-10-01,
300200574_,308,2025-10-01,11.0
300200575_,309,2025-10-01,18.0
300200511_,310,2025-10-01,
300200576_,311,2025-10-01,9.0
300200776_,312,2025-10-01,
300200577_,313,2025-10-01,
300200579_,314,2025-10-01,76.0
300200580_,315,2025-10-01,14.0
300200581_,316,2025-10-01,5.0
300200582_,317,2025-10-01,1.0
300200583_,318,2025-10-01,
300200584_,319,2025-10-01,
300200343_,320,2025-10-01,1523.0
020100163_,321,2025-10-01,34.0
300200459_,322,2025-10-01,61.0
020100158_,323,2025-10-01,208.0
020100159_,324,2025-10-01,6.0
300200460_,325,2025-10-01,42.0
020100160_,326,2025-10-01,185.0
020100161_,327,2025-10-01,
300200461_,328,2025-10-01,21.0
300200472_,329,2025-10-01,27.0
300200462_,330,2025-10-01,66.0
300200517_,331,2025-10-01,2.0
020100162_,332,2025-10-01,4.0
300200772_,333,2025-10-01,4.0
300200468_,334,2025-10-01,97.0
300200515_,335,2025-10-01,158.0
300200518_,336,2025-10-01,42.0
300200516_,337,2025-10-01,105.0
300200471_,338,2025-10-01,2.0
300200470_,339,2025-10-01,1.0
300200463_,340,2025-10-01,568.0
300200464_,341,2025-10-01,362.0
300200465_,342,2025-10-01,181.0
300200466_,343,2025-10-01,145.0
300200467_,344,2025-10-01,14.0
300200519_,345,2025-10-01,41.0
300200775_,346,2025-10-01,1.0
300200781_,347,2025-10-01,
300200779_,348,2025-10-01,50.0
300200782_,349,2025-10-01,26.0
300200783_,350,2025-10-01,
300100015_,351,2025-10-01,5.0
300100006_,352,2025-10-01,6.0
300100003_,353,2025-10-01,
300100012_,354,2025-10-01,
030200006_,355,2025-10-01,
030200008_,356,2025-10-01,27.0
030200005_,357,2025-10-01,11.0
030200007_,358,2025-10-01,1.0
030200015_,359,2025-10-01,4.0
030200002_,360,2025-10-01,
030200003_,361,2025-10-01,3.0
030200009_,362,2025-10-01,
030200030_,363,2025-10-01,
030200031_,364,2025-10-01,
030200036_,365,2025-10-01,
030200038_,366,2025-10-01,
030200037_,367,2025-10-01,50.0
030200039_,368,2025-10-01,
030200028_,369,2025-10-01,
030200029_,370,2025-10-01,
030200032_,371,2025-10-01,
030200034_,372,2025-10-01,
030200239_,373,2025-10-01,
030200240_,374,2025-10-01,
030200379_,375,2025-10-01,1.0
030200026_,376,2025-10-01,
030200025_,377,2025-10-01,
030200027_,378,2025-10-01,
030200052_,379,2025-10-01,
030200053_,380,2025-10-01,
030200054_,381,2025-10-01,
030200183_,382,2025-10-01,
030200191_,383,2025-10-01,
030200175_,384,2025-10-01,
030200176_,385,2025-10-01,
030200247_,386,2025-10-01,1.0
030200246_,387,2025-10-01,
030200243_,388,2025-10-01,2.0
030200244_,389,2025-10-01,
030200245_,390,2025-10-01,
030200248_,391,2025-10-01,
030200249_,392,2025-10-01,1.0
030200259_,393,2025-10-01,
030200260_,394,2025-10-01,
030200256_,395,2025-10-01,55.0
030200257_,396,2025-10-01,3.0
030200258_,397,2025-10-01,4.0
030200263_,398,2025-10-01,2.0
030200262_,399,2025-10-01,
030200265_,400,2025-10-01,
030200261_,401,2025-10-01,
030200292_,402,2025-10-01,
030200250_,403,2025-10-01,20.0
030200251_,404,2025-10-01,15.0
030200252_,405,2025-10-01,12.0
030200253_,406,2025-10-01,4.0
030200254_,407,2025-10-01,
300200331_,408,2025-10-01,897.0
300200296_,409,2025-10-01,381.0
300200283_,410,2025-10-01,38.0
300200302_,411,2025-10-01,317.0
300200333_,412,2025-10-01,382.0
300200288_,413,2025-10-01,14.0
300200284_,414,2025-10-01,23.0
300200767_,415,2025-10-01,3.0
300200293_,416,2025-10-01,138.0
300200289_,417,2025-10-01,177.0
300200290_,418,2025-10-01,
300200291_,419,2025-10-01,35.0
300200297_,420,2025-10-01,691.0
300200298_,421,2025-10-01,720.0
300200299_,422,2025-10-01,2.0
300200294_,423,2025-10-01,114.0
300200286_,424,2025-10-01,4152.0
300200332_,425,2025-10-01,541.0
300200301_,426,2025-10-01,455.0
300200287_,427,2025-10-01,4.0
300200700_,428,2025-10-01,92.0
300200295_,429,2025-10-01,29.0
300200292_,430,2025-10-01,3.0
300200300_,431,2025-10-01,4.0
300200312_,432,2025-10-01,1.0
300200303_,433,2025-10-01,2809.0
300200304_,434,2025-10-01,932.0
300200305_,435,2025-10-01,578.0
300200306_,436,2025-10-01,242.0
300200307_,437,2025-10-01,135.0
300200310_,438,2025-10-01,
300200311_,439,2025-10-01,40.0
300200308_,440,2025-10-01,11.0
300200309_,441,2025-10-01,9.0
300200313_,442,2025-10-01,67.0
300200498_,443,2025-10-01,81.0
ATN000108,444,2025-10-01,
300200314_,445,2025-10-01,3.0
ATN000109,446,2025-10-01,
300200315_,447,2025-10-01,
300200771_,448,2025-10-01,18.0
300200316_,449,2025-10-01,3.0
300200959_,450,2025-10-01,16.0
300200317_,451,2025-10-01,13.0
300200496_,452,2025-10-01,
300200346_,453,2025-10-01,
300200318_,454,2025-10-01,68.0
300200347_,455,2025-10-01,4.0
300200319_,456,2025-10-01,461.0
300200320_,457,2025-10-01,130.0
300200321_,458,2025-10-01,26.0
300200322_,459,2025-10-01,151.0
300200323_,460,2025-10-01,438.0
300200324_,461,2025-10-01,1029.0
300200325_,462,2025-10-01,40.0
300200326_,463,2025-10-01,401.0
300200327_,464,2025-10-01,9.0
300200328_,465,2025-10-01,170.0
300200330_,466,2025-10-01,
300200348_,467,2025-10-01,
300200350_,468,2025-10-01,
300200352_,469,2025-10-01,
300200430_,470,2025-10-01,23.0
300200588_,471,2025-10-01,145.0
300200443_,472,2025-10-01,3.0
300200432_,473,2025-10-01,11.0
300200444_,474,2025-10-01,
300200449_,475,2025-10-01,2.0
300200447_,476,2025-10-01,
300200433_,477,2025-10-01,7.0
300200439_,478,2025-10-01,
300200451_,479,2025-10-01,
300200448_,480,2025-10-01,
300200774_,481,2025-10-01,
300200436_,482,2025-10-01,128.0
300200431_,483,2025-10-01,
300200452_,484,2025-10-01,2.0
300200434_,485,2025-10-01,25.0
300200429_,486,2025-10-01,9.0
300200632_,487,2025-10-01,100.0
300200441_,488,2025-10-01,
300200450_,489,2025-10-01,
300200435_,490,2025-10-01,351.0
300200437_,491,2025-10-01,32.0
300200438_,492,2025-10-01,29.0
300200440_,493,2025-10-01,44.0
300200445_,494,2025-10-01,
300200446_,495,2025-10-01,
ATN000399,496,2025-10-01,
300200592_,497,2025-10-01,68.0
300200366_,498,2025-10-01,3.0
LNVA105011,499,2025-10-01,10.0
300200595_,500,2025-10-01,13.0
030200097_,501,2025-10-01,
300200718_,502,2025-10-01,308.0
300200719_,503,2025-10-01,112.0
300200720_,504,2025-10-01,41.0
300200721_,505,2025-10-01,
300200722_,506,2025-10-01,12.0
300200777_,507,2025-10-01,16.0
300200723_,508,2025-10-01,
300200724_,509,2025-10-01,1.0
300200725_,510,2025-10-01,3.0
300200726_,511,2025-10-01,16.0
300200727_,512,2025-10-01,
300200728_,513,2025-10-01,
300200729_,514,2025-10-01,10.0
300200730_,515,2025-10-01,3.0
300200731_,516,2025-10-01,
300200732_,517,2025-10-01,
300200778_,518,2025-10-01,
300200733_,519,2025-10-01,
300200734_,520,2025-10-01,1.0
300200735_,521,2025-10-01,52.0
300200736_,522,2025-10-01,112.0
300200737_,523,2025-10-01,22.0
300200738_,524,2025-10-01,8.0
300200742_,525,2025-10-01,138.0
300200739_,526,2025-10-01,1.0
300200743_,527,2025-10-01,10.0
300200740_,528,2025-10-01,6.0
300200741_,529,2025-10-01,50.0
300200744_,530,2025-10-01,269.0
300200745_,531,2025-10-01,70.0
300200746_,532,2025-10-01,89.0
300200747_,533,2025-10-01,1.0
300200748_,534,2025-10-01,9.0
300200749_,535,2025-10-01,28.0
300200750_,536,2025-10-01,18.0
300200751_,537,2025-10-01,83.0
300200752_,538,2025-10-01,96.0
300200753_,539,2025-10-01,25.0
300200754_,540,2025-10-01,3.0
300200755_,541,2025-10-01,19.0
300200497_,542,2025-10-01,
030200226_,543,2025-10-01,228.0
030200223_,544,2025-10-01,2235.0
030200227_,545,2025-10-01,246.0
030200225_,546,2025-10-01,1369.0
030200224_,547,2025-10-01,2209.0
030200221_,548,2025-10-01,1886.0
030200222_,549,2025-10-01,737.0
300200473_,550,2025-10-01,
ATN000446,551,2025-10-01,
ATN000389,552,2025-10-01,
130300026_,553,2025-10-01,264.0
130300027_,554,2025-10-01,1479.0
130300028_,555,2025-10-01,
030200203_,556,2025-10-01,1336.0
030200128_,3,2025-11-01,
030200382_,4,2025-11-01,
030200127_,5,2025-11-01,
030200141_,6,2025-11-01,2.0
030200096_,7,2025-11-01,
030200072_,8,2025-11-01,3.0
030200093_,9,2025-11-01,41.0
030200135_,10,2025-11-01,2.0
030200136_,11,2025-11-01,1.0
030200134_,12,2025-11-01,
030200094_,13,2025-11-01,
030200090_,14,2025-11-01,1.0
030200095_,15,2025-11-01,
030200142_,16,2025-11-01,
280300174_,17,2025-11-01,265.0
030300013_,18,2025-11-01,2.0
030200220_,19,2025-11-01,1287.0
030200219_,20,2025-11-01,10940.0
030300078_,21,2025-11-01,1.0
030300014_,22,2025-11-01,324.0
030200193_,23,2025-11-01,27153.0
030201459_,24,2025-11-01,
030200192_,25,2025-11-01,67138.0
030200201_,26,2025-11-01,15980.0
300200428_,27,2025-11-01,353.0
ATN544015,28,2025-11-01,
ATN540115,29,2025-11-01,
ATN000532,30,2025-11-01,
ATN001232,31,2025-11-01,
300201148_,32,2025-11-01,84.0
300201149_,33,2025-11-01,23.0
300201150_,34,2025-11-01,16.0
300201151_,35,2025-11-01,27.0
300201152_,36,2025-11-01,7.0
300201153_,37,2025-11-01,51.0
300201154_,38,2025-11-01,35.0
300201155_,39,2025-11-01,23.0
300200968_,40,2025-11-01,46.0
300200967_,41,2025-11-01,112.0
300200413_,42,2025-11-01,10.0
010400436_,43,2025-11-01,25.0
010400432_,44,2025-11-01,5.0
010400440_,45,2025-11-01,17.0
010400444_,46,2025-11-01,34.0
010400447_,47,2025-11-01,34.0
010400433_,48,2025-11-01,6.0
010400437_,49,2025-11-01,38.0
010400441_,50,2025-11-01,29.0
010400445_,51,2025-11-01,34.0
010400448_,52,2025-11-01,13.0
300200784_,53,2025-11-01,39.0
300200785_,54,2025-11-01,8.0
300200786_,55,2025-11-01,
300200787_,56,2025-11-01,
300200788_,57,2025-11-01,2.0
300200789_,58,2025-11-01,
300200790_,59,2025-11-01,
300200791_,60,2025-11-01,
300200792_,61,2025-11-01,
300200793_,62,2025-11-01,
300200794_,63,2025-11-01,4.0
300200795_,64,2025-11-01,20.0
300200796_,65,2025-11-01,5.0
300200797_,66,2025-11-01,3.0
300200798_,67,2025-11-01,
300200799_,68,2025-11-01,
300200800_,69,2025-11-01,
300200801_,70,2025-11-01,
300200802_,71,2025-11-01,
300200803_,72,2025-11-01,2.0
300200804_,73,2025-11-01,
300200805_,74,2025-11-01,
300200806_,75,2025-11-01,3.0
300200807_,76,2025-11-01,
300200808_,77,2025-11-01,
300200809_,78,2025-11-01,
300200810_,79,2025-11-01,184.0
300200811_,80,2025-11-01,2.0
300200812_,81,2025-11-01,35.0
300200813_,82,2025-11-01,
300200814_,83,2025-11-01,28.0
300200815_,84,2025-11-01,
300200816_,85,2025-11-01,5.0
300200817_,86,2025-11-01,7.0
300200818_,87,2025-11-01,
300200819_,88,2025-11-01,
300200820_,89,2025-11-01,6.0
300200821_,90,2025-11-01,73.0
300200822_,91,2025-11-01,48.0
300200823_,92,2025-11-01,15.0
300200824_,93,2025-11-01,7.0
300200825_,94,2025-11-01,2.0
300200826_,95,2025-11-01,5.0
300200827_,96,2025-11-01,
300200828_,97,2025-11-01,8.0
300200829_,98,2025-11-01,
300200830_,99,2025-11-01,
300200831_,100,2025-11-01,1.0
300200832_,101,2025-11-01,
300200833_,102,2025-11-01,5.0
300200834_,103,2025-11-01,
300200835_,104,2025-11-01,
300200836_,105,2025-11-01,
300200837_,106,2025-11-01,
300200838_,107,2025-11-01,4.0
300200839_,108,2025-11-01,6.0
300200840_,109,2025-11-01,
300200841_,110,2025-11-01,
300200842_,111,2025-11-01,105.0
300200843_,112,2025-11-01,
300200844_,113,2025-11-01,5.0
300200845_,114,2025-11-01,
300200846_,115,2025-11-01,8.0
300200847_,116,2025-11-01,
300200848_,117,2025-11-01,
300200849_,118,2025-11-01,1.0
300200850_,119,2025-11-01,
300200851_,120,2025-11-01,
300200852_,121,2025-11-01,15.0
300200853_,122,2025-11-01,
300200854_,123,2025-11-01,
300200855_,124,2025-11-01,
300200856_,125,2025-11-01,249.0
300200857_,126,2025-11-01,39.0
300200858_,127,2025-11-01,
300200859_,128,2025-11-01,40.0
300200860_,129,2025-11-01,
300200861_,130,2025-11-01,14.0
300200862_,131,2025-11-01,8.0
300200863_,132,2025-11-01,7.0
300200864_,133,2025-11-01,2.0
300200865_,134,2025-11-01,7.0
300200866_,135,2025-11-01,
300200867_,136,2025-11-01,1.0
300200868_,137,2025-11-01,138.0
300200869_,138,2025-11-01,104.0
300200870_,139,2025-11-01,41.0
300200871_,140,2025-11-01,22.0
300200872_,141,2025-11-01,1.0
300200873_,142,2025-11-01,19.0
300200874_,143,2025-11-01,1.0
300200875_,144,2025-11-01,4.0
300200876_,145,2025-11-01,
300200877_,146,2025-11-01,
300200878_,147,2025-11-01,
300200879_,148,2025-11-01,3.0
300200880_,149,2025-11-01,
300200881_,150,2025-11-01,
300200882_,151,2025-11-01,
300200883_,152,2025-11-01,
300200884_,153,2025-11-01,
300200885_,154,2025-11-01,
300200886_,155,2025-11-01,
300200887_,156,2025-11-01,84.0
300200888_,157,2025-11-01,20.0
300200889_,158,2025-11-01,
300200890_,159,2025-11-01,10.0
300200892_,160,2025-11-01,2.0
300200893_,161,2025-11-01,4.0
300200894_,162,2025-11-01,2.0
300200895_,163,2025-11-01,
300200896_,164,2025-11-01,
300200897_,165,2025-11-01,1.0
300200898_,166,2025-11-01,15.0
300200899_,167,2025-11-01,12.0
300200900_,168,2025-11-01,7.0
300200901_,169,2025-11-01,2.0
300200902_,170,2025-11-01,1.0
300200903_,171,2025-11-01,2.0
300200904_,172,2025-11-01,
300200905_,173,2025-11-01,2.0
300200906_,174,2025-11-01,
300200907_,175,2025-11-01,
300200908_,176,2025-11-01,
300200909_,177,2025-11-01,4.0
300200910_,178,2025-11-01,139.0
300200911_,179,2025-11-01,
300200912_,180,2025-11-01,13.0
300200913_,181,2025-11-01,
300200914_,182,2025-11-01,36.0
300200915_,183,2025-11-01,
300200916_,184,2025-11-01,
300200917_,185,2025-11-01,10.0
300200918_,186,2025-11-01,2.0
300200919_,187,2025-11-01,
300200920_,188,2025-11-01,1.0
300200921_,189,2025-11-01,27.0
300200922_,190,2025-11-01,15.0
300200923_,191,2025-11-01,4.0
300200924_,192,2025-11-01,
300200925_,193,2025-11-01,
300200926_,194,2025-11-01,
300200927_,195,2025-11-01,
300200928_,196,2025-11-01,
300200929_,197,2025-11-01,
300200930_,198,2025-11-01,1.0
300200931_,199,2025-11-01,
300200932_,200,2025-11-01,
300200933_,201,2025-11-01,17.0
300200934_,202,2025-11-01,6.0
300200935_,203,2025-11-01,
300200936_,204,2025-11-01,2.0
300200937_,205,2025-11-01,
300200938_,206,2025-11-01,
300200939_,207,2025-11-01,3.0
300200940_,208,2025-11-01,2.0
300200941_,209,2025-11-01,
300200942_,210,2025-11-01,2.0
300200943_,211,2025-11-01,2.0
300200944_,212,2025-11-01,
300200945_,213,2025-11-01,57.0
300200946_,214,2025-11-01,
300200947_,215,2025-11-01,1.0
300200948_,216,2025-11-01,
300200949_,217,2025-11-01,
300200950_,218,2025-11-01,9.0
300200951_,219,2025-11-01,1.0
300200952_,220,2025-11-01,
300200953_,221,2025-11-01,
300200954_,222,2025-11-01,
300200955_,223,2025-11-01,
300200371_,224,2025-11-01,27.0
300200420_,225,2025-11-01,6.0
300200375_,226,2025-11-01,22.0
300200422_,227,2025-11-01,2.0
300200363_,228,2025-11-01,
300200368_,229,2025-11-01,6.0
300200367_,230,2025-11-01,3.0
300200426_,231,2025-11-01,
300200424_,232,2025-11-01,3.0
300200372_,233,2025-11-01,
300200373_,234,2025-11-01,
300200418_,235,2025-11-01,1.0
300200365_,236,2025-11-01,79.0
300200364_,237,2025-11-01,39.0
300200374_,238,2025-11-01,100.0
300200370_,239,2025-11-01,3.0
300200425_,240,2025-11-01,
300200419_,241,2025-11-01,
300200376_,242,2025-11-01,34.0
300200377_,243,2025-11-01,94.0
300200378_,244,2025-11-01,8.0
300200379_,245,2025-11-01,6.0
300200380_,246,2025-11-01,4.0
300200421_,247,2025-11-01,
щщщ0116254,248,2025-11-01,5.0
300200520_,249,2025-11-01,139.0
300200521_,250,2025-11-01,3.0
300200522_,251,2025-11-01,
300200523_,252,2025-11-01,8.0
300200524_,253,2025-11-01,
300200525_,254,2025-11-01,
300200526_,255,2025-11-01,14.0
300200527_,256,2025-11-01,12.0
300200529_,257,2025-11-01,4.0
300200530_,258,2025-11-01,
300200531_,259,2025-11-01,35.0
300200532_,260,2025-11-01,1.0
300200533_,261,2025-11-01,
300200534_,262,2025-11-01,
300200535_,263,2025-11-01,
300200536_,264,2025-11-01,69.0
300200537_,265,2025-11-01,50.0
300200538_,266,2025-11-01,24.0
300200539_,267,2025-11-01,8.0
300200540_,268,2025-11-01,
300200541_,269,2025-11-01,18.0
300200542_,270,2025-11-01,611.0
300200624_,271,2025-11-01,46.0
300200704_,272,2025-11-01,-15.0
300200543_,273,2025-11-01,30.0
300200544_,274,2025-11-01,8.0
300200545_,275,2025-11-01,11.0
300200593_,276,2025-11-01,110.0
300200546_,277,2025-11-01,19.0
300200547_,278,2025-11-01,11.0
300200548_,279,2025-11-01,17.0
300200549_,280,2025-11-01,13.0
300200550_,281,2025-11-01,1.0
300200551_,282,2025-11-01,
300200773_,283,2025-11-01,1.0
300200552_,284,2025-11-01,10.0
300200553_,285,2025-11-01,41.0
300200554_,286,2025-11-01,
300200555_,287,2025-11-01,
300200556_,288,2025-11-01,1.0
300200557_,289,2025-11-01,
300200558_,290,2025-11-01,216.0
300200559_,291,2025-11-01,229.0
300200560_,292,2025-11-01,87.0
300200561_,293,2025-11-01,21.0
300200562_,294,2025-11-01,6.0
300200563_,295,2025-11-01,10.0
300200564_,296,2025-11-01,110.0
300200565_,297,2025-11-01,14.0
300200590_,298,2025-11-01,17.0
300200566_,299,2025-11-01,
300200567_,300,2025-11-01,10.0
300200591_,301,2025-11-01,2.0
300200568_,302,2025-11-01,
300200569_,303,2025-11-01,4.0
300200570_,304,2025-11-01,2.0
300200571_,305,2025-11-01,5.0
300200572_,306,2025-11-01,
300200573_,307,2025-11-01,
300200574_,308,2025-11-01,
300200575_,309,2025-11-01,
300200511_,310,2025-11-01,15.0
300200576_,311,2025-11-01,31.0
300200776_,312,2025-11-01,
300200577_,313,2025-11-01,1.0
300200579_,314,2025-11-01,69.0
300200580_,315,2025-11-01,28.0
300200581_,316,2025-11-01,9.0
300200582_,317,2025-11-01,9.0
300200583_,318,2025-11-01,1.0
300200584_,319,2025-11-01,8.0
300200343_,320,2025-11-01,1702.0
020100163_,321,2025-11-01,57.0
300200459_,322,2025-11-01,77.0
020100158_,323,2025-11-01,371.0
020100159_,324,2025-11-01,
300200460_,325,2025-11-01,72.0
020100160_,326,2025-11-01,176.0
020100161_,327,2025-11-01,
300200461_,328,2025-11-01,29.0
300200472_,329,2025-11-01,95.0
300200462_,330,2025-11-01,74.0
300200517_,331,2025-11-01,
020100162_,332,2025-11-01,21.0
300200772_,333,2025-11-01,7.0
300200468_,334,2025-11-01,46.0
300200515_,335,2025-11-01,59.0
300200518_,336,2025-11-01,20.0
300200516_,337,2025-11-01,33.0
300200471_,338,2025-11-01,24.0
300200470_,339,2025-11-01,
300200463_,340,2025-11-01,1074.0
300200464_,341,2025-11-01,457.0
300200465_,342,2025-11-01,169.0
300200466_,343,2025-11-01,50.0
300200467_,344,2025-11-01,31.0
300200519_,345,2025-11-01,44.0
300200775_,346,2025-11-01,10.0
300200781_,347,2025-11-01,6.0
300200779_,348,2025-11-01,47.0
300200782_,349,2025-11-01,7.0
300200783_,350,2025-11-01,9.0
300100015_,351,2025-11-01,
300100006_,352,2025-11-01,2.0
300100003_,353,2025-11-01,2.0
300100012_,354,2025-11-01,
030200006_,355,2025-11-01,
030200008_,356,2025-11-01,34.0
030200005_,357,2025-11-01,2.0
030200007_,358,2025-11-01,2.0
030200015_,359,2025-11-01,-4.0
030200002_,360,2025-11-01,
030200003_,361,2025-11-01,3.0
030200009_,362,2025-11-01,
030200030_,363,2025-11-01,
030200031_,364,2025-11-01,
030200036_,365,2025-11-01,
030200038_,366,2025-11-01,
030200037_,367,2025-11-01,
030200039_,368,2025-11-01,
030200028_,369,2025-11-01,
030200029_,370,2025-11-01,
030200032_,371,2025-11-01,
030200034_,372,2025-11-01,
030200239_,373,2025-11-01,
030200240_,374,2025-11-01,
030200379_,375,2025-11-01,
030200026_,376,2025-11-01,
030200025_,377,2025-11-01,
030200027_,378,2025-11-01,1.0
030200052_,379,2025-11-01,
030200053_,380,2025-11-01,
030200054_,381,2025-11-01,
030200183_,382,2025-11-01,
030200191_,383,2025-11-01,
030200175_,384,2025-11-01,
030200176_,385,2025-11-01,15.0
030200247_,386,2025-11-01,22.0
030200246_,387,2025-11-01,9.0
030200243_,388,2025-11-01,
030200244_,389,2025-11-01,8.0
030200245_,390,2025-11-01,1.0
030200248_,391,2025-11-01,2.0
030200249_,392,2025-11-01,17.0
030200259_,393,2025-11-01,63.0
030200260_,394,2025-11-01,154.0
030200256_,395,2025-11-01,102.0
030200257_,396,2025-11-01,62.0
030200258_,397,2025-11-01,15.0
030200263_,398,2025-11-01,11.0
030200262_,399,2025-11-01,
030200265_,400,2025-11-01,2.0
030200261_,401,2025-11-01,
030200292_,402,2025-11-01,1.0
030200250_,403,2025-11-01,47.0
030200251_,404,2025-11-01,43.0
030200252_,405,2025-11-01,10.0
030200253_,406,2025-11-01,9.0
030200254_,407,2025-11-01,1.0
300200331_,408,2025-11-01,1172.0
300200296_,409,2025-11-01,479.0
300200283_,410,2025-11-01,63.0
300200302_,411,2025-11-01,281.0
300200333_,412,2025-11-01,559.0
300200288_,413,2025-11-01,19.0
300200284_,414,2025-11-01,38.0
300200767_,415,2025-11-01,
300200293_,416,2025-11-01,127.0
300200289_,417,2025-11-01,184.0
300200290_,418,2025-11-01,4.0
300200291_,419,2025-11-01,73.0
300200297_,420,2025-11-01,706.0
300200298_,421,2025-11-01,1203.0
300200299_,422,2025-11-01,6.0
300200294_,423,2025-11-01,118.0
300200286_,424,2025-11-01,5453.0
300200332_,425,2025-11-01,663.0
300200301_,426,2025-11-01,786.0
300200287_,427,2025-11-01,27.0
300200700_,428,2025-11-01,66.0
300200295_,429,2025-11-01,28.0
300200292_,430,2025-11-01,6.0
300200300_,431,2025-11-01,10.0
300200312_,432,2025-11-01,
300200303_,433,2025-11-01,3403.0
300200304_,434,2025-11-01,1578.0
300200305_,435,2025-11-01,644.0
300200306_,436,2025-11-01,248.0
300200307_,437,2025-11-01,97.0
300200310_,438,2025-11-01,2.0
300200311_,439,2025-11-01,150.0
300200308_,440,2025-11-01,38.0
300200309_,441,2025-11-01,21.0
300200313_,442,2025-11-01,22.0
300200498_,443,2025-11-01,81.0
ATN000108,444,2025-11-01,
300200314_,445,2025-11-01,4.0
ATN000109,446,2025-11-01,20.0
300200315_,447,2025-11-01,
300200771_,448,2025-11-01,40.0
300200316_,449,2025-11-01,
300200959_,450,2025-11-01,38.0
300200317_,451,2025-11-01,31.0
300200496_,452,2025-11-01,
300200346_,453,2025-11-01,
300200318_,454,2025-11-01,34.0
300200347_,455,2025-11-01,
300200319_,456,2025-11-01,602.0
300200320_,457,2025-11-01,141.0
300200321_,458,2025-11-01,43.0
300200322_,459,2025-11-01,172.0
300200323_,460,2025-11-01,481.0
300200324_,461,2025-11-01,1368.0
300200325_,462,2025-11-01,6.0
300200326_,463,2025-11-01,201.0
300200327_,464,2025-11-01,24.0
300200328_,465,2025-11-01,201.0
300200330_,466,2025-11-01,3.0
300200348_,467,2025-11-01,
300200350_,468,2025-11-01,
300200352_,469,2025-11-01,
300200430_,470,2025-11-01,18.0
300200588_,471,2025-11-01,67.0
300200443_,472,2025-11-01,22.0
300200432_,473,2025-11-01,13.0
300200444_,474,2025-11-01,3.0
300200449_,475,2025-11-01,3.0
300200447_,476,2025-11-01,
300200433_,477,2025-11-01,4.0
300200439_,478,2025-11-01,6.0
300200451_,479,2025-11-01,
300200448_,480,2025-11-01,
300200774_,481,2025-11-01,2.0
300200436_,482,2025-11-01,45.0
300200431_,483,2025-11-01,37.0
300200452_,484,2025-11-01,
300200434_,485,2025-11-01,16.0
300200429_,486,2025-11-01,1.0
300200632_,487,2025-11-01,48.0
300200441_,488,2025-11-01,1.0
300200450_,489,2025-11-01,
300200435_,490,2025-11-01,141.0
300200437_,491,2025-11-01,64.0
300200438_,492,2025-11-01,57.0
300200440_,493,2025-11-01,13.0
300200445_,494,2025-11-01,1.0
300200446_,495,2025-11-01,10.0
ATN000399,496,2025-11-01,21.0
300200592_,497,2025-11-01,93.0
300200366_,498,2025-11-01,
LNVA105011,499,2025-11-01,
300200595_,500,2025-11-01,13.0
030200097_,501,2025-11-01,
300200718_,502,2025-11-01,141.0
300200719_,503,2025-11-01,-50.0
300200720_,504,2025-11-01,47.0
300200721_,505,2025-11-01,9.0
300200722_,506,2025-11-01,
300200777_,507,2025-11-01,41.0
300200723_,508,2025-11-01,
300200724_,509,2025-11-01,
300200725_,510,2025-11-01,
300200726_,511,2025-11-01,28.0
300200727_,512,2025-11-01,
300200728_,513,2025-11-01,5.0
300200729_,514,2025-11-01,62.0
300200730_,515,2025-11-01,48.0
300200731_,516,2025-11-01,
300200732_,517,2025-11-01,
300200778_,518,2025-11-01,124.0
300200733_,519,2025-11-01,
300200734_,520,2025-11-01,
300200735_,521,2025-11-01,356.0
300200736_,522,2025-11-01,65.0
300200737_,523,2025-11-01,5.0
300200738_,524,2025-11-01,
300200742_,525,2025-11-01,160.0
300200739_,526,2025-11-01,2.0
300200743_,527,2025-11-01,18.0
300200740_,528,2025-11-01,17.0
300200741_,529,2025-11-01,14.0
300200744_,530,2025-11-01,72.0
300200745_,531,2025-11-01,173.0
300200746_,532,2025-11-01,103.0
300200747_,533,2025-11-01,
300200748_,534,2025-11-01,1.0
300200749_,535,2025-11-01,93.0
300200750_,536,2025-11-01,24.0
300200751_,537,2025-11-01,165.0
300200752_,538,2025-11-01,45.0
300200753_,539,2025-11-01,34.0
300200754_,540,2025-11-01,4.0
300200755_,541,2025-11-01,4.0
300200497_,542,2025-11-01,
030200226_,543,2025-11-01,77.0
030200223_,544,2025-11-01,1437.0
030200227_,545,2025-11-01,248.0
030200225_,546,2025-11-01,3541.0
030200224_,547,2025-11-01,1422.0
030200221_,548,2025-11-01,1538.0
030200222_,549,2025-11-01,222.0
300200473_,550,2025-11-01,
ATN000446,551,2025-11-01,1.0
ATN000389,552,2025-11-01,
130300026_,553,2025-11-01,104.0
130300027_,554,2025-11-01,420.0
130300028_,555,2025-11-01,100.0
030200203_,556,2025-11-01,791.0
030200128_,3,2025-12-01,
030200382_,4,2025-12-01,15.0
030200127_,5,2025-12-01,
030200141_,6,2025-12-01,
030200096_,7,2025-12-01,
030200072_,8,2025-12-01,134.0
030200093_,9,2025-12-01,110.0
030200135_,10,2025-12-01,38.0
030200136_,11,2025-12-01,100.0
030200134_,12,2025-12-01,1.0
030200094_,13,2025-12-01,
030200090_,14,2025-12-01,
030200095_,15,2025-12-01,
030200142_,16,2025-12-01,
280300174_,17,2025-12-01,227.0
030300013_,18,2025-12-01,
030200220_,19,2025-12-01,892.0
030200219_,20,2025-12-01,2129.0
030300078_,21,2025-12-01,
030300014_,22,2025-12-01,61.0
030200193_,23,2025-12-01,24955.0
030201459_,24,2025-12-01,
030200192_,25,2025-12-01,45625.0
030200201_,26,2025-12-01,17255.0
300200428_,27,2025-12-01,724.0
ATN544015,28,2025-12-01,
ATN540115,29,2025-12-01,
ATN000532,30,2025-12-01,
ATN001232,31,2025-12-01,
300201148_,32,2025-12-01,67.0
300201149_,33,2025-12-01,30.0
300201150_,34,2025-12-01,3.0
300201151_,35,2025-12-01,58.0
300201152_,36,2025-12-01,40.0
300201153_,37,2025-12-01,130.0
300201154_,38,2025-12-01,8.0
300201155_,39,2025-12-01,86.0
300200968_,40,2025-12-01,69.0
300200967_,41,2025-12-01,178.0
300200413_,42,2025-12-01,15.0
010400436_,43,2025-12-01,13.0
010400432_,44,2025-12-01,2.0
010400440_,45,2025-12-01,22.0
010400444_,46,2025-12-01,40.0
010400447_,47,2025-12-01,34.0
010400433_,48,2025-12-01,12.0
010400437_,49,2025-12-01,27.0
010400441_,50,2025-12-01,22.0
010400445_,51,2025-12-01,21.0
010400448_,52,2025-12-01,22.0
300200784_,53,2025-12-01,
300200785_,54,2025-12-01,1.0
300200786_,55,2025-12-01,
300200787_,56,2025-12-01,
300200788_,57,2025-12-01,
300200789_,58,2025-12-01,
300200790_,59,2025-12-01,4.0
300200791_,60,2025-12-01,1.0
300200792_,61,2025-12-01,
300200793_,62,2025-12-01,
300200794_,63,2025-12-01,
300200795_,64,2025-12-01,2.0
300200796_,65,2025-12-01,
300200797_,66,2025-12-01,
300200798_,67,2025-12-01,
300200799_,68,2025-12-01,
300200800_,69,2025-12-01,1.0
300200801_,70,2025-12-01,
300200802_,71,2025-12-01,
300200803_,72,2025-12-01,
300200804_,73,2025-12-01,
300200805_,74,2025-12-01,
300200806_,75,2025-12-01,
300200807_,76,2025-12-01,
300200808_,77,2025-12-01,
300200809_,78,2025-12-01,
300200810_,79,2025-12-01,172.0
300200811_,80,2025-12-01,6.0
300200812_,81,2025-12-01,78.0
300200813_,82,2025-12-01,
300200814_,83,2025-12-01,60.0
300200815_,84,2025-12-01,
300200816_,85,2025-12-01,10.0
300200817_,86,2025-12-01,20.0
300200818_,87,2025-12-01,6.0
300200819_,88,2025-12-01,
300200820_,89,2025-12-01,8.0
300200821_,90,2025-12-01,251.0
300200822_,91,2025-12-01,52.0
300200823_,92,2025-12-01,30.0
300200824_,93,2025-12-01,20.0
300200825_,94,2025-12-01,2.0
300200826_,95,2025-12-01,14.0
300200827_,96,2025-12-01,
300200828_,97,2025-12-01,
300200829_,98,2025-12-01,
300200830_,99,2025-12-01,2.0
300200831_,100,2025-12-01,
300200832_,101,2025-12-01,14.0
300200833_,102,2025-12-01,9.0
300200834_,103,2025-12-01,4.0
300200835_,104,2025-12-01,4.0
300200836_,105,2025-12-01,
300200837_,106,2025-12-01,
300200838_,107,2025-12-01,1.0
300200839_,108,2025-12-01,4.0
300200840_,109,2025-12-01,
300200841_,110,2025-12-01,
300200842_,111,2025-12-01,78.0
300200843_,112,2025-12-01,
300200844_,113,2025-12-01,
300200845_,114,2025-12-01,
300200846_,115,2025-12-01,64.0
300200847_,116,2025-12-01,8.0
300200848_,117,2025-12-01,6.0
300200849_,118,2025-12-01,
300200850_,119,2025-12-01,
300200851_,120,2025-12-01,
300200852_,121,2025-12-01,5.0
300200853_,122,2025-12-01,
300200854_,123,2025-12-01,
300200855_,124,2025-12-01,
300200856_,125,2025-12-01,124.0
300200857_,126,2025-12-01,24.0
300200858_,127,2025-12-01,
300200859_,128,2025-12-01,14.0
300200860_,129,2025-12-01,
300200861_,130,2025-12-01,22.0
300200862_,131,2025-12-01,22.0
300200863_,132,2025-12-01,
300200864_,133,2025-12-01,
300200865_,134,2025-12-01,
300200866_,135,2025-12-01,
300200867_,136,2025-12-01,1.0
300200868_,137,2025-12-01,32.0
300200869_,138,2025-12-01,47.0
300200870_,139,2025-12-01,13.0
300200871_,140,2025-12-01,14.0
300200872_,141,2025-12-01,1.0
300200873_,142,2025-12-01,20.0
300200874_,143,2025-12-01,
300200875_,144,2025-12-01,
300200876_,145,2025-12-01,
300200877_,146,2025-12-01,
300200878_,147,2025-12-01,
300200879_,148,2025-12-01,3.0
300200880_,149,2025-12-01,
300200881_,150,2025-12-01,1.0
300200882_,151,2025-12-01,1.0
300200883_,152,2025-12-01,
300200884_,153,2025-12-01,
300200885_,154,2025-12-01,
300200886_,155,2025-12-01,
300200887_,156,2025-12-01,33.0
300200888_,157,2025-12-01,4.0
300200889_,158,2025-12-01,1.0
300200890_,159,2025-12-01,6.0
300200892_,160,2025-12-01,1.0
300200893_,161,2025-12-01,
300200894_,162,2025-12-01,3.0
300200895_,163,2025-12-01,
300200896_,164,2025-12-01,
300200897_,165,2025-12-01,
300200898_,166,2025-12-01,36.0
300200899_,167,2025-12-01,24.0
300200900_,168,2025-12-01,6.0
300200901_,169,2025-12-01,2.0
300200902_,170,2025-12-01,
300200903_,171,2025-12-01,2.0
300200904_,172,2025-12-01,3.0
300200905_,173,2025-12-01,
300200906_,174,2025-12-01,
300200907_,175,2025-12-01,
300200908_,176,2025-12-01,
300200909_,177,2025-12-01,
300200910_,178,2025-12-01,88.0
300200911_,179,2025-12-01,
300200912_,180,2025-12-01,6.0
300200913_,181,2025-12-01,
300200914_,182,2025-12-01,4.0
300200915_,183,2025-12-01,
300200916_,184,2025-12-01,
300200917_,185,2025-12-01,4.0
300200918_,186,2025-12-01,
300200919_,187,2025-12-01,
300200920_,188,2025-12-01,1.0
300200921_,189,2025-12-01,70.0
300200922_,190,2025-12-01,2.0
300200923_,191,2025-12-01,20.0
300200924_,192,2025-12-01,1.0
300200925_,193,2025-12-01,
300200926_,194,2025-12-01,
300200927_,195,2025-12-01,
300200928_,196,2025-12-01,
300200929_,197,2025-12-01,
300200930_,198,2025-12-01,
300200931_,199,2025-12-01,
300200932_,200,2025-12-01,
300200933_,201,2025-12-01,20.0
300200934_,202,2025-12-01,16.0
300200935_,203,2025-12-01,
300200936_,204,2025-12-01,1.0
300200937_,205,2025-12-01,
300200938_,206,2025-12-01,
300200939_,207,2025-12-01,
300200940_,208,2025-12-01,
300200941_,209,2025-12-01,2.0
300200942_,210,2025-12-01,100.0
300200943_,211,2025-12-01,
300200944_,212,2025-12-01,
300200945_,213,2025-12-01,27.0
300200946_,214,2025-12-01,58.0
300200947_,215,2025-12-01,3.0
300200948_,216,2025-12-01,1.0
300200949_,217,2025-12-01,1.0
300200950_,218,2025-12-01,
300200951_,219,2025-12-01,
300200952_,220,2025-12-01,
300200953_,221,2025-12-01,
300200954_,222,2025-12-01,
300200955_,223,2025-12-01,
300200371_,224,2025-12-01,13.0
300200420_,225,2025-12-01,7.0
300200375_,226,2025-12-01,16.0
300200422_,227,2025-12-01,2.0
300200363_,228,2025-12-01,
300200368_,229,2025-12-01,3.0
300200367_,230,2025-12-01,
300200426_,231,2025-12-01,
300200424_,232,2025-12-01,1.0
300200372_,233,2025-12-01,23.0
300200373_,234,2025-12-01,1.0
300200418_,235,2025-12-01,2.0
300200365_,236,2025-12-01,171.0
300200364_,237,2025-12-01,3.0
300200374_,238,2025-12-01,12.0
300200370_,239,2025-12-01,1.0
300200425_,240,2025-12-01,
300200419_,241,2025-12-01,
300200376_,242,2025-12-01,54.0
300200377_,243,2025-12-01,54.0
300200378_,244,2025-12-01,12.0
300200379_,245,2025-12-01,4.0
300200380_,246,2025-12-01,2.0
300200421_,247,2025-12-01,12.0
щщщ0116254,248,2025-12-01,
300200520_,249,2025-12-01,389.0
300200521_,250,2025-12-01,59.0
300200522_,251,2025-12-01,
300200523_,252,2025-12-01,31.0
300200524_,253,2025-12-01,
300200525_,254,2025-12-01,11.0
300200526_,255,2025-12-01,28.0
300200527_,256,2025-12-01,25.0
300200529_,257,2025-12-01,5.0
300200530_,258,2025-12-01,
300200531_,259,2025-12-01,4.0
300200532_,260,2025-12-01,
300200533_,261,2025-12-01,
300200534_,262,2025-12-01,
300200535_,263,2025-12-01,
300200536_,264,2025-12-01,305.0
300200537_,265,2025-12-01,90.0
300200538_,266,2025-12-01,32.0
300200539_,267,2025-12-01,6.0
300200540_,268,2025-12-01,5.0
300200541_,269,2025-12-01,1.0
300200542_,270,2025-12-01,794.0
300200624_,271,2025-12-01,38.0
300200704_,272,2025-12-01,
300200543_,273,2025-12-01,57.0
300200544_,274,2025-12-01,
300200545_,275,2025-12-01,30.0
300200593_,276,2025-12-01,98.0
300200546_,277,2025-12-01,1.0
300200547_,278,2025-12-01,5.0
300200548_,279,2025-12-01,57.0
300200549_,280,2025-12-01,38.0
300200550_,281,2025-12-01,
300200551_,282,2025-12-01,5.0
300200773_,283,2025-12-01,5.0
300200552_,284,2025-12-01,3.0
300200553_,285,2025-12-01,48.0
300200554_,286,2025-12-01,16.0
300200555_,287,2025-12-01,4.0
300200556_,288,2025-12-01,3.0
300200557_,289,2025-12-01,6.0
300200558_,290,2025-12-01,475.0
300200559_,291,2025-12-01,232.0
300200560_,292,2025-12-01,111.0
300200561_,293,2025-12-01,30.0
300200562_,294,2025-12-01,15.0
300200563_,295,2025-12-01,8.0
300200564_,296,2025-12-01,80.0
300200565_,297,2025-12-01,9.0
300200590_,298,2025-12-01,19.0
300200566_,299,2025-12-01,
300200567_,300,2025-12-01,4.0
300200591_,301,2025-12-01,
300200568_,302,2025-12-01,1.0
300200569_,303,2025-12-01,4.0
300200570_,304,2025-12-01,1.0
300200571_,305,2025-12-01,2.0
300200572_,306,2025-12-01,
300200573_,307,2025-12-01,
300200574_,308,2025-12-01,20.0
300200575_,309,2025-12-01,2.0
300200511_,310,2025-12-01,
300200576_,311,2025-12-01,1.0
300200776_,312,2025-12-01,4.0
300200577_,313,2025-12-01,
300200579_,314,2025-12-01,31.0
300200580_,315,2025-12-01,39.0
300200581_,316,2025-12-01,5.0
300200582_,317,2025-12-01,6.0
300200583_,318,2025-12-01,5.0
300200584_,319,2025-12-01,
300200343_,320,2025-12-01,2172.0
020100163_,321,2025-12-01,57.0
300200459_,322,2025-12-01,94.0
020100158_,323,2025-12-01,439.0
020100159_,324,2025-12-01,22.0
300200460_,325,2025-12-01,66.0
020100160_,326,2025-12-01,255.0
020100161_,327,2025-12-01,15.0
300200461_,328,2025-12-01,32.0
300200472_,329,2025-12-01,167.0
300200462_,330,2025-12-01,92.0
300200517_,331,2025-12-01,
020100162_,332,2025-12-01,9.0
300200772_,333,2025-12-01,11.0
300200468_,334,2025-12-01,32.0
300200515_,335,2025-12-01,120.0
300200518_,336,2025-12-01,7.0
300200516_,337,2025-12-01,268.0
300200471_,338,2025-12-01,3.0
300200470_,339,2025-12-01,
300200463_,340,2025-12-01,1429.0
300200464_,341,2025-12-01,600.0
300200465_,342,2025-12-01,272.0
300200466_,343,2025-12-01,54.0
300200467_,344,2025-12-01,31.0
300200519_,345,2025-12-01,54.0
300200775_,346,2025-12-01,4.0
300200781_,347,2025-12-01,3.0
300200779_,348,2025-12-01,69.0
300200782_,349,2025-12-01,12.0
300200783_,350,2025-12-01,
300100015_,351,2025-12-01,
300100006_,352,2025-12-01,
300100003_,353,2025-12-01,
300100012_,354,2025-12-01,
030200006_,355,2025-12-01,8.0
030200008_,356,2025-12-01,39.0
030200005_,357,2025-12-01,11.0
030200007_,358,2025-12-01,
030200015_,359,2025-12-01,
030200002_,360,2025-12-01,
030200003_,361,2025-12-01,1.0
030200009_,362,2025-12-01,
030200030_,363,2025-12-01,
030200031_,364,2025-12-01,
030200036_,365,2025-12-01,
030200038_,366,2025-12-01,
030200037_,367,2025-12-01,
030200039_,368,2025-12-01,
030200028_,369,2025-12-01,
030200029_,370,2025-12-01,
030200032_,371,2025-12-01,
030200034_,372,2025-12-01,
030200239_,373,2025-12-01,
030200240_,374,2025-12-01,
030200379_,375,2025-12-01,
030200026_,376,2025-12-01,
030200025_,377,2025-12-01,
030200027_,378,2025-12-01,
030200052_,379,2025-12-01,
030200053_,380,2025-12-01,
030200054_,381,2025-12-01,
030200183_,382,2025-12-01,
030200191_,383,2025-12-01,
030200175_,384,2025-12-01,
030200176_,385,2025-12-01,
030200247_,386,2025-12-01,
030200246_,387,2025-12-01,46.0
030200243_,388,2025-12-01,4.0
030200244_,389,2025-12-01,23.0
030200245_,390,2025-12-01,2.0
030200248_,391,2025-12-01,23.0
030200249_,392,2025-12-01,10.0
030200259_,393,2025-12-01,8.0
030200260_,394,2025-12-01,103.0
030200256_,395,2025-12-01,156.0
030200257_,396,2025-12-01,38.0
030200258_,397,2025-12-01,22.0
030200263_,398,2025-12-01,-1.0
030200262_,399,2025-12-01,
030200265_,400,2025-12-01,
030200261_,401,2025-12-01,
030200292_,402,2025-12-01,6.0
030200250_,403,2025-12-01,66.0
030200251_,404,2025-12-01,25.0
030200252_,405,2025-12-01,13.0
030200253_,406,2025-12-01,1.0
030200254_,407,2025-12-01,2.0
300200331_,408,2025-12-01,1185.0
300200296_,409,2025-12-01,459.0
300200283_,410,2025-12-01,23.0
300200302_,411,2025-12-01,254.0
300200333_,412,2025-12-01,802.0
300200288_,413,2025-12-01,16.0
300200284_,414,2025-12-01,73.0
300200767_,415,2025-12-01,3.0
300200293_,416,2025-12-01,129.0
300200289_,417,2025-12-01,140.0
300200290_,418,2025-12-01,4.0
300200291_,419,2025-12-01,30.0
300200297_,420,2025-12-01,325.0
300200298_,421,2025-12-01,742.0
300200299_,422,2025-12-01,2.0
300200294_,423,2025-12-01,129.0
300200286_,424,2025-12-01,7214.0
300200332_,425,2025-12-01,466.0
300200301_,426,2025-12-01,448.0
300200287_,427,2025-12-01,28.0
300200700_,428,2025-12-01,20.0
300200295_,429,2025-12-01,30.0
300200292_,430,2025-12-01,8.0
300200300_,431,2025-12-01,2.0
300200312_,432,2025-12-01,7.0
300200303_,433,2025-12-01,3830.0
300200304_,434,2025-12-01,1740.0
300200305_,435,2025-12-01,574.0
300200306_,436,2025-12-01,523.0
300200307_,437,2025-12-01,32.0
300200310_,438,2025-12-01,6.0
300200311_,439,2025-12-01,139.0
300200308_,440,2025-12-01,59.0
300200309_,441,2025-12-01,20.0
300200313_,442,2025-12-01,22.0
300200498_,443,2025-12-01,173.0
ATN000108,444,2025-12-01,
300200314_,445,2025-12-01,2.0
ATN000109,446,2025-12-01,
300200315_,447,2025-12-01,
300200771_,448,2025-12-01,13.0
300200316_,449,2025-12-01,3.0
300200959_,450,2025-12-01,70.0
300200317_,451,2025-12-01,5.0
300200496_,452,2025-12-01,12.0
300200346_,453,2025-12-01,2.0
300200318_,454,2025-12-01,7.0
300200347_,455,2025-12-01,1.0
300200319_,456,2025-12-01,507.0
300200320_,457,2025-12-01,55.0
300200321_,458,2025-12-01,24.0
300200322_,459,2025-12-01,41.0
300200323_,460,2025-12-01,835.0
300200324_,461,2025-12-01,955.0
300200325_,462,2025-12-01,37.0
300200326_,463,2025-12-01,358.0
300200327_,464,2025-12-01,70.0
300200328_,465,2025-12-01,335.0
300200330_,466,2025-12-01,2.0
300200348_,467,2025-12-01,1.0
300200350_,468,2025-12-01,
300200352_,469,2025-12-01,
300200430_,470,2025-12-01,132.0
300200588_,471,2025-12-01,120.0
300200443_,472,2025-12-01,11.0
300200432_,473,2025-12-01,46.0
300200444_,474,2025-12-01,
300200449_,475,2025-12-01,
300200447_,476,2025-12-01,
300200433_,477,2025-12-01,22.0
300200439_,478,2025-12-01,18.0
300200451_,479,2025-12-01,
300200448_,480,2025-12-01,
300200774_,481,2025-12-01,
300200436_,482,2025-12-01,75.0
300200431_,483,2025-12-01,31.0
300200452_,484,2025-12-01,
300200434_,485,2025-12-01,9.0
300200429_,486,2025-12-01,10.0
300200632_,487,2025-12-01,27.0
300200441_,488,2025-12-01,
300200450_,489,2025-12-01,
300200435_,490,2025-12-01,316.0
300200437_,491,2025-12-01,31.0
300200438_,492,2025-12-01,123.0
300200440_,493,2025-12-01,11.0
300200445_,494,2025-12-01,1.0
300200446_,495,2025-12-01,
ATN000399,496,2025-12-01,
300200592_,497,2025-12-01,159.0
300200366_,498,2025-12-01,
LNVA105011,499,2025-12-01,20.0
300200595_,500,2025-12-01,22.0
030200097_,501,2025-12-01,
300200718_,502,2025-12-01,350.0
300200719_,503,2025-12-01,20.0
300200720_,504,2025-12-01,41.0
300200721_,505,2025-12-01,8.0
300200722_,506,2025-12-01,32.0
300200777_,507,2025-12-01,19.0
300200723_,508,2025-12-01,8.0
300200724_,509,2025-12-01,6.0
300200725_,510,2025-12-01,10.0
300200726_,511,2025-12-01,15.0
300200727_,512,2025-12-01,
300200728_,513,2025-12-01,3.0
300200729_,514,2025-12-01,11.0
300200730_,515,2025-12-01,35.0
300200731_,516,2025-12-01,4.0
300200732_,517,2025-12-01,7.0
300200778_,518,2025-12-01,
300200733_,519,2025-12-01,2.0
300200734_,520,2025-12-01,
300200735_,521,2025-12-01,109.0
300200736_,522,2025-12-01,107.0
300200737_,523,2025-12-01,61.0
300200738_,524,2025-12-01,20.0
300200742_,525,2025-12-01,121.0
300200739_,526,2025-12-01,
300200743_,527,2025-12-01,41.0
300200740_,528,2025-12-01,11.0
300200741_,529,2025-12-01,15.0
300200744_,530,2025-12-01,64.0
300200745_,531,2025-12-01,77.0
300200746_,532,2025-12-01,147.0
300200747_,533,2025-12-01,
300200748_,534,2025-12-01,1.0
300200749_,535,2025-12-01,52.0
300200750_,536,2025-12-01,14.0
300200751_,537,2025-12-01,91.0
300200752_,538,2025-12-01,147.0
300200753_,539,2025-12-01,45.0
300200754_,540,2025-12-01,4.0
300200755_,541,2025-12-01,4.0
300200497_,542,2025-12-01,
030200226_,543,2025-12-01,307.0
030200223_,544,2025-12-01,244.0
030200227_,545,2025-12-01,573.0
030200225_,546,2025-12-01,715.0
030200224_,547,2025-12-01,2041.0
030200221_,548,2025-12-01,593.0
030200222_,549,2025-12-01,700.0
300200473_,550,2025-12-01,
ATN000446,551,2025-12-01,6.0
ATN000389,552,2025-12-01,
130300026_,553,2025-12-01,949.0
130300027_,554,2025-12-01,176.0
130300028_,555,2025-12-01,524.0
030200203_,556,2025-12-01,1016.0
030200128_,3,2026-01-01,
030200382_,4,2026-01-01,8.0
030200127_,5,2026-01-01,
030200141_,6,2026-01-01,2.0
030200096_,7,2026-01-01,
030200072_,8,2026-01-01,
030200093_,9,2026-01-01,278.0
030200135_,10,2026-01-01,2.0
030200136_,11,2026-01-01,82.0
030200134_,12,2026-01-01,2.0
030200094_,13,2026-01-01,
030200090_,14,2026-01-01,
030200095_,15,2026-01-01,
030200142_,16,2026-01-01,
280300174_,17,2026-01-01,878.0
030300013_,18,2026-01-01,8.0
030200220_,19,2026-01-01,860.0
030200219_,20,2026-01-01,2278.0
030300078_,21,2026-01-01,
030300014_,22,2026-01-01,301.0
030200193_,23,2026-01-01,18659.0
030201459_,24,2026-01-01,
030200192_,25,2026-01-01,35240.0
030200201_,26,2026-01-01,17268.0
300200428_,27,2026-01-01,111.0
ATN544015,28,2026-01-01,
ATN540115,29,2026-01-01,
ATN000532,30,2026-01-01,
ATN001232,31,2026-01-01,
300201148_,32,2026-01-01,38.0
300201149_,33,2026-01-01,8.0
300201150_,34,2026-01-01,5.0
300201151_,35,2026-01-01,10.0
300201152_,36,2026-01-01,11.0
300201153_,37,2026-01-01,29.0
300201154_,38,2026-01-01,2.0
300201155_,39,2026-01-01,45.0
300200968_,40,2026-01-01,45.0
300200967_,41,2026-01-01,106.0
300200413_,42,2026-01-01,9.0
010400436_,43,2026-01-01,11.0
010400432_,44,2026-01-01,5.0
010400440_,45,2026-01-01,19.0
010400444_,46,2026-01-01,33.0
010400447_,47,2026-01-01,27.0
010400433_,48,2026-01-01,3.0
010400437_,49,2026-01-01,24.0
010400441_,50,2026-01-01,6.0
010400445_,51,2026-01-01,20.0
010400448_,52,2026-01-01,11.0
300200784_,53,2026-01-01,
300200785_,54,2026-01-01,
300200786_,55,2026-01-01,
300200787_,56,2026-01-01,
300200788_,57,2026-01-01,2.0
300200789_,58,2026-01-01,1.0
300200790_,59,2026-01-01,
300200791_,60,2026-01-01,
300200792_,61,2026-01-01,
300200793_,62,2026-01-01,
300200794_,63,2026-01-01,
300200795_,64,2026-01-01,3.0
300200796_,65,2026-01-01,
300200797_,66,2026-01-01,
300200798_,67,2026-01-01,
300200799_,68,2026-01-01,
300200800_,69,2026-01-01,
300200801_,70,2026-01-01,2.0
300200802_,71,2026-01-01,
300200803_,72,2026-01-01,1.0
300200804_,73,2026-01-01,
300200805_,74,2026-01-01,
300200806_,75,2026-01-01,
300200807_,76,2026-01-01,
300200808_,77,2026-01-01,
300200809_,78,2026-01-01,
300200810_,79,2026-01-01,159.0
300200811_,80,2026-01-01,
300200812_,81,2026-01-01,45.0
300200813_,82,2026-01-01,
300200814_,83,2026-01-01,27.0
300200815_,84,2026-01-01,
300200816_,85,2026-01-01,2.0
300200817_,86,2026-01-01,25.0
300200818_,87,2026-01-01,
300200819_,88,2026-01-01,
300200820_,89,2026-01-01,
300200821_,90,2026-01-01,73.0
300200822_,91,2026-01-01,43.0
300200823_,92,2026-01-01,29.0
300200824_,93,2026-01-01,6.0
300200825_,94,2026-01-01,1.0
300200826_,95,2026-01-01,6.0
300200827_,96,2026-01-01,
300200828_,97,2026-01-01,
300200829_,98,2026-01-01,
300200830_,99,2026-01-01,
300200831_,100,2026-01-01,
300200832_,101,2026-01-01,
300200833_,102,2026-01-01,17.0
300200834_,103,2026-01-01,3.0
300200835_,104,2026-01-01,7.0
300200836_,105,2026-01-01,
300200837_,106,2026-01-01,
300200838_,107,2026-01-01,5.0
300200839_,108,2026-01-01,
300200840_,109,2026-01-01,1.0
300200841_,110,2026-01-01,
300200842_,111,2026-01-01,90.0
300200843_,112,2026-01-01,
300200844_,113,2026-01-01,
300200845_,114,2026-01-01,
300200846_,115,2026-01-01,80.0
300200847_,116,2026-01-01,30.0
300200848_,117,2026-01-01,6.0
300200849_,118,2026-01-01,2.0
300200850_,119,2026-01-01,
300200851_,120,2026-01-01,4.0
300200852_,121,2026-01-01,
300200853_,122,2026-01-01,
300200854_,123,2026-01-01,
300200855_,124,2026-01-01,
300200856_,125,2026-01-01,91.0
300200857_,126,2026-01-01,13.0
300200858_,127,2026-01-01,
300200859_,128,2026-01-01,19.0
300200860_,129,2026-01-01,
300200861_,130,2026-01-01,2.0
300200862_,131,2026-01-01,
300200863_,132,2026-01-01,
300200864_,133,2026-01-01,
300200865_,134,2026-01-01,
300200866_,135,2026-01-01,
300200867_,136,2026-01-01,
300200868_,137,2026-01-01,22.0
300200869_,138,2026-01-01,23.0
300200870_,139,2026-01-01,9.0
300200871_,140,2026-01-01,5.0
300200872_,141,2026-01-01,2.0
300200873_,142,2026-01-01,2.0
300200874_,143,2026-01-01,
300200875_,144,2026-01-01,
300200876_,145,2026-01-01,
300200877_,146,2026-01-01,
300200878_,147,2026-01-01,
300200879_,148,2026-01-01,
300200880_,149,2026-01-01,3.0
300200881_,150,2026-01-01,
300200882_,151,2026-01-01,
300200883_,152,2026-01-01,
300200884_,153,2026-01-01,
300200885_,154,2026-01-01,
300200886_,155,2026-01-01,
300200887_,156,2026-01-01,77.0
300200888_,157,2026-01-01,7.0
300200889_,158,2026-01-01,
300200890_,159,2026-01-01,9.0
300200892_,160,2026-01-01,4.0
300200893_,161,2026-01-01,8.0
300200894_,162,2026-01-01,
300200895_,163,2026-01-01,6.0
300200896_,164,2026-01-01,7.0
300200897_,165,2026-01-01,
300200898_,166,2026-01-01,59.0
300200899_,167,2026-01-01,25.0
300200900_,168,2026-01-01,6.0
300200901_,169,2026-01-01,1.0
300200902_,170,2026-01-01,2.0
300200903_,171,2026-01-01,
300200904_,172,2026-01-01,
300200905_,173,2026-01-01,
300200906_,174,2026-01-01,
300200907_,175,2026-01-01,
300200908_,176,2026-01-01,
300200909_,177,2026-01-01,
300200910_,178,2026-01-01,4.0
300200911_,179,2026-01-01,
300200912_,180,2026-01-01,1.0
300200913_,181,2026-01-01,
300200914_,182,2026-01-01,
300200915_,183,2026-01-01,
300200916_,184,2026-01-01,
300200917_,185,2026-01-01,
300200918_,186,2026-01-01,
300200919_,187,2026-01-01,
300200920_,188,2026-01-01,
300200921_,189,2026-01-01,5.0
300200922_,190,2026-01-01,
300200923_,191,2026-01-01,10.0
300200924_,192,2026-01-01,
300200925_,193,2026-01-01,
300200926_,194,2026-01-01,
300200927_,195,2026-01-01,
300200928_,196,2026-01-01,
300200929_,197,2026-01-01,
300200930_,198,2026-01-01,
300200931_,199,2026-01-01,
300200932_,200,2026-01-01,
300200933_,201,2026-01-01,45.0
300200934_,202,2026-01-01,14.0
300200935_,203,2026-01-01,
300200936_,204,2026-01-01,17.0
300200937_,205,2026-01-01,
300200938_,206,2026-01-01,7.0
300200939_,207,2026-01-01,12.0
300200940_,208,2026-01-01,
300200941_,209,2026-01-01,
300200942_,210,2026-01-01,80.0
300200943_,211,2026-01-01,
300200944_,212,2026-01-01,4.0
300200945_,213,2026-01-01,52.0
300200946_,214,2026-01-01,25.0
300200947_,215,2026-01-01,13.0
300200948_,216,2026-01-01,8.0
300200949_,217,2026-01-01,
300200950_,218,2026-01-01,8.0
300200951_,219,2026-01-01,1.0
300200952_,220,2026-01-01,
300200953_,221,2026-01-01,2.0
300200954_,222,2026-01-01,
300200955_,223,2026-01-01,
300200371_,224,2026-01-01,6.0
300200420_,225,2026-01-01,
300200375_,226,2026-01-01,19.0
300200422_,227,2026-01-01,
300200363_,228,2026-01-01,1.0
300200368_,229,2026-01-01,4.0
300200367_,230,2026-01-01,2.0
300200426_,231,2026-01-01,
300200424_,232,2026-01-01,
300200372_,233,2026-01-01,2.0
300200373_,234,2026-01-01,25.0
300200418_,235,2026-01-01,1.0
300200365_,236,2026-01-01,130.0
300200364_,237,2026-01-01,6.0
300200374_,238,2026-01-01,
300200370_,239,2026-01-01,
300200425_,240,2026-01-01,
300200419_,241,2026-01-01,
300200376_,242,2026-01-01,97.0
300200377_,243,2026-01-01,51.0
300200378_,244,2026-01-01,5.0
300200379_,245,2026-01-01,4.0
300200380_,246,2026-01-01,
300200421_,247,2026-01-01,2.0
щщщ0116254,248,2026-01-01,
300200520_,249,2026-01-01,42.0
300200521_,250,2026-01-01,8.0
300200522_,251,2026-01-01,
300200523_,252,2026-01-01,3.0
300200524_,253,2026-01-01,5.0
300200525_,254,2026-01-01,
300200526_,255,2026-01-01,1.0
300200527_,256,2026-01-01,
300200529_,257,2026-01-01,
300200530_,258,2026-01-01,15.0
300200531_,259,2026-01-01,
300200532_,260,2026-01-01,
300200533_,261,2026-01-01,
300200534_,262,2026-01-01,
300200535_,263,2026-01-01,
300200536_,264,2026-01-01,17.0
300200537_,265,2026-01-01,15.0
300200538_,266,2026-01-01,1.0
300200539_,267,2026-01-01,32.0
300200540_,268,2026-01-01,1.0
300200541_,269,2026-01-01,
300200542_,270,2026-01-01,157.0
300200624_,271,2026-01-01,1.0
300200704_,272,2026-01-01,7.0
300200543_,273,2026-01-01,9.0
300200544_,274,2026-01-01,
300200545_,275,2026-01-01,7.0
300200593_,276,2026-01-01,17.0
300200546_,277,2026-01-01,1.0
300200547_,278,2026-01-01,5.0
300200548_,279,2026-01-01,5.0
300200549_,280,2026-01-01,3.0
300200550_,281,2026-01-01,
300200551_,282,2026-01-01,
300200773_,283,2026-01-01,
300200552_,284,2026-01-01,
300200553_,285,2026-01-01,10.0
300200554_,286,2026-01-01,
300200555_,287,2026-01-01,2.0
300200556_,288,2026-01-01,
300200557_,289,2026-01-01,
300200558_,290,2026-01-01,163.0
300200559_,291,2026-01-01,66.0
300200560_,292,2026-01-01,22.0
300200561_,293,2026-01-01,2.0
300200562_,294,2026-01-01,
300200563_,295,2026-01-01,2.0
300200564_,296,2026-01-01,68.0
300200565_,297,2026-01-01,12.0
300200590_,298,2026-01-01,36.0
300200566_,299,2026-01-01,
300200567_,300,2026-01-01,
300200591_,301,2026-01-01,13.0
300200568_,302,2026-01-01,
300200569_,303,2026-01-01,
300200570_,304,2026-01-01,11.0
300200571_,305,2026-01-01,6.0
300200572_,306,2026-01-01,
300200573_,307,2026-01-01,
300200574_,308,2026-01-01,5.0
300200575_,309,2026-01-01,
300200511_,310,2026-01-01,
300200576_,311,2026-01-01,6.0
300200776_,312,2026-01-01,
300200577_,313,2026-01-01,
300200579_,314,2026-01-01,110.0
300200580_,315,2026-01-01,36.0
300200581_,316,2026-01-01,13.0
300200582_,317,2026-01-01,12.0
300200583_,318,2026-01-01,
300200584_,319,2026-01-01,
300200343_,320,2026-01-01,983.0
020100163_,321,2026-01-01,31.0
300200459_,322,2026-01-01,25.0
020100158_,323,2026-01-01,179.0
020100159_,324,2026-01-01,
300200460_,325,2026-01-01,35.0
020100160_,326,2026-01-01,130.0
020100161_,327,2026-01-01,
300200461_,328,2026-01-01,23.0
300200472_,329,2026-01-01,16.0
300200462_,330,2026-01-01,35.0
300200517_,331,2026-01-01,
020100162_,332,2026-01-01,15.0
300200772_,333,2026-01-01,12.0
300200468_,334,2026-01-01,25.0
300200515_,335,2026-01-01,29.0
300200518_,336,2026-01-01,14.0
300200516_,337,2026-01-01,22.0
300200471_,338,2026-01-01,1.0
300200470_,339,2026-01-01,5.0
300200463_,340,2026-01-01,455.0
300200464_,341,2026-01-01,365.0
300200465_,342,2026-01-01,127.0
300200466_,343,2026-01-01,33.0
300200467_,344,2026-01-01,2.0
300200519_,345,2026-01-01,53.0
300200775_,346,2026-01-01,
300200781_,347,2026-01-01,
300200779_,348,2026-01-01,19.0
300200782_,349,2026-01-01,
300200783_,350,2026-01-01,1.0
300100015_,351,2026-01-01,
300100006_,352,2026-01-01,
300100003_,353,2026-01-01,
300100012_,354,2026-01-01,
030200006_,355,2026-01-01,
030200008_,356,2026-01-01,6.0
030200005_,357,2026-01-01,11.0
030200007_,358,2026-01-01,
030200015_,359,2026-01-01,
030200002_,360,2026-01-01,
030200003_,361,2026-01-01,4.0
030200009_,362,2026-01-01,
030200030_,363,2026-01-01,
030200031_,364,2026-01-01,
030200036_,365,2026-01-01,
030200038_,366,2026-01-01,
030200037_,367,2026-01-01,
030200039_,368,2026-01-01,2.0
030200028_,369,2026-01-01,
030200029_,370,2026-01-01,
030200032_,371,2026-01-01,
030200034_,372,2026-01-01,
030200239_,373,2026-01-01,
030200240_,374,2026-01-01,1.0
030200379_,375,2026-01-01,
030200026_,376,2026-01-01,
030200025_,377,2026-01-01,
030200027_,378,2026-01-01,
030200052_,379,2026-01-01,
030200053_,380,2026-01-01,
030200054_,381,2026-01-01,
030200183_,382,2026-01-01,
030200191_,383,2026-01-01,1.0
030200175_,384,2026-01-01,
030200176_,385,2026-01-01,1.0
030200247_,386,2026-01-01,
030200246_,387,2026-01-01,
030200243_,388,2026-01-01,
030200244_,389,2026-01-01,
030200245_,390,2026-01-01,
030200248_,391,2026-01-01,11.0
030200249_,392,2026-01-01,2.0
030200259_,393,2026-01-01,10.0
030200260_,394,2026-01-01,
030200256_,395,2026-01-01,8.0
030200257_,396,2026-01-01,
030200258_,397,2026-01-01,
030200263_,398,2026-01-01,
030200262_,399,2026-01-01,
030200265_,400,2026-01-01,
030200261_,401,2026-01-01,
030200292_,402,2026-01-01,
030200250_,403,2026-01-01,
030200251_,404,2026-01-01,
030200252_,405,2026-01-01,
030200253_,406,2026-01-01,
030200254_,407,2026-01-01,
300200331_,408,2026-01-01,1043.0
300200296_,409,2026-01-01,407.0
300200283_,410,2026-01-01,84.0
300200302_,411,2026-01-01,210.0
300200333_,412,2026-01-01,573.0
300200288_,413,2026-01-01,36.0
300200284_,414,2026-01-01,15.0
300200767_,415,2026-01-01,2.0
300200293_,416,2026-01-01,135.0
300200289_,417,2026-01-01,212.0
300200290_,418,2026-01-01,10.0
300200291_,419,2026-01-01,51.0
300200297_,420,2026-01-01,507.0
300200298_,421,2026-01-01,782.0
300200299_,422,2026-01-01,
300200294_,423,2026-01-01,5.0
300200286_,424,2026-01-01,4211.0
300200332_,425,2026-01-01,560.0
300200301_,426,2026-01-01,790.0
300200287_,427,2026-01-01,
300200700_,428,2026-01-01,49.0
300200295_,429,2026-01-01,5.0
300200292_,430,2026-01-01,25.0
300200300_,431,2026-01-01,
300200312_,432,2026-01-01,
300200303_,433,2026-01-01,2600.0
300200304_,434,2026-01-01,1471.0
300200305_,435,2026-01-01,668.0
300200306_,436,2026-01-01,259.0
300200307_,437,2026-01-01,9.0
300200310_,438,2026-01-01,
300200311_,439,2026-01-01,155.0
300200308_,440,2026-01-01,2.0
300200309_,441,2026-01-01,6.0
300200313_,442,2026-01-01,25.0
300200498_,443,2026-01-01,209.0
ATN000108,444,2026-01-01,3.0
300200314_,445,2026-01-01,21.0
ATN000109,446,2026-01-01,
300200315_,447,2026-01-01,
300200771_,448,2026-01-01,30.0
300200316_,449,2026-01-01,8.0
300200959_,450,2026-01-01,24.0
300200317_,451,2026-01-01,82.0
300200496_,452,2026-01-01,1.0
300200346_,453,2026-01-01,35.0
300200318_,454,2026-01-01,68.0
300200347_,455,2026-01-01,
300200319_,456,2026-01-01,268.0
300200320_,457,2026-01-01,145.0
300200321_,458,2026-01-01,4.0
300200322_,459,2026-01-01,45.0
300200323_,460,2026-01-01,357.0
300200324_,461,2026-01-01,996.0
300200325_,462,2026-01-01,50.0
300200326_,463,2026-01-01,533.0
300200327_,464,2026-01-01,21.0
300200328_,465,2026-01-01,303.0
300200330_,466,2026-01-01,1.0
300200348_,467,2026-01-01,2.0
300200350_,468,2026-01-01,
300200352_,469,2026-01-01,
300200430_,470,2026-01-01,25.0
300200588_,471,2026-01-01,17.0
300200443_,472,2026-01-01,
300200432_,473,2026-01-01,10.0
300200444_,474,2026-01-01,
300200449_,475,2026-01-01,
300200447_,476,2026-01-01,2.0
300200433_,477,2026-01-01,2.0
300200439_,478,2026-01-01,10.0
300200451_,479,2026-01-01,
300200448_,480,2026-01-01,
300200774_,481,2026-01-01,
300200436_,482,2026-01-01,62.0
300200431_,483,2026-01-01,27.0
300200452_,484,2026-01-01,
300200434_,485,2026-01-01,3.0
300200429_,486,2026-01-01,55.0
300200632_,487,2026-01-01,12.0
300200441_,488,2026-01-01,
300200450_,489,2026-01-01,
300200435_,490,2026-01-01,275.0
300200437_,491,2026-01-01,52.0
300200438_,492,2026-01-01,5.0
300200440_,493,2026-01-01,1.0
300200445_,494,2026-01-01,
300200446_,495,2026-01-01,
ATN000399,496,2026-01-01,1.0
300200592_,497,2026-01-01,24.0
300200366_,498,2026-01-01,
LNVA105011,499,2026-01-01,2.0
300200595_,500,2026-01-01,
030200097_,501,2026-01-01,
300200718_,502,2026-01-01,105.0
300200719_,503,2026-01-01,26.0
300200720_,504,2026-01-01,50.0
300200721_,505,2026-01-01,1.0
300200722_,506,2026-01-01,18.0
300200777_,507,2026-01-01,8.0
300200723_,508,2026-01-01,4.0
300200724_,509,2026-01-01,
300200725_,510,2026-01-01,4.0
300200726_,511,2026-01-01,13.0
300200727_,512,2026-01-01,
300200728_,513,2026-01-01,
300200729_,514,2026-01-01,6.0
300200730_,515,2026-01-01,6.0
300200731_,516,2026-01-01,
300200732_,517,2026-01-01,32.0
300200778_,518,2026-01-01,75.0
300200733_,519,2026-01-01,1.0
300200734_,520,2026-01-01,1.0
300200735_,521,2026-01-01,39.0
300200736_,522,2026-01-01,23.0
300200737_,523,2026-01-01,9.0
300200738_,524,2026-01-01,1.0
300200742_,525,2026-01-01,97.0
300200739_,526,2026-01-01,
300200743_,527,2026-01-01,34.0
300200740_,528,2026-01-01,9.0
300200741_,529,2026-01-01,7.0
300200744_,530,2026-01-01,58.0
300200745_,531,2026-01-01,30.0
300200746_,532,2026-01-01,70.0
300200747_,533,2026-01-01,
300200748_,534,2026-01-01,1.0
300200749_,535,2026-01-01,24.0
300200750_,536,2026-01-01,5.0
300200751_,537,2026-01-01,56.0
300200752_,538,2026-01-01,69.0
300200753_,539,2026-01-01,12.0
300200754_,540,2026-01-01,1.0
300200755_,541,2026-01-01,12.0
300200497_,542,2026-01-01,
030200226_,543,2026-01-01,176.0
030200223_,544,2026-01-01,1163.0
030200227_,545,2026-01-01,358.0
030200225_,546,2026-01-01,1119.0
030200224_,547,2026-01-01,2656.0
030200221_,548,2026-01-01,2144.0
030200222_,549,2026-01-01,388.0
300200473_,550,2026-01-01,
ATN000446,551,2026-01-01,5.0
ATN000389,552,2026-01-01,
130300026_,553,2026-01-01,147.0
130300027_,554,2026-01-01,689.0
130300028_,555,2026-01-01,-253.0
030200203_,556,2026-01-01,857.0
030200128_,3,2026-02-01,
030200382_,4,2026-02-01,7.0
030200127_,5,2026-02-01,
030200141_,6,2026-02-01,14.0
030200096_,7,2026-02-01,
030200072_,8,2026-02-01,
030200093_,9,2026-02-01,34.0
030200135_,10,2026-02-01,16.0
030200136_,11,2026-02-01,6.0
030200134_,12,2026-02-01,21.0
030200094_,13,2026-02-01,
030200090_,14,2026-02-01,
030200095_,15,2026-02-01,
030200142_,16,2026-02-01,1.0
280300174_,17,2026-02-01,1411.0
030300013_,18,2026-02-01,
030200220_,19,2026-02-01,736.0
030200219_,20,2026-02-01,13213.0
030300078_,21,2026-02-01,5.0
030300014_,22,2026-02-01,506.0
030200193_,23,2026-02-01,24170.0
030201459_,24,2026-02-01,
030200192_,25,2026-02-01,33467.0
030200201_,26,2026-02-01,14645.0
300200428_,27,2026-02-01,152.0
ATN544015,28,2026-02-01,
ATN540115,29,2026-02-01,
ATN000532,30,2026-02-01,
ATN001232,31,2026-02-01,
300201148_,32,2026-02-01,34.0
300201149_,33,2026-02-01,9.0
300201150_,34,2026-02-01,2.0
300201151_,35,2026-02-01,14.0
300201152_,36,2026-02-01,7.0
300201153_,37,2026-02-01,103.0
300201154_,38,2026-02-01,5.0
300201155_,39,2026-02-01,21.0
300200968_,40,2026-02-01,34.0
300200967_,41,2026-02-01,249.0
300200413_,42,2026-02-01,13.0
010400436_,43,2026-02-01,6.0
010400432_,44,2026-02-01,1.0
010400440_,45,2026-02-01,18.0
010400444_,46,2026-02-01,40.0
010400447_,47,2026-02-01,37.0
010400433_,48,2026-02-01,2.0
010400437_,49,2026-02-01,13.0
010400441_,50,2026-02-01,15.0
010400445_,51,2026-02-01,7.0
010400448_,52,2026-02-01,6.0
300200784_,53,2026-02-01,4.0
300200785_,54,2026-02-01,2.0
300200786_,55,2026-02-01,
300200787_,56,2026-02-01,1.0
300200788_,57,2026-02-01,4.0
300200789_,58,2026-02-01,1.0
300200790_,59,2026-02-01,
300200791_,60,2026-02-01,
300200792_,61,2026-02-01,
300200793_,62,2026-02-01,
300200794_,63,2026-02-01,
300200795_,64,2026-02-01,8.0
300200796_,65,2026-02-01,
300200797_,66,2026-02-01,
300200798_,67,2026-02-01,
300200799_,68,2026-02-01,
300200800_,69,2026-02-01,
300200801_,70,2026-02-01,8.0
300200802_,71,2026-02-01,
300200803_,72,2026-02-01,6.0
300200804_,73,2026-02-01,
300200805_,74,2026-02-01,
300200806_,75,2026-02-01,
300200807_,76,2026-02-01,
300200808_,77,2026-02-01,
300200809_,78,2026-02-01,
300200810_,79,2026-02-01,126.0
300200811_,80,2026-02-01,
300200812_,81,2026-02-01,45.0
300200813_,82,2026-02-01,
300200814_,83,2026-02-01,31.0
300200815_,84,2026-02-01,
300200816_,85,2026-02-01,3.0
300200817_,86,2026-02-01,12.0
300200818_,87,2026-02-01,
300200819_,88,2026-02-01,11.0
300200820_,89,2026-02-01,
300200821_,90,2026-02-01,64.0
300200822_,91,2026-02-01,37.0
300200823_,92,2026-02-01,18.0
300200824_,93,2026-02-01,11.0
300200825_,94,2026-02-01,1.0
300200826_,95,2026-02-01,4.0
300200827_,96,2026-02-01,
300200828_,97,2026-02-01,
300200829_,98,2026-02-01,
300200830_,99,2026-02-01,
300200831_,100,2026-02-01,
300200832_,101,2026-02-01,7.0
300200833_,102,2026-02-01,3.0
300200834_,103,2026-02-01,
300200835_,104,2026-02-01,3.0
300200836_,105,2026-02-01,
300200837_,106,2026-02-01,
300200838_,107,2026-02-01,1.0
300200839_,108,2026-02-01,8.0
300200840_,109,2026-02-01,
300200841_,110,2026-02-01,
300200842_,111,2026-02-01,25.0
300200843_,112,2026-02-01,
300200844_,113,2026-02-01,
300200845_,114,2026-02-01,
300200846_,115,2026-02-01,18.0
300200847_,116,2026-02-01,11.0
300200848_,117,2026-02-01,1.0
300200849_,118,2026-02-01,1.0
300200850_,119,2026-02-01,2.0
300200851_,120,2026-02-01,9.0
300200852_,121,2026-02-01,
300200853_,122,2026-02-01,
300200854_,123,2026-02-01,
300200855_,124,2026-02-01,
300200856_,125,2026-02-01,75.0
300200857_,126,2026-02-01,13.0
300200858_,127,2026-02-01,
300200859_,128,2026-02-01,7.0
300200860_,129,2026-02-01,
300200861_,130,2026-02-01,13.0
300200862_,131,2026-02-01,2.0
300200863_,132,2026-02-01,3.0
300200864_,133,2026-02-01,1.0
300200865_,134,2026-02-01,
300200866_,135,2026-02-01,
300200867_,136,2026-02-01,
300200868_,137,2026-02-01,25.0
300200869_,138,2026-02-01,28.0
300200870_,139,2026-02-01,5.0
300200871_,140,2026-02-01,2.0
300200872_,141,2026-02-01,2.0
300200873_,142,2026-02-01,4.0
300200874_,143,2026-02-01,
300200875_,144,2026-02-01,
300200876_,145,2026-02-01,
300200877_,146,2026-02-01,
300200878_,147,2026-02-01,
300200879_,148,2026-02-01,2.0
300200880_,149,2026-02-01,
300200881_,150,2026-02-01,
300200882_,151,2026-02-01,
300200883_,152,2026-02-01,
300200884_,153,2026-02-01,
300200885_,154,2026-02-01,
300200886_,155,2026-02-01,
300200887_,156,2026-02-01,39.0
300200888_,157,2026-02-01,9.0
300200889_,158,2026-02-01,
300200890_,159,2026-02-01,8.0
300200892_,160,2026-02-01,2.0
300200893_,161,2026-02-01,
300200894_,162,2026-02-01,
300200895_,163,2026-02-01,
300200896_,164,2026-02-01,
300200897_,165,2026-02-01,
300200898_,166,2026-02-01,26.0
300200899_,167,2026-02-01,8.0
300200900_,168,2026-02-01,4.0
300200901_,169,2026-02-01,
300200902_,170,2026-02-01,
300200903_,171,2026-02-01,
300200904_,172,2026-02-01,
300200905_,173,2026-02-01,
300200906_,174,2026-02-01,
300200907_,175,2026-02-01,
300200908_,176,2026-02-01,
300200909_,177,2026-02-01,
300200910_,178,2026-02-01,130.0
300200911_,179,2026-02-01,
300200912_,180,2026-02-01,28.0
300200913_,181,2026-02-01,
300200914_,182,2026-02-01,10.0
300200915_,183,2026-02-01,
300200916_,184,2026-02-01,11.0
300200917_,185,2026-02-01,5.0
300200918_,186,2026-02-01,3.0
300200919_,187,2026-02-01,
300200920_,188,2026-02-01,
300200921_,189,2026-02-01,73.0
300200922_,190,2026-02-01,28.0
300200923_,191,2026-02-01,2.0
300200924_,192,2026-02-01,10.0
300200925_,193,2026-02-01,6.0
300200926_,194,2026-02-01,
300200927_,195,2026-02-01,20.0
300200928_,196,2026-02-01,
300200929_,197,2026-02-01,
300200930_,198,2026-02-01,
300200931_,199,2026-02-01,
300200932_,200,2026-02-01,2.0
300200933_,201,2026-02-01,45.0
300200934_,202,2026-02-01,5.0
300200935_,203,2026-02-01,
300200936_,204,2026-02-01,4.0
300200937_,205,2026-02-01,
300200938_,206,2026-02-01,2.0
300200939_,207,2026-02-01,3.0
300200940_,208,2026-02-01,6.0
300200941_,209,2026-02-01,18.0
300200942_,210,2026-02-01,
300200943_,211,2026-02-01,
300200944_,212,2026-02-01,1.0
300200945_,213,2026-02-01,5.0
300200946_,214,2026-02-01,15.0
300200947_,215,2026-02-01,6.0
300200948_,216,2026-02-01,1.0
300200949_,217,2026-02-01,1.0
300200950_,218,2026-02-01,
300200951_,219,2026-02-01,
300200952_,220,2026-02-01,
300200953_,221,2026-02-01,2.0
300200954_,222,2026-02-01,
300200955_,223,2026-02-01,
300200371_,224,2026-02-01,5.0
300200420_,225,2026-02-01,
300200375_,226,2026-02-01,11.0
300200422_,227,2026-02-01,
300200363_,228,2026-02-01,1.0
300200368_,229,2026-02-01,3.0
300200367_,230,2026-02-01,
300200426_,231,2026-02-01,
300200424_,232,2026-02-01,
300200372_,233,2026-02-01,
300200373_,234,2026-02-01,15.0
300200418_,235,2026-02-01,
300200365_,236,2026-02-01,72.0
300200364_,237,2026-02-01,
300200374_,238,2026-02-01,1.0
300200370_,239,2026-02-01,
300200425_,240,2026-02-01,
300200419_,241,2026-02-01,
300200376_,242,2026-02-01,51.0
300200377_,243,2026-02-01,28.0
300200378_,244,2026-02-01,5.0
300200379_,245,2026-02-01,5.0
300200380_,246,2026-02-01,1.0
300200421_,247,2026-02-01,
щщщ0116254,248,2026-02-01,
300200520_,249,2026-02-01,267.0
300200521_,250,2026-02-01,15.0
300200522_,251,2026-02-01,
300200523_,252,2026-02-01,10.0
300200524_,253,2026-02-01,
300200525_,254,2026-02-01,1.0
300200526_,255,2026-02-01,21.0
300200527_,256,2026-02-01,
300200529_,257,2026-02-01,
300200530_,258,2026-02-01,
300200531_,259,2026-02-01,2.0
300200532_,260,2026-02-01,8.0
300200533_,261,2026-02-01,
300200534_,262,2026-02-01,2.0
300200535_,263,2026-02-01,
300200536_,264,2026-02-01,113.0
300200537_,265,2026-02-01,42.0
300200538_,266,2026-02-01,13.0
300200539_,267,2026-02-01,35.0
300200540_,268,2026-02-01,
300200541_,269,2026-02-01,
300200542_,270,2026-02-01,474.0
300200624_,271,2026-02-01,
300200704_,272,2026-02-01,
300200543_,273,2026-02-01,38.0
300200544_,274,2026-02-01,
300200545_,275,2026-02-01,18.0
300200593_,276,2026-02-01,46.0
300200546_,277,2026-02-01,
300200547_,278,2026-02-01,5.0
300200548_,279,2026-02-01,13.0
300200549_,280,2026-02-01,13.0
300200550_,281,2026-02-01,
300200551_,282,2026-02-01,
300200773_,283,2026-02-01,6.0
300200552_,284,2026-02-01,7.0
300200553_,285,2026-02-01,43.0
300200554_,286,2026-02-01,
300200555_,287,2026-02-01,
300200556_,288,2026-02-01,
300200557_,289,2026-02-01,
300200558_,290,2026-02-01,162.0
300200559_,291,2026-02-01,117.0
300200560_,292,2026-02-01,41.0
300200561_,293,2026-02-01,19.0
300200562_,294,2026-02-01,1.0
300200563_,295,2026-02-01,22.0
300200564_,296,2026-02-01,227.0
300200565_,297,2026-02-01,21.0
300200590_,298,2026-02-01,14.0
300200566_,299,2026-02-01,
300200567_,300,2026-02-01,
300200591_,301,2026-02-01,23.0
300200568_,302,2026-02-01,
300200569_,303,2026-02-01,1.0
300200570_,304,2026-02-01,13.0
300200571_,305,2026-02-01,4.0
300200572_,306,2026-02-01,
300200573_,307,2026-02-01,7.0
300200574_,308,2026-02-01,
300200575_,309,2026-02-01,12.0
300200511_,310,2026-02-01,9.0
300200576_,311,2026-02-01,2.0
300200776_,312,2026-02-01,
300200577_,313,2026-02-01,
300200579_,314,2026-02-01,96.0
300200580_,315,2026-02-01,64.0
300200581_,316,2026-02-01,25.0
300200582_,317,2026-02-01,13.0
300200583_,318,2026-02-01,1.0
300200584_,319,2026-02-01,2.0
300200343_,320,2026-02-01,1621.0
020100163_,321,2026-02-01,49.0
300200459_,322,2026-02-01,68.0
020100158_,323,2026-02-01,237.0
020100159_,324,2026-02-01,
300200460_,325,2026-02-01,65.0
020100160_,326,2026-02-01,145.0
020100161_,327,2026-02-01,
300200461_,328,2026-02-01,12.0
300200472_,329,2026-02-01,99.0
300200462_,330,2026-02-01,22.0
300200517_,331,2026-02-01,
020100162_,332,2026-02-01,-6.0
300200772_,333,2026-02-01,21.0
300200468_,334,2026-02-01,62.0
300200515_,335,2026-02-01,102.0
300200518_,336,2026-02-01,2.0
300200516_,337,2026-02-01,112.0
300200471_,338,2026-02-01,2.0
300200470_,339,2026-02-01,
300200463_,340,2026-02-01,747.0
300200464_,341,2026-02-01,552.0
300200465_,342,2026-02-01,127.0
300200466_,343,2026-02-01,97.0
300200467_,344,2026-02-01,16.0
300200519_,345,2026-02-01,50.0
300200775_,346,2026-02-01,
300200781_,347,2026-02-01,
300200779_,348,2026-02-01,18.0
300200782_,349,2026-02-01,
300200783_,350,2026-02-01,
300100015_,351,2026-02-01,
300100006_,352,2026-02-01,
300100003_,353,2026-02-01,
300100012_,354,2026-02-01,
030200006_,355,2026-02-01,
030200008_,356,2026-02-01,
030200005_,357,2026-02-01,2.0
030200007_,358,2026-02-01,
030200015_,359,2026-02-01,
030200002_,360,2026-02-01,
030200003_,361,2026-02-01,
030200009_,362,2026-02-01,
030200030_,363,2026-02-01,
030200031_,364,2026-02-01,
030200036_,365,2026-02-01,
030200038_,366,2026-02-01,10.0
030200037_,367,2026-02-01,
030200039_,368,2026-02-01,
030200028_,369,2026-02-01,
030200029_,370,2026-02-01,
030200032_,371,2026-02-01,
030200034_,372,2026-02-01,20.0
030200239_,373,2026-02-01,
030200240_,374,2026-02-01,10.0
030200379_,375,2026-02-01,
030200026_,376,2026-02-01,
030200025_,377,2026-02-01,
030200027_,378,2026-02-01,
030200052_,379,2026-02-01,
030200053_,380,2026-02-01,
030200054_,381,2026-02-01,
030200183_,382,2026-02-01,
030200191_,383,2026-02-01,
030200175_,384,2026-02-01,
030200176_,385,2026-02-01,
030200247_,386,2026-02-01,
030200246_,387,2026-02-01,
030200243_,388,2026-02-01,
030200244_,389,2026-02-01,
030200245_,390,2026-02-01,1.0
030200248_,391,2026-02-01,3.0
030200249_,392,2026-02-01,11.0
030200259_,393,2026-02-01,2.0
030200260_,394,2026-02-01,
030200256_,395,2026-02-01,
030200257_,396,2026-02-01,
030200258_,397,2026-02-01,
030200263_,398,2026-02-01,
030200262_,399,2026-02-01,
030200265_,400,2026-02-01,
030200261_,401,2026-02-01,
030200292_,402,2026-02-01,
030200250_,403,2026-02-01,5.0
030200251_,404,2026-02-01,3.0
030200252_,405,2026-02-01,
030200253_,406,2026-02-01,1.0
030200254_,407,2026-02-01,
300200331_,408,2026-02-01,681.0
300200296_,409,2026-02-01,377.0
300200283_,410,2026-02-01,30.0
300200302_,411,2026-02-01,121.0
300200333_,412,2026-02-01,457.0
300200288_,413,2026-02-01,30.0
300200284_,414,2026-02-01,28.0
300200767_,415,2026-02-01,5.0
300200293_,416,2026-02-01,187.0
300200289_,417,2026-02-01,95.0
300200290_,418,2026-02-01,
300200291_,419,2026-02-01,7.0
300200297_,420,2026-02-01,470.0
300200298_,421,2026-02-01,607.0
300200299_,422,2026-02-01,
300200294_,423,2026-02-01,9.0
300200286_,424,2026-02-01,4627.0
300200332_,425,2026-02-01,497.0
300200301_,426,2026-02-01,439.0
300200287_,427,2026-02-01,
300200700_,428,2026-02-01,146.0
300200295_,429,2026-02-01,7.0
300200292_,430,2026-02-01,10.0
300200300_,431,2026-02-01,
300200312_,432,2026-02-01,
300200303_,433,2026-02-01,2695.0
300200304_,434,2026-02-01,1133.0
300200305_,435,2026-02-01,318.0
300200306_,436,2026-02-01,128.0
300200307_,437,2026-02-01,20.0
300200310_,438,2026-02-01,12.0
300200311_,439,2026-02-01,190.0
300200308_,440,2026-02-01,64.0
300200309_,441,2026-02-01,34.0
300200313_,442,2026-02-01,12.0
300200498_,443,2026-02-01,100.0
ATN000108,444,2026-02-01,
300200314_,445,2026-02-01,9.0
ATN000109,446,2026-02-01,4.0
300200315_,447,2026-02-01,
300200771_,448,2026-02-01,8.0
300200316_,449,2026-02-01,1.0
300200959_,450,2026-02-01,7.0
300200317_,451,2026-02-01,26.0
300200496_,452,2026-02-01,11.0
300200346_,453,2026-02-01,
300200318_,454,2026-02-01,71.0
300200347_,455,2026-02-01,3.0
300200319_,456,2026-02-01,199.0
300200320_,457,2026-02-01,86.0
300200321_,458,2026-02-01,3.0
300200322_,459,2026-02-01,93.0
300200323_,460,2026-02-01,257.0
300200324_,461,2026-02-01,648.0
300200325_,462,2026-02-01,23.0
300200326_,463,2026-02-01,347.0
300200327_,464,2026-02-01,40.0
300200328_,465,2026-02-01,167.0
300200330_,466,2026-02-01,
300200348_,467,2026-02-01,
300200350_,468,2026-02-01,4.0
300200352_,469,2026-02-01,
300200430_,470,2026-02-01,6.0
300200588_,471,2026-02-01,28.0
300200443_,472,2026-02-01,
300200432_,473,2026-02-01,1.0
300200444_,474,2026-02-01,
300200449_,475,2026-02-01,
300200447_,476,2026-02-01,
300200433_,477,2026-02-01,1.0
300200439_,478,2026-02-01,10.0
300200451_,479,2026-02-01,
300200448_,480,2026-02-01,
300200774_,481,2026-02-01,
300200436_,482,2026-02-01,38.0
300200431_,483,2026-02-01,
300200452_,484,2026-02-01,
300200434_,485,2026-02-01,
300200429_,486,2026-02-01,8.0
300200632_,487,2026-02-01,3.0
300200441_,488,2026-02-01,
300200450_,489,2026-02-01,
300200435_,490,2026-02-01,100.0
300200437_,491,2026-02-01,20.0
300200438_,492,2026-02-01,18.0
300200440_,493,2026-02-01,4.0
300200445_,494,2026-02-01,9.0
300200446_,495,2026-02-01,
ATN000399,496,2026-02-01,
300200592_,497,2026-02-01,31.0
300200366_,498,2026-02-01,
LNVA105011,499,2026-02-01,1.0
300200595_,500,2026-02-01,3.0
030200097_,501,2026-02-01,
300200718_,502,2026-02-01,310.0
300200719_,503,2026-02-01,44.0
300200720_,504,2026-02-01,25.0
300200721_,505,2026-02-01,
300200722_,506,2026-02-01,15.0
300200777_,507,2026-02-01,25.0
300200723_,508,2026-02-01,
300200724_,509,2026-02-01,
300200725_,510,2026-02-01,12.0
300200726_,511,2026-02-01,15.0
300200727_,512,2026-02-01,
300200728_,513,2026-02-01,4.0
300200729_,514,2026-02-01,30.0
300200730_,515,2026-02-01,4.0
300200731_,516,2026-02-01,1.0
300200732_,517,2026-02-01,
300200778_,518,2026-02-01,
300200733_,519,2026-02-01,2.0
300200734_,520,2026-02-01,
300200735_,521,2026-02-01,121.0
300200736_,522,2026-02-01,112.0
300200737_,523,2026-02-01,31.0
300200738_,524,2026-02-01,10.0
300200742_,525,2026-02-01,101.0
300200739_,526,2026-02-01,4.0
300200743_,527,2026-02-01,32.0
300200740_,528,2026-02-01,30.0
300200741_,529,2026-02-01,22.0
300200744_,530,2026-02-01,96.0
300200745_,531,2026-02-01,78.0
300200746_,532,2026-02-01,46.0
300200747_,533,2026-02-01,1.0
300200748_,534,2026-02-01,1.0
300200749_,535,2026-02-01,19.0
300200750_,536,2026-02-01,2.0
300200751_,537,2026-02-01,33.0
300200752_,538,2026-02-01,52.0
300200753_,539,2026-02-01,4.0
300200754_,540,2026-02-01,
300200755_,541,2026-02-01,3.0
300200497_,542,2026-02-01,
030200226_,543,2026-02-01,222.0
030200223_,544,2026-02-01,1766.0
030200227_,545,2026-02-01,142.0
030200225_,546,2026-02-01,131.0
030200224_,547,2026-02-01,2117.0
030200221_,548,2026-02-01,2164.0
030200222_,549,2026-02-01,542.0
300200473_,550,2026-02-01,
ATN000446,551,2026-02-01,
ATN000389,552,2026-02-01,
130300026_,553,2026-02-01,212.0
130300027_,554,2026-02-01,207.0
130300028_,555,2026-02-01,
030200203_,556,2026-02-01,1330.0
030200128_,3,2026-03-01,
030200382_,4,2026-03-01,4.0
030200127_,5,2026-03-01,
030200141_,6,2026-03-01,
030200096_,7,2026-03-01,
030200072_,8,2026-03-01,
030200093_,9,2026-03-01,10.0
030200135_,10,2026-03-01,21.0
030200136_,11,2026-03-01,5.0
030200134_,12,2026-03-01,
030200094_,13,2026-03-01,
030200090_,14,2026-03-01,
030200095_,15,2026-03-01,
030200142_,16,2026-03-01,
280300174_,17,2026-03-01,1586.0
030300013_,18,2026-03-01,
030200220_,19,2026-03-01,1267.0
030200219_,20,2026-03-01,1574.0
030300078_,21,2026-03-01,
030300014_,22,2026-03-01,260.0
030200193_,23,2026-03-01,21684.0
030201459_,24,2026-03-01,
030200192_,25,2026-03-01,42728.0
030200201_,26,2026-03-01,19937.0
300200428_,27,2026-03-01,380.0
ATN544015,28,2026-03-01,6.0
ATN540115,29,2026-03-01,
ATN000532,30,2026-03-01,
ATN001232,31,2026-03-01,
300201148_,32,2026-03-01,43.0
300201149_,33,2026-03-01,12.0
300201150_,34,2026-03-01,1.0
300201151_,35,2026-03-01,13.0
300201152_,36,2026-03-01,1.0
300201153_,37,2026-03-01,32.0
300201154_,38,2026-03-01,1.0
300201155_,39,2026-03-01,158.0
300200968_,40,2026-03-01,36.0
300200967_,41,2026-03-01,239.0
300200413_,42,2026-03-01,15.0
010400436_,43,2026-03-01,9.0
010400432_,44,2026-03-01,6.0
010400440_,45,2026-03-01,6.0
010400444_,46,2026-03-01,13.0
010400447_,47,2026-03-01,36.0
010400433_,48,2026-03-01,4.0
010400437_,49,2026-03-01,10.0
010400441_,50,2026-03-01,15.0
010400445_,51,2026-03-01,17.0
010400448_,52,2026-03-01,10.0
300200784_,53,2026-03-01,-10.0
300200785_,54,2026-03-01,-9.0
300200786_,55,2026-03-01,-17.0
300200787_,56,2026-03-01,-28.0
300200788_,57,2026-03-01,-19.0
300200789_,58,2026-03-01,-3.0
300200790_,59,2026-03-01,-4.0
300200791_,60,2026-03-01,-9.0
300200792_,61,2026-03-01,
300200793_,62,2026-03-01,
300200794_,63,2026-03-01,-10.0
300200795_,64,2026-03-01,-37.0
300200796_,65,2026-03-01,2.0
300200797_,66,2026-03-01,-8.0
300200798_,67,2026-03-01,-7.0
300200799_,68,2026-03-01,-10.0
300200800_,69,2026-03-01,-9.0
300200801_,70,2026-03-01,
300200802_,71,2026-03-01,
300200803_,72,2026-03-01,-9.0
300200804_,73,2026-03-01,-9.0
300200805_,74,2026-03-01,-10.0
300200806_,75,2026-03-01,-9.0
300200807_,76,2026-03-01,
300200808_,77,2026-03-01,
300200809_,78,2026-03-01,
300200810_,79,2026-03-01,27.0
300200811_,80,2026-03-01,
300200812_,81,2026-03-01,11.0
300200813_,82,2026-03-01,-10.0
300200814_,83,2026-03-01,7.0
300200815_,84,2026-03-01,-9.0
300200816_,85,2026-03-01,-3.0
300200817_,86,2026-03-01,
300200818_,87,2026-03-01,-8.0
300200819_,88,2026-03-01,
300200820_,89,2026-03-01,-7.0
300200821_,90,2026-03-01,18.0
300200822_,91,2026-03-01,13.0
300200823_,92,2026-03-01,2.0
300200824_,93,2026-03-01,7.0
300200825_,94,2026-03-01,-9.0
300200826_,95,2026-03-01,-6.0
300200827_,96,2026-03-01,-6.0
300200828_,97,2026-03-01,-5.0
300200829_,98,2026-03-01,-9.0
300200830_,99,2026-03-01,
300200831_,100,2026-03-01,
300200832_,101,2026-03-01,4.0
300200833_,102,2026-03-01,26.0
300200834_,103,2026-03-01,-15.0
300200835_,104,2026-03-01,36.0
300200836_,105,2026-03-01,-9.0
300200837_,106,2026-03-01,
300200838_,107,2026-03-01,29.0
300200839_,108,2026-03-01,-7.0
300200840_,109,2026-03-01,-7.0
300200841_,110,2026-03-01,
300200842_,111,2026-03-01,154.0
300200843_,112,2026-03-01,
300200844_,113,2026-03-01,1.0
300200845_,114,2026-03-01,-3.0
300200846_,115,2026-03-01,-9.0
300200847_,116,2026-03-01,45.0
300200848_,117,2026-03-01,39.0
300200849_,118,2026-03-01,16.0
300200850_,119,2026-03-01,-7.0
300200851_,120,2026-03-01,-1.0
300200852_,121,2026-03-01,-5.0
300200853_,122,2026-03-01,-6.0
300200854_,123,2026-03-01,-1.0
300200855_,124,2026-03-01,
300200856_,125,2026-03-01,-51.0
300200857_,126,2026-03-01,-39.0
300200858_,127,2026-03-01,-12.0
300200859_,128,2026-03-01,-12.0
300200860_,129,2026-03-01,-16.0
300200861_,130,2026-03-01,-12.0
300200862_,131,2026-03-01,-7.0
300200863_,132,2026-03-01,-13.0
300200864_,133,2026-03-01,
300200865_,134,2026-03-01,7.0
300200866_,135,2026-03-01,-7.0
300200867_,136,2026-03-01,-8.0
300200868_,137,2026-03-01,-61.0
300200869_,138,2026-03-01,-25.0
300200870_,139,2026-03-01,-15.0
300200871_,140,2026-03-01,-8.0
300200872_,141,2026-03-01,-10.0
300200873_,142,2026-03-01,-8.0
300200874_,143,2026-03-01,
300200875_,144,2026-03-01,
300200876_,145,2026-03-01,
300200877_,146,2026-03-01,
300200878_,147,2026-03-01,1.0
300200879_,148,2026-03-01,
300200880_,149,2026-03-01,-10.0
300200881_,150,2026-03-01,
300200882_,151,2026-03-01,1.0
300200883_,152,2026-03-01,
300200884_,153,2026-03-01,
300200885_,154,2026-03-01,
300200886_,155,2026-03-01,
300200887_,156,2026-03-01,34.0
300200888_,157,2026-03-01,28.0
300200889_,158,2026-03-01,
300200890_,159,2026-03-01,11.0
300200892_,160,2026-03-01,2.0
300200893_,161,2026-03-01,
300200894_,162,2026-03-01,
300200895_,163,2026-03-01,
300200896_,164,2026-03-01,
300200897_,165,2026-03-01,
300200898_,166,2026-03-01,70.0
300200899_,167,2026-03-01,19.0
300200900_,168,2026-03-01,4.0
300200901_,169,2026-03-01,2.0
300200902_,170,2026-03-01,
300200903_,171,2026-03-01,2.0
300200904_,172,2026-03-01,
300200905_,173,2026-03-01,2.0
300200906_,174,2026-03-01,
300200907_,175,2026-03-01,
300200908_,176,2026-03-01,8.0
300200909_,177,2026-03-01,4.0
300200910_,178,2026-03-01,11.0
300200911_,179,2026-03-01,
300200912_,180,2026-03-01,-10.0
300200913_,181,2026-03-01,-17.0
300200914_,182,2026-03-01,-4.0
300200915_,183,2026-03-01,-18.0
300200916_,184,2026-03-01,-3.0
300200917_,185,2026-03-01,-8.0
300200918_,186,2026-03-01,
300200919_,187,2026-03-01,4.0
300200920_,188,2026-03-01,-5.0
300200921_,189,2026-03-01,-28.0
300200922_,190,2026-03-01,-10.0
300200923_,191,2026-03-01,
300200924_,192,2026-03-01,-2.0
300200925_,193,2026-03-01,-8.0
300200926_,194,2026-03-01,-9.0
300200927_,195,2026-03-01,-8.0
300200928_,196,2026-03-01,-4.0
300200929_,197,2026-03-01,-9.0
300200930_,198,2026-03-01,
300200931_,199,2026-03-01,
300200932_,200,2026-03-01,-5.0
300200933_,201,2026-03-01,41.0
300200934_,202,2026-03-01,4.0
300200935_,203,2026-03-01,
300200936_,204,2026-03-01,6.0
300200937_,205,2026-03-01,
300200938_,206,2026-03-01,4.0
300200939_,207,2026-03-01,2.0
300200940_,208,2026-03-01,
300200941_,209,2026-03-01,
300200942_,210,2026-03-01,
300200943_,211,2026-03-01,
300200944_,212,2026-03-01,
300200945_,213,2026-03-01,10.0
300200946_,214,2026-03-01,11.0
300200947_,215,2026-03-01,3.0
300200948_,216,2026-03-01,3.0
300200949_,217,2026-03-01,
300200950_,218,2026-03-01,
300200951_,219,2026-03-01,
300200952_,220,2026-03-01,2.0
300200953_,221,2026-03-01,
300200954_,222,2026-03-01,
300200955_,223,2026-03-01,
300200371_,224,2026-03-01,15.0
300200420_,225,2026-03-01,
300200375_,226,2026-03-01,41.0
300200422_,227,2026-03-01,
300200363_,228,2026-03-01,
300200368_,229,2026-03-01,8.0
300200367_,230,2026-03-01,
300200426_,231,2026-03-01,
300200424_,232,2026-03-01,
300200372_,233,2026-03-01,
300200373_,234,2026-03-01,
300200418_,235,2026-03-01,
300200365_,236,2026-03-01,194.0
300200364_,237,2026-03-01,
300200374_,238,2026-03-01,
300200370_,239,2026-03-01,
300200425_,240,2026-03-01,
300200419_,241,2026-03-01,
300200376_,242,2026-03-01,102.0
300200377_,243,2026-03-01,71.0
300200378_,244,2026-03-01,24.0
300200379_,245,2026-03-01,8.0
300200380_,246,2026-03-01,
300200421_,247,2026-03-01,5.0
щщщ0116254,248,2026-03-01,
300200520_,249,2026-03-01,95.0
300200521_,250,2026-03-01,18.0
300200522_,251,2026-03-01,
300200523_,252,2026-03-01,9.0
300200524_,253,2026-03-01,
300200525_,254,2026-03-01,1.0
300200526_,255,2026-03-01,11.0
300200527_,256,2026-03-01,
300200529_,257,2026-03-01,1.0
300200530_,258,2026-03-01,
300200531_,259,2026-03-01,12.0
300200532_,260,2026-03-01,
300200533_,261,2026-03-01,3.0
300200534_,262,2026-03-01,5.0
300200535_,263,2026-03-01,
300200536_,264,2026-03-01,30.0
300200537_,265,2026-03-01,37.0
300200538_,266,2026-03-01,6.0
300200539_,267,2026-03-01,2.0
300200540_,268,2026-03-01,
300200541_,269,2026-03-01,5.0
300200542_,270,2026-03-01,239.0
300200624_,271,2026-03-01,17.0
300200704_,272,2026-03-01,
300200543_,273,2026-03-01,27.0
300200544_,274,2026-03-01,11.0
300200545_,275,2026-03-01,6.0
300200593_,276,2026-03-01,65.0
300200546_,277,2026-03-01,7.0
300200547_,278,2026-03-01,4.0
300200548_,279,2026-03-01,21.0
300200549_,280,2026-03-01,22.0
300200550_,281,2026-03-01,
300200551_,282,2026-03-01,1.0
300200773_,283,2026-03-01,2.0
300200552_,284,2026-03-01,4.0
300200553_,285,2026-03-01,24.0
300200554_,286,2026-03-01,
300200555_,287,2026-03-01,3.0
300200556_,288,2026-03-01,
300200557_,289,2026-03-01,
300200558_,290,2026-03-01,181.0
300200559_,291,2026-03-01,71.0
300200560_,292,2026-03-01,25.0
300200561_,293,2026-03-01,7.0
300200562_,294,2026-03-01,
300200563_,295,2026-03-01,12.0
300200564_,296,2026-03-01,52.0
300200565_,297,2026-03-01,11.0
300200590_,298,2026-03-01,45.0
300200566_,299,2026-03-01,
300200567_,300,2026-03-01,8.0
300200591_,301,2026-03-01,4.0
300200568_,302,2026-03-01,
300200569_,303,2026-03-01,
300200570_,304,2026-03-01,2.0
300200571_,305,2026-03-01,3.0
300200572_,306,2026-03-01,
300200573_,307,2026-03-01,
300200574_,308,2026-03-01,
300200575_,309,2026-03-01,27.0
300200511_,310,2026-03-01,1.0
300200576_,311,2026-03-01,48.0
300200776_,312,2026-03-01,
300200577_,313,2026-03-01,
300200579_,314,2026-03-01,12.0
300200580_,315,2026-03-01,46.0
300200581_,316,2026-03-01,16.0
300200582_,317,2026-03-01,4.0
300200583_,318,2026-03-01,2.0
300200584_,319,2026-03-01,9.0
300200343_,320,2026-03-01,1125.0
020100163_,321,2026-03-01,61.0
300200459_,322,2026-03-01,51.0
020100158_,323,2026-03-01,244.0
020100159_,324,2026-03-01,4.0
300200460_,325,2026-03-01,36.0
020100160_,326,2026-03-01,151.0
020100161_,327,2026-03-01,1.0
300200461_,328,2026-03-01,36.0
300200472_,329,2026-03-01,75.0
300200462_,330,2026-03-01,53.0
300200517_,331,2026-03-01,
020100162_,332,2026-03-01,23.0
300200772_,333,2026-03-01,5.0
300200468_,334,2026-03-01,40.0
300200515_,335,2026-03-01,101.0
300200518_,336,2026-03-01,67.0
300200516_,337,2026-03-01,68.0
300200471_,338,2026-03-01,1.0
300200470_,339,2026-03-01,
300200463_,340,2026-03-01,634.0
300200464_,341,2026-03-01,403.0
300200465_,342,2026-03-01,155.0
300200466_,343,2026-03-01,30.0
300200467_,344,2026-03-01,13.0
300200519_,345,2026-03-01,51.0
300200775_,346,2026-03-01,
300200781_,347,2026-03-01,4.0
300200779_,348,2026-03-01,22.0
300200782_,349,2026-03-01,3.0
300200783_,350,2026-03-01,12.0
300100015_,351,2026-03-01,
300100006_,352,2026-03-01,
300100003_,353,2026-03-01,
300100012_,354,2026-03-01,
030200006_,355,2026-03-01,
030200008_,356,2026-03-01,
030200005_,357,2026-03-01,5.0
030200007_,358,2026-03-01,
030200015_,359,2026-03-01,
030200002_,360,2026-03-01,
030200003_,361,2026-03-01,3.0
030200009_,362,2026-03-01,
030200030_,363,2026-03-01,
030200031_,364,2026-03-01,
030200036_,365,2026-03-01,
030200038_,366,2026-03-01,
030200037_,367,2026-03-01,
030200039_,368,2026-03-01,15.0
030200028_,369,2026-03-01,
030200029_,370,2026-03-01,
030200032_,371,2026-03-01,
030200034_,372,2026-03-01,32.0
030200239_,373,2026-03-01,
030200240_,374,2026-03-01,5.0
030200379_,375,2026-03-01,
030200026_,376,2026-03-01,
030200025_,377,2026-03-01,
030200027_,378,2026-03-01,
030200052_,379,2026-03-01,
030200053_,380,2026-03-01,
030200054_,381,2026-03-01,1.0
030200183_,382,2026-03-01,
030200191_,383,2026-03-01,
030200175_,384,2026-03-01,
030200176_,385,2026-03-01,
030200247_,386,2026-03-01,
030200246_,387,2026-03-01,
030200243_,388,2026-03-01,6.0
030200244_,389,2026-03-01,
030200245_,390,2026-03-01,
030200248_,391,2026-03-01,
030200249_,392,2026-03-01,1.0
030200259_,393,2026-03-01,
030200260_,394,2026-03-01,
030200256_,395,2026-03-01,
030200257_,396,2026-03-01,
030200258_,397,2026-03-01,
030200263_,398,2026-03-01,
030200262_,399,2026-03-01,
030200265_,400,2026-03-01,
030200261_,401,2026-03-01,
030200292_,402,2026-03-01,
030200250_,403,2026-03-01,2.0
030200251_,404,2026-03-01,1.0
030200252_,405,2026-03-01,
030200253_,406,2026-03-01,
030200254_,407,2026-03-01,
300200331_,408,2026-03-01,822.0
300200296_,409,2026-03-01,242.0
300200283_,410,2026-03-01,50.0
300200302_,411,2026-03-01,161.0
300200333_,412,2026-03-01,241.0
300200288_,413,2026-03-01,27.0
300200284_,414,2026-03-01,67.0
300200767_,415,2026-03-01,
300200293_,416,2026-03-01,179.0
300200289_,417,2026-03-01,96.0
300200290_,418,2026-03-01,
300200291_,419,2026-03-01,10.0
300200297_,420,2026-03-01,346.0
300200298_,421,2026-03-01,482.0
300200299_,422,2026-03-01,1.0
300200294_,423,2026-03-01,50.0
300200286_,424,2026-03-01,4163.0
300200332_,425,2026-03-01,312.0
300200301_,426,2026-03-01,258.0
300200287_,427,2026-03-01,23.0
300200700_,428,2026-03-01,96.0
300200295_,429,2026-03-01,8.0
300200292_,430,2026-03-01,3.0
300200300_,431,2026-03-01,
300200312_,432,2026-03-01,7.0
300200303_,433,2026-03-01,2412.0
300200304_,434,2026-03-01,842.0
300200305_,435,2026-03-01,426.0
300200306_,436,2026-03-01,112.0
300200307_,437,2026-03-01,28.0
300200310_,438,2026-03-01,1.0
300200311_,439,2026-03-01,21.0
300200308_,440,2026-03-01,28.0
300200309_,441,2026-03-01,2.0
300200313_,442,2026-03-01,414.0
300200498_,443,2026-03-01,61.0
ATN000108,444,2026-03-01,
300200314_,445,2026-03-01,360.0
ATN000109,446,2026-03-01,15.0
300200315_,447,2026-03-01,
300200771_,448,2026-03-01,6.0
300200316_,449,2026-03-01,5.0
300200959_,450,2026-03-01,29.0
300200317_,451,2026-03-01,421.0
300200496_,452,2026-03-01,50.0
300200346_,453,2026-03-01,21.0
300200318_,454,2026-03-01,541.0
300200347_,455,2026-03-01,142.0
300200319_,456,2026-03-01,239.0
300200320_,457,2026-03-01,63.0
300200321_,458,2026-03-01,18.0
300200322_,459,2026-03-01,76.0
300200323_,460,2026-03-01,288.0
300200324_,461,2026-03-01,680.0
300200325_,462,2026-03-01,5.0
300200326_,463,2026-03-01,198.0
300200327_,464,2026-03-01,20.0
300200328_,465,2026-03-01,149.0
300200330_,466,2026-03-01,2.0
300200348_,467,2026-03-01,1.0
300200350_,468,2026-03-01,
300200352_,469,2026-03-01,
300200430_,470,2026-03-01,24.0
300200588_,471,2026-03-01,53.0
300200443_,472,2026-03-01,
300200432_,473,2026-03-01,4.0
300200444_,474,2026-03-01,
300200449_,475,2026-03-01,
300200447_,476,2026-03-01,
300200433_,477,2026-03-01,1.0
300200439_,478,2026-03-01,16.0
300200451_,479,2026-03-01,
300200448_,480,2026-03-01,1.0
300200774_,481,2026-03-01,1.0
300200436_,482,2026-03-01,71.0
300200431_,483,2026-03-01,16.0
300200452_,484,2026-03-01,
300200434_,485,2026-03-01,1.0
300200429_,486,2026-03-01,25.0
300200632_,487,2026-03-01,
300200441_,488,2026-03-01,
300200450_,489,2026-03-01,
300200435_,490,2026-03-01,224.0
300200437_,491,2026-03-01,66.0
300200438_,492,2026-03-01,25.0
300200440_,493,2026-03-01,5.0
300200445_,494,2026-03-01,
300200446_,495,2026-03-01,4.0
ATN000399,496,2026-03-01,
300200592_,497,2026-03-01,68.0
300200366_,498,2026-03-01,
LNVA105011,499,2026-03-01,
300200595_,500,2026-03-01,1.0
030200097_,501,2026-03-01,3.0
300200718_,502,2026-03-01,268.0
300200719_,503,2026-03-01,11.0
300200720_,504,2026-03-01,
300200721_,505,2026-03-01,10.0
300200722_,506,2026-03-01,
300200777_,507,2026-03-01,18.0
300200723_,508,2026-03-01,
300200724_,509,2026-03-01,2.0
300200725_,510,2026-03-01,10.0
300200726_,511,2026-03-01,
300200727_,512,2026-03-01,
300200728_,513,2026-03-01,
300200729_,514,2026-03-01,8.0
300200730_,515,2026-03-01,24.0
300200731_,516,2026-03-01,
300200732_,517,2026-03-01,10.0
300200778_,518,2026-03-01,12.0
300200733_,519,2026-03-01,4.0
300200734_,520,2026-03-01,
300200735_,521,2026-03-01,242.0
300200736_,522,2026-03-01,84.0
300200737_,523,2026-03-01,39.0
300200738_,524,2026-03-01,13.0
300200742_,525,2026-03-01,40.0
300200739_,526,2026-03-01,
300200743_,527,2026-03-01,15.0
300200740_,528,2026-03-01,2.0
300200741_,529,2026-03-01,9.0
300200744_,530,2026-03-01,87.0
300200745_,531,2026-03-01,61.0
300200746_,532,2026-03-01,68.0
300200747_,533,2026-03-01,
300200748_,534,2026-03-01,2.0
300200749_,535,2026-03-01,29.0
300200750_,536,2026-03-01,19.0
300200751_,537,2026-03-01,38.0
300200752_,538,2026-03-01,30.0
300200753_,539,2026-03-01,20.0
300200754_,540,2026-03-01,
300200755_,541,2026-03-01,1.0
300200497_,542,2026-03-01,
030200226_,543,2026-03-01,98.0
030200223_,544,2026-03-01,597.0
030200227_,545,2026-03-01,159.0
030200225_,546,2026-03-01,464.0
030200224_,547,2026-03-01,1858.0
030200221_,548,2026-03-01,2358.0
030200222_,549,2026-03-01,243.0
300200473_,550,2026-03-01,
ATN000446,551,2026-03-01,
ATN000389,552,2026-03-01,
130300026_,553,2026-03-01,
130300027_,554,2026-03-01,65.0
130300028_,555,2026-03-01,95.0
030200203_,556,2026-03-01,2589.0
030200128_,3,2026-04-01,
030200382_,4,2026-04-01,19.0
030200127_,5,2026-04-01,
030200141_,6,2026-04-01,
030200096_,7,2026-04-01,
030200072_,8,2026-04-01,1.0
030200093_,9,2026-04-01,9.0
030200135_,10,2026-04-01,13.0
030200136_,11,2026-04-01,35.0
030200134_,12,2026-04-01,83.0
030200094_,13,2026-04-01,
030200090_,14,2026-04-01,
030200095_,15,2026-04-01,
030200142_,16,2026-04-01,1.0
280300174_,17,2026-04-01,106.0
030300013_,18,2026-04-01,
030200220_,19,2026-04-01,1202.0
030200219_,20,2026-04-01,3427.0
030300078_,21,2026-04-01,
030300014_,22,2026-04-01,392.0
030200193_,23,2026-04-01,23991.0
030201459_,24,2026-04-01,1117.0
030200192_,25,2026-04-01,49395.0
030200201_,26,2026-04-01,25870.0
300200428_,27,2026-04-01,209.0
ATN544015,28,2026-04-01,
ATN540115,29,2026-04-01,1.0
ATN000532,30,2026-04-01,
ATN001232,31,2026-04-01,
300201148_,32,2026-04-01,60.0
300201149_,33,2026-04-01,17.0
300201150_,34,2026-04-01,6.0
300201151_,35,2026-04-01,23.0
300201152_,36,2026-04-01,1.0
300201153_,37,2026-04-01,50.0
300201154_,38,2026-04-01,2.0
300201155_,39,2026-04-01,42.0
300200968_,40,2026-04-01,123.0
300200967_,41,2026-04-01,212.0
300200413_,42,2026-04-01,11.0
010400436_,43,2026-04-01,30.0
010400432_,44,2026-04-01,8.0
010400440_,45,2026-04-01,19.0
010400444_,46,2026-04-01,57.0
010400447_,47,2026-04-01,46.0
010400433_,48,2026-04-01,13.0
010400437_,49,2026-04-01,11.0
010400441_,50,2026-04-01,9.0
010400445_,51,2026-04-01,9.0
010400448_,52,2026-04-01,15.0
300200784_,53,2026-04-01,
300200785_,54,2026-04-01,3.0
300200786_,55,2026-04-01,
300200787_,56,2026-04-01,
300200788_,57,2026-04-01,
300200789_,58,2026-04-01,
300200790_,59,2026-04-01,
300200791_,60,2026-04-01,
300200792_,61,2026-04-01,
300200793_,62,2026-04-01,
300200794_,63,2026-04-01,
300200795_,64,2026-04-01,
300200796_,65,2026-04-01,3.0
300200797_,66,2026-04-01,1.0
300200798_,67,2026-04-01,
300200799_,68,2026-04-01,
300200800_,69,2026-04-01,
300200801_,70,2026-04-01,
300200802_,71,2026-04-01,
300200803_,72,2026-04-01,4.0
300200804_,73,2026-04-01,
300200805_,74,2026-04-01,3.0
300200806_,75,2026-04-01,
300200807_,76,2026-04-01,
300200808_,77,2026-04-01,
300200809_,78,2026-04-01,
300200810_,79,2026-04-01,32.0
300200811_,80,2026-04-01,
300200812_,81,2026-04-01,5.0
300200813_,82,2026-04-01,
300200814_,83,2026-04-01,11.0
300200815_,84,2026-04-01,
300200816_,85,2026-04-01,1.0
300200817_,86,2026-04-01,
300200818_,87,2026-04-01,
300200819_,88,2026-04-01,1.0
300200820_,89,2026-04-01,
300200821_,90,2026-04-01,18.0
300200822_,91,2026-04-01,18.0
300200823_,92,2026-04-01,1.0
300200824_,93,2026-04-01,1.0
300200825_,94,2026-04-01,
300200826_,95,2026-04-01,11.0
300200827_,96,2026-04-01,
300200828_,97,2026-04-01,
300200829_,98,2026-04-01,
300200830_,99,2026-04-01,
300200831_,100,2026-04-01,
300200832_,101,2026-04-01,
300200833_,102,2026-04-01,
300200834_,103,2026-04-01,
300200835_,104,2026-04-01,2.0
300200836_,105,2026-04-01,
300200837_,106,2026-04-01,
300200838_,107,2026-04-01,
300200839_,108,2026-04-01,
300200840_,109,2026-04-01,
300200841_,110,2026-04-01,8.0
300200842_,111,2026-04-01,3.0
300200843_,112,2026-04-01,15.0
300200844_,113,2026-04-01,2.0
300200845_,114,2026-04-01,
300200846_,115,2026-04-01,5.0
300200847_,116,2026-04-01,
300200848_,117,2026-04-01,2.0
300200849_,118,2026-04-01,1.0
300200850_,119,2026-04-01,
300200851_,120,2026-04-01,
300200852_,121,2026-04-01,
300200853_,122,2026-04-01,
300200854_,123,2026-04-01,
300200855_,124,2026-04-01,
300200856_,125,2026-04-01,34.0
300200857_,126,2026-04-01,9.0
300200858_,127,2026-04-01,
300200859_,128,2026-04-01,7.0
300200860_,129,2026-04-01,
300200861_,130,2026-04-01,3.0
300200862_,131,2026-04-01,
300200863_,132,2026-04-01,
300200864_,133,2026-04-01,
300200865_,134,2026-04-01,
300200866_,135,2026-04-01,
300200867_,136,2026-04-01,
300200868_,137,2026-04-01,49.0
300200869_,138,2026-04-01,7.0
300200870_,139,2026-04-01,8.0
300200871_,140,2026-04-01,
300200872_,141,2026-04-01,
300200873_,142,2026-04-01,2.0
300200874_,143,2026-04-01,
300200875_,144,2026-04-01,1.0
300200876_,145,2026-04-01,
300200877_,146,2026-04-01,
300200878_,147,2026-04-01,
300200879_,148,2026-04-01,
300200880_,149,2026-04-01,
300200881_,150,2026-04-01,
300200882_,151,2026-04-01,
300200883_,152,2026-04-01,
300200884_,153,2026-04-01,
300200885_,154,2026-04-01,
300200886_,155,2026-04-01,
300200887_,156,2026-04-01,
300200888_,157,2026-04-01,2.0
300200889_,158,2026-04-01,
300200890_,159,2026-04-01,
300200892_,160,2026-04-01,
300200893_,161,2026-04-01,2.0
300200894_,162,2026-04-01,
300200895_,163,2026-04-01,
300200896_,164,2026-04-01,
300200897_,165,2026-04-01,
300200898_,166,2026-04-01,2.0
300200899_,167,2026-04-01,
300200900_,168,2026-04-01,
300200901_,169,2026-04-01,
300200902_,170,2026-04-01,
300200903_,171,2026-04-01,
300200904_,172,2026-04-01,
300200905_,173,2026-04-01,
300200906_,174,2026-04-01,
300200907_,175,2026-04-01,
300200908_,176,2026-04-01,
300200909_,177,2026-04-01,
300200910_,178,2026-04-01,66.0
300200911_,179,2026-04-01,
300200912_,180,2026-04-01,5.0
300200913_,181,2026-04-01,
300200914_,182,2026-04-01,15.0
300200915_,183,2026-04-01,
300200916_,184,2026-04-01,17.0
300200917_,185,2026-04-01,2.0
300200918_,186,2026-04-01,
300200919_,187,2026-04-01,6.0
300200920_,188,2026-04-01,
300200921_,189,2026-04-01,28.0
300200922_,190,2026-04-01,23.0
300200923_,191,2026-04-01,2.0
300200924_,192,2026-04-01,
300200925_,193,2026-04-01,
300200926_,194,2026-04-01,
300200927_,195,2026-04-01,
300200928_,196,2026-04-01,
300200929_,197,2026-04-01,
300200930_,198,2026-04-01,
300200931_,199,2026-04-01,
300200932_,200,2026-04-01,
300200933_,201,2026-04-01,170.0
300200934_,202,2026-04-01,30.0
300200935_,203,2026-04-01,
300200936_,204,2026-04-01,29.0
300200937_,205,2026-04-01,
300200938_,206,2026-04-01,3.0
300200939_,207,2026-04-01,2.0
300200940_,208,2026-04-01,
300200941_,209,2026-04-01,
300200942_,210,2026-04-01,
300200943_,211,2026-04-01,11.0
300200944_,212,2026-04-01,
300200945_,213,2026-04-01,51.0
300200946_,214,2026-04-01,27.0
300200947_,215,2026-04-01,11.0
300200948_,216,2026-04-01,7.0
300200949_,217,2026-04-01,4.0
300200950_,218,2026-04-01,6.0
300200951_,219,2026-04-01,
300200952_,220,2026-04-01,7.0
300200953_,221,2026-04-01,11.0
300200954_,222,2026-04-01,
300200955_,223,2026-04-01,
300200371_,224,2026-04-01,6.0
300200420_,225,2026-04-01,5.0
300200375_,226,2026-04-01,18.0
300200422_,227,2026-04-01,3.0
300200363_,228,2026-04-01,2.0
300200368_,229,2026-04-01,2.0
300200367_,230,2026-04-01,7.0
300200426_,231,2026-04-01,
300200424_,232,2026-04-01,1.0
300200372_,233,2026-04-01,10.0
300200373_,234,2026-04-01,39.0
300200418_,235,2026-04-01,
300200365_,236,2026-04-01,117.0
300200364_,237,2026-04-01,29.0
300200374_,238,2026-04-01,2.0
300200370_,239,2026-04-01,
300200425_,240,2026-04-01,1.0
300200419_,241,2026-04-01,
300200376_,242,2026-04-01,88.0
300200377_,243,2026-04-01,26.0
300200378_,244,2026-04-01,10.0
300200379_,245,2026-04-01,2.0
300200380_,246,2026-04-01,1.0
300200421_,247,2026-04-01,5.0
щщщ0116254,248,2026-04-01,
300200520_,249,2026-04-01,48.0
300200521_,250,2026-04-01,
300200522_,251,2026-04-01,
300200523_,252,2026-04-01,6.0
300200524_,253,2026-04-01,1.0
300200525_,254,2026-04-01,
300200526_,255,2026-04-01,6.0
300200527_,256,2026-04-01,1.0
300200529_,257,2026-04-01,
300200530_,258,2026-04-01,
300200531_,259,2026-04-01,7.0
300200532_,260,2026-04-01,
300200533_,261,2026-04-01,
300200534_,262,2026-04-01,2.0
300200535_,263,2026-04-01,
300200536_,264,2026-04-01,100.0
300200537_,265,2026-04-01,8.0
300200538_,266,2026-04-01,5.0
300200539_,267,2026-04-01,
300200540_,268,2026-04-01,
300200541_,269,2026-04-01,
300200542_,270,2026-04-01,998.0
300200624_,271,2026-04-01,38.0
300200704_,272,2026-04-01,100.0
300200543_,273,2026-04-01,90.0
300200544_,274,2026-04-01,1.0
300200545_,275,2026-04-01,21.0
300200593_,276,2026-04-01,174.0
300200546_,277,2026-04-01,
300200547_,278,2026-04-01,1.0
300200548_,279,2026-04-01,148.0
300200549_,280,2026-04-01,67.0
300200550_,281,2026-04-01,
300200551_,282,2026-04-01,8.0
300200773_,283,2026-04-01,12.0
300200552_,284,2026-04-01,33.0
300200553_,285,2026-04-01,61.0
300200554_,286,2026-04-01,
300200555_,287,2026-04-01,24.0
300200556_,288,2026-04-01,2.0
300200557_,289,2026-04-01,2.0
300200558_,290,2026-04-01,399.0
300200559_,291,2026-04-01,400.0
300200560_,292,2026-04-01,121.0
300200561_,293,2026-04-01,26.0
300200562_,294,2026-04-01,
300200563_,295,2026-04-01,45.0
300200564_,296,2026-04-01,27.0
300200565_,297,2026-04-01,4.0
300200590_,298,2026-04-01,11.0
300200566_,299,2026-04-01,
300200567_,300,2026-04-01,1.0
300200591_,301,2026-04-01,11.0
300200568_,302,2026-04-01,
300200569_,303,2026-04-01,3.0
300200570_,304,2026-04-01,1.0
300200571_,305,2026-04-01,2.0
300200572_,306,2026-04-01,
300200573_,307,2026-04-01,
300200574_,308,2026-04-01,2.0
300200575_,309,2026-04-01,18.0
300200511_,310,2026-04-01,
300200576_,311,2026-04-01,1.0
300200776_,312,2026-04-01,1.0
300200577_,313,2026-04-01,
300200579_,314,2026-04-01,19.0
300200580_,315,2026-04-01,-17.0
300200581_,316,2026-04-01,12.0
300200582_,317,2026-04-01,2.0
300200583_,318,2026-04-01,
300200584_,319,2026-04-01,7.0
300200343_,320,2026-04-01,1236.0
020100163_,321,2026-04-01,1.0
300200459_,322,2026-04-01,61.0
020100158_,323,2026-04-01,192.0
020100159_,324,2026-04-01,
300200460_,325,2026-04-01,44.0
020100160_,326,2026-04-01,136.0
020100161_,327,2026-04-01,
300200461_,328,2026-04-01,13.0
300200472_,329,2026-04-01,51.0
300200462_,330,2026-04-01,55.0
300200517_,331,2026-04-01,
020100162_,332,2026-04-01,2.0
300200772_,333,2026-04-01,3.0
300200468_,334,2026-04-01,55.0
300200515_,335,2026-04-01,109.0
300200518_,336,2026-04-01,3.0
300200516_,337,2026-04-01,4.0
300200471_,338,2026-04-01,8.0
300200470_,339,2026-04-01,
300200463_,340,2026-04-01,502.0
300200464_,341,2026-04-01,361.0
300200465_,342,2026-04-01,174.0
300200466_,343,2026-04-01,46.0
300200467_,344,2026-04-01,32.0
300200519_,345,2026-04-01,49.0
300200775_,346,2026-04-01,
300200781_,347,2026-04-01,
300200779_,348,2026-04-01,14.0
300200782_,349,2026-04-01,
300200783_,350,2026-04-01,7.0
300100015_,351,2026-04-01,
300100006_,352,2026-04-01,
300100003_,353,2026-04-01,
300100012_,354,2026-04-01,
030200006_,355,2026-04-01,1.0
030200008_,356,2026-04-01,
030200005_,357,2026-04-01,4.0
030200007_,358,2026-04-01,
030200015_,359,2026-04-01,1.0
030200002_,360,2026-04-01,
030200003_,361,2026-04-01,9.0
030200009_,362,2026-04-01,
030200030_,363,2026-04-01,
030200031_,364,2026-04-01,
030200036_,365,2026-04-01,
030200038_,366,2026-04-01,
030200037_,367,2026-04-01,
030200039_,368,2026-04-01,
030200028_,369,2026-04-01,
030200029_,370,2026-04-01,
030200032_,371,2026-04-01,
030200034_,372,2026-04-01,
030200239_,373,2026-04-01,
030200240_,374,2026-04-01,
030200379_,375,2026-04-01,
030200026_,376,2026-04-01,
030200025_,377,2026-04-01,
030200027_,378,2026-04-01,
030200052_,379,2026-04-01,
030200053_,380,2026-04-01,
030200054_,381,2026-04-01,
030200183_,382,2026-04-01,
030200191_,383,2026-04-01,
030200175_,384,2026-04-01,
030200176_,385,2026-04-01,1.0
030200247_,386,2026-04-01,1.0
030200246_,387,2026-04-01,
030200243_,388,2026-04-01,1.0
030200244_,389,2026-04-01,
030200245_,390,2026-04-01,
030200248_,391,2026-04-01,3.0
030200249_,392,2026-04-01,1.0
030200259_,393,2026-04-01,
030200260_,394,2026-04-01,
030200256_,395,2026-04-01,1.0
030200257_,396,2026-04-01,
030200258_,397,2026-04-01,
030200263_,398,2026-04-01,
030200262_,399,2026-04-01,
030200265_,400,2026-04-01,
030200261_,401,2026-04-01,
030200292_,402,2026-04-01,5.0
030200250_,403,2026-04-01,21.0
030200251_,404,2026-04-01,9.0
030200252_,405,2026-04-01,4.0
030200253_,406,2026-04-01,
030200254_,407,2026-04-01,
300200331_,408,2026-04-01,861.0
300200296_,409,2026-04-01,780.0
300200283_,410,2026-04-01,46.0
300200302_,411,2026-04-01,371.0
300200333_,412,2026-04-01,423.0
300200288_,413,2026-04-01,12.0
300200284_,414,2026-04-01,41.0
300200767_,415,2026-04-01,
300200293_,416,2026-04-01,103.0
300200289_,417,2026-04-01,200.0
300200290_,418,2026-04-01,
300200291_,419,2026-04-01,38.0
300200297_,420,2026-04-01,520.0
300200298_,421,2026-04-01,781.0
300200299_,422,2026-04-01,
300200294_,423,2026-04-01,64.0
300200286_,424,2026-04-01,4744.0
300200332_,425,2026-04-01,661.0
300200301_,426,2026-04-01,313.0
300200287_,427,2026-04-01,
300200700_,428,2026-04-01,40.0
300200295_,429,2026-04-01,25.0
300200292_,430,2026-04-01,
300200300_,431,2026-04-01,8.0
300200312_,432,2026-04-01,
300200303_,433,2026-04-01,3192.0
300200304_,434,2026-04-01,1008.0
300200305_,435,2026-04-01,501.0
300200306_,436,2026-04-01,140.0
300200307_,437,2026-04-01,36.0
300200310_,438,2026-04-01,
300200311_,439,2026-04-01,21.0
300200308_,440,2026-04-01,3.0
300200309_,441,2026-04-01,1.0
300200313_,442,2026-04-01,63.0
300200498_,443,2026-04-01,111.0
ATN000108,444,2026-04-01,
300200314_,445,2026-04-01,7.0
ATN000109,446,2026-04-01,1.0
300200315_,447,2026-04-01,
300200771_,448,2026-04-01,24.0
300200316_,449,2026-04-01,2.0
300200959_,450,2026-04-01,15.0
300200317_,451,2026-04-01,227.0
300200496_,452,2026-04-01,73.0
300200346_,453,2026-04-01,20.0
300200318_,454,2026-04-01,166.0
300200347_,455,2026-04-01,1.0
300200319_,456,2026-04-01,401.0
300200320_,457,2026-04-01,169.0
300200321_,458,2026-04-01,24.0
300200322_,459,2026-04-01,73.0
300200323_,460,2026-04-01,378.0
300200324_,461,2026-04-01,1016.0
300200325_,462,2026-04-01,26.0
300200326_,463,2026-04-01,524.0
300200327_,464,2026-04-01,29.0
300200328_,465,2026-04-01,282.0
300200330_,466,2026-04-01,2.0
300200348_,467,2026-04-01,
300200350_,468,2026-04-01,
300200352_,469,2026-04-01,
300200430_,470,2026-04-01,9.0
300200588_,471,2026-04-01,15.0
300200443_,472,2026-04-01,39.0
300200432_,473,2026-04-01,9.0
300200444_,474,2026-04-01,10.0
300200449_,475,2026-04-01,1.0
300200447_,476,2026-04-01,
300200433_,477,2026-04-01,26.0
300200439_,478,2026-04-01,
300200451_,479,2026-04-01,
300200448_,480,2026-04-01,
300200774_,481,2026-04-01,
300200436_,482,2026-04-01,32.0
300200431_,483,2026-04-01,10.0
300200452_,484,2026-04-01,6.0
300200434_,485,2026-04-01,
300200429_,486,2026-04-01,
300200632_,487,2026-04-01,25.0
300200441_,488,2026-04-01,50.0
300200450_,489,2026-04-01,1.0
300200435_,490,2026-04-01,161.0
300200437_,491,2026-04-01,53.0
300200438_,492,2026-04-01,40.0
300200440_,493,2026-04-01,15.0
300200445_,494,2026-04-01,1.0
300200446_,495,2026-04-01,25.0
ATN000399,496,2026-04-01,
300200592_,497,2026-04-01,236.0
300200366_,498,2026-04-01,1.0
LNVA105011,499,2026-04-01,1.0
300200595_,500,2026-04-01,2.0
030200097_,501,2026-04-01,
300200718_,502,2026-04-01,585.0
300200719_,503,2026-04-01,
300200720_,504,2026-04-01,12.0
300200721_,505,2026-04-01,6.0
300200722_,506,2026-04-01,2.0
300200777_,507,2026-04-01,59.0
300200723_,508,2026-04-01,
300200724_,509,2026-04-01,6.0
300200725_,510,2026-04-01,31.0
300200726_,511,2026-04-01,19.0
300200727_,512,2026-04-01,
300200728_,513,2026-04-01,1.0
300200729_,514,2026-04-01,20.0
300200730_,515,2026-04-01,16.0
300200731_,516,2026-04-01,
300200732_,517,2026-04-01,5.0
300200778_,518,2026-04-01,6.0
300200733_,519,2026-04-01,4.0
300200734_,520,2026-04-01,
300200735_,521,2026-04-01,150.0
300200736_,522,2026-04-01,156.0
300200737_,523,2026-04-01,70.0
300200738_,524,2026-04-01,16.0
300200742_,525,2026-04-01,62.0
300200739_,526,2026-04-01,3.0
300200743_,527,2026-04-01,20.0
300200740_,528,2026-04-01,24.0
300200741_,529,2026-04-01,77.0
300200744_,530,2026-04-01,76.0
300200745_,531,2026-04-01,87.0
300200746_,532,2026-04-01,60.0
300200747_,533,2026-04-01,1.0
300200748_,534,2026-04-01,
300200749_,535,2026-04-01,51.0
300200750_,536,2026-04-01,23.0
300200751_,537,2026-04-01,103.0
300200752_,538,2026-04-01,56.0
300200753_,539,2026-04-01,20.0
300200754_,540,2026-04-01,3.0
300200755_,541,2026-04-01,9.0
300200497_,542,2026-04-01,
030200226_,543,2026-04-01,200.0
030200223_,544,2026-04-01,1092.0
030200227_,545,2026-04-01,172.0
030200225_,546,2026-04-01,3164.0
030200224_,547,2026-04-01,3325.0
030200221_,548,2026-04-01,3003.0
030200222_,549,2026-04-01,576.0
300200473_,550,2026-04-01,
ATN000446,551,2026-04-01,7.0
ATN000389,552,2026-04-01,
130300026_,553,2026-04-01,75.0
130300027_,554,2026-04-01,94.0
130300028_,555,2026-04-01,182.0
030200203_,556,2026-04-01,2790.0
030200128_,3,2026-05-01,
030200382_,4,2026-05-01,45.0
030200127_,5,2026-05-01,
030200141_,6,2026-05-01,
030200096_,7,2026-05-01,
030200072_,8,2026-05-01,20.0
030200093_,9,2026-05-01,
030200135_,10,2026-05-01,46.0
030200136_,11,2026-05-01,11.0
030200134_,12,2026-05-01,35.0
030200094_,13,2026-05-01,
030200090_,14,2026-05-01,
030200095_,15,2026-05-01,
030200142_,16,2026-05-01,
280300174_,17,2026-05-01,535.0
030300013_,18,2026-05-01,
030200220_,19,2026-05-01,2037.0
030200219_,20,2026-05-01,15087.0
030300078_,21,2026-05-01,
030300014_,22,2026-05-01,1.0
030200193_,23,2026-05-01,24783.0
030201459_,24,2026-05-01,4717.0
030200192_,25,2026-05-01,53354.0
030200201_,26,2026-05-01,23330.0
300200428_,27,2026-05-01,122.0
ATN544015,28,2026-05-01,
ATN540115,29,2026-05-01,4.0
ATN000532,30,2026-05-01,
ATN001232,31,2026-05-01,2.0
300201148_,32,2026-05-01,40.0
300201149_,33,2026-05-01,7.0
300201150_,34,2026-05-01,13.0
300201151_,35,2026-05-01,23.0
300201152_,36,2026-05-01,
300201153_,37,2026-05-01,29.0
300201154_,38,2026-05-01,1.0
300201155_,39,2026-05-01,15.0
300200968_,40,2026-05-01,24.0
300200967_,41,2026-05-01,65.0
300200413_,42,2026-05-01,13.0
010400436_,43,2026-05-01,22.0
010400432_,44,2026-05-01,2.0
010400440_,45,2026-05-01,17.0
010400444_,46,2026-05-01,55.0
010400447_,47,2026-05-01,48.0
010400433_,48,2026-05-01,7.0
010400437_,49,2026-05-01,13.0
010400441_,50,2026-05-01,17.0
010400445_,51,2026-05-01,16.0
010400448_,52,2026-05-01,10.0
300200784_,53,2026-05-01,
300200785_,54,2026-05-01,
300200786_,55,2026-05-01,
300200787_,56,2026-05-01,
300200788_,57,2026-05-01,
300200789_,58,2026-05-01,
300200790_,59,2026-05-01,
300200791_,60,2026-05-01,
300200792_,61,2026-05-01,
300200793_,62,2026-05-01,
300200794_,63,2026-05-01,
300200795_,64,2026-05-01,
300200796_,65,2026-05-01,
300200797_,66,2026-05-01,
300200798_,67,2026-05-01,
300200799_,68,2026-05-01,
300200800_,69,2026-05-01,
300200801_,70,2026-05-01,
300200802_,71,2026-05-01,
300200803_,72,2026-05-01,
300200804_,73,2026-05-01,
300200805_,74,2026-05-01,
300200806_,75,2026-05-01,
300200807_,76,2026-05-01,
300200808_,77,2026-05-01,
300200809_,78,2026-05-01,
300200810_,79,2026-05-01,179.0
300200811_,80,2026-05-01,45.0
300200812_,81,2026-05-01,40.0
300200813_,82,2026-05-01,
300200814_,83,2026-05-01,26.0
300200815_,84,2026-05-01,
300200816_,85,2026-05-01,9.0
300200817_,86,2026-05-01,6.0
300200818_,87,2026-05-01,3.0
300200819_,88,2026-05-01,
300200820_,89,2026-05-01,3.0
300200821_,90,2026-05-01,103.0
300200822_,91,2026-05-01,74.0
300200823_,92,2026-05-01,32.0
300200824_,93,2026-05-01,13.0
300200825_,94,2026-05-01,2.0
300200826_,95,2026-05-01,27.0
300200827_,96,2026-05-01,
300200828_,97,2026-05-01,2.0
300200829_,98,2026-05-01,
300200830_,99,2026-05-01,
300200831_,100,2026-05-01,11.0
300200832_,101,2026-05-01,8.0
300200833_,102,2026-05-01,28.0
300200834_,103,2026-05-01,2.0
300200835_,104,2026-05-01,12.0
300200836_,105,2026-05-01,2.0
300200837_,106,2026-05-01,
300200838_,107,2026-05-01,2.0
300200839_,108,2026-05-01,7.0
300200840_,109,2026-05-01,2.0
300200841_,110,2026-05-01,3.0
300200842_,111,2026-05-01,120.0
300200843_,112,2026-05-01,
300200844_,113,2026-05-01,4.0
300200845_,114,2026-05-01,
300200846_,115,2026-05-01,51.0
300200847_,116,2026-05-01,38.0
300200848_,117,2026-05-01,16.0
300200849_,118,2026-05-01,6.0
300200850_,119,2026-05-01,
300200851_,120,2026-05-01,3.0
300200852_,121,2026-05-01,
300200853_,122,2026-05-01,1.0
300200854_,123,2026-05-01,
300200855_,124,2026-05-01,
300200856_,125,2026-05-01,246.0
300200857_,126,2026-05-01,47.0
300200858_,127,2026-05-01,
300200859_,128,2026-05-01,16.0
300200860_,129,2026-05-01,10.0
300200861_,130,2026-05-01,56.0
300200862_,131,2026-05-01,4.0
300200863_,132,2026-05-01,
300200864_,133,2026-05-01,
300200865_,134,2026-05-01,
300200866_,135,2026-05-01,
300200867_,136,2026-05-01,
300200868_,137,2026-05-01,88.0
300200869_,138,2026-05-01,65.0
300200870_,139,2026-05-01,26.0
300200871_,140,2026-05-01,9.0
300200872_,141,2026-05-01,
300200873_,142,2026-05-01,10.0
300200874_,143,2026-05-01,
300200875_,144,2026-05-01,10.0
300200876_,145,2026-05-01,
300200877_,146,2026-05-01,
300200878_,147,2026-05-01,
300200879_,148,2026-05-01,
300200880_,149,2026-05-01,
300200881_,150,2026-05-01,
300200882_,151,2026-05-01,
300200883_,152,2026-05-01,
300200884_,153,2026-05-01,
300200885_,154,2026-05-01,
300200886_,155,2026-05-01,
300200887_,156,2026-05-01,64.0
300200888_,157,2026-05-01,10.0
300200889_,158,2026-05-01,
300200890_,159,2026-05-01,8.0
300200892_,160,2026-05-01,
300200893_,161,2026-05-01,4.0
300200894_,162,2026-05-01,
300200895_,163,2026-05-01,
300200896_,164,2026-05-01,
300200897_,165,2026-05-01,
300200898_,166,2026-05-01,23.0
300200899_,167,2026-05-01,20.0
300200900_,168,2026-05-01,3.0
300200901_,169,2026-05-01,3.0
300200902_,170,2026-05-01,
300200903_,171,2026-05-01,
300200904_,172,2026-05-01,
300200905_,173,2026-05-01,
300200906_,174,2026-05-01,
300200907_,175,2026-05-01,
300200908_,176,2026-05-01,
300200909_,177,2026-05-01,
300200910_,178,2026-05-01,93.0
300200911_,179,2026-05-01,
300200912_,180,2026-05-01,29.0
300200913_,181,2026-05-01,
300200914_,182,2026-05-01,12.0
300200915_,183,2026-05-01,
300200916_,184,2026-05-01,8.0
300200917_,185,2026-05-01,
300200918_,186,2026-05-01,
300200919_,187,2026-05-01,3.0
300200920_,188,2026-05-01,
300200921_,189,2026-05-01,29.0
300200922_,190,2026-05-01,22.0
300200923_,191,2026-05-01,
300200924_,192,2026-05-01,2.0
300200925_,193,2026-05-01,
300200926_,194,2026-05-01,12.0
300200927_,195,2026-05-01,
300200928_,196,2026-05-01,1.0
300200929_,197,2026-05-01,
300200930_,198,2026-05-01,
300200931_,199,2026-05-01,
300200932_,200,2026-05-01,
300200933_,201,2026-05-01,65.0
300200934_,202,2026-05-01,15.0
300200935_,203,2026-05-01,
300200936_,204,2026-05-01,11.0
300200937_,205,2026-05-01,
300200938_,206,2026-05-01,
300200939_,207,2026-05-01,2.0
300200940_,208,2026-05-01,
300200941_,209,2026-05-01,
300200942_,210,2026-05-01,
300200943_,211,2026-05-01,
300200944_,212,2026-05-01,
300200945_,213,2026-05-01,17.0
300200946_,214,2026-05-01,17.0
300200947_,215,2026-05-01,16.0
300200948_,216,2026-05-01,
300200949_,217,2026-05-01,
300200950_,218,2026-05-01,2.0
300200951_,219,2026-05-01,
300200952_,220,2026-05-01,
300200953_,221,2026-05-01,1.0
300200954_,222,2026-05-01,7.0
300200955_,223,2026-05-01,
300200371_,224,2026-05-01,3.0
300200420_,225,2026-05-01,
300200375_,226,2026-05-01,22.0
300200422_,227,2026-05-01,
300200363_,228,2026-05-01,2.0
300200368_,229,2026-05-01,14.0
300200367_,230,2026-05-01,24.0
300200426_,231,2026-05-01,
300200424_,232,2026-05-01,1.0
300200372_,233,2026-05-01,30.0
300200373_,234,2026-05-01,4.0
300200418_,235,2026-05-01,
300200365_,236,2026-05-01,137.0
300200364_,237,2026-05-01,
300200374_,238,2026-05-01,50.0
300200370_,239,2026-05-01,
300200425_,240,2026-05-01,
300200419_,241,2026-05-01,
300200376_,242,2026-05-01,56.0
300200377_,243,2026-05-01,54.0
300200378_,244,2026-05-01,22.0
300200379_,245,2026-05-01,9.0
300200380_,246,2026-05-01,6.0
300200421_,247,2026-05-01,4.0
щщщ0116254,248,2026-05-01,
300200520_,249,2026-05-01,163.0
300200521_,250,2026-05-01,6.0
300200522_,251,2026-05-01,
300200523_,252,2026-05-01,7.0
300200524_,253,2026-05-01,
300200525_,254,2026-05-01,
300200526_,255,2026-05-01,16.0
300200527_,256,2026-05-01,2.0
300200529_,257,2026-05-01,
300200530_,258,2026-05-01,2.0
300200531_,259,2026-05-01,5.0
300200532_,260,2026-05-01,
300200533_,261,2026-05-01,
300200534_,262,2026-05-01,
300200535_,263,2026-05-01,
300200536_,264,2026-05-01,93.0
300200537_,265,2026-05-01,46.0
300200538_,266,2026-05-01,21.0
300200539_,267,2026-05-01,59.0
300200540_,268,2026-05-01,
300200541_,269,2026-05-01,
300200542_,270,2026-05-01,486.0
300200624_,271,2026-05-01,4.0
300200704_,272,2026-05-01,1.0
300200543_,273,2026-05-01,50.0
300200544_,274,2026-05-01,
300200545_,275,2026-05-01,13.0
300200593_,276,2026-05-01,82.0
300200546_,277,2026-05-01,
300200547_,278,2026-05-01,14.0
300200548_,279,2026-05-01,6.0
300200549_,280,2026-05-01,27.0
300200550_,281,2026-05-01,
300200551_,282,2026-05-01,7.0
300200773_,283,2026-05-01,8.0
300200552_,284,2026-05-01,34.0
300200553_,285,2026-05-01,53.0
300200554_,286,2026-05-01,
300200555_,287,2026-05-01,31.0
300200556_,288,2026-05-01,1.0
300200557_,289,2026-05-01,1.0
300200558_,290,2026-05-01,269.0
300200559_,291,2026-05-01,116.0
300200560_,292,2026-05-01,48.0
300200561_,293,2026-05-01,24.0
300200562_,294,2026-05-01,4.0
300200563_,295,2026-05-01,48.0
300200564_,296,2026-05-01,13.0
300200565_,297,2026-05-01,27.0
300200590_,298,2026-05-01,
300200566_,299,2026-05-01,
300200567_,300,2026-05-01,5.0
300200591_,301,2026-05-01,
300200568_,302,2026-05-01,
300200569_,303,2026-05-01,
300200570_,304,2026-05-01,8.0
300200571_,305,2026-05-01,
300200572_,306,2026-05-01,
300200573_,307,2026-05-01,
300200574_,308,2026-05-01,4.0
300200575_,309,2026-05-01,3.0
300200511_,310,2026-05-01,
300200576_,311,2026-05-01,4.0
300200776_,312,2026-05-01,3.0
300200577_,313,2026-05-01,
300200579_,314,2026-05-01,3.0
300200580_,315,2026-05-01,
300200581_,316,2026-05-01,6.0
300200582_,317,2026-05-01,1.0
300200583_,318,2026-05-01,1.0
300200584_,319,2026-05-01,
300200343_,320,2026-05-01,1709.0
020100163_,321,2026-05-01,11.0
300200459_,322,2026-05-01,78.0
020100158_,323,2026-05-01,330.0
020100159_,324,2026-05-01,-30.0
300200460_,325,2026-05-01,18.0
020100160_,326,2026-05-01,203.0
020100161_,327,2026-05-01,
300200461_,328,2026-05-01,10.0
300200472_,329,2026-05-01,113.0
300200462_,330,2026-05-01,47.0
300200517_,331,2026-05-01,
020100162_,332,2026-05-01,23.0
300200772_,333,2026-05-01,13.0
300200468_,334,2026-05-01,101.0
300200515_,335,2026-05-01,40.0
300200518_,336,2026-05-01,25.0
300200516_,337,2026-05-01,80.0
300200471_,338,2026-05-01,
300200470_,339,2026-05-01,
300200463_,340,2026-05-01,651.0
300200464_,341,2026-05-01,485.0
300200465_,342,2026-05-01,197.0
300200466_,343,2026-05-01,95.0
300200467_,344,2026-05-01,17.0
300200519_,345,2026-05-01,32.0
300200775_,346,2026-05-01,
300200781_,347,2026-05-01,
300200779_,348,2026-05-01,42.0
300200782_,349,2026-05-01,5.0
300200783_,350,2026-05-01,1.0
300100015_,351,2026-05-01,
300100006_,352,2026-05-01,
300100003_,353,2026-05-01,
300100012_,354,2026-05-01,
030200006_,355,2026-05-01,
030200008_,356,2026-05-01,
030200005_,357,2026-05-01,
030200007_,358,2026-05-01,
030200015_,359,2026-05-01,
030200002_,360,2026-05-01,
030200003_,361,2026-05-01,6.0
030200009_,362,2026-05-01,
030200030_,363,2026-05-01,
030200031_,364,2026-05-01,
030200036_,365,2026-05-01,
030200038_,366,2026-05-01,
030200037_,367,2026-05-01,
030200039_,368,2026-05-01,
030200028_,369,2026-05-01,
030200029_,370,2026-05-01,
030200032_,371,2026-05-01,
030200034_,372,2026-05-01,
030200239_,373,2026-05-01,
030200240_,374,2026-05-01,
030200379_,375,2026-05-01,
030200026_,376,2026-05-01,1.0
030200025_,377,2026-05-01,
030200027_,378,2026-05-01,3.0
030200052_,379,2026-05-01,
030200053_,380,2026-05-01,
030200054_,381,2026-05-01,
030200183_,382,2026-05-01,
030200191_,383,2026-05-01,
030200175_,384,2026-05-01,
030200176_,385,2026-05-01,
030200247_,386,2026-05-01,
030200246_,387,2026-05-01,
030200243_,388,2026-05-01,
030200244_,389,2026-05-01,
030200245_,390,2026-05-01,
030200248_,391,2026-05-01,5.0
030200249_,392,2026-05-01,10.0
030200259_,393,2026-05-01,
030200260_,394,2026-05-01,
030200256_,395,2026-05-01,
030200257_,396,2026-05-01,
030200258_,397,2026-05-01,
030200263_,398,2026-05-01,
030200262_,399,2026-05-01,
030200265_,400,2026-05-01,
030200261_,401,2026-05-01,
030200292_,402,2026-05-01,
030200250_,403,2026-05-01,6.0
030200251_,404,2026-05-01,19.0
030200252_,405,2026-05-01,2.0
030200253_,406,2026-05-01,
030200254_,407,2026-05-01,
300200331_,408,2026-05-01,619.0
300200296_,409,2026-05-01,556.0
300200283_,410,2026-05-01,-12.0
300200302_,411,2026-05-01,244.0
300200333_,412,2026-05-01,374.0
300200288_,413,2026-05-01,44.0
300200284_,414,2026-05-01,52.0
300200767_,415,2026-05-01,1.0
300200293_,416,2026-05-01,188.0
300200289_,417,2026-05-01,92.0
300200290_,418,2026-05-01,18.0
300200291_,419,2026-05-01,26.0
300200297_,420,2026-05-01,503.0
300200298_,421,2026-05-01,739.0
300200299_,422,2026-05-01,
300200294_,423,2026-05-01,29.0
300200286_,424,2026-05-01,3421.0
300200332_,425,2026-05-01,331.0
300200301_,426,2026-05-01,372.0
300200287_,427,2026-05-01,32.0
300200700_,428,2026-05-01,60.0
300200295_,429,2026-05-01,12.0
300200292_,430,2026-05-01,1.0
300200300_,431,2026-05-01,
300200312_,432,2026-05-01,
300200303_,433,2026-05-01,1967.0
300200304_,434,2026-05-01,884.0
300200305_,435,2026-05-01,367.0
300200306_,436,2026-05-01,85.0
300200307_,437,2026-05-01,-7.0
300200310_,438,2026-05-01,
300200311_,439,2026-05-01,39.0
300200308_,440,2026-05-01,10.0
300200309_,441,2026-05-01,6.0
300200313_,442,2026-05-01,22.0
300200498_,443,2026-05-01,73.0
ATN000108,444,2026-05-01,
300200314_,445,2026-05-01,3.0
ATN000109,446,2026-05-01,1.0
300200315_,447,2026-05-01,
300200771_,448,2026-05-01,34.0
300200316_,449,2026-05-01,2.0
300200959_,450,2026-05-01,31.0
300200317_,451,2026-05-01,55.0
300200496_,452,2026-05-01,5.0
300200346_,453,2026-05-01,
300200318_,454,2026-05-01,65.0
300200347_,455,2026-05-01,
300200319_,456,2026-05-01,276.0
300200320_,457,2026-05-01,84.0
300200321_,458,2026-05-01,9.0
300200322_,459,2026-05-01,58.0
300200323_,460,2026-05-01,396.0
300200324_,461,2026-05-01,807.0
300200325_,462,2026-05-01,40.0
300200326_,463,2026-05-01,246.0
300200327_,464,2026-05-01,6.0
300200328_,465,2026-05-01,219.0
300200330_,466,2026-05-01,3.0
300200348_,467,2026-05-01,3.0
300200350_,468,2026-05-01,
300200352_,469,2026-05-01,
300200430_,470,2026-05-01,15.0
300200588_,471,2026-05-01,20.0
300200443_,472,2026-05-01,
300200432_,473,2026-05-01,5.0
300200444_,474,2026-05-01,
300200449_,475,2026-05-01,
300200447_,476,2026-05-01,
300200433_,477,2026-05-01,1.0
300200439_,478,2026-05-01,13.0
300200451_,479,2026-05-01,
300200448_,480,2026-05-01,
300200774_,481,2026-05-01,
300200436_,482,2026-05-01,24.0
300200431_,483,2026-05-01,6.0
300200452_,484,2026-05-01,
300200434_,485,2026-05-01,2.0
300200429_,486,2026-05-01,20.0
300200632_,487,2026-05-01,64.0
300200441_,488,2026-05-01,
300200450_,489,2026-05-01,
300200435_,490,2026-05-01,19.0
300200437_,491,2026-05-01,43.0
300200438_,492,2026-05-01,25.0
300200440_,493,2026-05-01,3.0
300200445_,494,2026-05-01,
300200446_,495,2026-05-01,8.0
ATN000399,496,2026-05-01,
300200592_,497,2026-05-01,41.0
300200366_,498,2026-05-01,12.0
LNVA105011,499,2026-05-01,2.0
300200595_,500,2026-05-01,22.0
030200097_,501,2026-05-01,
300200718_,502,2026-05-01,221.0
300200719_,503,2026-05-01,15.0
300200720_,504,2026-05-01,
300200721_,505,2026-05-01,5.0
300200722_,506,2026-05-01,
300200777_,507,2026-05-01,52.0
300200723_,508,2026-05-01,
300200724_,509,2026-05-01,10.0
300200725_,510,2026-05-01,2.0
300200726_,511,2026-05-01,5.0
300200727_,512,2026-05-01,
300200728_,513,2026-05-01,6.0
300200729_,514,2026-05-01,11.0
300200730_,515,2026-05-01,10.0
300200731_,516,2026-05-01,
300200732_,517,2026-05-01,
300200778_,518,2026-05-01,
300200733_,519,2026-05-01,
300200734_,520,2026-05-01,
300200735_,521,2026-05-01,210.0
300200736_,522,2026-05-01,35.0
300200737_,523,2026-05-01,29.0
300200738_,524,2026-05-01,19.0
300200742_,525,2026-05-01,53.0
300200739_,526,2026-05-01,
300200743_,527,2026-05-01,18.0
300200740_,528,2026-05-01,20.0
300200741_,529,2026-05-01,54.0
300200744_,530,2026-05-01,285.0
300200745_,531,2026-05-01,86.0
300200746_,532,2026-05-01,108.0
300200747_,533,2026-05-01,
300200748_,534,2026-05-01,1.0
300200749_,535,2026-05-01,14.0
300200750_,536,2026-05-01,24.0
300200751_,537,2026-05-01,78.0
300200752_,538,2026-05-01,32.0
300200753_,539,2026-05-01,16.0
300200754_,540,2026-05-01,1.0
300200755_,541,2026-05-01,9.0
300200497_,542,2026-05-01,
030200226_,543,2026-05-01,35.0
030200223_,544,2026-05-01,339.0
030200227_,545,2026-05-01,163.0
030200225_,546,2026-05-01,1614.0
030200224_,547,2026-05-01,1528.0
030200221_,548,2026-05-01,2330.0
030200222_,549,2026-05-01,244.0
300200473_,550,2026-05-01,
ATN000446,551,2026-05-01,2.0
ATN000389,552,2026-05-01,
130300026_,553,2026-05-01,765.0
130300027_,554,2026-05-01,105.0
130300028_,555,2026-05-01,30.0
030200203_,556,2026-05-01,1865.0
030200128_,3,2026-06-01,
030200382_,4,2026-06-01,4.0
030200127_,5,2026-06-01,
030200141_,6,2026-06-01,
030200096_,7,2026-06-01,
030200072_,8,2026-06-01,
030200093_,9,2026-06-01,
030200135_,10,2026-06-01,44.0
030200136_,11,2026-06-01,23.0
030200134_,12,2026-06-01,11.0
030200094_,13,2026-06-01,
030200090_,14,2026-06-01,
030200095_,15,2026-06-01,
030200142_,16,2026-06-01,
280300174_,17,2026-06-01,227.0
030300013_,18,2026-06-01,
030200220_,19,2026-06-01,1841.0
030200219_,20,2026-06-01,4807.0
030300078_,21,2026-06-01,
030300014_,22,2026-06-01,295.0
030200193_,23,2026-06-01,29064.0
030201459_,24,2026-06-01,6747.0
030200192_,25,2026-06-01,64228.0
030200201_,26,2026-06-01,24199.0
300200428_,27,2026-06-01,310.0
ATN544015,28,2026-06-01,
ATN540115,29,2026-06-01,
ATN000532,30,2026-06-01,
ATN001232,31,2026-06-01,1.0
300201148_,32,2026-06-01,40.0
300201149_,33,2026-06-01,48.0
300201150_,34,2026-06-01,4.0
300201151_,35,2026-06-01,8.0
300201152_,36,2026-06-01,24.0
300201153_,37,2026-06-01,33.0
300201154_,38,2026-06-01,10.0
300201155_,39,2026-06-01,22.0
300200968_,40,2026-06-01,60.0
300200967_,41,2026-06-01,153.0
300200413_,42,2026-06-01,9.0
010400436_,43,2026-06-01,20.0
010400432_,44,2026-06-01,9.0
010400440_,45,2026-06-01,22.0
010400444_,46,2026-06-01,53.0
010400447_,47,2026-06-01,40.0
010400433_,48,2026-06-01,8.0
010400437_,49,2026-06-01,34.0
010400441_,50,2026-06-01,13.0
010400445_,51,2026-06-01,16.0
010400448_,52,2026-06-01,13.0
300200784_,53,2026-06-01,1.0
300200785_,54,2026-06-01,
300200786_,55,2026-06-01,
300200787_,56,2026-06-01,2.0
300200788_,57,2026-06-01,
300200789_,58,2026-06-01,
300200790_,59,2026-06-01,
300200791_,60,2026-06-01,
300200792_,61,2026-06-01,
300200793_,62,2026-06-01,
300200794_,63,2026-06-01,
300200795_,64,2026-06-01,
300200796_,65,2026-06-01,
300200797_,66,2026-06-01,1.0
300200798_,67,2026-06-01,
300200799_,68,2026-06-01,
300200800_,69,2026-06-01,
300200801_,70,2026-06-01,
300200802_,71,2026-06-01,
300200803_,72,2026-06-01,1.0
300200804_,73,2026-06-01,
300200805_,74,2026-06-01,
300200806_,75,2026-06-01,
300200807_,76,2026-06-01,
300200808_,77,2026-06-01,
300200809_,78,2026-06-01,
300200810_,79,2026-06-01,30.0
300200811_,80,2026-06-01,1.0
300200812_,81,2026-06-01,7.0
300200813_,82,2026-06-01,
300200814_,83,2026-06-01,6.0
300200815_,84,2026-06-01,
300200816_,85,2026-06-01,1.0
300200817_,86,2026-06-01,
300200818_,87,2026-06-01,2.0
300200819_,88,2026-06-01,
300200820_,89,2026-06-01,1.0
300200821_,90,2026-06-01,23.0
300200822_,91,2026-06-01,8.0
300200823_,92,2026-06-01,4.0
300200824_,93,2026-06-01,
300200825_,94,2026-06-01,
300200826_,95,2026-06-01,
300200827_,96,2026-06-01,
300200828_,97,2026-06-01,1.0
300200829_,98,2026-06-01,
300200830_,99,2026-06-01,
300200831_,100,2026-06-01,
300200832_,101,2026-06-01,1.0
300200833_,102,2026-06-01,18.0
300200834_,103,2026-06-01,
300200835_,104,2026-06-01,25.0
300200836_,105,2026-06-01,
300200837_,106,2026-06-01,
300200838_,107,2026-06-01,3.0
300200839_,108,2026-06-01,4.0
300200840_,109,2026-06-01,1.0
300200841_,110,2026-06-01,
300200842_,111,2026-06-01,116.0
300200843_,112,2026-06-01,
300200844_,113,2026-06-01,1.0
300200845_,114,2026-06-01,3.0
300200846_,115,2026-06-01,89.0
300200847_,116,2026-06-01,28.0
300200848_,117,2026-06-01,3.0
300200849_,118,2026-06-01,3.0
300200850_,119,2026-06-01,
300200851_,120,2026-06-01,7.0
300200852_,121,2026-06-01,
300200853_,122,2026-06-01,
300200854_,123,2026-06-01,
300200855_,124,2026-06-01,
300200856_,125,2026-06-01,276.0
300200857_,126,2026-06-01,79.0
300200858_,127,2026-06-01,
300200859_,128,2026-06-01,60.0
300200860_,129,2026-06-01,
300200861_,130,2026-06-01,18.0
300200862_,131,2026-06-01,23.0
300200863_,132,2026-06-01,7.0
300200864_,133,2026-06-01,
300200865_,134,2026-06-01,92.0
300200866_,135,2026-06-01,
300200867_,136,2026-06-01,
300200868_,137,2026-06-01,164.0
300200869_,138,2026-06-01,126.0
300200870_,139,2026-06-01,36.0
300200871_,140,2026-06-01,11.0
300200872_,141,2026-06-01,
300200873_,142,2026-06-01,15.0
300200874_,143,2026-06-01,
300200875_,144,2026-06-01,
300200876_,145,2026-06-01,
300200877_,146,2026-06-01,
300200878_,147,2026-06-01,
300200879_,148,2026-06-01,2.0
300200880_,149,2026-06-01,
300200881_,150,2026-06-01,
300200882_,151,2026-06-01,
300200883_,152,2026-06-01,
300200884_,153,2026-06-01,
300200885_,154,2026-06-01,
300200886_,155,2026-06-01,
300200887_,156,2026-06-01,50.0
300200888_,157,2026-06-01,10.0
300200889_,158,2026-06-01,
300200890_,159,2026-06-01,4.0
300200892_,160,2026-06-01,2.0
300200893_,161,2026-06-01,
300200894_,162,2026-06-01,
300200895_,163,2026-06-01,
300200896_,164,2026-06-01,
300200897_,165,2026-06-01,
300200898_,166,2026-06-01,16.0
300200899_,167,2026-06-01,11.0
300200900_,168,2026-06-01,4.0
300200901_,169,2026-06-01,
300200902_,170,2026-06-01,
300200903_,171,2026-06-01,
300200904_,172,2026-06-01,
300200905_,173,2026-06-01,
300200906_,174,2026-06-01,
300200907_,175,2026-06-01,
300200908_,176,2026-06-01,
300200909_,177,2026-06-01,
300200910_,178,2026-06-01,138.0
300200911_,179,2026-06-01,3.0
300200912_,180,2026-06-01,20.0
300200913_,181,2026-06-01,4.0
300200914_,182,2026-06-01,27.0
300200915_,183,2026-06-01,
300200916_,184,2026-06-01,6.0
300200917_,185,2026-06-01,14.0
300200918_,186,2026-06-01,4.0
300200919_,187,2026-06-01,
300200920_,188,2026-06-01,
300200921_,189,2026-06-01,91.0
300200922_,190,2026-06-01,71.0
300200923_,191,2026-06-01,12.0
300200924_,192,2026-06-01,9.0
300200925_,193,2026-06-01,
300200926_,194,2026-06-01,26.0
300200927_,195,2026-06-01,
300200928_,196,2026-06-01,
300200929_,197,2026-06-01,
300200930_,198,2026-06-01,7.0
300200931_,199,2026-06-01,
300200932_,200,2026-06-01,
300200933_,201,2026-06-01,151.0
300200934_,202,2026-06-01,15.0
300200935_,203,2026-06-01,
300200936_,204,2026-06-01,21.0
300200937_,205,2026-06-01,
300200938_,206,2026-06-01,10.0
300200939_,207,2026-06-01,8.0
300200940_,208,2026-06-01,2.0
300200941_,209,2026-06-01,
300200942_,210,2026-06-01,54.0
300200943_,211,2026-06-01,4.0
300200944_,212,2026-06-01,
300200945_,213,2026-06-01,105.0
300200946_,214,2026-06-01,32.0
300200947_,215,2026-06-01,13.0
300200948_,216,2026-06-01,17.0
300200949_,217,2026-06-01,1.0
300200950_,218,2026-06-01,10.0
300200951_,219,2026-06-01,
300200952_,220,2026-06-01,1.0
300200953_,221,2026-06-01,4.0
300200954_,222,2026-06-01,
300200955_,223,2026-06-01,
300200371_,224,2026-06-01,20.0
300200420_,225,2026-06-01,20.0
300200375_,226,2026-06-01,39.0
300200422_,227,2026-06-01,23.0
300200363_,228,2026-06-01,3.0
300200368_,229,2026-06-01,4.0
300200367_,230,2026-06-01,
300200426_,231,2026-06-01,
300200424_,232,2026-06-01,
300200372_,233,2026-06-01,26.0
300200373_,234,2026-06-01,40.0
300200418_,235,2026-06-01,
300200365_,236,2026-06-01,424.0
300200364_,237,2026-06-01,
300200374_,238,2026-06-01,
300200370_,239,2026-06-01,
300200425_,240,2026-06-01,
300200419_,241,2026-06-01,
300200376_,242,2026-06-01,254.0
300200377_,243,2026-06-01,66.0
300200378_,244,2026-06-01,28.0
300200379_,245,2026-06-01,14.0
300200380_,246,2026-06-01,
300200421_,247,2026-06-01,9.0
щщщ0116254,248,2026-06-01,
300200520_,249,2026-06-01,6.0
300200521_,250,2026-06-01,1.0
300200522_,251,2026-06-01,
300200523_,252,2026-06-01,5.0
300200524_,253,2026-06-01,
300200525_,254,2026-06-01,2.0
300200526_,255,2026-06-01,7.0
300200527_,256,2026-06-01,
300200529_,257,2026-06-01,
300200530_,258,2026-06-01,
300200531_,259,2026-06-01,2.0
300200532_,260,2026-06-01,
300200533_,261,2026-06-01,
300200534_,262,2026-06-01,
300200535_,263,2026-06-01,
300200536_,264,2026-06-01,20.0
300200537_,265,2026-06-01,1.0
300200538_,266,2026-06-01,6.0
300200539_,267,2026-06-01,
300200540_,268,2026-06-01,
300200541_,269,2026-06-01,
300200542_,270,2026-06-01,485.0
300200624_,271,2026-06-01,
300200704_,272,2026-06-01,13.0
300200543_,273,2026-06-01,129.0
300200544_,274,2026-06-01,13.0
300200545_,275,2026-06-01,38.0
300200593_,276,2026-06-01,42.0
300200546_,277,2026-06-01,3.0
300200547_,278,2026-06-01,3.0
300200548_,279,2026-06-01,31.0
300200549_,280,2026-06-01,9.0
300200550_,281,2026-06-01,2.0
300200551_,282,2026-06-01,3.0
300200773_,283,2026-06-01,3.0
300200552_,284,2026-06-01,12.0
300200553_,285,2026-06-01,23.0
300200554_,286,2026-06-01,2.0
300200555_,287,2026-06-01,32.0
300200556_,288,2026-06-01,3.0
300200557_,289,2026-06-01,
300200558_,290,2026-06-01,459.0
300200559_,291,2026-06-01,208.0
300200560_,292,2026-06-01,46.0
300200561_,293,2026-06-01,24.0
300200562_,294,2026-06-01,1.0
300200563_,295,2026-06-01,22.0
300200564_,296,2026-06-01,20.0
300200565_,297,2026-06-01,6.0
300200590_,298,2026-06-01,11.0
300200566_,299,2026-06-01,
300200567_,300,2026-06-01,
300200591_,301,2026-06-01,4.0
300200568_,302,2026-06-01,
300200569_,303,2026-06-01,
300200570_,304,2026-06-01,1.0
300200571_,305,2026-06-01,
300200572_,306,2026-06-01,
300200573_,307,2026-06-01,
300200574_,308,2026-06-01,
300200575_,309,2026-06-01,5.0
300200511_,310,2026-06-01,
300200576_,311,2026-06-01,10.0
300200776_,312,2026-06-01,
300200577_,313,2026-06-01,
300200579_,314,2026-06-01,3.0
300200580_,315,2026-06-01,23.0
300200581_,316,2026-06-01,1.0
300200582_,317,2026-06-01,1.0
300200583_,318,2026-06-01,2.0
300200584_,319,2026-06-01,1.0
300200343_,320,2026-06-01,1270.0
020100163_,321,2026-06-01,48.0
300200459_,322,2026-06-01,18.0
020100158_,323,2026-06-01,175.0
020100159_,324,2026-06-01,9.0
300200460_,325,2026-06-01,25.0
020100160_,326,2026-06-01,79.0
020100161_,327,2026-06-01,1.0
300200461_,328,2026-06-01,16.0
300200472_,329,2026-06-01,62.0
300200462_,330,2026-06-01,56.0
300200517_,331,2026-06-01,
020100162_,332,2026-06-01,8.0
300200772_,333,2026-06-01,9.0
300200468_,334,2026-06-01,37.0
300200515_,335,2026-06-01,46.0
300200518_,336,2026-06-01,29.0
300200516_,337,2026-06-01,12.0
300200471_,338,2026-06-01,
300200470_,339,2026-06-01,
300200463_,340,2026-06-01,546.0
300200464_,341,2026-06-01,216.0
300200465_,342,2026-06-01,186.0
300200466_,343,2026-06-01,26.0
300200467_,344,2026-06-01,7.0
300200519_,345,2026-06-01,70.0
300200775_,346,2026-06-01,
300200781_,347,2026-06-01,
300200779_,348,2026-06-01,11.0
300200782_,349,2026-06-01,4.0
300200783_,350,2026-06-01,
300100015_,351,2026-06-01,
300100006_,352,2026-06-01,
300100003_,353,2026-06-01,
300100012_,354,2026-06-01,
030200006_,355,2026-06-01,
030200008_,356,2026-06-01,
030200005_,357,2026-06-01,31.0
030200007_,358,2026-06-01,43.0
030200015_,359,2026-06-01,
030200002_,360,2026-06-01,
030200003_,361,2026-06-01,47.0
030200009_,362,2026-06-01,
030200030_,363,2026-06-01,
030200031_,364,2026-06-01,
030200036_,365,2026-06-01,
030200038_,366,2026-06-01,
030200037_,367,2026-06-01,
030200039_,368,2026-06-01,
030200028_,369,2026-06-01,
030200029_,370,2026-06-01,
030200032_,371,2026-06-01,
030200034_,372,2026-06-01,
030200239_,373,2026-06-01,
030200240_,374,2026-06-01,
030200379_,375,2026-06-01,
030200026_,376,2026-06-01,
030200025_,377,2026-06-01,
030200027_,378,2026-06-01,2.0
030200052_,379,2026-06-01,
030200053_,380,2026-06-01,
030200054_,381,2026-06-01,
030200183_,382,2026-06-01,
030200191_,383,2026-06-01,
030200175_,384,2026-06-01,
030200176_,385,2026-06-01,
030200247_,386,2026-06-01,
030200246_,387,2026-06-01,
030200243_,388,2026-06-01,
030200244_,389,2026-06-01,1.0
030200245_,390,2026-06-01,4.0
030200248_,391,2026-06-01,
030200249_,392,2026-06-01,16.0
030200259_,393,2026-06-01,
030200260_,394,2026-06-01,
030200256_,395,2026-06-01,
030200257_,396,2026-06-01,
030200258_,397,2026-06-01,
030200263_,398,2026-06-01,
030200262_,399,2026-06-01,
030200265_,400,2026-06-01,
030200261_,401,2026-06-01,
030200292_,402,2026-06-01,
030200250_,403,2026-06-01,1.0
030200251_,404,2026-06-01,3.0
030200252_,405,2026-06-01,
030200253_,406,2026-06-01,
030200254_,407,2026-06-01,
300200331_,408,2026-06-01,1002.0
300200296_,409,2026-06-01,481.0
300200283_,410,2026-06-01,76.0
300200302_,411,2026-06-01,262.0
300200333_,412,2026-06-01,586.0
300200288_,413,2026-06-01,31.0
300200284_,414,2026-06-01,53.0
300200767_,415,2026-06-01,
300200293_,416,2026-06-01,245.0
300200289_,417,2026-06-01,193.0
300200290_,418,2026-06-01,4.0
300200291_,419,2026-06-01,44.0
300200297_,420,2026-06-01,397.0
300200298_,421,2026-06-01,987.0
300200299_,422,2026-06-01,
300200294_,423,2026-06-01,29.0
300200286_,424,2026-06-01,4661.0
300200332_,425,2026-06-01,708.0
300200301_,426,2026-06-01,316.0
300200287_,427,2026-06-01,
300200700_,428,2026-06-01,102.0
300200295_,429,2026-06-01,14.0
300200292_,430,2026-06-01,
300200300_,431,2026-06-01,2.0
300200312_,432,2026-06-01,9.0
300200303_,433,2026-06-01,3823.0
300200304_,434,2026-06-01,1390.0
300200305_,435,2026-06-01,456.0
300200306_,436,2026-06-01,201.0
300200307_,437,2026-06-01,43.0
300200310_,438,2026-06-01,
300200311_,439,2026-06-01,160.0
300200308_,440,2026-06-01,16.0
300200309_,441,2026-06-01,16.0
300200313_,442,2026-06-01,15.0
300200498_,443,2026-06-01,155.0
ATN000108,444,2026-06-01,
300200314_,445,2026-06-01,12.0
ATN000109,446,2026-06-01,2.0
300200315_,447,2026-06-01,6.0
300200771_,448,2026-06-01,42.0
300200316_,449,2026-06-01,1.0
300200959_,450,2026-06-01,24.0
300200317_,451,2026-06-01,42.0
300200496_,452,2026-06-01,6.0
300200346_,453,2026-06-01,
300200318_,454,2026-06-01,75.0
300200347_,455,2026-06-01,10.0
300200319_,456,2026-06-01,311.0
300200320_,457,2026-06-01,95.0
300200321_,458,2026-06-01,24.0
300200322_,459,2026-06-01,103.0
300200323_,460,2026-06-01,379.0
300200324_,461,2026-06-01,1213.0
300200325_,462,2026-06-01,33.0
300200326_,463,2026-06-01,544.0
300200327_,464,2026-06-01,16.0
300200328_,465,2026-06-01,398.0
300200330_,466,2026-06-01,1.0
300200348_,467,2026-06-01,3.0
300200350_,468,2026-06-01,
300200352_,469,2026-06-01,
300200430_,470,2026-06-01,25.0
300200588_,471,2026-06-01,110.0
300200443_,472,2026-06-01,
300200432_,473,2026-06-01,4.0
300200444_,474,2026-06-01,
300200449_,475,2026-06-01,4.0
300200447_,476,2026-06-01,
300200433_,477,2026-06-01,4.0
300200439_,478,2026-06-01,4.0
300200451_,479,2026-06-01,
300200448_,480,2026-06-01,1.0
300200774_,481,2026-06-01,1.0
300200436_,482,2026-06-01,40.0
300200431_,483,2026-06-01,22.0
300200452_,484,2026-06-01,1.0
300200434_,485,2026-06-01,14.0
300200429_,486,2026-06-01,8.0
300200632_,487,2026-06-01,42.0
300200441_,488,2026-06-01,2.0
300200450_,489,2026-06-01,
300200435_,490,2026-06-01,157.0
300200437_,491,2026-06-01,61.0
300200438_,492,2026-06-01,33.0
300200440_,493,2026-06-01,27.0
300200445_,494,2026-06-01,3.0
300200446_,495,2026-06-01,4.0
ATN000399,496,2026-06-01,
300200592_,497,2026-06-01,66.0
300200366_,498,2026-06-01,26.0
LNVA105011,499,2026-06-01,20.0
300200595_,500,2026-06-01,
030200097_,501,2026-06-01,
300200718_,502,2026-06-01,303.0
300200719_,503,2026-06-01,18.0
300200720_,504,2026-06-01,53.0
300200721_,505,2026-06-01,5.0
300200722_,506,2026-06-01,11.0
300200777_,507,2026-06-01,43.0
300200723_,508,2026-06-01,2.0
300200724_,509,2026-06-01,4.0
300200725_,510,2026-06-01,2.0
300200726_,511,2026-06-01,14.0
300200727_,512,2026-06-01,
300200728_,513,2026-06-01,8.0
300200729_,514,2026-06-01,48.0
300200730_,515,2026-06-01,20.0
300200731_,516,2026-06-01,
300200732_,517,2026-06-01,19.0
300200778_,518,2026-06-01,1.0
300200733_,519,2026-06-01,1.0
300200734_,520,2026-06-01,1.0
300200735_,521,2026-06-01,216.0
300200736_,522,2026-06-01,71.0
300200737_,523,2026-06-01,34.0
300200738_,524,2026-06-01,12.0
300200742_,525,2026-06-01,104.0
300200739_,526,2026-06-01,
300200743_,527,2026-06-01,21.0
300200740_,528,2026-06-01,17.0
300200741_,529,2026-06-01,78.0
300200744_,530,2026-06-01,162.0
300200745_,531,2026-06-01,50.0
300200746_,532,2026-06-01,196.0
300200747_,533,2026-06-01,
300200748_,534,2026-06-01,9.0
300200749_,535,2026-06-01,55.0
300200750_,536,2026-06-01,8.0
300200751_,537,2026-06-01,138.0
300200752_,538,2026-06-01,81.0
300200753_,539,2026-06-01,56.0
300200754_,540,2026-06-01,4.0
300200755_,541,2026-06-01,13.0
300200497_,542,2026-06-01,
030200226_,543,2026-06-01,2.0
030200223_,544,2026-06-01,510.0
030200227_,545,2026-06-01,131.0
030200225_,546,2026-06-01,1940.0
030200224_,547,2026-06-01,2836.0
030200221_,548,2026-06-01,1434.0
030200222_,549,2026-06-01,445.0
300200473_,550,2026-06-01,
ATN000446,551,2026-06-01,5.0
ATN000389,552,2026-06-01,
130300026_,553,2026-06-01,286.0
130300027_,554,2026-06-01,2233.0
130300028_,555,2026-06-01,
030200203_,556,2026-06-01,2840.0
030200128_,3,2026-07-01,
030200382_,4,2026-07-01,5.0
030200127_,5,2026-07-01,
030200141_,6,2026-07-01,
030200096_,7,2026-07-01,
030200072_,8,2026-07-01,
030200093_,9,2026-07-01,
030200135_,10,2026-07-01,46.0
030200136_,11,2026-07-01,
030200134_,12,2026-07-01,27.0
030200094_,13,2026-07-01,
030200090_,14,2026-07-01,
030200095_,15,2026-07-01,
030200142_,16,2026-07-01,
280300174_,17,2026-07-01,1232.0
030300013_,18,2026-07-01,
030200220_,19,2026-07-01,1635.0
030200219_,20,2026-07-01,3680.0
030300078_,21,2026-07-01,5.0
030300014_,22,2026-07-01,9.0
030200193_,23,2026-07-01,39200.0
030201459_,24,2026-07-01,4209.0
030200192_,25,2026-07-01,66114.0
030200201_,26,2026-07-01,26986.0
300200428_,27,2026-07-01,135.0
ATN544015,28,2026-07-01,
ATN540115,29,2026-07-01,
ATN000532,30,2026-07-01,
ATN001232,31,2026-07-01,
300201148_,32,2026-07-01,38.0
300201149_,33,2026-07-01,9.0
300201150_,34,2026-07-01,1.0
300201151_,35,2026-07-01,17.0
300201152_,36,2026-07-01,16.0
300201153_,37,2026-07-01,39.0
300201154_,38,2026-07-01,6.0
300201155_,39,2026-07-01,17.0
300200968_,40,2026-07-01,36.0
300200967_,41,2026-07-01,122.0
300200413_,42,2026-07-01,8.0
010400436_,43,2026-07-01,25.0
010400432_,44,2026-07-01,6.0
010400440_,45,2026-07-01,17.0
010400444_,46,2026-07-01,32.0
010400447_,47,2026-07-01,29.0
010400433_,48,2026-07-01,15.0
010400437_,49,2026-07-01,48.0
010400441_,50,2026-07-01,19.0
010400445_,51,2026-07-01,17.0
010400448_,52,2026-07-01,19.0
300200784_,53,2026-07-01,106.0
300200785_,54,2026-07-01,5.0
300200786_,55,2026-07-01,
300200787_,56,2026-07-01,21.0
300200788_,57,2026-07-01,
300200789_,58,2026-07-01,36.0
300200790_,59,2026-07-01,4.0
300200791_,60,2026-07-01,
300200792_,61,2026-07-01,2.0
300200793_,62,2026-07-01,
300200794_,63,2026-07-01,
300200795_,64,2026-07-01,38.0
300200796_,65,2026-07-01,38.0
300200797_,66,2026-07-01,9.0
300200798_,67,2026-07-01,6.0
300200799_,68,2026-07-01,1.0
300200800_,69,2026-07-01,
300200801_,70,2026-07-01,10.0
300200802_,71,2026-07-01,
300200803_,72,2026-07-01,10.0
300200804_,73,2026-07-01,
300200805_,74,2026-07-01,7.0
300200806_,75,2026-07-01,
300200807_,76,2026-07-01,
300200808_,77,2026-07-01,
300200809_,78,2026-07-01,
300200810_,79,2026-07-01,252.0
300200811_,80,2026-07-01,
300200812_,81,2026-07-01,42.0
300200813_,82,2026-07-01,
300200814_,83,2026-07-01,30.0
300200815_,84,2026-07-01,
300200816_,85,2026-07-01,6.0
300200817_,86,2026-07-01,10.0
300200818_,87,2026-07-01,2.0
300200819_,88,2026-07-01,
300200820_,89,2026-07-01,
300200821_,90,2026-07-01,86.0
300200822_,91,2026-07-01,87.0
300200823_,92,2026-07-01,15.0
300200824_,93,2026-07-01,12.0
300200825_,94,2026-07-01,1.0
300200826_,95,2026-07-01,14.0
300200827_,96,2026-07-01,
300200828_,97,2026-07-01,
300200829_,98,2026-07-01,
300200830_,99,2026-07-01,
300200831_,100,2026-07-01,
300200832_,101,2026-07-01,
300200833_,102,2026-07-01,11.0
300200834_,103,2026-07-01,
300200835_,104,2026-07-01,7.0
300200836_,105,2026-07-01,
300200837_,106,2026-07-01,
300200838_,107,2026-07-01,1.0
300200839_,108,2026-07-01,8.0
300200840_,109,2026-07-01,
300200841_,110,2026-07-01,
300200842_,111,2026-07-01,32.0
300200843_,112,2026-07-01,21.0
300200844_,113,2026-07-01,1.0
300200845_,114,2026-07-01,
300200846_,115,2026-07-01,28.0
300200847_,116,2026-07-01,5.0
300200848_,117,2026-07-01,9.0
300200849_,118,2026-07-01,1.0
300200850_,119,2026-07-01,
300200851_,120,2026-07-01,5.0
300200852_,121,2026-07-01,
300200853_,122,2026-07-01,
300200854_,123,2026-07-01,
300200855_,124,2026-07-01,
300200856_,125,2026-07-01,496.0
300200857_,126,2026-07-01,135.0
300200858_,127,2026-07-01,
300200859_,128,2026-07-01,55.0
300200860_,129,2026-07-01,
300200861_,130,2026-07-01,35.0
300200862_,131,2026-07-01,45.0
300200863_,132,2026-07-01,18.0
300200864_,133,2026-07-01,1.0
300200865_,134,2026-07-01,138.0
300200866_,135,2026-07-01,7.0
300200867_,136,2026-07-01,4.0
300200868_,137,2026-07-01,259.0
300200869_,138,2026-07-01,137.0
300200870_,139,2026-07-01,99.0
300200871_,140,2026-07-01,34.0
300200872_,141,2026-07-01,11.0
300200873_,142,2026-07-01,54.0
300200874_,143,2026-07-01,
300200875_,144,2026-07-01,13.0
300200876_,145,2026-07-01,3.0
300200877_,146,2026-07-01,1.0
300200878_,147,2026-07-01,2.0
300200879_,148,2026-07-01,14.0
300200880_,149,2026-07-01,
300200881_,150,2026-07-01,3.0
300200882_,151,2026-07-01,4.0
300200883_,152,2026-07-01,
300200884_,153,2026-07-01,1.0
300200885_,154,2026-07-01,1.0
300200886_,155,2026-07-01,
300200887_,156,2026-07-01,68.0
300200888_,157,2026-07-01,4.0
300200889_,158,2026-07-01,
300200890_,159,2026-07-01,2.0
300200892_,160,2026-07-01,
300200893_,161,2026-07-01,
300200894_,162,2026-07-01,
300200895_,163,2026-07-01,
300200896_,164,2026-07-01,
300200897_,165,2026-07-01,
300200898_,166,2026-07-01,29.0
300200899_,167,2026-07-01,22.0
300200900_,168,2026-07-01,2.0
300200901_,169,2026-07-01,
300200902_,170,2026-07-01,
300200903_,171,2026-07-01,
300200904_,172,2026-07-01,
300200905_,173,2026-07-01,
300200906_,174,2026-07-01,
300200907_,175,2026-07-01,
300200908_,176,2026-07-01,
300200909_,177,2026-07-01,
300200910_,178,2026-07-01,42.0
300200911_,179,2026-07-01,
300200912_,180,2026-07-01,11.0
300200913_,181,2026-07-01,
300200914_,182,2026-07-01,4.0
300200915_,183,2026-07-01,
300200916_,184,2026-07-01,
300200917_,185,2026-07-01,
300200918_,186,2026-07-01,
300200919_,187,2026-07-01,
300200920_,188,2026-07-01,
300200921_,189,2026-07-01,10.0
300200922_,190,2026-07-01,16.0
300200923_,191,2026-07-01,
300200924_,192,2026-07-01,2.0
300200925_,193,2026-07-01,
300200926_,194,2026-07-01,2.0
300200927_,195,2026-07-01,
300200928_,196,2026-07-01,
300200929_,197,2026-07-01,
300200930_,198,2026-07-01,
300200931_,199,2026-07-01,
300200932_,200,2026-07-01,
300200933_,201,2026-07-01,108.0
300200934_,202,2026-07-01,25.0
300200935_,203,2026-07-01,
300200936_,204,2026-07-01,4.0
300200937_,205,2026-07-01,
300200938_,206,2026-07-01,
300200939_,207,2026-07-01,
300200940_,208,2026-07-01,
300200941_,209,2026-07-01,
300200942_,210,2026-07-01,4.0
300200943_,211,2026-07-01,
300200944_,212,2026-07-01,
300200945_,213,2026-07-01,27.0
300200946_,214,2026-07-01,24.0
300200947_,215,2026-07-01,17.0
300200948_,216,2026-07-01,5.0
300200949_,217,2026-07-01,
300200950_,218,2026-07-01,
300200951_,219,2026-07-01,
300200952_,220,2026-07-01,
300200953_,221,2026-07-01,2.0
300200954_,222,2026-07-01,
300200955_,223,2026-07-01,
300200371_,224,2026-07-01,20.0
300200420_,225,2026-07-01,
300200375_,226,2026-07-01,10.0
300200422_,227,2026-07-01,1.0
300200363_,228,2026-07-01,
300200368_,229,2026-07-01,1.0
300200367_,230,2026-07-01,6.0
300200426_,231,2026-07-01,
300200424_,232,2026-07-01,
300200372_,233,2026-07-01,14.0
300200373_,234,2026-07-01,19.0
300200418_,235,2026-07-01,
300200365_,236,2026-07-01,152.0
300200364_,237,2026-07-01,
300200374_,238,2026-07-01,50.0
300200370_,239,2026-07-01,
300200425_,240,2026-07-01,
300200419_,241,2026-07-01,
300200376_,242,2026-07-01,108.0
300200377_,243,2026-07-01,55.0
300200378_,244,2026-07-01,10.0
300200379_,245,2026-07-01,2.0
300200380_,246,2026-07-01,1.0
300200421_,247,2026-07-01,
щщщ0116254,248,2026-07-01,
300200520_,249,2026-07-01,125.0
300200521_,250,2026-07-01,13.0
300200522_,251,2026-07-01,
300200523_,252,2026-07-01,6.0
300200524_,253,2026-07-01,
300200525_,254,2026-07-01,
300200526_,255,2026-07-01,7.0
300200527_,256,2026-07-01,4.0
300200529_,257,2026-07-01,
300200530_,258,2026-07-01,5.0
300200531_,259,2026-07-01,2.0
300200532_,260,2026-07-01,1.0
300200533_,261,2026-07-01,1.0
300200534_,262,2026-07-01,
300200535_,263,2026-07-01,
300200536_,264,2026-07-01,70.0
300200537_,265,2026-07-01,40.0
300200538_,266,2026-07-01,14.0
300200539_,267,2026-07-01,4.0
300200540_,268,2026-07-01,4.0
300200541_,269,2026-07-01,1.0
300200542_,270,2026-07-01,505.0
300200624_,271,2026-07-01,
300200704_,272,2026-07-01,4.0
300200543_,273,2026-07-01,37.0
300200544_,274,2026-07-01,11.0
300200545_,275,2026-07-01,22.0
300200593_,276,2026-07-01,31.0
300200546_,277,2026-07-01,2.0
300200547_,278,2026-07-01,7.0
300200548_,279,2026-07-01,13.0
300200549_,280,2026-07-01,30.0
300200550_,281,2026-07-01,
300200551_,282,2026-07-01,9.0
300200773_,283,2026-07-01,2.0
300200552_,284,2026-07-01,21.0
300200553_,285,2026-07-01,20.0
300200554_,286,2026-07-01,
300200555_,287,2026-07-01,
300200556_,288,2026-07-01,6.0
300200557_,289,2026-07-01,
300200558_,290,2026-07-01,299.0
300200559_,291,2026-07-01,91.0
300200560_,292,2026-07-01,56.0
300200561_,293,2026-07-01,16.0
300200562_,294,2026-07-01,1.0
300200563_,295,2026-07-01,46.0
300200564_,296,2026-07-01,87.0
300200565_,297,2026-07-01,3.0
300200590_,298,2026-07-01,10.0
300200566_,299,2026-07-01,
300200567_,300,2026-07-01,13.0
300200591_,301,2026-07-01,10.0
300200568_,302,2026-07-01,
300200569_,303,2026-07-01,2.0
300200570_,304,2026-07-01,
300200571_,305,2026-07-01,7.0
300200572_,306,2026-07-01,1.0
300200573_,307,2026-07-01,
300200574_,308,2026-07-01,
300200575_,309,2026-07-01,
300200511_,310,2026-07-01,
300200576_,311,2026-07-01,
300200776_,312,2026-07-01,
300200577_,313,2026-07-01,
300200579_,314,2026-07-01,39.0
300200580_,315,2026-07-01,29.0
300200581_,316,2026-07-01,11.0
300200582_,317,2026-07-01,
300200583_,318,2026-07-01,
300200584_,319,2026-07-01,
300200343_,320,2026-07-01,1396.0
020100163_,321,2026-07-01,250.0
300200459_,322,2026-07-01,69.0
020100158_,323,2026-07-01,230.0
020100159_,324,2026-07-01,8.0
300200460_,325,2026-07-01,36.0
020100160_,326,2026-07-01,163.0
020100161_,327,2026-07-01,1.0
300200461_,328,2026-07-01,17.0
300200472_,329,2026-07-01,50.0
300200462_,330,2026-07-01,33.0
300200517_,331,2026-07-01,
020100162_,332,2026-07-01,5.0
300200772_,333,2026-07-01,5.0
300200468_,334,2026-07-01,60.0
300200515_,335,2026-07-01,167.0
300200518_,336,2026-07-01,1.0
300200516_,337,2026-07-01,5.0
300200471_,338,2026-07-01,20.0
300200470_,339,2026-07-01,
300200463_,340,2026-07-01,866.0
300200464_,341,2026-07-01,359.0
300200465_,342,2026-07-01,204.0
300200466_,343,2026-07-01,256.0
300200467_,344,2026-07-01,43.0
300200519_,345,2026-07-01,14.0
300200775_,346,2026-07-01,
300200781_,347,2026-07-01,
300200779_,348,2026-07-01,15.0
300200782_,349,2026-07-01,5.0
300200783_,350,2026-07-01,
300100015_,351,2026-07-01,
300100006_,352,2026-07-01,
300100003_,353,2026-07-01,
300100012_,354,2026-07-01,
030200006_,355,2026-07-01,
030200008_,356,2026-07-01,
030200005_,357,2026-07-01,9.0
030200007_,358,2026-07-01,
030200015_,359,2026-07-01,
030200002_,360,2026-07-01,
030200003_,361,2026-07-01,5.0
030200009_,362,2026-07-01,
030200030_,363,2026-07-01,
030200031_,364,2026-07-01,
030200036_,365,2026-07-01,
030200038_,366,2026-07-01,
030200037_,367,2026-07-01,
030200039_,368,2026-07-01,
030200028_,369,2026-07-01,
030200029_,370,2026-07-01,
030200032_,371,2026-07-01,
030200034_,372,2026-07-01,
030200239_,373,2026-07-01,
030200240_,374,2026-07-01,
030200379_,375,2026-07-01,
030200026_,376,2026-07-01,
030200025_,377,2026-07-01,
030200027_,378,2026-07-01,
030200052_,379,2026-07-01,
030200053_,380,2026-07-01,
030200054_,381,2026-07-01,
030200183_,382,2026-07-01,
030200191_,383,2026-07-01,
030200175_,384,2026-07-01,
030200176_,385,2026-07-01,2.0
030200247_,386,2026-07-01,
030200246_,387,2026-07-01,
030200243_,388,2026-07-01,
030200244_,389,2026-07-01,
030200245_,390,2026-07-01,2.0
030200248_,391,2026-07-01,
030200249_,392,2026-07-01,4.0
030200259_,393,2026-07-01,
030200260_,394,2026-07-01,
030200256_,395,2026-07-01,
030200257_,396,2026-07-01,
030200258_,397,2026-07-01,
030200263_,398,2026-07-01,
030200262_,399,2026-07-01,
030200265_,400,2026-07-01,
030200261_,401,2026-07-01,
030200292_,402,2026-07-01,
030200250_,403,2026-07-01,
030200251_,404,2026-07-01,4.0
030200252_,405,2026-07-01,
030200253_,406,2026-07-01,
030200254_,407,2026-07-01,
300200331_,408,2026-07-01,1675.0
300200296_,409,2026-07-01,717.0
300200283_,410,2026-07-01,41.0
300200302_,411,2026-07-01,279.0
300200333_,412,2026-07-01,624.0
300200288_,413,2026-07-01,49.0
300200284_,414,2026-07-01,45.0
300200767_,415,2026-07-01,1.0
300200293_,416,2026-07-01,98.0
300200289_,417,2026-07-01,71.0
300200290_,418,2026-07-01,
300200291_,419,2026-07-01,35.0
300200297_,420,2026-07-01,657.0
300200298_,421,2026-07-01,1275.0
300200299_,422,2026-07-01,
300200294_,423,2026-07-01,14.0
300200286_,424,2026-07-01,6295.0
300200332_,425,2026-07-01,500.0
300200301_,426,2026-07-01,462.0
300200287_,427,2026-07-01,5.0
300200700_,428,2026-07-01,91.0
300200295_,429,2026-07-01,36.0
300200292_,430,2026-07-01,1.0
300200300_,431,2026-07-01,
300200312_,432,2026-07-01,3.0
300200303_,433,2026-07-01,4663.0
300200304_,434,2026-07-01,937.0
300200305_,435,2026-07-01,446.0
300200306_,436,2026-07-01,139.0
300200307_,437,2026-07-01,13.0
300200310_,438,2026-07-01,20.0
300200311_,439,2026-07-01,57.0
300200308_,440,2026-07-01,2.0
300200309_,441,2026-07-01,5.0
300200313_,442,2026-07-01,45.0
300200498_,443,2026-07-01,41.0
ATN000108,444,2026-07-01,61.0
300200314_,445,2026-07-01,25.0
ATN000109,446,2026-07-01,
300200315_,447,2026-07-01,
300200771_,448,2026-07-01,12.0
300200316_,449,2026-07-01,6.0
300200959_,450,2026-07-01,20.0
300200317_,451,2026-07-01,22.0
300200496_,452,2026-07-01,64.0
300200346_,453,2026-07-01,
300200318_,454,2026-07-01,6.0
300200347_,455,2026-07-01,45.0
300200319_,456,2026-07-01,611.0
300200320_,457,2026-07-01,170.0
300200321_,458,2026-07-01,34.0
300200322_,459,2026-07-01,114.0
300200323_,460,2026-07-01,716.0
300200324_,461,2026-07-01,799.0
300200325_,462,2026-07-01,46.0
300200326_,463,2026-07-01,397.0
300200327_,464,2026-07-01,45.0
300200328_,465,2026-07-01,242.0
300200330_,466,2026-07-01,
300200348_,467,2026-07-01,3.0
300200350_,468,2026-07-01,
300200352_,469,2026-07-01,
300200430_,470,2026-07-01,25.0
300200588_,471,2026-07-01,47.0
300200443_,472,2026-07-01,
300200432_,473,2026-07-01,21.0
300200444_,474,2026-07-01,
300200449_,475,2026-07-01,
300200447_,476,2026-07-01,
300200433_,477,2026-07-01,1.0
300200439_,478,2026-07-01,5.0
300200451_,479,2026-07-01,
300200448_,480,2026-07-01,
300200774_,481,2026-07-01,
300200436_,482,2026-07-01,5.0
300200431_,483,2026-07-01,17.0
300200452_,484,2026-07-01,-2.0
300200434_,485,2026-07-01,
300200429_,486,2026-07-01,31.0
300200632_,487,2026-07-01,
300200441_,488,2026-07-01,
300200450_,489,2026-07-01,
300200435_,490,2026-07-01,98.0
300200437_,491,2026-07-01,36.0
300200438_,492,2026-07-01,10.0
300200440_,493,2026-07-01,11.0
300200445_,494,2026-07-01,1.0
300200446_,495,2026-07-01,
ATN000399,496,2026-07-01,
300200592_,497,2026-07-01,46.0
300200366_,498,2026-07-01,24.0
LNVA105011,499,2026-07-01,
300200595_,500,2026-07-01,9.0
030200097_,501,2026-07-01,
300200718_,502,2026-07-01,192.0
300200719_,503,2026-07-01,
300200720_,504,2026-07-01,25.0
300200721_,505,2026-07-01,
300200722_,506,2026-07-01,27.0
300200777_,507,2026-07-01,13.0
300200723_,508,2026-07-01,
300200724_,509,2026-07-01,
300200725_,510,2026-07-01,11.0
300200726_,511,2026-07-01,60.0
300200727_,512,2026-07-01,
300200728_,513,2026-07-01,4.0
300200729_,514,2026-07-01,17.0
300200730_,515,2026-07-01,9.0
300200731_,516,2026-07-01,
300200732_,517,2026-07-01,2.0
300200778_,518,2026-07-01,15.0
300200733_,519,2026-07-01,
300200734_,520,2026-07-01,
300200735_,521,2026-07-01,68.0
300200736_,522,2026-07-01,57.0
300200737_,523,2026-07-01,38.0
300200738_,524,2026-07-01,17.0
300200742_,525,2026-07-01,37.0
300200739_,526,2026-07-01,1.0
300200743_,527,2026-07-01,12.0
300200740_,528,2026-07-01,7.0
300200741_,529,2026-07-01,45.0
300200744_,530,2026-07-01,70.0
300200745_,531,2026-07-01,53.0
300200746_,532,2026-07-01,78.0
300200747_,533,2026-07-01,
300200748_,534,2026-07-01,2.0
300200749_,535,2026-07-01,55.0
300200750_,536,2026-07-01,12.0
300200751_,537,2026-07-01,63.0
300200752_,538,2026-07-01,50.0
300200753_,539,2026-07-01,24.0
300200754_,540,2026-07-01,5.0
300200755_,541,2026-07-01,8.0
300200497_,542,2026-07-01,
030200226_,543,2026-07-01,4.0
030200223_,544,2026-07-01,641.0
030200227_,545,2026-07-01,712.0
030200225_,546,2026-07-01,1797.0
030200224_,547,2026-07-01,3179.0
030200221_,548,2026-07-01,941.0
030200222_,549,2026-07-01,640.0
300200473_,550,2026-07-01,
ATN000446,551,2026-07-01,1.0
ATN000389,552,2026-07-01,
130300026_,553,2026-07-01,450.0
130300027_,554,2026-07-01,275.0
130300028_,555,2026-07-01,134.0
030200203_,556,2026-07-01,6016.0
030200128_,3,2026-08-01,
030200382_,4,2026-08-01,
030200127_,5,2026-08-01,
030200141_,6,2026-08-01,
030200096_,7,2026-08-01,
030200072_,8,2026-08-01,
030200093_,9,2026-08-01,
030200135_,10,2026-08-01,18.0
030200136_,11,2026-08-01,24.0
030200134_,12,2026-08-01,30.0
030200094_,13,2026-08-01,
030200090_,14,2026-08-01,
030200095_,15,2026-08-01,
030200142_,16,2026-08-01,
280300174_,17,2026-08-01,1701.0
030300013_,18,2026-08-01,
030200220_,19,2026-08-01,1662.0
030200219_,20,2026-08-01,3555.0
030300078_,21,2026-08-01,5.0
030300014_,22,2026-08-01,5.0
030200193_,23,2026-08-01,36290.0
030201459_,24,2026-08-01,3754.0
030200192_,25,2026-08-01,63939.0
030200201_,26,2026-08-01,25401.0
300200428_,27,2026-08-01,124.0
ATN544015,28,2026-08-01,
ATN540115,29,2026-08-01,
ATN000532,30,2026-08-01,
ATN001232,31,2026-08-01,
300201148_,32,2026-08-01,72.0
300201149_,33,2026-08-01,28.0
300201150_,34,2026-08-01,19.0
300201151_,35,2026-08-01,23.0
300201152_,36,2026-08-01,1.0
300201153_,37,2026-08-01,58.0
300201154_,38,2026-08-01,14.0
300201155_,39,2026-08-01,43.0
300200968_,40,2026-08-01,78.0
300200967_,41,2026-08-01,251.0
300200413_,42,2026-08-01,29.0
010400436_,43,2026-08-01,17.0
010400432_,44,2026-08-01,3.0
010400440_,45,2026-08-01,9.0
010400444_,46,2026-08-01,42.0
010400447_,47,2026-08-01,33.0
010400433_,48,2026-08-01,72.0
010400437_,49,2026-08-01,18.0
010400441_,50,2026-08-01,14.0
010400445_,51,2026-08-01,23.0
010400448_,52,2026-08-01,20.0
300200784_,53,2026-08-01,87.0
300200785_,54,2026-08-01,7.0
300200786_,55,2026-08-01,
300200787_,56,2026-08-01,
300200788_,57,2026-08-01,10.0
300200789_,58,2026-08-01,
300200790_,59,2026-08-01,8.0
300200791_,60,2026-08-01,
300200792_,61,2026-08-01,
300200793_,62,2026-08-01,
300200794_,63,2026-08-01,
300200795_,64,2026-08-01,30.0
300200796_,65,2026-08-01,2.0
300200797_,66,2026-08-01,5.0
300200798_,67,2026-08-01,2.0
300200799_,68,2026-08-01,3.0
300200800_,69,2026-08-01,
300200801_,70,2026-08-01,
300200802_,71,2026-08-01,20.0
300200803_,72,2026-08-01,
300200804_,73,2026-08-01,
300200805_,74,2026-08-01,
300200806_,75,2026-08-01,
300200807_,76,2026-08-01,
300200808_,77,2026-08-01,
300200809_,78,2026-08-01,
300200810_,79,2026-08-01,241.0
300200811_,80,2026-08-01,
300200812_,81,2026-08-01,59.0
300200813_,82,2026-08-01,12.0
300200814_,83,2026-08-01,35.0
300200815_,84,2026-08-01,
300200816_,85,2026-08-01,5.0
300200817_,86,2026-08-01,11.0
300200818_,87,2026-08-01,3.0
300200819_,88,2026-08-01,
300200820_,89,2026-08-01,1.0
300200821_,90,2026-08-01,84.0
300200822_,91,2026-08-01,75.0
300200823_,92,2026-08-01,26.0
300200824_,93,2026-08-01,14.0
300200825_,94,2026-08-01,2.0
300200826_,95,2026-08-01,11.0
300200827_,96,2026-08-01,
300200828_,97,2026-08-01,2.0
300200829_,98,2026-08-01,
300200830_,99,2026-08-01,1.0
300200831_,100,2026-08-01,
300200832_,101,2026-08-01,22.0
300200833_,102,2026-08-01,24.0
300200834_,103,2026-08-01,
300200835_,104,2026-08-01,15.0
300200836_,105,2026-08-01,3.0
300200837_,106,2026-08-01,
300200838_,107,2026-08-01,18.0
300200839_,108,2026-08-01,8.0
300200840_,109,2026-08-01,20.0
300200841_,110,2026-08-01,
300200842_,111,2026-08-01,177.0
300200843_,112,2026-08-01,16.0
300200844_,113,2026-08-01,8.0
300200845_,114,2026-08-01,
300200846_,115,2026-08-01,96.0
300200847_,116,2026-08-01,47.0
300200848_,117,2026-08-01,15.0
300200849_,118,2026-08-01,11.0
300200850_,119,2026-08-01,1.0
300200851_,120,2026-08-01,20.0
300200852_,121,2026-08-01,
300200853_,122,2026-08-01,22.0
300200854_,123,2026-08-01,
300200855_,124,2026-08-01,
300200856_,125,2026-08-01,-7.0
300200857_,126,2026-08-01,10.0
300200858_,127,2026-08-01,
300200859_,128,2026-08-01,9.0
300200860_,129,2026-08-01,
300200861_,130,2026-08-01,2.0
300200862_,131,2026-08-01,10.0
300200863_,132,2026-08-01,2.0
300200864_,133,2026-08-01,
300200865_,134,2026-08-01,4.0
300200866_,135,2026-08-01,3.0
300200867_,136,2026-08-01,
300200868_,137,2026-08-01,12.0
300200869_,138,2026-08-01,
300200870_,139,2026-08-01,2.0
300200871_,140,2026-08-01,
300200872_,141,2026-08-01,
300200873_,142,2026-08-01,3.0
300200874_,143,2026-08-01,
300200875_,144,2026-08-01,4.0
300200876_,145,2026-08-01,
300200877_,146,2026-08-01,1.0
300200878_,147,2026-08-01,
300200879_,148,2026-08-01,4.0
300200880_,149,2026-08-01,
300200881_,150,2026-08-01,
300200882_,151,2026-08-01,38.0
300200883_,152,2026-08-01,14.0
300200884_,153,2026-08-01,3.0
300200885_,154,2026-08-01,
300200886_,155,2026-08-01,
300200887_,156,2026-08-01,1.0
300200888_,157,2026-08-01,
300200889_,158,2026-08-01,
300200890_,159,2026-08-01,
300200892_,160,2026-08-01,
300200893_,161,2026-08-01,1.0
300200894_,162,2026-08-01,
300200895_,163,2026-08-01,
300200896_,164,2026-08-01,
300200897_,165,2026-08-01,
300200898_,166,2026-08-01,1.0
300200899_,167,2026-08-01,1.0
300200900_,168,2026-08-01,
300200901_,169,2026-08-01,
300200902_,170,2026-08-01,
300200903_,171,2026-08-01,
300200904_,172,2026-08-01,1.0
300200905_,173,2026-08-01,
300200906_,174,2026-08-01,
300200907_,175,2026-08-01,
300200908_,176,2026-08-01,
300200909_,177,2026-08-01,
300200910_,178,2026-08-01,9.0
300200911_,179,2026-08-01,
300200912_,180,2026-08-01,
300200913_,181,2026-08-01,6.0
300200914_,182,2026-08-01,
300200915_,183,2026-08-01,
300200916_,184,2026-08-01,
300200917_,185,2026-08-01,4.0
300200918_,186,2026-08-01,
300200919_,187,2026-08-01,
300200920_,188,2026-08-01,1.0
300200921_,189,2026-08-01,14.0
300200922_,190,2026-08-01,3.0
300200923_,191,2026-08-01,4.0
300200924_,192,2026-08-01,
300200925_,193,2026-08-01,
300200926_,194,2026-08-01,
300200927_,195,2026-08-01,
300200928_,196,2026-08-01,2.0
300200929_,197,2026-08-01,
300200930_,198,2026-08-01,
300200931_,199,2026-08-01,6.0
300200932_,200,2026-08-01,
300200933_,201,2026-08-01,211.0
300200934_,202,2026-08-01,61.0
300200935_,203,2026-08-01,2.0
300200936_,204,2026-08-01,22.0
300200937_,205,2026-08-01,1.0
300200938_,206,2026-08-01,10.0
300200939_,207,2026-08-01,19.0
300200940_,208,2026-08-01,4.0
300200941_,209,2026-08-01,
300200942_,210,2026-08-01,20.0
300200943_,211,2026-08-01,8.0
300200944_,212,2026-08-01,
300200945_,213,2026-08-01,103.0
300200946_,214,2026-08-01,79.0
300200947_,215,2026-08-01,25.0
300200948_,216,2026-08-01,8.0
300200949_,217,2026-08-01,5.0
300200950_,218,2026-08-01,3.0
300200951_,219,2026-08-01,
300200952_,220,2026-08-01,
300200953_,221,2026-08-01,
300200954_,222,2026-08-01,
300200955_,223,2026-08-01,2.0
300200371_,224,2026-08-01,25.0
300200420_,225,2026-08-01,
300200375_,226,2026-08-01,25.0
300200422_,227,2026-08-01,
300200363_,228,2026-08-01,1.0
300200368_,229,2026-08-01,1.0
300200367_,230,2026-08-01,
300200426_,231,2026-08-01,
300200424_,232,2026-08-01,
300200372_,233,2026-08-01,5.0
300200373_,234,2026-08-01,-1.0
300200418_,235,2026-08-01,
300200365_,236,2026-08-01,176.0
300200364_,237,2026-08-01,
300200374_,238,2026-08-01,3.0
300200370_,239,2026-08-01,2.0
300200425_,240,2026-08-01,
300200419_,241,2026-08-01,
300200376_,242,2026-08-01,136.0
300200377_,243,2026-08-01,29.0
300200378_,244,2026-08-01,10.0
300200379_,245,2026-08-01,1.0
300200380_,246,2026-08-01,
300200421_,247,2026-08-01,
щщщ0116254,248,2026-08-01,2.0
300200520_,249,2026-08-01,111.0
300200521_,250,2026-08-01,
300200522_,251,2026-08-01,
300200523_,252,2026-08-01,8.0
300200524_,253,2026-08-01,3.0
300200525_,254,2026-08-01,1.0
300200526_,255,2026-08-01,10.0
300200527_,256,2026-08-01,2.0
300200529_,257,2026-08-01,
300200530_,258,2026-08-01,
300200531_,259,2026-08-01,2.0
300200532_,260,2026-08-01,1.0
300200533_,261,2026-08-01,
300200534_,262,2026-08-01,3.0
300200535_,263,2026-08-01,
300200536_,264,2026-08-01,75.0
300200537_,265,2026-08-01,37.0
300200538_,266,2026-08-01,12.0
300200539_,267,2026-08-01,6.0
300200540_,268,2026-08-01,1.0
300200541_,269,2026-08-01,
300200542_,270,2026-08-01,1066.0
300200624_,271,2026-08-01,67.0
300200704_,272,2026-08-01,4.0
300200543_,273,2026-08-01,72.0
300200544_,274,2026-08-01,
300200545_,275,2026-08-01,26.0
300200593_,276,2026-08-01,134.0
300200546_,277,2026-08-01,
300200547_,278,2026-08-01,22.0
300200548_,279,2026-08-01,35.0
300200549_,280,2026-08-01,38.0
300200550_,281,2026-08-01,2.0
300200551_,282,2026-08-01,3.0
300200773_,283,2026-08-01,1.0
300200552_,284,2026-08-01,41.0
300200553_,285,2026-08-01,92.0
300200554_,286,2026-08-01,3.0
300200555_,287,2026-08-01,11.0
300200556_,288,2026-08-01,5.0
300200557_,289,2026-08-01,
300200558_,290,2026-08-01,480.0
300200559_,291,2026-08-01,311.0
300200560_,292,2026-08-01,111.0
300200561_,293,2026-08-01,26.0
300200562_,294,2026-08-01,10.0
300200563_,295,2026-08-01,53.0
300200564_,296,2026-08-01,80.0
300200565_,297,2026-08-01,31.0
300200590_,298,2026-08-01,18.0
300200566_,299,2026-08-01,
300200567_,300,2026-08-01,3.0
300200591_,301,2026-08-01,2.0
300200568_,302,2026-08-01,
300200569_,303,2026-08-01,
300200570_,304,2026-08-01,2.0
300200571_,305,2026-08-01,
300200572_,306,2026-08-01,
300200573_,307,2026-08-01,1.0
300200574_,308,2026-08-01,5.0
300200575_,309,2026-08-01,
300200511_,310,2026-08-01,4.0
300200576_,311,2026-08-01,30.0
300200776_,312,2026-08-01,5.0
300200577_,313,2026-08-01,
300200579_,314,2026-08-01,74.0
300200580_,315,2026-08-01,3.0
300200581_,316,2026-08-01,
300200582_,317,2026-08-01,1.0
300200583_,318,2026-08-01,
300200584_,319,2026-08-01,3.0
300200343_,320,2026-08-01,1524.0
020100163_,321,2026-08-01,130.0
300200459_,322,2026-08-01,30.0
020100158_,323,2026-08-01,337.0
020100159_,324,2026-08-01,
300200460_,325,2026-08-01,29.0
020100160_,326,2026-08-01,246.0
020100161_,327,2026-08-01,10.0
300200461_,328,2026-08-01,22.0
300200472_,329,2026-08-01,100.0
300200462_,330,2026-08-01,76.0
300200517_,331,2026-08-01,
020100162_,332,2026-08-01,23.0
300200772_,333,2026-08-01,7.0
300200468_,334,2026-08-01,119.0
300200515_,335,2026-08-01,48.0
300200518_,336,2026-08-01,20.0
300200516_,337,2026-08-01,84.0
300200471_,338,2026-08-01,15.0
300200470_,339,2026-08-01,
300200463_,340,2026-08-01,627.0
300200464_,341,2026-08-01,411.0
300200465_,342,2026-08-01,123.0
300200466_,343,2026-08-01,101.0
300200467_,344,2026-08-01,18.0
300200519_,345,2026-08-01,78.0
300200775_,346,2026-08-01,
300200781_,347,2026-08-01,1.0
300200779_,348,2026-08-01,6.0
300200782_,349,2026-08-01,4.0
300200783_,350,2026-08-01,5.0
300100015_,351,2026-08-01,
300100006_,352,2026-08-01,
300100003_,353,2026-08-01,
300100012_,354,2026-08-01,
030200006_,355,2026-08-01,
030200008_,356,2026-08-01,
030200005_,357,2026-08-01,17.0
030200007_,358,2026-08-01,
030200015_,359,2026-08-01,
030200002_,360,2026-08-01,
030200003_,361,2026-08-01,10.0
030200009_,362,2026-08-01,
030200030_,363,2026-08-01,
030200031_,364,2026-08-01,
030200036_,365,2026-08-01,
030200038_,366,2026-08-01,
030200037_,367,2026-08-01,
030200039_,368,2026-08-01,
030200028_,369,2026-08-01,
030200029_,370,2026-08-01,
030200032_,371,2026-08-01,
030200034_,372,2026-08-01,
030200239_,373,2026-08-01,
030200240_,374,2026-08-01,
030200379_,375,2026-08-01,
030200026_,376,2026-08-01,
030200025_,377,2026-08-01,
030200027_,378,2026-08-01,
030200052_,379,2026-08-01,
030200053_,380,2026-08-01,
030200054_,381,2026-08-01,
030200183_,382,2026-08-01,
030200191_,383,2026-08-01,
030200175_,384,2026-08-01,
030200176_,385,2026-08-01,3.0
030200247_,386,2026-08-01,
030200246_,387,2026-08-01,
030200243_,388,2026-08-01,69.0
030200244_,389,2026-08-01,
030200245_,390,2026-08-01,
030200248_,391,2026-08-01,
030200249_,392,2026-08-01,
030200259_,393,2026-08-01,
030200260_,394,2026-08-01,
030200256_,395,2026-08-01,
030200257_,396,2026-08-01,
030200258_,397,2026-08-01,
030200263_,398,2026-08-01,
030200262_,399,2026-08-01,
030200265_,400,2026-08-01,
030200261_,401,2026-08-01,
030200292_,402,2026-08-01,
030200250_,403,2026-08-01,3.0
030200251_,404,2026-08-01,4.0
030200252_,405,2026-08-01,2.0
030200253_,406,2026-08-01,
030200254_,407,2026-08-01,
300200331_,408,2026-08-01,1107.0
300200296_,409,2026-08-01,586.0
300200283_,410,2026-08-01,76.0
300200302_,411,2026-08-01,293.0
300200333_,412,2026-08-01,660.0
300200288_,413,2026-08-01,29.0
300200284_,414,2026-08-01,84.0
300200767_,415,2026-08-01,
300200293_,416,2026-08-01,193.0
300200289_,417,2026-08-01,198.0
300200290_,418,2026-08-01,4.0
300200291_,419,2026-08-01,56.0
300200297_,420,2026-08-01,521.0
300200298_,421,2026-08-01,1367.0
300200299_,422,2026-08-01,2.0
300200294_,423,2026-08-01,49.0
300200286_,424,2026-08-01,5686.0
300200332_,425,2026-08-01,416.0
300200301_,426,2026-08-01,673.0
300200287_,427,2026-08-01,1.0
300200700_,428,2026-08-01,131.0
300200295_,429,2026-08-01,23.0
300200292_,430,2026-08-01,4.0
300200300_,431,2026-08-01,2.0
300200312_,432,2026-08-01,
300200303_,433,2026-08-01,3530.0
300200304_,434,2026-08-01,1547.0
300200305_,435,2026-08-01,568.0
300200306_,436,2026-08-01,218.0
300200307_,437,2026-08-01,31.0
300200310_,438,2026-08-01,10.0
300200311_,439,2026-08-01,61.0
300200308_,440,2026-08-01,49.0
300200309_,441,2026-08-01,10.0
300200313_,442,2026-08-01,34.0
300200498_,443,2026-08-01,183.0
ATN000108,444,2026-08-01,
300200314_,445,2026-08-01,9.0
ATN000109,446,2026-08-01,6.0
300200315_,447,2026-08-01,
300200771_,448,2026-08-01,16.0
300200316_,449,2026-08-01,
300200959_,450,2026-08-01,29.0
300200317_,451,2026-08-01,37.0
300200496_,452,2026-08-01,6.0
300200346_,453,2026-08-01,
300200318_,454,2026-08-01,50.0
300200347_,455,2026-08-01,3.0
300200319_,456,2026-08-01,299.0
300200320_,457,2026-08-01,61.0
300200321_,458,2026-08-01,3.0
300200322_,459,2026-08-01,84.0
300200323_,460,2026-08-01,492.0
300200324_,461,2026-08-01,886.0
300200325_,462,2026-08-01,44.0
300200326_,463,2026-08-01,426.0
300200327_,464,2026-08-01,38.0
300200328_,465,2026-08-01,255.0
300200330_,466,2026-08-01,2.0
300200348_,467,2026-08-01,1.0
300200350_,468,2026-08-01,
300200352_,469,2026-08-01,
300200430_,470,2026-08-01,31.0
300200588_,471,2026-08-01,-68.0
300200443_,472,2026-08-01,-10.0
300200432_,473,2026-08-01,9.0
300200444_,474,2026-08-01,-8.0
300200449_,475,2026-08-01,-8.0
300200447_,476,2026-08-01,
300200433_,477,2026-08-01,1.0
300200439_,478,2026-08-01,13.0
300200451_,479,2026-08-01,
300200448_,480,2026-08-01,-7.0
300200774_,481,2026-08-01,2.0
300200436_,482,2026-08-01,
300200431_,483,2026-08-01,4.0
300200452_,484,2026-08-01,
300200434_,485,2026-08-01,-14.0
300200429_,486,2026-08-01,
300200632_,487,2026-08-01,95.0
300200441_,488,2026-08-01,1.0
300200450_,489,2026-08-01,
300200435_,490,2026-08-01,18.0
300200437_,491,2026-08-01,19.0
300200438_,492,2026-08-01,12.0
300200440_,493,2026-08-01,-2.0
300200445_,494,2026-08-01,-7.0
300200446_,495,2026-08-01,
ATN000399,496,2026-08-01,
300200592_,497,2026-08-01,87.0
300200366_,498,2026-08-01,
LNVA105011,499,2026-08-01,2.0
300200595_,500,2026-08-01,16.0
030200097_,501,2026-08-01,
300200718_,502,2026-08-01,348.0
300200719_,503,2026-08-01,
300200720_,504,2026-08-01,50.0
300200721_,505,2026-08-01,2.0
300200722_,506,2026-08-01,42.0
300200777_,507,2026-08-01,26.0
300200723_,508,2026-08-01,5.0
300200724_,509,2026-08-01,4.0
300200725_,510,2026-08-01,38.0
300200726_,511,2026-08-01,19.0
300200727_,512,2026-08-01,
300200728_,513,2026-08-01,5.0
300200729_,514,2026-08-01,13.0
300200730_,515,2026-08-01,27.0
300200731_,516,2026-08-01,2.0
300200732_,517,2026-08-01,7.0
300200778_,518,2026-08-01,12.0
300200733_,519,2026-08-01,2.0
300200734_,520,2026-08-01,
300200735_,521,2026-08-01,356.0
300200736_,522,2026-08-01,72.0
300200737_,523,2026-08-01,31.0
300200738_,524,2026-08-01,23.0
300200742_,525,2026-08-01,197.0
300200739_,526,2026-08-01,
300200743_,527,2026-08-01,24.0
300200740_,528,2026-08-01,11.0
300200741_,529,2026-08-01,23.0
300200744_,530,2026-08-01,202.0
300200745_,531,2026-08-01,101.0
300200746_,532,2026-08-01,59.0
300200747_,533,2026-08-01,1.0
300200748_,534,2026-08-01,1.0
300200749_,535,2026-08-01,56.0
300200750_,536,2026-08-01,25.0
300200751_,537,2026-08-01,164.0
300200752_,538,2026-08-01,101.0
300200753_,539,2026-08-01,13.0
300200754_,540,2026-08-01,5.0
300200755_,541,2026-08-01,3.0
300200497_,542,2026-08-01,6.0
030200226_,543,2026-08-01,189.0
030200223_,544,2026-08-01,969.0
030200227_,545,2026-08-01,330.0
030200225_,546,2026-08-01,1778.0
030200224_,547,2026-08-01,2076.0
030200221_,548,2026-08-01,547.0
030200222_,549,2026-08-01,313.0
300200473_,550,2026-08-01,
ATN000446,551,2026-08-01,
ATN000389,552,2026-08-01,
130300026_,553,2026-08-01,479.0
130300027_,554,2026-08-01,9.0
130300028_,555,2026-08-01,388.0
030200203_,556,2026-08-01,3840.0
030200128_,3,2026-09-01,
030200382_,4,2026-09-01,4.0
030200127_,5,2026-09-01,
030200141_,6,2026-09-01,
030200096_,7,2026-09-01,
030200072_,8,2026-09-01,
030200093_,9,2026-09-01,
030200135_,10,2026-09-01,
030200136_,11,2026-09-01,5.0
030200134_,12,2026-09-01,64.0
030200094_,13,2026-09-01,
030200090_,14,2026-09-01,
030200095_,15,2026-09-01,
030200142_,16,2026-09-01,
280300174_,17,2026-09-01,398.0
030300013_,18,2026-09-01,
030200220_,19,2026-09-01,1092.0
030200219_,20,2026-09-01,2979.0
030300078_,21,2026-09-01,2.0
030300014_,22,2026-09-01,186.0
030200193_,23,2026-09-01,27768.0
030201459_,24,2026-09-01,2870.0
030200192_,25,2026-09-01,50941.0
030200201_,26,2026-09-01,21765.0
300200428_,27,2026-09-01,81.0
ATN544015,28,2026-09-01,
ATN540115,29,2026-09-01,
ATN000532,30,2026-09-01,
ATN001232,31,2026-09-01,1.0
300201148_,32,2026-09-01,52.0
300201149_,33,2026-09-01,27.0
300201150_,34,2026-09-01,
300201151_,35,2026-09-01,36.0
300201152_,36,2026-09-01,1.0
300201153_,37,2026-09-01,33.0
300201154_,38,2026-09-01,
300201155_,39,2026-09-01,20.0
300200968_,40,2026-09-01,33.0
300200967_,41,2026-09-01,211.0
300200413_,42,2026-09-01,7.0
010400436_,43,2026-09-01,12.0
010400432_,44,2026-09-01,
010400440_,45,2026-09-01,8.0
010400444_,46,2026-09-01,20.0
010400447_,47,2026-09-01,24.0
010400433_,48,2026-09-01,7.0
010400437_,49,2026-09-01,19.0
010400441_,50,2026-09-01,11.0
010400445_,51,2026-09-01,19.0
010400448_,52,2026-09-01,13.0
300200784_,53,2026-09-01,59.0
300200785_,54,2026-09-01,14.0
300200786_,55,2026-09-01,
300200787_,56,2026-09-01,8.0
300200788_,57,2026-09-01,
300200789_,58,2026-09-01,
300200790_,59,2026-09-01,
300200791_,60,2026-09-01,
300200792_,61,2026-09-01,
300200793_,62,2026-09-01,
300200794_,63,2026-09-01,
300200795_,64,2026-09-01,22.0
300200796_,65,2026-09-01,14.0
300200797_,66,2026-09-01,3.0
300200798_,67,2026-09-01,3.0
300200799_,68,2026-09-01,1.0
300200800_,69,2026-09-01,
300200801_,70,2026-09-01,
300200802_,71,2026-09-01,
300200803_,72,2026-09-01,
300200804_,73,2026-09-01,
300200805_,74,2026-09-01,
300200806_,75,2026-09-01,5.0
300200807_,76,2026-09-01,
300200808_,77,2026-09-01,
300200809_,78,2026-09-01,
300200810_,79,2026-09-01,112.0
300200811_,80,2026-09-01,75.0
300200812_,81,2026-09-01,36.0
300200813_,82,2026-09-01,
300200814_,83,2026-09-01,27.0
300200815_,84,2026-09-01,
300200816_,85,2026-09-01,
300200817_,86,2026-09-01,18.0
300200818_,87,2026-09-01,1.0
300200819_,88,2026-09-01,
300200820_,89,2026-09-01,2.0
300200821_,90,2026-09-01,147.0
300200822_,91,2026-09-01,58.0
300200823_,92,2026-09-01,15.0
300200824_,93,2026-09-01,7.0
300200825_,94,2026-09-01,
300200826_,95,2026-09-01,1.0
300200827_,96,2026-09-01,
300200828_,97,2026-09-01,
300200829_,98,2026-09-01,
300200830_,99,2026-09-01,
300200831_,100,2026-09-01,
300200832_,101,2026-09-01,
300200833_,102,2026-09-01,15.0
300200834_,103,2026-09-01,
300200835_,104,2026-09-01,7.0
300200836_,105,2026-09-01,1.0
300200837_,106,2026-09-01,1.0
300200838_,107,2026-09-01,
300200839_,108,2026-09-01,4.0
300200840_,109,2026-09-01,
300200841_,110,2026-09-01,
300200842_,111,2026-09-01,81.0
300200843_,112,2026-09-01,
300200844_,113,2026-09-01,3.0
300200845_,114,2026-09-01,
300200846_,115,2026-09-01,54.0
300200847_,116,2026-09-01,17.0
300200848_,117,2026-09-01,11.0
300200849_,118,2026-09-01,
300200850_,119,2026-09-01,
300200851_,120,2026-09-01,4.0
300200852_,121,2026-09-01,
300200853_,122,2026-09-01,
300200854_,123,2026-09-01,
300200855_,124,2026-09-01,
300200856_,125,2026-09-01,241.0
300200857_,126,2026-09-01,40.0
300200858_,127,2026-09-01,3.0
300200859_,128,2026-09-01,27.0
300200860_,129,2026-09-01,1.0
300200861_,130,2026-09-01,17.0
300200862_,131,2026-09-01,17.0
300200863_,132,2026-09-01,3.0
300200864_,133,2026-09-01,1.0
300200865_,134,2026-09-01,65.0
300200866_,135,2026-09-01,
300200867_,136,2026-09-01,
300200868_,137,2026-09-01,59.0
300200869_,138,2026-09-01,55.0
300200870_,139,2026-09-01,39.0
300200871_,140,2026-09-01,18.0
300200872_,141,2026-09-01,2.0
300200873_,142,2026-09-01,11.0
300200874_,143,2026-09-01,
300200875_,144,2026-09-01,
300200876_,145,2026-09-01,4.0
300200877_,146,2026-09-01,
300200878_,147,2026-09-01,
300200879_,148,2026-09-01,
300200880_,149,2026-09-01,
300200881_,150,2026-09-01,3.0
300200882_,151,2026-09-01,
300200883_,152,2026-09-01,
300200884_,153,2026-09-01,
300200885_,154,2026-09-01,
300200886_,155,2026-09-01,
300200887_,156,2026-09-01,
300200888_,157,2026-09-01,20.0
300200889_,158,2026-09-01,
300200890_,159,2026-09-01,24.0
300200892_,160,2026-09-01,5.0
300200893_,161,2026-09-01,4.0
300200894_,162,2026-09-01,5.0
300200895_,163,2026-09-01,
300200896_,164,2026-09-01,103.0
300200897_,165,2026-09-01,
300200898_,166,2026-09-01,73.0
300200899_,167,2026-09-01,22.0
300200900_,168,2026-09-01,14.0
300200901_,169,2026-09-01,2.0
300200902_,170,2026-09-01,
300200903_,171,2026-09-01,2.0
300200904_,172,2026-09-01,
300200905_,173,2026-09-01,
300200906_,174,2026-09-01,
300200907_,175,2026-09-01,
300200908_,176,2026-09-01,
300200909_,177,2026-09-01,
300200910_,178,2026-09-01,50.0
300200911_,179,2026-09-01,
300200912_,180,2026-09-01,11.0
300200913_,181,2026-09-01,
300200914_,182,2026-09-01,4.0
300200915_,183,2026-09-01,
300200916_,184,2026-09-01,3.0
300200917_,185,2026-09-01,
300200918_,186,2026-09-01,
300200919_,187,2026-09-01,
300200920_,188,2026-09-01,
300200921_,189,2026-09-01,32.0
300200922_,190,2026-09-01,32.0
300200923_,191,2026-09-01,17.0
300200924_,192,2026-09-01,4.0
300200925_,193,2026-09-01,
300200926_,194,2026-09-01,10.0
300200927_,195,2026-09-01,
300200928_,196,2026-09-01,4.0
300200929_,197,2026-09-01,
300200930_,198,2026-09-01,
300200931_,199,2026-09-01,
300200932_,200,2026-09-01,
300200933_,201,2026-09-01,44.0
300200934_,202,2026-09-01,
300200935_,203,2026-09-01,
300200936_,204,2026-09-01,1.0
300200937_,205,2026-09-01,
300200938_,206,2026-09-01,
300200939_,207,2026-09-01,2.0
300200940_,208,2026-09-01,
300200941_,209,2026-09-01,
300200942_,210,2026-09-01,
300200943_,211,2026-09-01,
300200944_,212,2026-09-01,
300200945_,213,2026-09-01,19.0
300200946_,214,2026-09-01,4.0
300200947_,215,2026-09-01,4.0
300200948_,216,2026-09-01,
300200949_,217,2026-09-01,
300200950_,218,2026-09-01,
300200951_,219,2026-09-01,
300200952_,220,2026-09-01,
300200953_,221,2026-09-01,
300200954_,222,2026-09-01,
300200955_,223,2026-09-01,
300200371_,224,2026-09-01,1.0
300200420_,225,2026-09-01,1.0
300200375_,226,2026-09-01,14.0
300200422_,227,2026-09-01,2.0
300200363_,228,2026-09-01,1.0
300200368_,229,2026-09-01,2.0
300200367_,230,2026-09-01,
300200426_,231,2026-09-01,6.0
300200424_,232,2026-09-01,
300200372_,233,2026-09-01,
300200373_,234,2026-09-01,2.0
300200418_,235,2026-09-01,
300200365_,236,2026-09-01,109.0
300200364_,237,2026-09-01,
300200374_,238,2026-09-01,20.0
300200370_,239,2026-09-01,
300200425_,240,2026-09-01,
300200419_,241,2026-09-01,
300200376_,242,2026-09-01,50.0
300200377_,243,2026-09-01,36.0
300200378_,244,2026-09-01,12.0
300200379_,245,2026-09-01,
300200380_,246,2026-09-01,
300200421_,247,2026-09-01,1.0
щщщ0116254,248,2026-09-01,
300200520_,249,2026-09-01,138.0
300200521_,250,2026-09-01,9.0
300200522_,251,2026-09-01,1.0
300200523_,252,2026-09-01,2.0
300200524_,253,2026-09-01,
300200525_,254,2026-09-01,1.0
300200526_,255,2026-09-01,7.0
300200527_,256,2026-09-01,1.0
300200529_,257,2026-09-01,
300200530_,258,2026-09-01,
300200531_,259,2026-09-01,12.0
300200532_,260,2026-09-01,
300200533_,261,2026-09-01,23.0
300200534_,262,2026-09-01,
300200535_,263,2026-09-01,1.0
300200536_,264,2026-09-01,91.0
300200537_,265,2026-09-01,24.0
300200538_,266,2026-09-01,16.0
300200539_,267,2026-09-01,2.0
300200540_,268,2026-09-01,8.0
300200541_,269,2026-09-01,2.0
300200542_,270,2026-09-01,249.0
300200624_,271,2026-09-01,16.0
300200704_,272,2026-09-01,66.0
300200543_,273,2026-09-01,56.0
300200544_,274,2026-09-01,5.0
300200545_,275,2026-09-01,19.0
300200593_,276,2026-09-01,48.0
300200546_,277,2026-09-01,19.0
300200547_,278,2026-09-01,11.0
300200548_,279,2026-09-01,7.0
300200549_,280,2026-09-01,4.0
300200550_,281,2026-09-01,2.0
300200551_,282,2026-09-01,10.0
300200773_,283,2026-09-01,7.0
300200552_,284,2026-09-01,22.0
300200553_,285,2026-09-01,33.0
300200554_,286,2026-09-01,
300200555_,287,2026-09-01,3.0
300200556_,288,2026-09-01,2.0
300200557_,289,2026-09-01,
300200558_,290,2026-09-01,158.0
300200559_,291,2026-09-01,87.0
300200560_,292,2026-09-01,33.0
300200561_,293,2026-09-01,9.0
300200562_,294,2026-09-01,
300200563_,295,2026-09-01,9.0
300200564_,296,2026-09-01,94.0
300200565_,297,2026-09-01,1.0
300200590_,298,2026-09-01,22.0
300200566_,299,2026-09-01,
300200567_,300,2026-09-01,
300200591_,301,2026-09-01,11.0
300200568_,302,2026-09-01,
300200569_,303,2026-09-01,
300200570_,304,2026-09-01,4.0
300200571_,305,2026-09-01,3.0
300200572_,306,2026-09-01,
300200573_,307,2026-09-01,
300200574_,308,2026-09-01,4.0
300200575_,309,2026-09-01,8.0
300200511_,310,2026-09-01,
300200576_,311,2026-09-01,6.0
300200776_,312,2026-09-01,4.0
300200577_,313,2026-09-01,
300200579_,314,2026-09-01,55.0
300200580_,315,2026-09-01,28.0
300200581_,316,2026-09-01,13.0
300200582_,317,2026-09-01,
300200583_,318,2026-09-01,1.0
300200584_,319,2026-09-01,4.0
300200343_,320,2026-09-01,776.0
020100163_,321,2026-09-01,1.0
300200459_,322,2026-09-01,49.0
020100158_,323,2026-09-01,147.0
020100159_,324,2026-09-01,
300200460_,325,2026-09-01,25.0
020100160_,326,2026-09-01,113.0
020100161_,327,2026-09-01,
300200461_,328,2026-09-01,16.0
300200472_,329,2026-09-01,19.0
300200462_,330,2026-09-01,8.0
300200517_,331,2026-09-01,
020100162_,332,2026-09-01,
300200772_,333,2026-09-01,2.0
300200468_,334,2026-09-01,30.0
300200515_,335,2026-09-01,47.0
300200518_,336,2026-09-01,15.0
300200516_,337,2026-09-01,21.0
300200471_,338,2026-09-01,
300200470_,339,2026-09-01,
300200463_,340,2026-09-01,499.0
300200464_,341,2026-09-01,213.0
300200465_,342,2026-09-01,45.0
300200466_,343,2026-09-01,37.0
300200467_,344,2026-09-01,8.0
300200519_,345,2026-09-01,18.0
300200775_,346,2026-09-01,
300200781_,347,2026-09-01,
300200779_,348,2026-09-01,9.0
300200782_,349,2026-09-01,
300200783_,350,2026-09-01,
300100015_,351,2026-09-01,
300100006_,352,2026-09-01,
300100003_,353,2026-09-01,
300100012_,354,2026-09-01,
030200006_,355,2026-09-01,
030200008_,356,2026-09-01,
030200005_,357,2026-09-01,44.0
030200007_,358,2026-09-01,5.0
030200015_,359,2026-09-01,
030200002_,360,2026-09-01,
030200003_,361,2026-09-01,
030200009_,362,2026-09-01,
030200030_,363,2026-09-01,
030200031_,364,2026-09-01,
030200036_,365,2026-09-01,
030200038_,366,2026-09-01,
030200037_,367,2026-09-01,
030200039_,368,2026-09-01,
030200028_,369,2026-09-01,
030200029_,370,2026-09-01,
030200032_,371,2026-09-01,
030200034_,372,2026-09-01,
030200239_,373,2026-09-01,
030200240_,374,2026-09-01,
030200379_,375,2026-09-01,
030200026_,376,2026-09-01,
030200025_,377,2026-09-01,
030200027_,378,2026-09-01,
030200052_,379,2026-09-01,
030200053_,380,2026-09-01,
030200054_,381,2026-09-01,
030200183_,382,2026-09-01,
030200191_,383,2026-09-01,
030200175_,384,2026-09-01,
030200176_,385,2026-09-01,
030200247_,386,2026-09-01,
030200246_,387,2026-09-01,
030200243_,388,2026-09-01,14.0
030200244_,389,2026-09-01,
030200245_,390,2026-09-01,13.0
030200248_,391,2026-09-01,
030200249_,392,2026-09-01,
030200259_,393,2026-09-01,
030200260_,394,2026-09-01,
030200256_,395,2026-09-01,
030200257_,396,2026-09-01,
030200258_,397,2026-09-01,2.0
030200263_,398,2026-09-01,
030200262_,399,2026-09-01,
030200265_,400,2026-09-01,
030200261_,401,2026-09-01,
030200292_,402,2026-09-01,
030200250_,403,2026-09-01,6.0
030200251_,404,2026-09-01,11.0
030200252_,405,2026-09-01,7.0
030200253_,406,2026-09-01,
030200254_,407,2026-09-01,1.0
300200331_,408,2026-09-01,495.0
300200296_,409,2026-09-01,400.0
300200283_,410,2026-09-01,24.0
300200302_,411,2026-09-01,246.0
300200333_,412,2026-09-01,275.0
300200288_,413,2026-09-01,16.0
300200284_,414,2026-09-01,29.0
300200767_,415,2026-09-01,1.0
300200293_,416,2026-09-01,91.0
300200289_,417,2026-09-01,52.0
300200290_,418,2026-09-01,
300200291_,419,2026-09-01,32.0
300200297_,420,2026-09-01,332.0
300200298_,421,2026-09-01,333.0
300200299_,422,2026-09-01,1.0
300200294_,423,2026-09-01,92.0
300200286_,424,2026-09-01,2368.0
300200332_,425,2026-09-01,381.0
300200301_,426,2026-09-01,435.0
300200287_,427,2026-09-01,
300200700_,428,2026-09-01,139.0
300200295_,429,2026-09-01,7.0
300200292_,430,2026-09-01,
300200300_,431,2026-09-01,3.0
300200312_,432,2026-09-01,
300200303_,433,2026-09-01,1664.0
300200304_,434,2026-09-01,751.0
300200305_,435,2026-09-01,254.0
300200306_,436,2026-09-01,136.0
300200307_,437,2026-09-01,22.0
300200310_,438,2026-09-01,5.0
300200311_,439,2026-09-01,87.0
300200308_,440,2026-09-01,51.0
300200309_,441,2026-09-01,1.0
300200313_,442,2026-09-01,7.0
300200498_,443,2026-09-01,46.0
ATN000108,444,2026-09-01,
300200314_,445,2026-09-01,4.0
ATN000109,446,2026-09-01,11.0
300200315_,447,2026-09-01,
300200771_,448,2026-09-01,16.0
300200316_,449,2026-09-01,
300200959_,450,2026-09-01,45.0
300200317_,451,2026-09-01,69.0
300200496_,452,2026-09-01,18.0
300200346_,453,2026-09-01,
300200318_,454,2026-09-01,16.0
300200347_,455,2026-09-01,6.0
300200319_,456,2026-09-01,320.0
300200320_,457,2026-09-01,150.0
300200321_,458,2026-09-01,39.0
300200322_,459,2026-09-01,44.0
300200323_,460,2026-09-01,473.0
300200324_,461,2026-09-01,839.0
300200325_,462,2026-09-01,57.0
300200326_,463,2026-09-01,212.0
300200327_,464,2026-09-01,24.0
300200328_,465,2026-09-01,239.0
300200330_,466,2026-09-01,10.0
300200348_,467,2026-09-01,
300200350_,468,2026-09-01,
300200352_,469,2026-09-01,
300200430_,470,2026-09-01,
300200588_,471,2026-09-01,33.0
300200443_,472,2026-09-01,
300200432_,473,2026-09-01,2.0
300200444_,474,2026-09-01,
300200449_,475,2026-09-01,
300200447_,476,2026-09-01,
300200433_,477,2026-09-01,
300200439_,478,2026-09-01,
300200451_,479,2026-09-01,
300200448_,480,2026-09-01,
300200774_,481,2026-09-01,
300200436_,482,2026-09-01,22.0
300200431_,483,2026-09-01,12.0
300200452_,484,2026-09-01,
300200434_,485,2026-09-01,
300200429_,486,2026-09-01,7.0
300200632_,487,2026-09-01,10.0
300200441_,488,2026-09-01,
300200450_,489,2026-09-01,
300200435_,490,2026-09-01,33.0
300200437_,491,2026-09-01,14.0
300200438_,492,2026-09-01,4.0
300200440_,493,2026-09-01,11.0
300200445_,494,2026-09-01,
300200446_,495,2026-09-01,
ATN000399,496,2026-09-01,
300200592_,497,2026-09-01,47.0
300200366_,498,2026-09-01,9.0
LNVA105011,499,2026-09-01,
300200595_,500,2026-09-01,11.0
030200097_,501,2026-09-01,
300200718_,502,2026-09-01,236.0
300200719_,503,2026-09-01,26.0
300200720_,504,2026-09-01,6.0
300200721_,505,2026-09-01,
300200722_,506,2026-09-01,1.0
300200777_,507,2026-09-01,38.0
300200723_,508,2026-09-01,1.0
300200724_,509,2026-09-01,1.0
300200725_,510,2026-09-01,6.0
300200726_,511,2026-09-01,12.0
300200727_,512,2026-09-01,
300200728_,513,2026-09-01,1.0
300200729_,514,2026-09-01,3.0
300200730_,515,2026-09-01,10.0
300200731_,516,2026-09-01,
300200732_,517,2026-09-01,
300200778_,518,2026-09-01,7.0
300200733_,519,2026-09-01,4.0
300200734_,520,2026-09-01,
300200735_,521,2026-09-01,229.0
300200736_,522,2026-09-01,87.0
300200737_,523,2026-09-01,22.0
300200738_,524,2026-09-01,6.0
300200742_,525,2026-09-01,59.0
300200739_,526,2026-09-01,1.0
300200743_,527,2026-09-01,7.0
300200740_,528,2026-09-01,2.0
300200741_,529,2026-09-01,83.0
300200744_,530,2026-09-01,289.0
300200745_,531,2026-09-01,120.0
300200746_,532,2026-09-01,92.0
300200747_,533,2026-09-01,21.0
300200748_,534,2026-09-01,2.0
300200749_,535,2026-09-01,53.0
300200750_,536,2026-09-01,37.0
300200751_,537,2026-09-01,60.0
300200752_,538,2026-09-01,68.0
300200753_,539,2026-09-01,5.0
300200754_,540,2026-09-01,8.0
300200755_,541,2026-09-01,3.0
300200497_,542,2026-09-01,
030200226_,543,2026-09-01,76.0
030200223_,544,2026-09-01,746.0
030200227_,545,2026-09-01,77.0
030200225_,546,2026-09-01,1943.0
030200224_,547,2026-09-01,1850.0
030200221_,548,2026-09-01,674.0
030200222_,549,2026-09-01,226.0
300200473_,550,2026-09-01,
ATN000446,551,2026-09-01,
ATN000389,552,2026-09-01,
130300026_,553,2026-09-01,5.0
130300027_,554,2026-09-01,
130300028_,555,2026-09-01,187.0
030200203_,556,2026-09-01,2341.0
