sku,source_row,date,demand,A,B,C,D,missing_transaction_quantities
300200307_,437,2024-02-01,125.0,0.0,20.0,-20.0,20.0,0
300200283_,410,2024-03-01,147.0,0.0,10.0,-10.0,10.0,0
300200446_,495,2024-05-01,48.0,0.0,5.0,-5.0,5.0,0
300200784_,53,2024-08-01,24.0,0.0,20.0,-20.0,20.0,0
300200785_,54,2024-08-01,24.0,0.0,20.0,-20.0,20.0,0
300200786_,55,2024-08-01,10.0,0.0,10.0,-10.0,10.0,0
300200788_,57,2024-08-01,10.0,0.0,9.0,-9.0,9.0,0
300200789_,58,2024-08-01,6.0,0.0,6.0,-6.0,6.0,0
300200790_,59,2024-08-01,10.0,0.0,9.0,-9.0,9.0,0
300200791_,60,2024-08-01,5.0,0.0,4.0,-4.0,4.0,0
300200793_,62,2024-08-01,20.0,0.0,17.0,-17.0,17.0,0
300200794_,63,2024-08-01,5.0,0.0,5.0,-5.0,5.0,0
300200795_,64,2024-08-01,34.0,0.0,15.0,-15.0,15.0,0
300200796_,65,2024-08-01,30.0,0.0,30.0,-30.0,30.0,0
300200797_,66,2024-08-01,20.0,0.0,20.0,-20.0,20.0,0
300200798_,67,2024-08-01,10.0,0.0,10.0,-10.0,10.0,0
300200799_,68,2024-08-01,10.0,0.0,10.0,-10.0,10.0,0
300200800_,69,2024-08-01,10.0,0.0,9.0,-9.0,9.0,0
300200801_,70,2024-08-01,6.0,0.0,6.0,-6.0,6.0,0
300200803_,72,2024-08-01,10.0,0.0,10.0,-10.0,10.0,0
300200804_,73,2024-08-01,6.0,0.0,2.0,-2.0,2.0,0
300200805_,74,2024-08-01,5.0,0.0,5.0,-5.0,5.0,0
300200806_,75,2024-08-01,6.0,0.0,4.0,-4.0,4.0,0
300200807_,76,2024-08-01,3.0,0.0,3.0,-3.0,3.0,0
300200808_,77,2024-08-01,3.0,0.0,3.0,-3.0,3.0,0
300200833_,102,2024-08-01,14.0,0.0,10.0,-10.0,10.0,0
300200836_,105,2024-08-01,5.0,0.0,5.0,-5.0,5.0,0
300200840_,109,2024-08-01,5.0,0.0,5.0,-5.0,5.0,0
300200842_,111,2024-08-01,10.0,0.0,5.0,-5.0,5.0,0
300200843_,112,2024-08-01,14.0,0.0,10.0,-10.0,10.0,0
300200845_,114,2024-08-01,5.0,0.0,5.0,-5.0,5.0,0
300200847_,116,2024-08-01,30.0,0.0,9.0,-9.0,9.0,0
300200848_,117,2024-08-01,20.0,0.0,20.0,-20.0,20.0,0
300200850_,119,2024-08-01,10.0,0.0,10.0,-10.0,10.0,0
300200852_,121,2024-08-01,6.0,0.0,5.0,-5.0,5.0,0
300200853_,122,2024-08-01,5.0,0.0,4.0,-4.0,4.0,0
300200854_,123,2024-08-01,6.0,0.0,5.0,-5.0,5.0,0
300200856_,125,2024-08-01,14.0,0.0,10.0,-10.0,10.0,0
300200857_,126,2024-08-01,14.0,0.0,7.0,-7.0,7.0,0
300200858_,127,2024-08-01,10.0,0.0,10.0,-10.0,10.0,0
300200859_,128,2024-08-01,10.0,0.0,10.0,-10.0,10.0,0
300200860_,129,2024-08-01,5.0,0.0,5.0,-5.0,5.0,0
300200862_,131,2024-08-01,5.0,0.0,5.0,-5.0,5.0,0
300200864_,133,2024-08-01,3.0,0.0,3.0,-3.0,3.0,0
300200865_,134,2024-08-01,10.0,0.0,6.0,-6.0,6.0,0
300200868_,137,2024-08-01,34.0,0.0,28.0,-28.0,28.0,0
300200869_,138,2024-08-01,30.0,0.0,29.0,-29.0,29.0,0
300200870_,139,2024-08-01,20.0,0.0,20.0,-20.0,20.0,0
300200871_,140,2024-08-01,10.0,0.0,10.0,-10.0,10.0,0
300200872_,141,2024-08-01,10.0,0.0,10.0,-10.0,10.0,0
300200873_,142,2024-08-01,5.0,0.0,5.0,-5.0,5.0,0
300200879_,148,2024-08-01,5.0,0.0,5.0,-5.0,5.0,0
300200882_,151,2024-08-01,14.0,0.0,10.0,-10.0,10.0,0
300200883_,152,2024-08-01,10.0,0.0,10.0,-10.0,10.0,0
300200884_,153,2024-08-01,10.0,0.0,10.0,-10.0,10.0,0
300200885_,154,2024-08-01,10.0,0.0,10.0,-10.0,10.0,0
300200886_,155,2024-08-01,10.0,0.0,10.0,-10.0,10.0,0
300200910_,178,2024-08-01,24.0,0.0,20.0,-20.0,20.0,0
300200912_,180,2024-08-01,24.0,0.0,20.0,-20.0,20.0,0
300200913_,181,2024-08-01,10.0,0.0,10.0,-10.0,10.0,0
300200914_,182,2024-08-01,20.0,0.0,20.0,-20.0,20.0,0
300200915_,183,2024-08-01,10.0,0.0,10.0,-10.0,10.0,0
300200916_,184,2024-08-01,6.0,0.0,5.0,-5.0,5.0,0
300200917_,185,2024-08-01,10.0,0.0,10.0,-10.0,10.0,0
300200918_,186,2024-08-01,5.0,0.0,5.0,-5.0,5.0,0
300200919_,187,2024-08-01,3.0,0.0,3.0,-3.0,3.0,0
300200920_,188,2024-08-01,5.0,0.0,5.0,-5.0,5.0,0
300200921_,189,2024-08-01,34.0,0.0,20.0,-20.0,20.0,0
300200922_,190,2024-08-01,30.0,0.0,30.0,-30.0,30.0,0
300200923_,191,2024-08-01,20.0,0.0,20.0,-20.0,20.0,0
300200924_,192,2024-08-01,10.0,0.0,10.0,-10.0,10.0,0
300200925_,193,2024-08-01,10.0,0.0,10.0,-10.0,10.0,0
300200926_,194,2024-08-01,10.0,0.0,10.0,-10.0,10.0,0
300200927_,195,2024-08-01,6.0,0.0,5.0,-5.0,5.0,0
300200929_,197,2024-08-01,6.0,0.0,5.0,-5.0,5.0,0
300200932_,200,2024-08-01,10.0,0.0,10.0,-10.0,10.0,0
300200785_,54,2024-09-01,86.0,0.0,11.0,-11.0,11.0,0
300200786_,55,2024-09-01,31.0,0.0,17.0,-17.0,17.0,0
300200787_,56,2024-09-01,65.0,0.0,9.0,-9.0,9.0,0
300200788_,57,2024-09-01,29.0,0.0,19.0,-19.0,19.0,0
300200789_,58,2024-09-01,23.0,0.0,9.0,-9.0,9.0,0
300200790_,59,2024-09-01,19.0,0.0,8.0,-8.0,8.0,0
300200791_,60,2024-09-01,20.0,0.0,10.0,-10.0,10.0,0
300200794_,63,2024-09-01,23.0,0.0,10.0,-10.0,10.0,0
300200795_,64,2024-09-01,178.0,0.0,43.0,-43.0,43.0,0
300200796_,65,2024-09-01,85.0,0.0,13.0,-13.0,13.0,0
300200797_,66,2024-09-01,29.0,0.0,13.0,-13.0,13.0,0
300200798_,67,2024-09-01,21.0,0.0,7.0,-7.0,7.0,0
300200799_,68,2024-09-01,19.0,0.0,10.0,-10.0,10.0,0
300200800_,69,2024-09-01,19.0,0.0,9.0,-9.0,9.0,0
300200803_,72,2024-09-01,20.0,0.0,9.0,-9.0,9.0,0
300200804_,73,2024-09-01,14.0,0.0,9.0,-9.0,9.0,0
300200805_,74,2024-09-01,10.0,0.0,10.0,-10.0,10.0,0
300200806_,75,2024-09-01,10.0,0.0,9.0,-9.0,9.0,0
300200810_,79,2024-09-01,477.0,0.0,93.0,-93.0,93.0,0
300200811_,80,2024-09-01,61.0,0.0,25.0,-25.0,25.0,0
300200812_,81,2024-09-01,135.0,0.0,60.0,-60.0,60.0,0
300200813_,82,2024-09-01,20.0,0.0,4.0,-4.0,4.0,0
300200814_,83,2024-09-01,89.0,0.0,39.0,-39.0,39.0,0
300200815_,84,2024-09-01,20.0,0.0,1.0,-1.0,1.0,0
300200816_,85,2024-09-01,44.0,0.0,24.0,-24.0,24.0,0
300200817_,86,2024-09-01,39.0,0.0,25.0,-25.0,25.0,0
300200818_,87,2024-09-01,20.0,0.0,16.0,-16.0,16.0,0
300200819_,88,2024-09-01,5.0,0.0,3.0,-3.0,3.0,0
300200820_,89,2024-09-01,15.0,0.0,12.0,-12.0,12.0,0
300200821_,90,2024-09-01,236.0,0.0,116.0,-116.0,116.0,0
300200822_,91,2024-09-01,167.0,0.0,76.0,-76.0,76.0,0
300200823_,92,2024-09-01,89.0,0.0,41.0,-41.0,41.0,0
300200824_,93,2024-09-01,45.0,0.0,40.0,-40.0,40.0,0
300200825_,94,2024-09-01,27.0,0.0,22.0,-22.0,22.0,0
300200826_,95,2024-09-01,39.0,0.0,20.0,-20.0,20.0,0
300200827_,96,2024-09-01,10.0,0.0,9.0,-9.0,9.0,0
300200828_,97,2024-09-01,11.0,0.0,7.0,-7.0,7.0,0
300200829_,98,2024-09-01,30.0,0.0,30.0,-30.0,30.0,0
300200833_,102,2024-09-01,193.0,0.0,98.0,-98.0,98.0,0
300200840_,109,2024-09-01,40.0,0.0,25.0,-25.0,25.0,0
300200841_,110,2024-09-01,3.0,0.0,2.0,-2.0,2.0,0
300200842_,111,2024-09-01,389.0,0.0,135.0,-135.0,135.0,0
300200843_,112,2024-09-01,137.0,0.0,1.0,-1.0,1.0,0
300200845_,114,2024-09-01,43.0,0.0,37.0,-37.0,37.0,0
300200847_,116,2024-09-01,171.0,0.0,88.0,-88.0,88.0,0
300200848_,117,2024-09-01,88.0,0.0,45.0,-45.0,45.0,0
300200849_,118,2024-09-01,51.0,0.0,29.0,-29.0,29.0,0
300200850_,119,2024-09-01,35.0,0.0,23.0,-23.0,23.0,0
300200852_,121,2024-09-01,20.0,0.0,10.0,-10.0,10.0,0
300200853_,122,2024-09-01,11.0,0.0,3.0,-3.0,3.0,0
300200854_,123,2024-09-01,25.0,0.0,20.0,-20.0,20.0,0
300200856_,125,2024-09-01,627.0,0.0,84.0,-84.0,84.0,0
300200857_,126,2024-09-01,211.0,0.0,44.0,-44.0,44.0,0
300200859_,128,2024-09-01,226.0,0.0,50.0,-50.0,50.0,0
300200862_,131,2024-09-01,83.0,0.0,41.0,-41.0,41.0,0
300200863_,132,2024-09-01,26.0,0.0,8.0,-8.0,8.0,0
300200864_,133,2024-09-01,7.0,0.0,3.0,-3.0,3.0,0
300200865_,134,2024-09-01,138.0,0.0,56.0,-56.0,56.0,0
300200866_,135,2024-09-01,30.0,0.0,10.0,-10.0,10.0,0
300200868_,137,2024-09-01,402.0,0.0,40.0,-40.0,40.0,0
300200869_,138,2024-09-01,204.0,0.0,60.0,-60.0,60.0,0
300200870_,139,2024-09-01,125.0,0.0,6.0,-6.0,6.0,0
300200871_,140,2024-09-01,66.0,0.0,25.0,-25.0,25.0,0
300200872_,141,2024-09-01,35.0,0.0,24.0,-24.0,24.0,0
300200873_,142,2024-09-01,71.0,0.0,15.0,-15.0,15.0,0
300200875_,144,2024-09-01,32.0,0.0,7.0,-7.0,7.0,0
300200879_,148,2024-09-01,30.0,0.0,5.0,-5.0,5.0,0
300200813_,82,2024-10-01,40.0,0.0,17.0,-17.0,17.0,0
300200815_,84,2024-10-01,20.0,0.0,9.0,-9.0,9.0,0
300200817_,86,2024-10-01,27.0,0.0,5.0,-5.0,5.0,0
300200832_,101,2024-10-01,20.0,0.0,10.0,-10.0,10.0,0
300200834_,103,2024-10-01,30.0,0.0,7.0,-7.0,7.0,0
300200835_,104,2024-10-01,74.0,0.0,49.0,-49.0,49.0,0
300200836_,105,2024-10-01,20.0,0.0,10.0,-10.0,10.0,0
300200838_,107,2024-10-01,11.0,0.0,10.0,-10.0,10.0,0
300200839_,108,2024-10-01,20.0,0.0,20.0,-20.0,20.0,0
300200844_,113,2024-10-01,20.0,0.0,8.0,-8.0,8.0,0
300200846_,115,2024-10-01,263.0,0.0,65.0,-65.0,65.0,0
300200860_,129,2024-10-01,20.0,0.0,3.0,-3.0,3.0,0
300200863_,132,2024-10-01,25.0,0.0,13.0,-13.0,13.0,0
300200866_,135,2024-10-01,17.0,0.0,2.0,-2.0,2.0,0
300200867_,136,2024-10-01,20.0,0.0,20.0,-20.0,20.0,0
300200880_,149,2024-10-01,19.0,0.0,10.0,-10.0,10.0,0
300200815_,84,2024-11-01,18.0,0.0,4.0,-4.0,4.0,0
300200816_,85,2024-11-01,24.0,0.0,7.0,-7.0,7.0,0
300200818_,87,2024-11-01,12.0,0.0,3.0,-3.0,3.0,0
300200820_,89,2024-11-01,10.0,0.0,7.0,-7.0,7.0,0
300200825_,94,2024-11-01,10.0,0.0,9.0,-9.0,9.0,0
300200826_,95,2024-11-01,10.0,0.0,6.0,-6.0,6.0,0
300200828_,97,2024-11-01,10.0,0.0,7.0,-7.0,7.0,0
300200829_,98,2024-11-01,10.0,0.0,9.0,-9.0,9.0,0
300200832_,101,2024-11-01,29.0,0.0,4.0,-4.0,4.0,0
300200833_,102,2024-11-01,82.0,0.0,17.0,-17.0,17.0,0
300200834_,103,2024-11-01,20.0,0.0,15.0,-15.0,15.0,0
300200836_,105,2024-11-01,34.0,0.0,9.0,-9.0,9.0,0
300200839_,108,2024-11-01,32.0,0.0,4.0,-4.0,4.0,0
300200840_,109,2024-11-01,12.0,0.0,7.0,-7.0,7.0,0
300200842_,111,2024-11-01,558.0,0.0,49.0,-49.0,49.0,0
300200844_,113,2024-11-01,9.0,0.0,4.0,-4.0,4.0,0
300200845_,114,2024-11-01,5.0,0.0,3.0,-3.0,3.0,0
300200846_,115,2024-11-01,623.0,0.0,361.0,-361.0,361.0,0
300200849_,118,2024-11-01,21.0,0.0,3.0,-3.0,3.0,0
300200850_,119,2024-11-01,12.0,0.0,8.0,-8.0,8.0,0
300200853_,122,2024-11-01,20.0,0.0,6.0,-6.0,6.0,0
300200857_,126,2024-11-01,148.0,0.0,32.0,-32.0,32.0,0
300200858_,127,2024-11-01,10.0,0.0,2.0,-2.0,2.0,0
300200859_,128,2024-11-01,37.0,0.0,5.0,-5.0,5.0,0
300200860_,129,2024-11-01,30.0,0.0,16.0,-16.0,16.0,0
300200863_,132,2024-11-01,13.0,0.0,8.0,-8.0,8.0,0
300200866_,135,2024-11-01,15.0,0.0,2.0,-2.0,2.0,0
300200867_,136,2024-11-01,8.0,0.0,3.0,-3.0,3.0,0
300200868_,137,2024-11-01,236.0,0.0,58.0,-58.0,58.0,0
300200870_,139,2024-11-01,67.0,0.0,7.0,-7.0,7.0,0
300200872_,141,2024-11-01,21.0,0.0,10.0,-10.0,10.0,0
300200879_,148,2024-11-01,10.0,0.0,5.0,-5.0,5.0,0
300200912_,180,2024-11-01,58.0,0.0,13.0,-13.0,13.0,0
300200913_,181,2024-11-01,20.0,0.0,17.0,-17.0,17.0,0
300200914_,182,2024-11-01,34.0,0.0,10.0,-10.0,10.0,0
300200915_,183,2024-11-01,20.0,0.0,18.0,-18.0,18.0,0
300200916_,184,2024-11-01,12.0,0.0,5.0,-5.0,5.0,0
300200917_,185,2024-11-01,10.0,0.0,8.0,-8.0,8.0,0
300200920_,188,2024-11-01,7.0,0.0,2.0,-2.0,2.0,0
300200922_,190,2024-11-01,71.0,0.0,21.0,-21.0,21.0,0
300200923_,191,2024-11-01,23.0,0.0,11.0,-11.0,11.0,0
300200924_,192,2024-11-01,10.0,0.0,6.0,-6.0,6.0,0
300200925_,193,2024-11-01,10.0,0.0,9.0,-9.0,9.0,0
300200926_,194,2024-11-01,10.0,0.0,10.0,-10.0,10.0,0
300200927_,195,2024-11-01,10.0,0.0,10.0,-10.0,10.0,0
300200929_,197,2024-11-01,10.0,0.0,9.0,-9.0,9.0,0
300200466_,343,2024-11-01,257.0,0.0,15.0,-15.0,15.0,0
300200784_,53,2024-12-01,213.0,0.0,36.0,-36.0,36.0,0
300200785_,54,2024-12-01,49.0,0.0,10.0,-10.0,10.0,0
300200787_,56,2024-12-01,42.0,0.0,20.0,-20.0,20.0,0
300200798_,67,2024-12-01,20.0,0.0,5.0,-5.0,5.0,0
300200801_,70,2024-12-01,20.0,0.0,20.0,-20.0,20.0,0
300200813_,82,2024-12-01,10.0,0.0,10.0,-10.0,10.0,0
300200839_,108,2024-12-01,11.0,0.0,10.0,-10.0,10.0,0
300200847_,116,2024-12-01,80.0,0.0,10.0,-10.0,10.0,0
300200848_,117,2024-12-01,49.0,0.0,7.0,-7.0,7.0,0
300200851_,120,2024-12-01,46.0,0.0,10.0,-10.0,10.0,0
300200856_,125,2024-12-01,662.0,0.0,77.0,-77.0,77.0,0
300200857_,126,2024-12-01,92.0,0.0,3.0,-3.0,3.0,0
300200859_,128,2024-12-01,102.0,0.0,4.0,-4.0,4.0,0
300200863_,132,2024-12-01,6.0,0.0,1.0,-1.0,1.0,0
300200868_,137,2024-12-01,197.0,0.0,15.0,-15.0,15.0,0
300200869_,138,2024-12-01,137.0,0.0,2.0,-2.0,2.0,0
300200871_,140,2024-12-01,32.0,0.0,1.0,-1.0,1.0,0
300200921_,189,2024-12-01,92.0,0.0,11.0,-11.0,11.0,0
300200558_,290,2024-12-01,603.0,0.0,11.0,-11.0,11.0,0
300200296_,409,2024-12-01,544.0,0.0,2.0,-2.0,2.0,0
300200333_,412,2024-12-01,738.0,0.0,3.0,-3.0,3.0,0
300200767_,415,2024-12-01,4.0,0.0,2.0,-2.0,2.0,0
300200293_,416,2024-12-01,381.0,0.0,1.0,-1.0,1.0,0
300200295_,429,2024-12-01,52.0,0.0,2.0,-2.0,2.0,0
300200303_,433,2024-12-01,3962.0,0.0,4.0,-4.0,4.0,0
300200304_,434,2024-12-01,1513.0,0.0,29.0,-29.0,29.0,0
030200072_,8,2025-01-01,2.0,2.0,0.0,2.0,2.0,0
280300174_,17,2025-01-01,579.0,436.0,0.0,436.0,436.0,0
030300013_,18,2025-01-01,149.0,149.0,0.0,149.0,149.0,0
030200220_,19,2025-01-01,747.0,1188.0,0.0,1188.0,1188.0,0
030200219_,20,2025-01-01,5141.0,4894.0,0.0,4894.0,4894.0,0
030300078_,21,2025-01-01,1.0,1.0,0.0,1.0,1.0,0
030300014_,22,2025-01-01,,1568.0,0.0,1568.0,1568.0,0
030200193_,23,2025-01-01,16307.0,25400.0,0.0,25400.0,25400.0,0
030200192_,25,2025-01-01,53478.0,56345.0,0.0,56345.0,56345.0,0
030200201_,26,2025-01-01,20124.0,28710.0,0.0,28710.0,28710.0,0
300200428_,27,2025-01-01,610.0,622.0,0.0,622.0,622.0,0
300200413_,42,2025-01-01,10.0,5.0,0.0,5.0,5.0,0
010400436_,43,2025-01-01,69.0,69.0,0.0,69.0,69.0,0
010400432_,44,2025-01-01,15.0,13.0,0.0,13.0,13.0,0
010400440_,45,2025-01-01,28.0,20.0,0.0,20.0,20.0,0
010400444_,46,2025-01-01,105.0,98.0,0.0,98.0,98.0,0
010400447_,47,2025-01-01,48.0,27.0,0.0,27.0,27.0,0
010400433_,48,2025-01-01,30.0,37.0,0.0,37.0,37.0,0
010400437_,49,2025-01-01,36.0,42.0,0.0,42.0,42.0,0
010400441_,50,2025-01-01,52.0,48.0,0.0,48.0,48.0,0
010400445_,51,2025-01-01,27.0,23.0,0.0,23.0,23.0,0
010400448_,52,2025-01-01,15.0,15.0,0.0,15.0,15.0,0
300200784_,53,2025-01-01,4.0,64.0,0.0,64.0,64.0,0
300200785_,54,2025-01-01,2.0,62.0,0.0,62.0,62.0,0
300200786_,55,2025-01-01,,30.0,0.0,30.0,30.0,0
300200787_,56,2025-01-01,,60.0,0.0,60.0,60.0,0
300200788_,57,2025-01-01,,30.0,0.0,30.0,30.0,0
300200789_,58,2025-01-01,,10.0,0.0,10.0,10.0,0
300200790_,59,2025-01-01,,15.0,0.0,15.0,15.0,0
300200791_,60,2025-01-01,,10.0,0.0,10.0,10.0,0
300200792_,61,2025-01-01,,5.0,0.0,5.0,5.0,0
300200793_,62,2025-01-01,,30.0,0.0,30.0,30.0,0
300200794_,63,2025-01-01,1.0,11.0,0.0,11.0,11.0,0
300200795_,64,2025-01-01,3.0,63.0,0.0,63.0,63.0,0
300200796_,65,2025-01-01,,60.0,0.0,60.0,60.0,0
300200797_,66,2025-01-01,,40.0,0.0,40.0,40.0,0
300200798_,67,2025-01-01,,30.0,0.0,30.0,30.0,0
300200799_,68,2025-01-01,,20.0,0.0,20.0,20.0,0
300200800_,69,2025-01-01,,20.0,0.0,20.0,20.0,0
300200801_,70,2025-01-01,-20.0,10.0,0.0,10.0,10.0,0
300200802_,71,2025-01-01,,10.0,0.0,10.0,10.0,0
300200803_,72,2025-01-01,,10.0,0.0,10.0,10.0,0
300200804_,73,2025-01-01,1.0,11.0,0.0,11.0,11.0,0
300200805_,74,2025-01-01,,10.0,0.0,10.0,10.0,0
300200806_,75,2025-01-01,,10.0,0.0,10.0,10.0,0
300200807_,76,2025-01-01,,3.0,0.0,3.0,3.0,0
300200808_,77,2025-01-01,,3.0,0.0,3.0,3.0,0
300200809_,78,2025-01-01,,10.0,0.0,10.0,10.0,0
300200810_,79,2025-01-01,149.0,109.0,0.0,109.0,109.0,0
300200812_,81,2025-01-01,40.0,18.0,0.0,18.0,18.0,0
300200814_,83,2025-01-01,11.0,9.0,0.0,9.0,9.0,0
300200816_,85,2025-01-01,5.0,4.0,0.0,4.0,4.0,0
300200821_,90,2025-01-01,95.0,40.0,0.0,40.0,40.0,0
300200822_,91,2025-01-01,26.0,24.0,0.0,24.0,24.0,0
300200823_,92,2025-01-01,9.0,9.0,0.0,9.0,9.0,0
300200824_,93,2025-01-01,4.0,3.0,0.0,3.0,3.0,0
300200825_,94,2025-01-01,6.0,6.0,0.0,6.0,6.0,0
300200827_,96,2025-01-01,5.0,5.0,0.0,5.0,5.0,0
300200832_,101,2025-01-01,6.0,6.0,0.0,6.0,6.0,0
300200833_,102,2025-01-01,20.0,20.0,0.0,20.0,20.0,0
300200834_,103,2025-01-01,6.0,6.0,0.0,6.0,6.0,0
300200835_,104,2025-01-01,20.0,18.0,0.0,18.0,18.0,0
300200836_,105,2025-01-01,5.0,5.0,0.0,5.0,5.0,0
300200837_,106,2025-01-01,2.0,2.0,0.0,2.0,2.0,0
300200838_,107,2025-01-01,8.0,8.0,0.0,8.0,8.0,0
300200839_,108,2025-01-01,10.0,8.0,0.0,8.0,8.0,0
300200841_,110,2025-01-01,6.0,6.0,0.0,6.0,6.0,0
300200842_,111,2025-01-01,325.0,302.0,0.0,302.0,302.0,0
300200843_,112,2025-01-01,76.0,56.0,0.0,56.0,56.0,0
300200844_,113,2025-01-01,13.0,13.0,0.0,13.0,13.0,0
300200846_,115,2025-01-01,175.0,166.0,0.0,166.0,166.0,0
300200847_,116,2025-01-01,95.0,81.0,0.0,81.0,81.0,0
300200848_,117,2025-01-01,30.0,29.0,0.0,29.0,29.0,0
300200849_,118,2025-01-01,15.0,15.0,0.0,15.0,15.0,0
300200850_,119,2025-01-01,3.0,3.0,0.0,3.0,3.0,0
300200851_,120,2025-01-01,13.0,13.0,0.0,13.0,13.0,0
300200852_,121,2025-01-01,5.0,3.0,0.0,3.0,3.0,0
300200853_,122,2025-01-01,6.0,6.0,0.0,6.0,6.0,0
300200855_,124,2025-01-01,6.0,6.0,0.0,6.0,6.0,0
300200856_,125,2025-01-01,293.0,252.0,0.0,252.0,252.0,0
300200857_,126,2025-01-01,46.0,47.0,0.0,47.0,47.0,0
300200859_,128,2025-01-01,39.0,43.0,0.0,43.0,43.0,0
300200861_,130,2025-01-01,24.0,21.0,0.0,21.0,21.0,0
300200862_,131,2025-01-01,28.0,28.0,0.0,28.0,28.0,0
300200863_,132,2025-01-01,6.0,6.0,0.0,6.0,6.0,0
300200865_,134,2025-01-01,2.0,1.0,0.0,1.0,1.0,0
300200866_,135,2025-01-01,2.0,2.0,0.0,2.0,2.0,0
300200868_,137,2025-01-01,168.0,152.0,0.0,152.0,152.0,0
300200869_,138,2025-01-01,113.0,93.0,0.0,93.0,93.0,0
300200870_,139,2025-01-01,38.0,30.0,0.0,30.0,30.0,0
300200871_,140,2025-01-01,9.0,9.0,0.0,9.0,9.0,0
300200872_,141,2025-01-01,5.0,3.0,0.0,3.0,3.0,0
300200873_,142,2025-01-01,26.0,86.0,0.0,86.0,86.0,0
300200879_,148,2025-01-01,3.0,3.0,0.0,3.0,3.0,0
300200881_,150,2025-01-01,2.0,2.0,0.0,2.0,2.0,0
300200882_,151,2025-01-01,13.0,13.0,0.0,13.0,13.0,0
300200883_,152,2025-01-01,4.0,4.0,0.0,4.0,4.0,0
300200884_,153,2025-01-01,3.0,3.0,0.0,3.0,3.0,0
300200885_,154,2025-01-01,,20.0,0.0,20.0,20.0,0
300200887_,156,2025-01-01,35.0,35.0,0.0,35.0,35.0,0
300200888_,157,2025-01-01,10.0,10.0,0.0,10.0,10.0,0
300200890_,159,2025-01-01,2.0,1.0,0.0,1.0,1.0,0
300200892_,160,2025-01-01,3.0,3.0,0.0,3.0,3.0,0
300200893_,161,2025-01-01,4.0,4.0,0.0,4.0,4.0,0
300200894_,162,2025-01-01,5.0,5.0,0.0,5.0,5.0,0
300200898_,166,2025-01-01,25.0,10.0,0.0,10.0,10.0,0
300200899_,167,2025-01-01,10.0,8.0,0.0,8.0,8.0,0
300200900_,168,2025-01-01,6.0,4.0,0.0,4.0,4.0,0
300200901_,169,2025-01-01,1.0,1.0,0.0,1.0,1.0,0
300200902_,170,2025-01-01,3.0,2.0,0.0,2.0,2.0,0
300200903_,171,2025-01-01,6.0,6.0,0.0,6.0,6.0,0
300200910_,178,2025-01-01,185.0,131.0,0.0,131.0,131.0,0
300200912_,180,2025-01-01,13.0,9.0,0.0,9.0,9.0,0
300200914_,182,2025-01-01,39.0,27.0,0.0,27.0,27.0,0
300200916_,184,2025-01-01,6.0,6.0,0.0,6.0,6.0,0
300200917_,185,2025-01-01,14.0,9.0,0.0,9.0,9.0,0
300200918_,186,2025-01-01,3.0,3.0,0.0,3.0,3.0,0
300200920_,188,2025-01-01,1.0,1.0,0.0,1.0,1.0,0
300200921_,189,2025-01-01,81.0,47.0,0.0,47.0,47.0,0
300200922_,190,2025-01-01,74.0,60.0,0.0,60.0,60.0,0
300200923_,191,2025-01-01,20.0,14.0,0.0,14.0,14.0,0
300200924_,192,2025-01-01,3.0,1.0,0.0,1.0,1.0,0
300200926_,194,2025-01-01,31.0,33.0,0.0,33.0,33.0,0
300200928_,196,2025-01-01,10.0,2.0,0.0,2.0,2.0,0
300200932_,200,2025-01-01,15.0,15.0,0.0,15.0,15.0,0
300200933_,201,2025-01-01,243.0,243.0,0.0,243.0,243.0,0
300200934_,202,2025-01-01,30.0,30.0,0.0,30.0,30.0,0
300200935_,203,2025-01-01,16.0,16.0,0.0,16.0,16.0,0
300200936_,204,2025-01-01,1.0,1.0,0.0,1.0,1.0,0
300200937_,205,2025-01-01,18.0,18.0,0.0,18.0,18.0,0
300200938_,206,2025-01-01,21.0,21.0,0.0,21.0,21.0,0
300200939_,207,2025-01-01,1.0,1.0,0.0,1.0,1.0,0
300200941_,209,2025-01-01,3.0,3.0,0.0,3.0,3.0,0
300200942_,210,2025-01-01,116.0,116.0,0.0,116.0,116.0,0
300200944_,212,2025-01-01,3.0,3.0,0.0,3.0,3.0,0
300200945_,213,2025-01-01,68.0,68.0,0.0,68.0,68.0,0
300200946_,214,2025-01-01,89.0,89.0,0.0,89.0,89.0,0
300200947_,215,2025-01-01,41.0,41.0,0.0,41.0,41.0,0
300200948_,216,2025-01-01,17.0,17.0,0.0,17.0,17.0,0
300200949_,217,2025-01-01,2.0,2.0,0.0,2.0,2.0,0
300200950_,218,2025-01-01,3.0,3.0,0.0,3.0,3.0,0
300200952_,220,2025-01-01,4.0,4.0,0.0,4.0,4.0,0
300200953_,221,2025-01-01,10.0,10.0,0.0,10.0,10.0,0
300200954_,222,2025-01-01,18.0,18.0,0.0,18.0,18.0,0
300200371_,224,2025-01-01,6.0,6.0,0.0,6.0,6.0,0
300200420_,225,2025-01-01,3.0,2.0,0.0,2.0,2.0,0
300200375_,226,2025-01-01,10.0,5.0,0.0,5.0,5.0,0
300200422_,227,2025-01-01,,10.0,0.0,10.0,10.0,0
300200368_,229,2025-01-01,4.0,2.0,0.0,2.0,2.0,0
300200367_,230,2025-01-01,6.0,6.0,0.0,6.0,6.0,0
300200424_,232,2025-01-01,1.0,1.0,0.0,1.0,1.0,0
300200372_,233,2025-01-01,26.0,24.0,0.0,24.0,24.0,0
300200373_,234,2025-01-01,33.0,15.0,0.0,15.0,15.0,0
300200365_,236,2025-01-01,130.0,220.0,0.0,220.0,220.0,0
300200364_,237,2025-01-01,33.0,20.0,0.0,20.0,20.0,0
300200370_,239,2025-01-01,2.0,1.0,0.0,1.0,1.0,0
300200376_,242,2025-01-01,53.0,36.0,0.0,36.0,36.0,0
300200377_,243,2025-01-01,13.0,17.0,0.0,17.0,17.0,0
300200378_,244,2025-01-01,22.0,13.0,0.0,13.0,13.0,0
300200379_,245,2025-01-01,6.0,6.0,0.0,6.0,6.0,0
300200380_,246,2025-01-01,4.0,3.0,0.0,3.0,3.0,0
300200421_,247,2025-01-01,6.0,6.0,0.0,6.0,6.0,0
300200520_,249,2025-01-01,95.0,40.0,0.0,40.0,40.0,0
300200521_,250,2025-01-01,22.0,14.0,0.0,14.0,14.0,0
300200523_,252,2025-01-01,25.0,3.0,0.0,3.0,3.0,0
300200526_,255,2025-01-01,6.0,4.0,0.0,4.0,4.0,0
300200530_,258,2025-01-01,35.0,6.0,0.0,6.0,6.0,0
300200532_,260,2025-01-01,3.0,2.0,0.0,2.0,2.0,0
300200536_,264,2025-01-01,43.0,6.0,0.0,6.0,6.0,0
300200537_,265,2025-01-01,15.0,6.0,0.0,6.0,6.0,0
300200538_,266,2025-01-01,8.0,3.0,0.0,3.0,3.0,0
300200539_,267,2025-01-01,2.0,1.0,0.0,1.0,1.0,0
300200541_,269,2025-01-01,6.0,4.0,0.0,4.0,4.0,0
300200542_,270,2025-01-01,714.0,586.0,0.0,586.0,586.0,0
300200704_,272,2025-01-01,60.0,60.0,0.0,60.0,60.0,0
300200543_,273,2025-01-01,34.0,20.0,0.0,20.0,20.0,0
300200545_,275,2025-01-01,11.0,11.0,0.0,11.0,11.0,0
300200593_,276,2025-01-01,104.0,88.0,0.0,88.0,88.0,0
300200547_,278,2025-01-01,9.0,2.0,0.0,2.0,2.0,0
300200548_,279,2025-01-01,23.0,14.0,0.0,14.0,14.0,0
300200549_,280,2025-01-01,30.0,16.0,0.0,16.0,16.0,0
300200773_,283,2025-01-01,5.0,4.0,0.0,4.0,4.0,0
300200552_,284,2025-01-01,14.0,12.0,0.0,12.0,12.0,0
300200553_,285,2025-01-01,28.0,16.0,0.0,16.0,16.0,0
300200555_,287,2025-01-01,11.0,10.0,0.0,10.0,10.0,0
300200558_,290,2025-01-01,279.0,235.0,0.0,235.0,235.0,0
300200559_,291,2025-01-01,137.0,102.0,0.0,102.0,102.0,0
300200560_,292,2025-01-01,50.0,31.0,0.0,31.0,31.0,0
300200561_,293,2025-01-01,23.0,55.0,0.0,55.0,55.0,0
300200562_,294,2025-01-01,2.0,5.0,0.0,5.0,5.0,0
300200563_,295,2025-01-01,40.0,41.0,0.0,41.0,41.0,0
300200564_,296,2025-01-01,121.0,182.0,0.0,182.0,182.0,0
300200565_,297,2025-01-01,9.0,3.0,0.0,3.0,3.0,0
300200590_,298,2025-01-01,16.0,16.0,0.0,16.0,16.0,0
300200567_,300,2025-01-01,7.0,1.0,0.0,1.0,1.0,0
300200591_,301,2025-01-01,2.0,31.0,0.0,31.0,31.0,0
300200571_,305,2025-01-01,4.0,2.0,0.0,2.0,2.0,0
300200574_,308,2025-01-01,4.0,3.0,0.0,3.0,3.0,0
300200776_,312,2025-01-01,10.0,10.0,0.0,10.0,10.0,0
300200579_,314,2025-01-01,15.0,11.0,0.0,11.0,11.0,0
300200580_,315,2025-01-01,18.0,46.0,0.0,46.0,46.0,0
300200581_,316,2025-01-01,17.0,11.0,0.0,11.0,11.0,0
300200582_,317,2025-01-01,5.0,5.0,0.0,5.0,5.0,0
300200584_,319,2025-01-01,,10.0,0.0,10.0,10.0,0
300200343_,320,2025-01-01,2903.0,2731.0,0.0,2731.0,2731.0,0
020100163_,321,2025-01-01,124.0,112.0,0.0,112.0,112.0,0
300200459_,322,2025-01-01,79.0,54.0,0.0,54.0,54.0,0
020100158_,323,2025-01-01,448.0,406.0,0.0,406.0,406.0,0
300200460_,325,2025-01-01,90.0,100.0,0.0,100.0,100.0,0
020100160_,326,2025-01-01,299.0,259.0,0.0,259.0,259.0,0
020100161_,327,2025-01-01,13.0,5.0,0.0,5.0,5.0,0
300200461_,328,2025-01-01,31.0,20.0,0.0,20.0,20.0,0
300200472_,329,2025-01-01,179.0,161.0,0.0,161.0,161.0,0
300200462_,330,2025-01-01,177.0,153.0,0.0,153.0,153.0,0
020100162_,332,2025-01-01,33.0,28.0,0.0,28.0,28.0,0
300200772_,333,2025-01-01,72.0,65.0,0.0,65.0,65.0,0
300200468_,334,2025-01-01,13.0,96.0,0.0,96.0,96.0,0
300200515_,335,2025-01-01,155.0,127.0,0.0,127.0,127.0,0
300200518_,336,2025-01-01,9.0,9.0,0.0,9.0,9.0,0
300200516_,337,2025-01-01,64.0,12.0,0.0,12.0,12.0,0
300200471_,338,2025-01-01,19.0,13.0,0.0,13.0,13.0,0
300200463_,340,2025-01-01,1524.0,1244.0,0.0,1244.0,1244.0,0
300200464_,341,2025-01-01,691.0,654.0,0.0,654.0,654.0,0
300200465_,342,2025-01-01,362.0,305.0,0.0,305.0,305.0,0
300200466_,343,2025-01-01,89.0,62.0,0.0,62.0,62.0,0
300200467_,344,2025-01-01,33.0,35.0,0.0,35.0,35.0,0
300200519_,345,2025-01-01,95.0,86.0,0.0,86.0,86.0,0
300200775_,346,2025-01-01,4.0,4.0,0.0,4.0,4.0,0
300200779_,348,2025-01-01,19.0,4.0,0.0,4.0,4.0,0
300200782_,349,2025-01-01,9.0,4.0,0.0,4.0,4.0,0
030200030_,363,2025-01-01,66.0,2178.0,0.0,2178.0,2178.0,0
030200031_,364,2025-01-01,74.0,170.0,0.0,170.0,170.0,0
030200036_,365,2025-01-01,20.0,1160.0,0.0,1160.0,1160.0,0
030200038_,366,2025-01-01,22.0,22.0,0.0,22.0,22.0,0
030200037_,367,2025-01-01,170.0,2570.0,0.0,2570.0,2570.0,0
030200039_,368,2025-01-01,110.0,178.0,0.0,178.0,178.0,0
030200028_,369,2025-01-01,188.0,2203.0,0.0,2203.0,2203.0,0
030200029_,370,2025-01-01,12.0,12.0,0.0,12.0,12.0,0
030200032_,371,2025-01-01,32.0,368.0,0.0,368.0,368.0,0
030200034_,372,2025-01-01,77.0,471.0,0.0,471.0,471.0,0
030200239_,373,2025-01-01,227.0,3027.0,0.0,3027.0,3027.0,0
030200240_,374,2025-01-01,356.0,1448.0,0.0,1448.0,1448.0,0
030200379_,375,2025-01-01,1.0,1.0,0.0,1.0,1.0,0
030200176_,385,2025-01-01,2.0,2.0,0.0,2.0,2.0,0
030200247_,386,2025-01-01,8.0,5.0,0.0,5.0,5.0,0
030200243_,388,2025-01-01,7.0,5.0,0.0,5.0,5.0,0
030200244_,389,2025-01-01,2.0,2.0,0.0,2.0,2.0,0
030200248_,391,2025-01-01,1.0,1.0,0.0,1.0,1.0,0
030200256_,395,2025-01-01,20.0,20.0,0.0,20.0,20.0,0
030200258_,397,2025-01-01,2.0,2.0,0.0,2.0,2.0,0
030200250_,403,2025-01-01,16.0,16.0,0.0,16.0,16.0,0
030200251_,404,2025-01-01,11.0,7.0,0.0,7.0,7.0,0
300200331_,408,2025-01-01,1575.0,1544.0,0.0,1544.0,1544.0,0
300200296_,409,2025-01-01,298.0,277.0,0.0,277.0,277.0,0
300200283_,410,2025-01-01,11.0,31.0,0.0,31.0,31.0,0
300200302_,411,2025-01-01,229.0,237.0,0.0,237.0,237.0,0
300200333_,412,2025-01-01,922.0,837.0,0.0,837.0,837.0,0
300200288_,413,2025-01-01,51.0,49.0,0.0,49.0,49.0,0
300200284_,414,2025-01-01,77.0,70.0,0.0,70.0,70.0,0
300200293_,416,2025-01-01,342.0,437.0,0.0,437.0,437.0,0
300200289_,417,2025-01-01,245.0,312.0,0.0,312.0,312.0,0
300200291_,419,2025-01-01,15.0,9.0,0.0,9.0,9.0,0
300200297_,420,2025-01-01,740.0,997.0,0.0,997.0,997.0,0
300200298_,421,2025-01-01,663.0,1029.0,0.0,1029.0,1029.0,0
300200294_,423,2025-01-01,25.0,49.0,0.0,49.0,49.0,0
300200286_,424,2025-01-01,6557.0,6059.0,0.0,6059.0,6059.0,0
300200332_,425,2025-01-01,736.0,638.0,0.0,638.0,638.0,0
300200301_,426,2025-01-01,343.0,220.0,0.0,220.0,220.0,0
300200700_,428,2025-01-01,110.0,104.0,0.0,104.0,104.0,0
300200295_,429,2025-01-01,42.0,39.0,0.0,39.0,39.0,0
300200292_,430,2025-01-01,1.0,1.0,0.0,1.0,1.0,0
300200300_,431,2025-01-01,4.0,3.0,0.0,3.0,3.0,0
300200312_,432,2025-01-01,1.0,1.0,0.0,1.0,1.0,0
300200303_,433,2025-01-01,4019.0,3983.0,0.0,3983.0,3983.0,0
300200304_,434,2025-01-01,2083.0,2369.0,0.0,2369.0,2369.0,0
300200305_,435,2025-01-01,672.0,653.0,0.0,653.0,653.0,0
300200306_,436,2025-01-01,199.0,253.0,0.0,253.0,253.0,0
300200307_,437,2025-01-01,19.0,16.0,0.0,16.0,16.0,0
300200310_,438,2025-01-01,20.0,20.0,0.0,20.0,20.0,0
300200311_,439,2025-01-01,45.0,87.0,0.0,87.0,87.0,0
300200308_,440,2025-01-01,2.0,42.0,0.0,42.0,42.0,0
300200309_,441,2025-01-01,3.0,5.0,0.0,5.0,5.0,0
300200313_,442,2025-01-01,58.0,146.0,0.0,146.0,146.0,0
300200498_,443,2025-01-01,137.0,100.0,0.0,100.0,100.0,0
300200314_,445,2025-01-01,33.0,32.0,0.0,32.0,32.0,0
300200315_,447,2025-01-01,,160.0,0.0,160.0,160.0,0
300200771_,448,2025-01-01,34.0,41.0,0.0,41.0,41.0,0
300200316_,449,2025-01-01,21.0,586.0,0.0,586.0,586.0,0
300200959_,450,2025-01-01,13.0,7.0,0.0,7.0,7.0,0
300200317_,451,2025-01-01,26.0,206.0,0.0,206.0,206.0,0
300200496_,452,2025-01-01,17.0,17.0,0.0,17.0,17.0,0
300200346_,453,2025-01-01,128.0,128.0,0.0,128.0,128.0,0
300200318_,454,2025-01-01,78.0,99.0,0.0,99.0,99.0,0
300200347_,455,2025-01-01,,12.0,0.0,12.0,12.0,0
300200319_,456,2025-01-01,552.0,575.0,0.0,575.0,575.0,0
300200320_,457,2025-01-01,189.0,336.0,0.0,336.0,336.0,0
300200321_,458,2025-01-01,145.0,547.0,0.0,547.0,547.0,0
300200322_,459,2025-01-01,180.0,274.0,0.0,274.0,274.0,0
300200323_,460,2025-01-01,362.0,773.0,0.0,773.0,773.0,0
300200324_,461,2025-01-01,694.0,1490.0,0.0,1490.0,1490.0,0
300200325_,462,2025-01-01,32.0,104.0,0.0,104.0,104.0,0
300200326_,463,2025-01-01,328.0,526.0,0.0,526.0,526.0,0
300200327_,464,2025-01-01,29.0,195.0,0.0,195.0,195.0,0
300200328_,465,2025-01-01,252.0,643.0,0.0,643.0,643.0,0
300200330_,466,2025-01-01,2.0,2.0,0.0,2.0,2.0,0
300200350_,468,2025-01-01,19.0,19.0,0.0,19.0,19.0,0
300200430_,470,2025-01-01,32.0,27.0,0.0,27.0,27.0,0
300200588_,471,2025-01-01,133.0,132.0,0.0,132.0,132.0,0
300200443_,472,2025-01-01,1.0,1.0,0.0,1.0,1.0,0
300200432_,473,2025-01-01,23.0,18.0,0.0,18.0,18.0,0
300200433_,477,2025-01-01,15.0,12.0,0.0,12.0,12.0,0
300200439_,478,2025-01-01,12.0,12.0,0.0,12.0,12.0,0
300200451_,479,2025-01-01,1.0,1.0,0.0,1.0,1.0,0
300200436_,482,2025-01-01,26.0,38.0,0.0,38.0,38.0,0
300200431_,483,2025-01-01,14.0,10.0,0.0,10.0,10.0,0
300200452_,484,2025-01-01,,12.0,0.0,12.0,12.0,0
300200429_,486,2025-01-01,4.0,60.0,0.0,60.0,60.0,0
300200632_,487,2025-01-01,10.0,10.0,0.0,10.0,10.0,0
300200435_,490,2025-01-01,200.0,164.0,0.0,164.0,164.0,0
300200437_,491,2025-01-01,135.0,123.0,0.0,123.0,123.0,0
300200438_,492,2025-01-01,28.0,24.0,0.0,24.0,24.0,0
300200440_,493,2025-01-01,20.0,19.0,0.0,19.0,19.0,0
300200445_,494,2025-01-01,4.0,4.0,0.0,4.0,4.0,0
300200446_,495,2025-01-01,12.0,12.0,0.0,12.0,12.0,0
300200592_,497,2025-01-01,112.0,98.0,0.0,98.0,98.0,0
300200366_,498,2025-01-01,10.0,10.0,0.0,10.0,10.0,0
300200718_,502,2025-01-01,476.0,427.0,0.0,427.0,427.0,0
300200719_,503,2025-01-01,30.0,35.0,0.0,35.0,35.0,0
300200720_,504,2025-01-01,25.0,18.0,0.0,18.0,18.0,0
300200722_,506,2025-01-01,15.0,9.0,0.0,9.0,9.0,0
300200777_,507,2025-01-01,39.0,38.0,0.0,38.0,38.0,0
300200724_,509,2025-01-01,6.0,5.0,0.0,5.0,5.0,0
300200725_,510,2025-01-01,7.0,6.0,0.0,6.0,6.0,0
300200726_,511,2025-01-01,2.0,20.0,0.0,20.0,20.0,0
300200729_,514,2025-01-01,6.0,12.0,0.0,12.0,12.0,0
300200730_,515,2025-01-01,24.0,24.0,0.0,24.0,24.0,0
300200732_,517,2025-01-01,2.0,2.0,0.0,2.0,2.0,0
300200735_,521,2025-01-01,304.0,285.0,0.0,285.0,285.0,0
300200736_,522,2025-01-01,69.0,59.0,0.0,59.0,59.0,0
300200737_,523,2025-01-01,44.0,29.0,0.0,29.0,29.0,0
300200738_,524,2025-01-01,19.0,13.0,0.0,13.0,13.0,0
300200742_,525,2025-01-01,15.0,12.0,0.0,12.0,12.0,0
300200743_,527,2025-01-01,4.0,2.0,0.0,2.0,2.0,0
300200740_,528,2025-01-01,17.0,13.0,0.0,13.0,13.0,0
300200741_,529,2025-01-01,40.0,40.0,0.0,40.0,40.0,0
300200744_,530,2025-01-01,22.0,19.0,0.0,19.0,19.0,0
300200745_,531,2025-01-01,32.0,107.0,0.0,107.0,107.0,0
300200746_,532,2025-01-01,56.0,40.0,0.0,40.0,40.0,0
300200749_,535,2025-01-01,28.0,28.0,0.0,28.0,28.0,0
300200751_,537,2025-01-01,41.0,37.0,0.0,37.0,37.0,0
300200752_,538,2025-01-01,32.0,23.0,0.0,23.0,23.0,0
300200753_,539,2025-01-01,4.0,2.0,0.0,2.0,2.0,0
030200226_,543,2025-01-01,1325.0,1321.0,0.0,1321.0,1321.0,0
030200223_,544,2025-01-01,608.0,530.0,0.0,530.0,530.0,0
030200227_,545,2025-01-01,32.0,15.0,0.0,15.0,15.0,0
030200225_,546,2025-01-01,1536.0,1449.0,0.0,1449.0,1449.0,0
030200224_,547,2025-01-01,3263.0,4284.0,0.0,4284.0,4284.0,0
030200221_,548,2025-01-01,1929.0,3391.0,0.0,3391.0,3391.0,0
030200222_,549,2025-01-01,1166.0,2122.0,0.0,2122.0,2122.0,0
300200473_,550,2025-01-01,4.0,4.0,0.0,4.0,4.0,0
ATN000446,551,2025-01-01,3.0,1.0,0.0,1.0,1.0,0
ATN000389,552,2025-01-01,4.0,4.0,0.0,4.0,4.0,0
130300026_,553,2025-01-01,477.0,477.0,0.0,477.0,477.0,0
130300027_,554,2025-01-01,41.0,41.0,0.0,41.0,41.0,0
130300028_,555,2025-01-01,84.0,80.0,0.0,80.0,80.0,0
030200203_,556,2025-01-01,1052.0,1809.0,0.0,1809.0,1809.0,0
280300174_,17,2025-02-01,383.0,352.0,0.0,352.0,352.0,0
030300013_,18,2025-02-01,111.0,3459.0,0.0,3459.0,3459.0,0
030200220_,19,2025-02-01,1307.0,2547.0,0.0,2547.0,2547.0,0
030200219_,20,2025-02-01,3492.0,27825.0,0.0,27825.0,27825.0,0
030300014_,22,2025-02-01,34.0,9162.0,0.0,9162.0,9162.0,0
030200193_,23,2025-02-01,22560.0,39448.0,0.0,39448.0,39448.0,0
030200192_,25,2025-02-01,43751.0,172333.0,0.0,172333.0,172333.0,0
030200201_,26,2025-02-01,14561.0,29393.0,0.0,29393.0,29393.0,0
300200428_,27,2025-02-01,394.0,359.0,0.0,359.0,359.0,0
300200968_,40,2025-02-01,,24.0,0.0,24.0,24.0,0
300200967_,41,2025-02-01,,16.0,0.0,16.0,16.0,0
300200413_,42,2025-02-01,7.0,122.0,0.0,122.0,122.0,0
010400436_,43,2025-02-01,40.0,42.0,0.0,42.0,42.0,0
010400432_,44,2025-02-01,3.0,6.0,0.0,6.0,6.0,0
010400440_,45,2025-02-01,32.0,38.0,0.0,38.0,38.0,0
010400444_,46,2025-02-01,96.0,109.0,0.0,109.0,109.0,0
010400447_,47,2025-02-01,85.0,74.0,0.0,74.0,74.0,0
010400433_,48,2025-02-01,26.0,29.0,0.0,29.0,29.0,0
010400437_,49,2025-02-01,32.0,32.0,0.0,32.0,32.0,0
010400441_,50,2025-02-01,19.0,16.0,0.0,16.0,16.0,0
010400445_,51,2025-02-01,16.0,18.0,0.0,18.0,18.0,0
010400448_,52,2025-02-01,15.0,16.0,0.0,16.0,16.0,0
300200784_,53,2025-02-01,78.0,174.0,0.0,174.0,174.0,0
300200785_,54,2025-02-01,15.0,55.0,0.0,55.0,55.0,0
300200786_,55,2025-02-01,,10.0,0.0,10.0,10.0,0
300200787_,56,2025-02-01,14.0,54.0,0.0,54.0,54.0,0
300200788_,57,2025-02-01,,10.0,0.0,10.0,10.0,0
300200789_,58,2025-02-01,15.0,8.0,0.0,8.0,8.0,0
300200790_,59,2025-02-01,10.0,30.0,0.0,30.0,30.0,0
300200791_,60,2025-02-01,3.0,13.0,0.0,13.0,13.0,0
300200792_,61,2025-02-01,,3.0,0.0,3.0,3.0,0
300200793_,62,2025-02-01,,10.0,0.0,10.0,10.0,0
300200794_,63,2025-02-01,3.0,13.0,0.0,13.0,13.0,0
300200795_,64,2025-02-01,26.0,86.0,0.0,86.0,86.0,0
300200796_,65,2025-02-01,21.0,58.0,0.0,58.0,58.0,0
300200797_,66,2025-02-01,8.0,28.0,0.0,28.0,28.0,0
300200798_,67,2025-02-01,12.0,27.0,0.0,27.0,27.0,0
300200799_,68,2025-02-01,,10.0,0.0,10.0,10.0,0
300200800_,69,2025-02-01,7.0,27.0,0.0,27.0,27.0,0
300200801_,70,2025-02-01,,10.0,0.0,10.0,10.0,0
300200802_,71,2025-02-01,3.0,7.0,0.0,7.0,7.0,0
300200803_,72,2025-02-01,10.0,5.0,0.0,5.0,5.0,0
300200804_,73,2025-02-01,,5.0,0.0,5.0,5.0,0
300200805_,74,2025-02-01,,5.0,0.0,5.0,5.0,0
300200806_,75,2025-02-01,,5.0,0.0,5.0,5.0,0
300200807_,76,2025-02-01,,3.0,0.0,3.0,3.0,0
300200808_,77,2025-02-01,,3.0,0.0,3.0,3.0,0
300200809_,78,2025-02-01,,10.0,0.0,10.0,10.0,0
300200810_,79,2025-02-01,506.0,692.0,0.0,692.0,692.0,0
300200811_,80,2025-02-01,,40.0,0.0,40.0,40.0,0
300200812_,81,2025-02-01,78.0,132.0,0.0,132.0,132.0,0
300200813_,82,2025-02-01,2.0,22.0,0.0,22.0,22.0,0
300200814_,83,2025-02-01,89.0,123.0,0.0,123.0,123.0,0
300200815_,84,2025-02-01,2.0,12.0,0.0,12.0,12.0,0
300200816_,85,2025-02-01,19.0,66.0,0.0,66.0,66.0,0
300200817_,86,2025-02-01,28.0,54.0,0.0,54.0,54.0,0
300200818_,87,2025-02-01,8.0,21.0,0.0,21.0,21.0,0
300200819_,88,2025-02-01,,3.0,0.0,3.0,3.0,0
300200820_,89,2025-02-01,9.0,16.0,0.0,16.0,16.0,0
300200821_,90,2025-02-01,361.0,595.0,0.0,595.0,595.0,0
300200822_,91,2025-02-01,126.0,204.0,0.0,204.0,204.0,0
300200823_,92,2025-02-01,77.0,96.0,0.0,96.0,96.0,0
300200824_,93,2025-02-01,27.0,40.0,0.0,40.0,40.0,0
300200825_,94,2025-02-01,4.0,14.0,0.0,14.0,14.0,0
300200826_,95,2025-02-01,34.0,51.0,0.0,51.0,51.0,0
300200827_,96,2025-02-01,,5.0,0.0,5.0,5.0,0
300200828_,97,2025-02-01,7.0,10.0,0.0,10.0,10.0,0
300200829_,98,2025-02-01,,10.0,0.0,10.0,10.0,0
300200830_,99,2025-02-01,,3.0,0.0,3.0,3.0,0
300200832_,101,2025-02-01,20.0,25.0,0.0,25.0,25.0,0
300200833_,102,2025-02-01,39.0,115.0,0.0,115.0,115.0,0
300200835_,104,2025-02-01,52.0,97.0,0.0,97.0,97.0,0
300200836_,105,2025-02-01,,30.0,0.0,30.0,30.0,0
300200837_,106,2025-02-01,,3.0,0.0,3.0,3.0,0
300200838_,107,2025-02-01,21.0,28.0,0.0,28.0,28.0,0
300200839_,108,2025-02-01,20.0,33.0,0.0,33.0,33.0,0
300200840_,109,2025-02-01,3.0,18.0,0.0,18.0,18.0,0
300200841_,110,2025-02-01,2.0,5.0,0.0,5.0,5.0,0
300200842_,111,2025-02-01,236.0,495.0,0.0,495.0,495.0,0
300200843_,112,2025-02-01,10.0,85.0,0.0,85.0,85.0,0
300200844_,113,2025-02-01,12.0,24.0,0.0,24.0,24.0,0
300200845_,114,2025-02-01,3.0,18.0,0.0,18.0,18.0,0
300200846_,115,2025-02-01,108.0,341.0,0.0,341.0,341.0,0
300200847_,116,2025-02-01,62.0,141.0,0.0,141.0,141.0,0
300200848_,117,2025-02-01,14.0,62.0,0.0,62.0,62.0,0
300200849_,118,2025-02-01,17.0,42.0,0.0,42.0,42.0,0
300200850_,119,2025-02-01,,20.0,0.0,20.0,20.0,0
300200851_,120,2025-02-01,16.0,20.0,0.0,20.0,20.0,0
300200852_,121,2025-02-01,,10.0,0.0,10.0,10.0,0
300200853_,122,2025-02-01,2.0,12.0,0.0,12.0,12.0,0
300200854_,123,2025-02-01,5.0,14.0,0.0,14.0,14.0,0
300200855_,124,2025-02-01,3.0,6.0,0.0,6.0,6.0,0
300200856_,125,2025-02-01,690.0,909.0,0.0,909.0,909.0,0
300200857_,126,2025-02-01,75.0,144.0,0.0,144.0,144.0,0
300200858_,127,2025-02-01,27.0,32.0,0.0,32.0,32.0,0
300200859_,128,2025-02-01,95.0,151.0,0.0,151.0,151.0,0
300200860_,129,2025-02-01,11.0,31.0,0.0,31.0,31.0,0
300200861_,130,2025-02-01,38.0,30.0,0.0,30.0,30.0,0
300200862_,131,2025-02-01,48.0,63.0,0.0,63.0,63.0,0
300200863_,132,2025-02-01,23.0,28.0,0.0,28.0,28.0,0
300200864_,133,2025-02-01,,3.0,0.0,3.0,3.0,0
300200865_,134,2025-02-01,3.0,35.0,0.0,35.0,35.0,0
300200866_,135,2025-02-01,13.0,23.0,0.0,23.0,23.0,0
300200867_,136,2025-02-01,4.0,14.0,0.0,14.0,14.0,0
300200868_,137,2025-02-01,279.0,458.0,0.0,458.0,458.0,0
300200869_,138,2025-02-01,180.0,236.0,0.0,236.0,236.0,0
300200870_,139,2025-02-01,80.0,115.0,0.0,115.0,115.0,0
300200871_,140,2025-02-01,40.0,63.0,0.0,63.0,63.0,0
300200872_,141,2025-02-01,12.0,42.0,0.0,42.0,42.0,0
300200873_,142,2025-02-01,47.0,57.0,0.0,57.0,57.0,0
300200875_,144,2025-02-01,7.0,16.0,0.0,16.0,16.0,0
300200876_,145,2025-02-01,1.0,6.0,0.0,6.0,6.0,0
300200879_,148,2025-02-01,6.0,8.0,0.0,8.0,8.0,0
300200880_,149,2025-02-01,10.0,10.0,0.0,10.0,10.0,0
300200881_,150,2025-02-01,7.0,5.0,0.0,5.0,5.0,0
300200882_,151,2025-02-01,16.0,46.0,0.0,46.0,46.0,0
300200883_,152,2025-02-01,4.0,19.0,0.0,19.0,19.0,0
300200884_,153,2025-02-01,2.0,7.0,0.0,7.0,7.0,0
300200885_,154,2025-02-01,,5.0,0.0,5.0,5.0,0
300200886_,155,2025-02-01,,5.0,0.0,5.0,5.0,0
300200887_,156,2025-02-01,19.0,63.0,0.0,63.0,63.0,0
300200888_,157,2025-02-01,24.0,32.0,0.0,32.0,32.0,0
300200889_,158,2025-02-01,,5.0,0.0,5.0,5.0,0
300200890_,159,2025-02-01,4.0,16.0,0.0,16.0,16.0,0
300200892_,160,2025-02-01,,20.0,0.0,20.0,20.0,0
300200893_,161,2025-02-01,,10.0,0.0,10.0,10.0,0
300200894_,162,2025-02-01,,5.0,0.0,5.0,5.0,0
300200895_,163,2025-02-01,,3.0,0.0,3.0,3.0,0
300200896_,164,2025-02-01,21.0,20.0,0.0,20.0,20.0,0
300200897_,165,2025-02-01,,5.0,0.0,5.0,5.0,0
300200898_,166,2025-02-01,28.0,64.0,0.0,64.0,64.0,0
300200899_,167,2025-02-01,11.0,35.0,0.0,35.0,35.0,0
300200900_,168,2025-02-01,13.0,33.0,0.0,33.0,33.0,0
300200901_,169,2025-02-01,,15.0,0.0,15.0,15.0,0
300200902_,170,2025-02-01,1.0,5.0,0.0,5.0,5.0,0
300200903_,171,2025-02-01,,15.0,0.0,15.0,15.0,0
300200905_,173,2025-02-01,,5.0,0.0,5.0,5.0,0
300200907_,175,2025-02-01,,3.0,0.0,3.0,3.0,0
300200910_,178,2025-02-01,129.0,229.0,0.0,229.0,229.0,0
300200911_,179,2025-02-01,,10.0,0.0,10.0,10.0,0
300200912_,180,2025-02-01,16.0,56.0,0.0,56.0,56.0,0
300200913_,181,2025-02-01,,10.0,0.0,10.0,10.0,0
300200914_,182,2025-02-01,28.0,58.0,0.0,58.0,58.0,0
300200915_,183,2025-02-01,,20.0,0.0,20.0,20.0,0
300200916_,184,2025-02-01,,10.0,0.0,10.0,10.0,0
300200917_,185,2025-02-01,,10.0,0.0,10.0,10.0,0
300200918_,186,2025-02-01,,10.0,0.0,10.0,10.0,0
300200919_,187,2025-02-01,,3.0,0.0,3.0,3.0,0
300200920_,188,2025-02-01,14.0,19.0,0.0,19.0,19.0,0
300200921_,189,2025-02-01,73.0,193.0,0.0,193.0,193.0,0
300200922_,190,2025-02-01,4.0,44.0,0.0,44.0,44.0,0
300200923_,191,2025-02-01,31.0,51.0,0.0,51.0,51.0,0
300200924_,192,2025-02-01,4.0,14.0,0.0,14.0,14.0,0
300200925_,193,2025-02-01,,10.0,0.0,10.0,10.0,0
300200926_,194,2025-02-01,3.0,13.0,0.0,13.0,13.0,0
300200927_,195,2025-02-01,,5.0,0.0,5.0,5.0,0
300200928_,196,2025-02-01,,5.0,0.0,5.0,5.0,0
300200929_,197,2025-02-01,,5.0,0.0,5.0,5.0,0
300200930_,198,2025-02-01,2.0,5.0,0.0,5.0,5.0,0
300200931_,199,2025-02-01,,3.0,0.0,3.0,3.0,0
300200932_,200,2025-02-01,,10.0,0.0,10.0,10.0,0
300200933_,201,2025-02-01,219.0,207.0,0.0,207.0,207.0,0
300200934_,202,2025-02-01,17.0,44.0,0.0,44.0,44.0,0
300200935_,203,2025-02-01,3.0,10.0,0.0,10.0,10.0,0
300200936_,204,2025-02-01,37.0,47.0,0.0,47.0,47.0,0
300200937_,205,2025-02-01,10.0,15.0,0.0,15.0,15.0,0
300200938_,206,2025-02-01,11.0,27.0,0.0,27.0,27.0,0
300200939_,207,2025-02-01,,10.0,0.0,10.0,10.0,0
300200940_,208,2025-02-01,2.0,7.0,0.0,7.0,7.0,0
300200941_,209,2025-02-01,2.0,5.0,0.0,5.0,5.0,0
300200942_,210,2025-02-01,20.0,70.0,0.0,70.0,70.0,0
300200943_,211,2025-02-01,2.0,14.0,0.0,14.0,14.0,0
300200944_,212,2025-02-01,,5.0,0.0,5.0,5.0,0
300200945_,213,2025-02-01,86.0,117.0,0.0,117.0,117.0,0
300200946_,214,2025-02-01,56.0,67.0,0.0,67.0,67.0,0
300200947_,215,2025-02-01,25.0,36.0,0.0,36.0,36.0,0
300200948_,216,2025-02-01,9.0,14.0,0.0,14.0,14.0,0
300200949_,217,2025-02-01,1.0,11.0,0.0,11.0,11.0,0
300200950_,218,2025-02-01,6.0,16.0,0.0,16.0,16.0,0
300200953_,221,2025-02-01,,5.0,0.0,5.0,5.0,0
300200954_,222,2025-02-01,1.0,6.0,0.0,6.0,6.0,0
300200955_,223,2025-02-01,,3.0,0.0,3.0,3.0,0
300200371_,224,2025-02-01,8.0,8.0,0.0,8.0,8.0,0
300200375_,226,2025-02-01,32.0,32.0,0.0,32.0,32.0,0
300200363_,228,2025-02-01,2.0,2.0,0.0,2.0,2.0,0
300200368_,229,2025-02-01,10.0,10.0,0.0,10.0,10.0,0
300200367_,230,2025-02-01,8.0,8.0,0.0,8.0,8.0,0
300200372_,233,2025-02-01,20.0,20.0,0.0,20.0,20.0,0
300200373_,234,2025-02-01,25.0,27.0,0.0,27.0,27.0,0
300200365_,236,2025-02-01,424.0,544.0,0.0,544.0,544.0,0
300200364_,237,2025-02-01,7.0,187.0,0.0,187.0,187.0,0
300200370_,239,2025-02-01,1.0,1.0,0.0,1.0,1.0,0
300200425_,240,2025-02-01,,10.0,0.0,10.0,10.0,0
300200376_,242,2025-02-01,317.0,317.0,0.0,317.0,317.0,0
300200377_,243,2025-02-01,124.0,194.0,0.0,194.0,194.0,0
300200378_,244,2025-02-01,14.0,44.0,0.0,44.0,44.0,0
300200379_,245,2025-02-01,11.0,11.0,0.0,11.0,11.0,0
300200421_,247,2025-02-01,10.0,10.0,0.0,10.0,10.0,0
щщщ0116254,248,2025-02-01,1.0,1.0,0.0,1.0,1.0,0
300200520_,249,2025-02-01,135.0,105.0,0.0,105.0,105.0,0
300200521_,250,2025-02-01,12.0,7.0,0.0,7.0,7.0,0
300200523_,252,2025-02-01,9.0,6.0,0.0,6.0,6.0,0
300200527_,256,2025-02-01,4.0,9.0,0.0,9.0,9.0,0
300200530_,258,2025-02-01,18.0,17.0,0.0,17.0,17.0,0
300200531_,259,2025-02-01,1.0,1.0,0.0,1.0,1.0,0
300200536_,264,2025-02-01,71.0,47.0,0.0,47.0,47.0,0
300200537_,265,2025-02-01,15.0,2.0,0.0,2.0,2.0,0
300200538_,266,2025-02-01,5.0,4.0,0.0,4.0,4.0,0
300200539_,267,2025-02-01,3.0,2.0,0.0,2.0,2.0,0
300200542_,270,2025-02-01,744.0,834.0,0.0,834.0,834.0,0
300200624_,271,2025-02-01,16.0,16.0,0.0,16.0,16.0,0
300200704_,272,2025-02-01,101.0,95.0,0.0,95.0,95.0,0
300200543_,273,2025-02-01,78.0,40.0,0.0,40.0,40.0,0
300200544_,274,2025-02-01,8.0,8.0,0.0,8.0,8.0,0
300200545_,275,2025-02-01,29.0,18.0,0.0,18.0,18.0,0
300200593_,276,2025-02-01,90.0,109.0,0.0,109.0,109.0,0
300200547_,278,2025-02-01,11.0,12.0,0.0,12.0,12.0,0
300200548_,279,2025-02-01,32.0,43.0,0.0,43.0,43.0,0
300200549_,280,2025-02-01,60.0,67.0,0.0,67.0,67.0,0
300200551_,282,2025-02-01,6.0,16.0,0.0,16.0,16.0,0
300200773_,283,2025-02-01,4.0,5.0,0.0,5.0,5.0,0
300200552_,284,2025-02-01,52.0,21.0,0.0,21.0,21.0,0
300200553_,285,2025-02-01,71.0,64.0,0.0,64.0,64.0,0
300200554_,286,2025-02-01,3.0,3.0,0.0,3.0,3.0,0
300200555_,287,2025-02-01,2.0,22.0,0.0,22.0,22.0,0
300200556_,288,2025-02-01,9.0,9.0,0.0,9.0,9.0,0
300200558_,290,2025-02-01,458.0,479.0,0.0,479.0,479.0,0
300200559_,291,2025-02-01,190.0,192.0,0.0,192.0,192.0,0
300200560_,292,2025-02-01,95.0,88.0,0.0,88.0,88.0,0
300200561_,293,2025-02-01,27.0,58.0,0.0,58.0,58.0,0
300200562_,294,2025-02-01,,1.0,0.0,1.0,1.0,0
300200563_,295,2025-02-01,36.0,60.0,0.0,60.0,60.0,0
300200564_,296,2025-02-01,163.0,112.0,0.0,112.0,112.0,0
300200565_,297,2025-02-01,6.0,6.0,0.0,6.0,6.0,0
300200590_,298,2025-02-01,33.0,14.0,0.0,14.0,14.0,0
300200591_,301,2025-02-01,9.0,10.0,0.0,10.0,10.0,0
300200570_,304,2025-02-01,19.0,16.0,0.0,16.0,16.0,0
300200575_,309,2025-02-01,27.0,27.0,0.0,27.0,27.0,0
300200576_,311,2025-02-01,80.0,80.0,0.0,80.0,80.0,0
300200579_,314,2025-02-01,,1.0,0.0,1.0,1.0,0
300200580_,315,2025-02-01,9.0,9.0,0.0,9.0,9.0,0
300200581_,316,2025-02-01,39.0,35.0,0.0,35.0,35.0,0
300200343_,320,2025-02-01,2518.0,2678.0,0.0,2678.0,2678.0,0
020100163_,321,2025-02-01,137.0,132.0,0.0,132.0,132.0,0
300200459_,322,2025-02-01,168.0,207.0,0.0,207.0,207.0,0
020100158_,323,2025-02-01,417.0,526.0,0.0,526.0,526.0,0
020100159_,324,2025-02-01,150.0,120.0,0.0,120.0,120.0,0
300200460_,325,2025-02-01,130.0,150.0,0.0,150.0,150.0,0
020100160_,326,2025-02-01,244.0,278.0,0.0,278.0,278.0,0
020100161_,327,2025-02-01,30.0,35.0,0.0,35.0,35.0,0
300200461_,328,2025-02-01,35.0,39.0,0.0,39.0,39.0,0
300200472_,329,2025-02-01,175.0,175.0,0.0,175.0,175.0,0
300200462_,330,2025-02-01,124.0,122.0,0.0,122.0,122.0,0
020100162_,332,2025-02-01,42.0,38.0,0.0,38.0,38.0,0
300200772_,333,2025-02-01,24.0,24.0,0.0,24.0,24.0,0
300200468_,334,2025-02-01,67.0,66.0,0.0,66.0,66.0,0
300200515_,335,2025-02-01,185.0,176.0,0.0,176.0,176.0,0
300200518_,336,2025-02-01,56.0,56.0,0.0,56.0,56.0,0
300200516_,337,2025-02-01,54.0,53.0,0.0,53.0,53.0,0
300200471_,338,2025-02-01,16.0,11.0,0.0,11.0,11.0,0
300200470_,339,2025-02-01,10.0,10.0,0.0,10.0,10.0,0
300200463_,340,2025-02-01,1177.0,1351.0,0.0,1351.0,1351.0,0
300200464_,341,2025-02-01,684.0,659.0,0.0,659.0,659.0,0
300200465_,342,2025-02-01,305.0,354.0,0.0,354.0,354.0,0
300200466_,343,2025-02-01,118.0,89.0,0.0,89.0,89.0,0
300200467_,344,2025-02-01,23.0,26.0,0.0,26.0,26.0,0
300200519_,345,2025-02-01,127.0,128.0,0.0,128.0,128.0,0
300200781_,347,2025-02-01,1.0,1.0,0.0,1.0,1.0,0
300200779_,348,2025-02-01,38.0,31.0,0.0,31.0,31.0,0
300200782_,349,2025-02-01,8.0,4.0,0.0,4.0,4.0,0
300200783_,350,2025-02-01,3.0,3.0,0.0,3.0,3.0,0
030200030_,363,2025-02-01,83.0,83.0,0.0,83.0,83.0,0
030200031_,364,2025-02-01,49.0,49.0,0.0,49.0,49.0,0
030200036_,365,2025-02-01,10.0,124.0,0.0,124.0,124.0,0
030200038_,366,2025-02-01,131.0,130.0,0.0,130.0,130.0,0
030200037_,367,2025-02-01,50.0,210.0,0.0,210.0,210.0,0
030200039_,368,2025-02-01,164.0,1523.0,0.0,1523.0,1523.0,0
030200028_,369,2025-02-01,88.0,1432.0,0.0,1432.0,1432.0,0
030200029_,370,2025-02-01,,168.0,0.0,168.0,168.0,0
030200032_,371,2025-02-01,43.0,379.0,0.0,379.0,379.0,0
030200034_,372,2025-02-01,184.0,316.0,0.0,316.0,316.0,0
030200239_,373,2025-02-01,95.0,879.0,0.0,879.0,879.0,0
030200240_,374,2025-02-01,93.0,1605.0,0.0,1605.0,1605.0,0
030200191_,383,2025-02-01,2.0,2.0,0.0,2.0,2.0,0
030200176_,385,2025-02-01,2.0,14.0,0.0,14.0,14.0,0
030200243_,388,2025-02-01,1.0,1.0,0.0,1.0,1.0,0
030200256_,395,2025-02-01,5.0,1.0,0.0,1.0,1.0,0
030200258_,397,2025-02-01,1.0,1.0,0.0,1.0,1.0,0
300200331_,408,2025-02-01,1564.0,1750.0,0.0,1750.0,1750.0,0
300200296_,409,2025-02-01,572.0,1938.0,0.0,1938.0,1938.0,0
300200283_,410,2025-02-01,111.0,111.0,0.0,111.0,111.0,0
300200302_,411,2025-02-01,462.0,683.0,0.0,683.0,683.0,0
300200333_,412,2025-02-01,948.0,1040.0,0.0,1040.0,1040.0,0
300200288_,413,2025-02-01,114.0,112.0,0.0,112.0,112.0,0
300200284_,414,2025-02-01,117.0,188.0,0.0,188.0,188.0,0
300200767_,415,2025-02-01,1.0,1.0,0.0,1.0,1.0,0
300200293_,416,2025-02-01,372.0,407.0,0.0,407.0,407.0,0
300200289_,417,2025-02-01,356.0,382.0,0.0,382.0,382.0,0
300200291_,419,2025-02-01,53.0,72.0,0.0,72.0,72.0,0
300200297_,420,2025-02-01,539.0,748.0,0.0,748.0,748.0,0
300200298_,421,2025-02-01,996.0,1448.0,0.0,1448.0,1448.0,0
300200299_,422,2025-02-01,4.0,4.0,0.0,4.0,4.0,0
300200294_,423,2025-02-01,215.0,213.0,0.0,213.0,213.0,0
300200286_,424,2025-02-01,6663.0,8103.0,0.0,8103.0,8103.0,0
300200332_,425,2025-02-01,990.0,1222.0,0.0,1222.0,1222.0,0
300200301_,426,2025-02-01,657.0,1211.0,0.0,1211.0,1211.0,0
300200287_,427,2025-02-01,,15.0,0.0,15.0,15.0,0
300200700_,428,2025-02-01,158.0,218.0,0.0,218.0,218.0,0
300200295_,429,2025-02-01,202.0,238.0,0.0,238.0,238.0,0
300200292_,430,2025-02-01,52.0,52.0,0.0,52.0,52.0,0
300200300_,431,2025-02-01,5.0,5.0,0.0,5.0,5.0,0
300200303_,433,2025-02-01,4666.0,6161.0,0.0,6161.0,6161.0,0
300200304_,434,2025-02-01,1926.0,2118.0,0.0,2118.0,2118.0,0
300200305_,435,2025-02-01,695.0,708.0,0.0,708.0,708.0,0
300200306_,436,2025-02-01,355.0,385.0,0.0,385.0,385.0,0
300200307_,437,2025-02-01,49.0,80.0,0.0,80.0,80.0,0
300200311_,439,2025-02-01,53.0,53.0,0.0,53.0,53.0,0
300200308_,440,2025-02-01,18.0,19.0,0.0,19.0,19.0,0
300200309_,441,2025-02-01,7.0,5.0,0.0,5.0,5.0,0
300200313_,442,2025-02-01,63.0,813.0,0.0,813.0,813.0,0
300200498_,443,2025-02-01,115.0,150.0,0.0,150.0,150.0,0
300200314_,445,2025-02-01,39.0,349.0,0.0,349.0,349.0,0
ATN000109,446,2025-02-01,,4.0,0.0,4.0,4.0,0
300200315_,447,2025-02-01,,250.0,0.0,250.0,250.0,0
300200771_,448,2025-02-01,22.0,22.0,0.0,22.0,22.0,0
300200316_,449,2025-02-01,11.0,572.0,0.0,572.0,572.0,0
300200959_,450,2025-02-01,28.0,27.0,0.0,27.0,27.0,0
300200317_,451,2025-02-01,142.0,352.0,0.0,352.0,352.0,0
300200496_,452,2025-02-01,2.0,3.0,0.0,3.0,3.0,0
300200318_,454,2025-02-01,66.0,365.0,0.0,365.0,365.0,0
300200347_,455,2025-02-01,30.0,30.0,0.0,30.0,30.0,0
300200319_,456,2025-02-01,393.0,2473.0,0.0,2473.0,2473.0,0
300200320_,457,2025-02-01,57.0,786.0,0.0,786.0,786.0,0
300200321_,458,2025-02-01,13.0,211.0,0.0,211.0,211.0,0
300200322_,459,2025-02-01,63.0,2560.0,0.0,2560.0,2560.0,0
300200323_,460,2025-02-01,287.0,1077.0,0.0,1077.0,1077.0,0
300200324_,461,2025-02-01,921.0,2610.0,0.0,2610.0,2610.0,0
300200325_,462,2025-02-01,162.0,1150.0,0.0,1150.0,1150.0,0
300200326_,463,2025-02-01,423.0,801.0,0.0,801.0,801.0,0
300200327_,464,2025-02-01,69.0,747.0,0.0,747.0,747.0,0
300200328_,465,2025-02-01,259.0,451.0,0.0,451.0,451.0,0
300200330_,466,2025-02-01,3.0,3.0,0.0,3.0,3.0,0
300200348_,467,2025-02-01,8.0,8.0,0.0,8.0,8.0,0
300200350_,468,2025-02-01,5.0,5.0,0.0,5.0,5.0,0
300200430_,470,2025-02-01,15.0,18.0,0.0,18.0,18.0,0
300200588_,471,2025-02-01,32.0,40.0,0.0,40.0,40.0,0
300200443_,472,2025-02-01,20.0,20.0,0.0,20.0,20.0,0
300200432_,473,2025-02-01,27.0,21.0,0.0,21.0,21.0,0
300200449_,475,2025-02-01,15.0,15.0,0.0,15.0,15.0,0
300200433_,477,2025-02-01,51.0,30.0,0.0,30.0,30.0,0
300200439_,478,2025-02-01,9.0,9.0,0.0,9.0,9.0,0
300200436_,482,2025-02-01,61.0,102.0,0.0,102.0,102.0,0
300200431_,483,2025-02-01,14.0,8.0,0.0,8.0,8.0,0
300200434_,485,2025-02-01,8.0,8.0,0.0,8.0,8.0,0
300200429_,486,2025-02-01,,40.0,0.0,40.0,40.0,0
300200632_,487,2025-02-01,60.0,120.0,0.0,120.0,120.0,0
300200435_,490,2025-02-01,416.0,422.0,0.0,422.0,422.0,0
300200437_,491,2025-02-01,76.0,118.0,0.0,118.0,118.0,0
300200438_,492,2025-02-01,43.0,53.0,0.0,53.0,53.0,0
300200440_,493,2025-02-01,21.0,19.0,0.0,19.0,19.0,0
300200445_,494,2025-02-01,1.0,1.0,0.0,1.0,1.0,0
300200446_,495,2025-02-01,30.0,30.0,0.0,30.0,30.0,0
300200592_,497,2025-02-01,130.0,137.0,0.0,137.0,137.0,0
300200366_,498,2025-02-01,43.0,43.0,0.0,43.0,43.0,0
LNVA105011,499,2025-02-01,20.0,20.0,0.0,20.0,20.0,0
300200595_,500,2025-02-01,3.0,3.0,0.0,3.0,3.0,0
300200718_,502,2025-02-01,946.0,880.0,0.0,880.0,880.0,0
300200719_,503,2025-02-01,27.0,32.0,0.0,32.0,32.0,0
300200720_,504,2025-02-01,73.0,58.0,0.0,58.0,58.0,0
300200721_,505,2025-02-01,3.0,3.0,0.0,3.0,3.0,0
300200722_,506,2025-02-01,40.0,67.0,0.0,67.0,67.0,0
300200777_,507,2025-02-01,126.0,122.0,0.0,122.0,122.0,0
300200724_,509,2025-02-01,1.0,1.0,0.0,1.0,1.0,0
300200725_,510,2025-02-01,50.0,48.0,0.0,48.0,48.0,0
300200726_,511,2025-02-01,31.0,27.0,0.0,27.0,27.0,0
300200728_,513,2025-02-01,8.0,7.0,0.0,7.0,7.0,0
300200729_,514,2025-02-01,27.0,27.0,0.0,27.0,27.0,0
300200730_,515,2025-02-01,50.0,49.0,0.0,49.0,49.0,0
300200731_,516,2025-02-01,1.0,1.0,0.0,1.0,1.0,0
300200732_,517,2025-02-01,1.0,1.0,0.0,1.0,1.0,0
300200733_,519,2025-02-01,5.0,4.0,0.0,4.0,4.0,0
300200735_,521,2025-02-01,260.0,243.0,0.0,243.0,243.0,0
300200736_,522,2025-02-01,270.0,251.0,0.0,251.0,251.0,0
300200737_,523,2025-02-01,89.0,87.0,0.0,87.0,87.0,0
300200738_,524,2025-02-01,23.0,19.0,0.0,19.0,19.0,0
300200742_,525,2025-02-01,138.0,245.0,0.0,245.0,245.0,0
300200739_,526,2025-02-01,7.0,6.0,0.0,6.0,6.0,0
300200743_,527,2025-02-01,17.0,48.0,0.0,48.0,48.0,0
300200740_,528,2025-02-01,27.0,27.0,0.0,27.0,27.0,0
300200741_,529,2025-02-01,58.0,58.0,0.0,58.0,58.0,0
300200744_,530,2025-02-01,119.0,198.0,0.0,198.0,198.0,0
300200745_,531,2025-02-01,79.0,318.0,0.0,318.0,318.0,0
300200746_,532,2025-02-01,34.0,118.0,0.0,118.0,118.0,0
300200747_,533,2025-02-01,1.0,1.0,0.0,1.0,1.0,0
300200748_,534,2025-02-01,1.0,1.0,0.0,1.0,1.0,0
300200749_,535,2025-02-01,42.0,76.0,0.0,76.0,76.0,0
300200750_,536,2025-02-01,18.0,18.0,0.0,18.0,18.0,0
300200751_,537,2025-02-01,67.0,150.0,0.0,150.0,150.0,0
300200752_,538,2025-02-01,84.0,109.0,0.0,109.0,109.0,0
300200753_,539,2025-02-01,2.0,1.0,0.0,1.0,1.0,0
300200754_,540,2025-02-01,1.0,1.0,0.0,1.0,1.0,0
300200755_,541,2025-02-01,9.0,7.0,0.0,7.0,7.0,0
030200226_,543,2025-02-01,231.0,519.0,0.0,519.0,519.0,0
030200223_,544,2025-02-01,1248.0,2514.0,0.0,2514.0,2514.0,0
030200227_,545,2025-02-01,115.0,97.0,0.0,97.0,97.0,0
030200225_,546,2025-02-01,1463.0,3900.0,0.0,3900.0,3900.0,0
030200224_,547,2025-02-01,4090.0,6363.0,0.0,6363.0,6363.0,0
030200221_,548,2025-02-01,2137.0,3008.0,0.0,3008.0,3008.0,0
030200222_,549,2025-02-01,835.0,873.0,0.0,873.0,873.0,0
ATN000446,551,2025-02-01,6.0,6.0,0.0,6.0,6.0,0
130300026_,553,2025-02-01,147.0,565.0,0.0,565.0,565.0,0
130300027_,554,2025-02-01,1245.0,3485.0,0.0,3485.0,3485.0,0
130300028_,555,2025-02-01,295.0,1695.0,0.0,1695.0,1695.0,0
030200203_,556,2025-02-01,1387.0,2943.0,0.0,2943.0,2943.0,0
280300174_,17,2025-03-01,944.0,1610.0,0.0,1610.0,1610.0,0
030300013_,18,2025-03-01,108.0,6588.0,0.0,6588.0,6588.0,0
030200220_,19,2025-03-01,906.0,3038.0,0.0,3038.0,3038.0,0
030200219_,20,2025-03-01,3656.0,14537.0,0.0,14537.0,14537.0,0
030300078_,21,2025-03-01,10.0,10.0,0.0,10.0,10.0,0
030300014_,22,2025-03-01,1814.0,10668.0,0.0,10668.0,10668.0,0
030200193_,23,2025-03-01,21882.0,50509.0,0.0,50509.0,50509.0,0
030200192_,25,2025-03-01,54311.0,121735.0,0.0,121735.0,121735.0,0
030200201_,26,2025-03-01,15620.0,58857.0,0.0,58857.0,58857.0,0
300200428_,27,2025-03-01,444.0,528.0,0.0,528.0,528.0,0
300200413_,42,2025-03-01,12.0,7.0,0.0,7.0,7.0,0
010400436_,43,2025-03-01,25.0,34.0,0.0,34.0,34.0,0
010400432_,44,2025-03-01,10.0,13.0,0.0,13.0,13.0,0
010400440_,45,2025-03-01,40.0,49.0,0.0,49.0,49.0,0
010400444_,46,2025-03-01,99.0,156.0,0.0,156.0,156.0,0
010400447_,47,2025-03-01,73.0,65.0,0.0,65.0,65.0,0
010400433_,48,2025-03-01,2.0,2.0,0.0,2.0,2.0,0
010400437_,49,2025-03-01,21.0,22.0,0.0,22.0,22.0,0
010400441_,50,2025-03-01,16.0,15.0,0.0,15.0,15.0,0
010400445_,51,2025-03-01,23.0,34.0,0.0,34.0,34.0,0
010400448_,52,2025-03-01,18.0,18.0,0.0,18.0,18.0,0
300200787_,56,2025-03-01,1.0,1.0,0.0,1.0,1.0,0
300200789_,58,2025-03-01,-1.0,15.0,0.0,15.0,15.0,0
300200797_,66,2025-03-01,1.0,1.0,0.0,1.0,1.0,0
300200801_,70,2025-03-01,1.0,1.0,0.0,1.0,1.0,0
300200803_,72,2025-03-01,-1.0,10.0,0.0,10.0,10.0,0
300200810_,79,2025-03-01,380.0,322.0,0.0,322.0,322.0,0
300200811_,80,2025-03-01,2.0,2.0,0.0,2.0,2.0,0
300200812_,81,2025-03-01,104.0,103.0,0.0,103.0,103.0,0
300200814_,83,2025-03-01,56.0,64.0,0.0,64.0,64.0,0
300200816_,85,2025-03-01,-3.0,3.0,0.0,3.0,3.0,0
300200817_,86,2025-03-01,40.0,32.0,0.0,32.0,32.0,0
300200818_,87,2025-03-01,,2.0,0.0,2.0,2.0,0
300200819_,88,2025-03-01,7.0,7.0,0.0,7.0,7.0,0
300200820_,89,2025-03-01,4.0,4.0,0.0,4.0,4.0,0
300200821_,90,2025-03-01,238.0,259.0,0.0,259.0,259.0,0
300200822_,91,2025-03-01,90.0,87.0,0.0,87.0,87.0,0
300200823_,92,2025-03-01,20.0,34.0,0.0,34.0,34.0,0
300200824_,93,2025-03-01,14.0,10.0,0.0,10.0,10.0,0
300200825_,94,2025-03-01,-7.0,3.0,0.0,3.0,3.0,0
300200826_,95,2025-03-01,8.0,20.0,0.0,20.0,20.0,0
300200827_,96,2025-03-01,5.0,3.0,0.0,3.0,3.0,0
300200828_,97,2025-03-01,5.0,5.0,0.0,5.0,5.0,0
300200832_,101,2025-03-01,7.0,7.0,0.0,7.0,7.0,0
300200833_,102,2025-03-01,,28.0,0.0,28.0,28.0,0
300200834_,103,2025-03-01,1.0,31.0,0.0,31.0,31.0,0
300200835_,104,2025-03-01,-1.0,21.0,0.0,21.0,21.0,0
300200838_,107,2025-03-01,-7.0,4.0,0.0,4.0,4.0,0
300200839_,108,2025-03-01,-4.0,8.0,0.0,8.0,8.0,0
300200842_,111,2025-03-01,167.0,163.0,0.0,163.0,163.0,0
300200843_,112,2025-03-01,2.0,2.0,0.0,2.0,2.0,0
300200844_,113,2025-03-01,10.0,10.0,0.0,10.0,10.0,0
300200846_,115,2025-03-01,96.0,83.0,0.0,83.0,83.0,0
300200847_,116,2025-03-01,-21.0,23.0,0.0,23.0,23.0,0
300200848_,117,2025-03-01,-7.0,16.0,0.0,16.0,16.0,0
300200849_,118,2025-03-01,-2.0,5.0,0.0,5.0,5.0,0
300200850_,119,2025-03-01,-9.0,1.0,0.0,1.0,1.0,0
300200851_,120,2025-03-01,6.0,7.0,0.0,7.0,7.0,0
300200856_,125,2025-03-01,1011.0,901.0,0.0,901.0,901.0,0
300200857_,126,2025-03-01,72.0,60.0,0.0,60.0,60.0,0
300200858_,127,2025-03-01,20.0,10.0,0.0,10.0,10.0,0
300200859_,128,2025-03-01,59.0,49.0,0.0,49.0,49.0,0
300200861_,130,2025-03-01,28.0,20.0,0.0,20.0,20.0,0
300200862_,131,2025-03-01,31.0,26.0,0.0,26.0,26.0,0
300200863_,132,2025-03-01,-3.0,1.0,0.0,1.0,1.0,0
300200864_,133,2025-03-01,1.0,1.0,0.0,1.0,1.0,0
300200866_,135,2025-03-01,26.0,18.0,0.0,18.0,18.0,0
300200867_,136,2025-03-01,7.0,2.0,0.0,2.0,2.0,0
300200868_,137,2025-03-01,220.0,140.0,0.0,140.0,140.0,0
300200869_,138,2025-03-01,138.0,125.0,0.0,125.0,125.0,0
300200870_,139,2025-03-01,54.0,37.0,0.0,37.0,37.0,0
300200871_,140,2025-03-01,13.0,14.0,0.0,14.0,14.0,0
300200872_,141,2025-03-01,-8.0,2.0,0.0,2.0,2.0,0
300200873_,142,2025-03-01,13.0,13.0,0.0,13.0,13.0,0
300200875_,144,2025-03-01,6.0,5.0,0.0,5.0,5.0,0
300200879_,148,2025-03-01,2.0,2.0,0.0,2.0,2.0,0
300200882_,151,2025-03-01,4.0,4.0,0.0,4.0,4.0,0
300200887_,156,2025-03-01,10.0,7.0,0.0,7.0,7.0,0
300200888_,157,2025-03-01,1.0,1.0,0.0,1.0,1.0,0
300200899_,167,2025-03-01,-1.0,1.0,0.0,1.0,1.0,0
300200909_,177,2025-03-01,,15.0,0.0,15.0,15.0,0
300200910_,178,2025-03-01,187.0,172.0,0.0,172.0,172.0,0
300200911_,179,2025-03-01,1.0,11.0,0.0,11.0,11.0,0
300200912_,180,2025-03-01,37.0,47.0,0.0,47.0,47.0,0
300200913_,181,2025-03-01,1.0,1.0,0.0,1.0,1.0,0
300200914_,182,2025-03-01,16.0,26.0,0.0,26.0,26.0,0
300200916_,184,2025-03-01,1.0,11.0,0.0,11.0,11.0,0
300200917_,185,2025-03-01,11.0,21.0,0.0,21.0,21.0,0
300200920_,188,2025-03-01,,10.0,0.0,10.0,10.0,0
300200921_,189,2025-03-01,63.0,103.0,0.0,103.0,103.0,0
300200922_,190,2025-03-01,53.0,63.0,0.0,63.0,63.0,0
300200923_,191,2025-03-01,16.0,36.0,0.0,36.0,36.0,0
300200924_,192,2025-03-01,5.0,5.0,0.0,5.0,5.0,0
300200926_,194,2025-03-01,11.0,11.0,0.0,11.0,11.0,0
300200928_,196,2025-03-01,2.0,2.0,0.0,2.0,2.0,0
300200933_,201,2025-03-01,254.0,225.0,0.0,225.0,225.0,0
300200934_,202,2025-03-01,49.0,41.0,0.0,41.0,41.0,0
300200936_,204,2025-03-01,77.0,63.0,0.0,63.0,63.0,0
300200938_,206,2025-03-01,4.0,4.0,0.0,4.0,4.0,0
300200939_,207,2025-03-01,20.0,20.0,0.0,20.0,20.0,0
300200940_,208,2025-03-01,6.0,6.0,0.0,6.0,6.0,0
300200945_,213,2025-03-01,113.0,99.0,0.0,99.0,99.0,0
300200946_,214,2025-03-01,71.0,59.0,0.0,59.0,59.0,0
300200947_,215,2025-03-01,42.0,39.0,0.0,39.0,39.0,0
300200948_,216,2025-03-01,10.0,8.0,0.0,8.0,8.0,0
300200949_,217,2025-03-01,1.0,1.0,0.0,1.0,1.0,0
300200950_,218,2025-03-01,9.0,9.0,0.0,9.0,9.0,0
300200951_,219,2025-03-01,3.0,3.0,0.0,3.0,3.0,0
300200371_,224,2025-03-01,27.0,33.0,0.0,33.0,33.0,0
300200375_,226,2025-03-01,108.0,87.0,0.0,87.0,87.0,0
300200363_,228,2025-03-01,12.0,4.0,0.0,4.0,4.0,0
300200368_,229,2025-03-01,23.0,13.0,0.0,13.0,13.0,0
300200367_,230,2025-03-01,24.0,20.0,0.0,20.0,20.0,0
300200424_,232,2025-03-01,,5.0,0.0,5.0,5.0,0
300200372_,233,2025-03-01,3.0,45.0,0.0,45.0,45.0,0
300200373_,234,2025-03-01,64.0,52.0,0.0,52.0,52.0,0
300200365_,236,2025-03-01,654.0,305.0,0.0,305.0,305.0,0
300200364_,237,2025-03-01,32.0,32.0,0.0,32.0,32.0,0
300200370_,239,2025-03-01,5.0,10.0,0.0,10.0,10.0,0
300200425_,240,2025-03-01,,10.0,0.0,10.0,10.0,0
300200419_,241,2025-03-01,1.0,1.0,0.0,1.0,1.0,0
300200376_,242,2025-03-01,277.0,175.0,0.0,175.0,175.0,0
300200377_,243,2025-03-01,241.0,141.0,0.0,141.0,141.0,0
300200378_,244,2025-03-01,40.0,52.0,0.0,52.0,52.0,0
300200379_,245,2025-03-01,21.0,26.0,0.0,26.0,26.0,0
300200380_,246,2025-03-01,13.0,1.0,0.0,1.0,1.0,0
300200421_,247,2025-03-01,15.0,12.0,0.0,12.0,12.0,0
300200520_,249,2025-03-01,30.0,40.0,0.0,40.0,40.0,0
300200521_,250,2025-03-01,11.0,16.0,0.0,16.0,16.0,0
300200523_,252,2025-03-01,5.0,5.0,0.0,5.0,5.0,0
300200530_,258,2025-03-01,,12.0,0.0,12.0,12.0,0
300200536_,264,2025-03-01,65.0,65.0,0.0,65.0,65.0,0
300200537_,265,2025-03-01,42.0,52.0,0.0,52.0,52.0,0
300200538_,266,2025-03-01,15.0,15.0,0.0,15.0,15.0,0
300200539_,267,2025-03-01,12.0,12.0,0.0,12.0,12.0,0
300200540_,268,2025-03-01,11.0,11.0,0.0,11.0,11.0,0
300200542_,270,2025-03-01,820.0,878.0,0.0,878.0,878.0,0
300200624_,271,2025-03-01,4.0,4.0,0.0,4.0,4.0,0
300200704_,272,2025-03-01,2.0,2.0,0.0,2.0,2.0,0
300200543_,273,2025-03-01,78.0,59.0,0.0,59.0,59.0,0
300200545_,275,2025-03-01,36.0,47.0,0.0,47.0,47.0,0
300200593_,276,2025-03-01,98.0,90.0,0.0,90.0,90.0,0
300200547_,278,2025-03-01,15.0,15.0,0.0,15.0,15.0,0
300200548_,279,2025-03-01,42.0,54.0,0.0,54.0,54.0,0
300200549_,280,2025-03-01,34.0,28.0,0.0,28.0,28.0,0
300200551_,282,2025-03-01,6.0,16.0,0.0,16.0,16.0,0
300200773_,283,2025-03-01,12.0,22.0,0.0,22.0,22.0,0
300200552_,284,2025-03-01,8.0,8.0,0.0,8.0,8.0,0
300200553_,285,2025-03-01,55.0,28.0,0.0,28.0,28.0,0
300200554_,286,2025-03-01,8.0,8.0,0.0,8.0,8.0,0
300200555_,287,2025-03-01,6.0,83.0,0.0,83.0,83.0,0
300200556_,288,2025-03-01,2.0,2.0,0.0,2.0,2.0,0
300200558_,290,2025-03-01,483.0,534.0,0.0,534.0,534.0,0
300200559_,291,2025-03-01,212.0,266.0,0.0,266.0,266.0,0
300200560_,292,2025-03-01,84.0,85.0,0.0,85.0,85.0,0
300200561_,293,2025-03-01,38.0,53.0,0.0,53.0,53.0,0
300200562_,294,2025-03-01,7.0,11.0,0.0,11.0,11.0,0
300200563_,295,2025-03-01,51.0,59.0,0.0,59.0,59.0,0
300200564_,296,2025-03-01,113.0,55.0,0.0,55.0,55.0,0
300200565_,297,2025-03-01,14.0,5.0,0.0,5.0,5.0,0
300200591_,301,2025-03-01,2.0,2.0,0.0,2.0,2.0,0
300200570_,304,2025-03-01,11.0,10.0,0.0,10.0,10.0,0
300200571_,305,2025-03-01,,20.0,0.0,20.0,20.0,0
300200573_,307,2025-03-01,,10.0,0.0,10.0,10.0,0
300200574_,308,2025-03-01,2.0,2.0,0.0,2.0,2.0,0
300200575_,309,2025-03-01,4.0,4.0,0.0,4.0,4.0,0
300200576_,311,2025-03-01,2.0,2.0,0.0,2.0,2.0,0
300200579_,314,2025-03-01,84.0,55.0,0.0,55.0,55.0,0
300200580_,315,2025-03-01,30.0,13.0,0.0,13.0,13.0,0
300200581_,316,2025-03-01,3.0,11.0,0.0,11.0,11.0,0
300200343_,320,2025-03-01,2730.0,3782.0,0.0,3782.0,3782.0,0
020100163_,321,2025-03-01,68.0,78.0,0.0,78.0,78.0,0
300200459_,322,2025-03-01,81.0,347.0,0.0,347.0,347.0,0
020100158_,323,2025-03-01,491.0,560.0,0.0,560.0,560.0,0
020100159_,324,2025-03-01,11.0,11.0,0.0,11.0,11.0,0
300200460_,325,2025-03-01,52.0,184.0,0.0,184.0,184.0,0
020100160_,326,2025-03-01,278.0,313.0,0.0,313.0,313.0,0
020100161_,327,2025-03-01,5.0,10.0,0.0,10.0,10.0,0
300200461_,328,2025-03-01,40.0,49.0,0.0,49.0,49.0,0
300200472_,329,2025-03-01,79.0,138.0,0.0,138.0,138.0,0
300200462_,330,2025-03-01,135.0,173.0,0.0,173.0,173.0,0
020100162_,332,2025-03-01,18.0,14.0,0.0,14.0,14.0,0
300200772_,333,2025-03-01,9.0,11.0,0.0,11.0,11.0,0
300200468_,334,2025-03-01,,270.0,0.0,270.0,270.0,0
300200515_,335,2025-03-01,69.0,214.0,0.0,214.0,214.0,0
300200518_,336,2025-03-01,67.0,80.0,0.0,80.0,80.0,0
300200516_,337,2025-03-01,67.0,196.0,0.0,196.0,196.0,0
300200471_,338,2025-03-01,7.0,9.0,0.0,9.0,9.0,0
300200470_,339,2025-03-01,,30.0,0.0,30.0,30.0,0
300200463_,340,2025-03-01,1311.0,1494.0,0.0,1494.0,1494.0,0
300200464_,341,2025-03-01,567.0,1053.0,0.0,1053.0,1053.0,0
300200465_,342,2025-03-01,307.0,408.0,0.0,408.0,408.0,0
300200466_,343,2025-03-01,120.0,120.0,0.0,120.0,120.0,0
300200467_,344,2025-03-01,41.0,39.0,0.0,39.0,39.0,0
300200519_,345,2025-03-01,196.0,242.0,0.0,242.0,242.0,0
300200775_,346,2025-03-01,19.0,1.0,0.0,1.0,1.0,0
300200779_,348,2025-03-01,32.0,30.0,0.0,30.0,30.0,0
300200782_,349,2025-03-01,,10.0,0.0,10.0,10.0,0
300200783_,350,2025-03-01,2.0,5.0,0.0,5.0,5.0,0
030200030_,363,2025-03-01,,3937.0,0.0,3937.0,3937.0,0
030200031_,364,2025-03-01,,2133.0,0.0,2133.0,2133.0,0
030200036_,365,2025-03-01,20.0,1823.0,0.0,1823.0,1823.0,0
030200038_,366,2025-03-01,30.0,30.0,0.0,30.0,30.0,0
030200037_,367,2025-03-01,150.0,6430.0,0.0,6430.0,6430.0,0
030200039_,368,2025-03-01,,4403.0,0.0,4403.0,4403.0,0
030200028_,369,2025-03-01,51.0,723.0,0.0,723.0,723.0,0
030200029_,370,2025-03-01,15.0,15.0,0.0,15.0,15.0,0
030200032_,371,2025-03-01,84.0,84.0,0.0,84.0,84.0,0
030200034_,372,2025-03-01,111.0,111.0,0.0,111.0,111.0,0
030200239_,373,2025-03-01,,6237.0,0.0,6237.0,6237.0,0
030200240_,374,2025-03-01,15.0,2897.0,0.0,2897.0,2897.0,0
030200183_,382,2025-03-01,5.0,5.0,0.0,5.0,5.0,0
030200176_,385,2025-03-01,13.0,13.0,0.0,13.0,13.0,0
030200247_,386,2025-03-01,41.0,41.0,0.0,41.0,41.0,0
030200243_,388,2025-03-01,5.0,5.0,0.0,5.0,5.0,0
030200260_,394,2025-03-01,12.0,12.0,0.0,12.0,12.0,0
030200256_,395,2025-03-01,23.0,23.0,0.0,23.0,23.0,0
030200257_,396,2025-03-01,40.0,40.0,0.0,40.0,40.0,0
030200263_,398,2025-03-01,2.0,2.0,0.0,2.0,2.0,0
030200262_,399,2025-03-01,2.0,2.0,0.0,2.0,2.0,0
030200250_,403,2025-03-01,4.0,4.0,0.0,4.0,4.0,0
030200251_,404,2025-03-01,4.0,4.0,0.0,4.0,4.0,0
030200253_,406,2025-03-01,1.0,1.0,0.0,1.0,1.0,0
030200254_,407,2025-03-01,3.0,3.0,0.0,3.0,3.0,0
300200331_,408,2025-03-01,1184.0,1183.0,0.0,1183.0,1183.0,0
300200296_,409,2025-03-01,414.0,647.0,0.0,647.0,647.0,0
300200283_,410,2025-03-01,70.0,73.0,0.0,73.0,73.0,0
300200302_,411,2025-03-01,218.0,178.0,0.0,178.0,178.0,0
300200333_,412,2025-03-01,610.0,604.0,0.0,604.0,604.0,0
300200288_,413,2025-03-01,22.0,42.0,0.0,42.0,42.0,0
300200284_,414,2025-03-01,139.0,168.0,0.0,168.0,168.0,0
300200767_,415,2025-03-01,1.0,1.0,0.0,1.0,1.0,0
300200293_,416,2025-03-01,211.0,214.0,0.0,214.0,214.0,0
300200289_,417,2025-03-01,223.0,229.0,0.0,229.0,229.0,0
300200290_,418,2025-03-01,10.0,10.0,0.0,10.0,10.0,0
300200291_,419,2025-03-01,22.0,20.0,0.0,20.0,20.0,0
300200297_,420,2025-03-01,693.0,728.0,0.0,728.0,728.0,0
300200298_,421,2025-03-01,515.0,784.0,0.0,784.0,784.0,0
300200294_,423,2025-03-01,55.0,135.0,0.0,135.0,135.0,0
300200286_,424,2025-03-01,5776.0,6125.0,0.0,6125.0,6125.0,0
300200332_,425,2025-03-01,865.0,1015.0,0.0,1015.0,1015.0,0
300200301_,426,2025-03-01,387.0,413.0,0.0,413.0,413.0,0
300200287_,427,2025-03-01,38.0,38.0,0.0,38.0,38.0,0
300200700_,428,2025-03-01,175.0,190.0,0.0,190.0,190.0,0
300200295_,429,2025-03-01,36.0,33.0,0.0,33.0,33.0,0
300200292_,430,2025-03-01,2.0,2.0,0.0,2.0,2.0,0
300200312_,432,2025-03-01,1.0,1.0,0.0,1.0,1.0,0
300200303_,433,2025-03-01,3815.0,4410.0,0.0,4410.0,4410.0,0
300200304_,434,2025-03-01,990.0,1222.0,0.0,1222.0,1222.0,0
300200305_,435,2025-03-01,576.0,659.0,0.0,659.0,659.0,0
300200306_,436,2025-03-01,176.0,248.0,0.0,248.0,248.0,0
300200307_,437,2025-03-01,67.0,76.0,0.0,76.0,76.0,0
300200311_,439,2025-03-01,55.0,44.0,0.0,44.0,44.0,0
300200308_,440,2025-03-01,15.0,24.0,0.0,24.0,24.0,0
300200309_,441,2025-03-01,4.0,3.0,0.0,3.0,3.0,0
300200313_,442,2025-03-01,20.0,193.0,0.0,193.0,193.0,0
300200498_,443,2025-03-01,134.0,144.0,0.0,144.0,144.0,0
300200314_,445,2025-03-01,4.0,132.0,0.0,132.0,132.0,0
ATN000109,446,2025-03-01,2.0,2.0,0.0,2.0,2.0,0
300200315_,447,2025-03-01,14.0,14.0,0.0,14.0,14.0,0
300200771_,448,2025-03-01,37.0,49.0,0.0,49.0,49.0,0
300200316_,449,2025-03-01,19.0,55.0,0.0,55.0,55.0,0
300200959_,450,2025-03-01,9.0,7.0,0.0,7.0,7.0,0
300200317_,451,2025-03-01,34.0,27.0,0.0,27.0,27.0,0
300200496_,452,2025-03-01,64.0,64.0,0.0,64.0,64.0,0
300200318_,454,2025-03-01,49.0,247.0,0.0,247.0,247.0,0
300200347_,455,2025-03-01,40.0,40.0,0.0,40.0,40.0,0
300200319_,456,2025-03-01,295.0,526.0,0.0,526.0,526.0,0
300200320_,457,2025-03-01,108.0,246.0,0.0,246.0,246.0,0
300200321_,458,2025-03-01,97.0,373.0,0.0,373.0,373.0,0
300200322_,459,2025-03-01,97.0,804.0,0.0,804.0,804.0,0
300200323_,460,2025-03-01,252.0,574.0,0.0,574.0,574.0,0
300200324_,461,2025-03-01,814.0,1576.0,0.0,1576.0,1576.0,0
300200325_,462,2025-03-01,60.0,523.0,0.0,523.0,523.0,0
300200326_,463,2025-03-01,261.0,619.0,0.0,619.0,619.0,0
300200327_,464,2025-03-01,62.0,488.0,0.0,488.0,488.0,0
300200328_,465,2025-03-01,223.0,703.0,0.0,703.0,703.0,0
300200330_,466,2025-03-01,8.0,55.0,0.0,55.0,55.0,0
300200348_,467,2025-03-01,40.0,60.0,0.0,60.0,60.0,0
300200350_,468,2025-03-01,5.0,5.0,0.0,5.0,5.0,0
300200430_,470,2025-03-01,3.0,90.0,0.0,90.0,90.0,0
300200588_,471,2025-03-01,78.0,76.0,0.0,76.0,76.0,0
300200443_,472,2025-03-01,4.0,14.0,0.0,14.0,14.0,0
300200432_,473,2025-03-01,39.0,35.0,0.0,35.0,35.0,0
300200444_,474,2025-03-01,4.0,4.0,0.0,4.0,4.0,0
300200433_,477,2025-03-01,30.0,30.0,0.0,30.0,30.0,0
300200448_,480,2025-03-01,2.0,2.0,0.0,2.0,2.0,0
300200774_,481,2025-03-01,2.0,2.0,0.0,2.0,2.0,0
300200436_,482,2025-03-01,23.0,119.0,0.0,119.0,119.0,0
300200431_,483,2025-03-01,42.0,41.0,0.0,41.0,41.0,0
300200452_,484,2025-03-01,,24.0,0.0,24.0,24.0,0
300200429_,486,2025-03-01,81.0,121.0,0.0,121.0,121.0,0
300200632_,487,2025-03-01,50.0,70.0,0.0,70.0,70.0,0
300200435_,490,2025-03-01,170.0,238.0,0.0,238.0,238.0,0
300200437_,491,2025-03-01,90.0,58.0,0.0,58.0,58.0,0
300200438_,492,2025-03-01,90.0,108.0,0.0,108.0,108.0,0
300200440_,493,2025-03-01,15.0,23.0,0.0,23.0,23.0,0
300200445_,494,2025-03-01,1.0,1.0,0.0,1.0,1.0,0
300200446_,495,2025-03-01,1.0,1.0,0.0,1.0,1.0,0
300200592_,497,2025-03-01,93.0,88.0,0.0,88.0,88.0,0
300200366_,498,2025-03-01,47.0,26.0,0.0,26.0,26.0,0
300200718_,502,2025-03-01,256.0,222.0,0.0,222.0,222.0,0
300200719_,503,2025-03-01,9.0,14.0,0.0,14.0,14.0,0
300200720_,504,2025-03-01,15.0,23.0,0.0,23.0,23.0,0
300200722_,506,2025-03-01,18.0,16.0,0.0,16.0,16.0,0
300200777_,507,2025-03-01,67.0,67.0,0.0,67.0,67.0,0
300200725_,510,2025-03-01,2.0,12.0,0.0,12.0,12.0,0
300200726_,511,2025-03-01,16.0,16.0,0.0,16.0,16.0,0
300200729_,514,2025-03-01,19.0,19.0,0.0,19.0,19.0,0
300200730_,515,2025-03-01,18.0,17.0,0.0,17.0,17.0,0
300200778_,518,2025-03-01,63.0,63.0,0.0,63.0,63.0,0
300200733_,519,2025-03-01,4.0,4.0,0.0,4.0,4.0,0
300200734_,520,2025-03-01,1.0,1.0,0.0,1.0,1.0,0
300200735_,521,2025-03-01,212.0,198.0,0.0,198.0,198.0,0
300200736_,522,2025-03-01,102.0,94.0,0.0,94.0,94.0,0
300200737_,523,2025-03-01,52.0,50.0,0.0,50.0,50.0,0
300200738_,524,2025-03-01,4.0,4.0,0.0,4.0,4.0,0
300200742_,525,2025-03-01,78.0,215.0,0.0,215.0,215.0,0
300200739_,526,2025-03-01,2.0,2.0,0.0,2.0,2.0,0
300200743_,527,2025-03-01,37.0,32.0,0.0,32.0,32.0,0
300200740_,528,2025-03-01,5.0,5.0,0.0,5.0,5.0,0
300200741_,529,2025-03-01,70.0,70.0,0.0,70.0,70.0,0
300200744_,530,2025-03-01,103.0,126.0,0.0,126.0,126.0,0
300200745_,531,2025-03-01,96.0,134.0,0.0,134.0,134.0,0
300200746_,532,2025-03-01,47.0,55.0,0.0,55.0,55.0,0
300200749_,535,2025-03-01,36.0,40.0,0.0,40.0,40.0,0
300200750_,536,2025-03-01,10.0,8.0,0.0,8.0,8.0,0
300200751_,537,2025-03-01,65.0,57.0,0.0,57.0,57.0,0
300200752_,538,2025-03-01,119.0,77.0,0.0,77.0,77.0,0
300200753_,539,2025-03-01,29.0,29.0,0.0,29.0,29.0,0
300200755_,541,2025-03-01,2.0,1.0,0.0,1.0,1.0,0
300200497_,542,2025-03-01,,20.0,0.0,20.0,20.0,0
030200226_,543,2025-03-01,265.0,715.0,0.0,715.0,715.0,0
030200223_,544,2025-03-01,1626.0,4153.0,0.0,4153.0,4153.0,0
030200227_,545,2025-03-01,157.0,597.0,0.0,597.0,597.0,0
030200225_,546,2025-03-01,611.0,6784.0,0.0,6784.0,6784.0,0
030200224_,547,2025-03-01,2687.0,12896.0,0.0,12896.0,12896.0,0
030200221_,548,2025-03-01,2141.0,4703.0,0.0,4703.0,4703.0,0
030200222_,549,2025-03-01,443.0,1201.0,0.0,1201.0,1201.0,0
130300026_,553,2025-03-01,153.0,273.0,0.0,273.0,273.0,0
130300027_,554,2025-03-01,142.0,542.0,0.0,542.0,542.0,0
130300028_,555,2025-03-01,32.0,452.0,0.0,452.0,452.0,0
030200203_,556,2025-03-01,1844.0,5177.0,0.0,5177.0,5177.0,0
030200136_,11,2025-04-01,1.0,1.0,0.0,1.0,1.0,0
280300174_,17,2025-04-01,614.0,590.0,0.0,590.0,590.0,0
030300013_,18,2025-04-01,1.0,109.0,0.0,109.0,109.0,0
030200220_,19,2025-04-01,1229.0,1721.0,0.0,1721.0,1721.0,0
030200219_,20,2025-04-01,3658.0,15093.0,0.0,15093.0,15093.0,0
030300014_,22,2025-04-01,191.0,2312.0,0.0,2312.0,2312.0,0
030200193_,23,2025-04-01,25710.0,29839.0,0.0,29839.0,29839.0,0
030200192_,25,2025-04-01,52084.0,79862.0,0.0,79862.0,79862.0,0
030200201_,26,2025-04-01,19797.0,84689.0,0.0,84689.0,84689.0,0
300200428_,27,2025-04-01,104.0,173.0,0.0,173.0,173.0,0
300201151_,35,2025-04-01,2.0,2.0,0.0,2.0,2.0,0
300201153_,37,2025-04-01,24.0,24.0,0.0,24.0,24.0,0
300200968_,40,2025-04-01,4.0,4.0,0.0,4.0,4.0,0
300200967_,41,2025-04-01,,16.0,0.0,16.0,16.0,0
300200413_,42,2025-04-01,31.0,25.0,0.0,25.0,25.0,0
010400436_,43,2025-04-01,47.0,73.0,0.0,73.0,73.0,0
010400432_,44,2025-04-01,13.0,31.0,0.0,31.0,31.0,0
010400440_,45,2025-04-01,43.0,69.0,0.0,69.0,69.0,0
010400444_,46,2025-04-01,93.0,148.0,0.0,148.0,148.0,0
010400447_,47,2025-04-01,96.0,143.0,0.0,143.0,143.0,0
010400433_,48,2025-04-01,12.0,21.0,0.0,21.0,21.0,0
010400437_,49,2025-04-01,21.0,63.0,0.0,63.0,63.0,0
010400441_,50,2025-04-01,22.0,54.0,0.0,54.0,54.0,0
010400445_,51,2025-04-01,48.0,98.0,0.0,98.0,98.0,0
010400448_,52,2025-04-01,35.0,65.0,0.0,65.0,65.0,0
300200787_,56,2025-04-01,14.0,2.0,0.0,2.0,2.0,0
300200795_,64,2025-04-01,6.0,6.0,0.0,6.0,6.0,0
300200810_,79,2025-04-01,380.0,283.0,0.0,283.0,283.0,0
300200811_,80,2025-04-01,13.0,13.0,0.0,13.0,13.0,0
300200812_,81,2025-04-01,99.0,85.0,0.0,85.0,85.0,0
300200814_,83,2025-04-01,72.0,43.0,0.0,43.0,43.0,0
300200816_,85,2025-04-01,16.0,14.0,0.0,14.0,14.0,0
300200817_,86,2025-04-01,54.0,62.0,0.0,62.0,62.0,0
300200818_,87,2025-04-01,5.0,5.0,0.0,5.0,5.0,0
300200819_,88,2025-04-01,14.0,14.0,0.0,14.0,14.0,0
300200820_,89,2025-04-01,3.0,3.0,0.0,3.0,3.0,0
300200821_,90,2025-04-01,164.0,133.0,0.0,133.0,133.0,0
300200822_,91,2025-04-01,189.0,173.0,0.0,173.0,173.0,0
300200823_,92,2025-04-01,54.0,45.0,0.0,45.0,45.0,0
300200824_,93,2025-04-01,23.0,22.0,0.0,22.0,22.0,0
300200825_,94,2025-04-01,7.0,7.0,0.0,7.0,7.0,0
300200826_,95,2025-04-01,53.0,49.0,0.0,49.0,49.0,0
300200828_,97,2025-04-01,31.0,30.0,0.0,30.0,30.0,0
300200829_,98,2025-04-01,,5.0,0.0,5.0,5.0,0
300200832_,101,2025-04-01,4.0,4.0,0.0,4.0,4.0,0
300200833_,102,2025-04-01,14.0,8.0,0.0,8.0,8.0,0
300200834_,103,2025-04-01,10.0,1.0,0.0,1.0,1.0,0
300200835_,104,2025-04-01,71.0,75.0,0.0,75.0,75.0,0
300200836_,105,2025-04-01,20.0,5.0,0.0,5.0,5.0,0
300200838_,107,2025-04-01,10.0,5.0,0.0,5.0,5.0,0
300200839_,108,2025-04-01,27.0,27.0,0.0,27.0,27.0,0
300200840_,109,2025-04-01,17.0,6.0,0.0,6.0,6.0,0
300200842_,111,2025-04-01,674.0,615.0,0.0,615.0,615.0,0
300200843_,112,2025-04-01,41.0,24.0,0.0,24.0,24.0,0
300200844_,113,2025-04-01,16.0,3.0,0.0,3.0,3.0,0
300200846_,115,2025-04-01,11.0,3.0,0.0,3.0,3.0,0
300200847_,116,2025-04-01,70.0,52.0,0.0,52.0,52.0,0
300200848_,117,2025-04-01,42.0,40.0,0.0,40.0,40.0,0
300200849_,118,2025-04-01,15.0,15.0,0.0,15.0,15.0,0
300200851_,120,2025-04-01,31.0,34.0,0.0,34.0,34.0,0
300200853_,122,2025-04-01,8.0,2.0,0.0,2.0,2.0,0
300200856_,125,2025-04-01,337.0,289.0,0.0,289.0,289.0,0
300200857_,126,2025-04-01,155.0,150.0,0.0,150.0,150.0,0
300200858_,127,2025-04-01,10.0,10.0,0.0,10.0,10.0,0
300200859_,128,2025-04-01,120.0,117.0,0.0,117.0,117.0,0
300200860_,129,2025-04-01,10.0,10.0,0.0,10.0,10.0,0
300200861_,130,2025-04-01,9.0,9.0,0.0,9.0,9.0,0
300200862_,131,2025-04-01,35.0,35.0,0.0,35.0,35.0,0
300200863_,132,2025-04-01,8.0,8.0,0.0,8.0,8.0,0
300200865_,134,2025-04-01,37.0,37.0,0.0,37.0,37.0,0
300200867_,136,2025-04-01,5.0,5.0,0.0,5.0,5.0,0
300200868_,137,2025-04-01,271.0,270.0,0.0,270.0,270.0,0
300200869_,138,2025-04-01,141.0,129.0,0.0,129.0,129.0,0
300200870_,139,2025-04-01,57.0,57.0,0.0,57.0,57.0,0
300200871_,140,2025-04-01,12.0,11.0,0.0,11.0,11.0,0
300200873_,142,2025-04-01,24.0,23.0,0.0,23.0,23.0,0
300200875_,144,2025-04-01,1.0,1.0,0.0,1.0,1.0,0
300200876_,145,2025-04-01,1.0,1.0,0.0,1.0,1.0,0
300200879_,148,2025-04-01,2.0,2.0,0.0,2.0,2.0,0
300200882_,151,2025-04-01,36.0,1.0,0.0,1.0,1.0,0
300200888_,157,2025-04-01,,25.0,0.0,25.0,25.0,0
300200890_,159,2025-04-01,,5.0,0.0,5.0,5.0,0
300200898_,166,2025-04-01,6.0,30.0,0.0,30.0,30.0,0
300200899_,167,2025-04-01,24.0,20.0,0.0,20.0,20.0,0
300200910_,178,2025-04-01,303.0,403.0,0.0,403.0,403.0,0
300200912_,180,2025-04-01,11.0,11.0,0.0,11.0,11.0,0
300200914_,182,2025-04-01,46.0,96.0,0.0,96.0,96.0,0
300200916_,184,2025-04-01,6.0,6.0,0.0,6.0,6.0,0
300200917_,185,2025-04-01,20.0,20.0,0.0,20.0,20.0,0
300200918_,186,2025-04-01,,5.0,0.0,5.0,5.0,0
300200921_,189,2025-04-01,133.0,133.0,0.0,133.0,133.0,0
300200922_,190,2025-04-01,126.0,136.0,0.0,136.0,136.0,0
300200923_,191,2025-04-01,41.0,41.0,0.0,41.0,41.0,0
300200924_,192,2025-04-01,2.0,2.0,0.0,2.0,2.0,0
300200926_,194,2025-04-01,36.0,46.0,0.0,46.0,46.0,0
300200928_,196,2025-04-01,2.0,2.0,0.0,2.0,2.0,0
300200932_,200,2025-04-01,47.0,47.0,0.0,47.0,47.0,0
300200933_,201,2025-04-01,432.0,306.0,0.0,306.0,306.0,0
300200934_,202,2025-04-01,48.0,25.0,0.0,25.0,25.0,0
300200936_,204,2025-04-01,29.0,20.0,0.0,20.0,20.0,0
300200938_,206,2025-04-01,16.0,15.0,0.0,15.0,15.0,0
300200942_,210,2025-04-01,29.0,29.0,0.0,29.0,29.0,0
300200943_,211,2025-04-01,10.0,6.0,0.0,6.0,6.0,0
300200945_,213,2025-04-01,172.0,103.0,0.0,103.0,103.0,0
300200946_,214,2025-04-01,101.0,66.0,0.0,66.0,66.0,0
300200947_,215,2025-04-01,33.0,21.0,0.0,21.0,21.0,0
300200948_,216,2025-04-01,4.0,1.0,0.0,1.0,1.0,0
300200950_,218,2025-04-01,40.0,32.0,0.0,32.0,32.0,0
300200952_,220,2025-04-01,8.0,8.0,0.0,8.0,8.0,0
300200953_,221,2025-04-01,1.0,1.0,0.0,1.0,1.0,0
300200371_,224,2025-04-01,5.0,42.0,0.0,42.0,42.0,0
300200420_,225,2025-04-01,40.0,40.0,0.0,40.0,40.0,0
300200375_,226,2025-04-01,15.0,7.0,0.0,7.0,7.0,0
300200422_,227,2025-04-01,7.0,7.0,0.0,7.0,7.0,0
300200363_,228,2025-04-01,1.0,10.0,0.0,10.0,10.0,0
300200368_,229,2025-04-01,16.0,21.0,0.0,21.0,21.0,0
300200367_,230,2025-04-01,18.0,14.0,0.0,14.0,14.0,0
300200426_,231,2025-04-01,2.0,2.0,0.0,2.0,2.0,0
300200372_,233,2025-04-01,17.0,23.0,0.0,23.0,23.0,0
300200373_,234,2025-04-01,-2.0,5.0,0.0,5.0,5.0,0
300200418_,235,2025-04-01,2.0,2.0,0.0,2.0,2.0,0
300200365_,236,2025-04-01,452.0,464.0,0.0,464.0,464.0,0
300200364_,237,2025-04-01,23.0,53.0,0.0,53.0,53.0,0
300200374_,238,2025-04-01,17.0,17.0,0.0,17.0,17.0,0
300200376_,242,2025-04-01,96.0,281.0,0.0,281.0,281.0,0
300200377_,243,2025-04-01,130.0,96.0,0.0,96.0,96.0,0
300200378_,244,2025-04-01,57.0,43.0,0.0,43.0,43.0,0
300200379_,245,2025-04-01,5.0,3.0,0.0,3.0,3.0,0
300200421_,247,2025-04-01,3.0,3.0,0.0,3.0,3.0,0
300200520_,249,2025-04-01,195.0,194.0,0.0,194.0,194.0,0
300200523_,252,2025-04-01,6.0,6.0,0.0,6.0,6.0,0
300200526_,255,2025-04-01,1.0,1.0,0.0,1.0,1.0,0
300200527_,256,2025-04-01,23.0,22.0,0.0,22.0,22.0,0
300200530_,258,2025-04-01,10.0,10.0,0.0,10.0,10.0,0
300200531_,259,2025-04-01,2.0,2.0,0.0,2.0,2.0,0
300200534_,262,2025-04-01,2.0,2.0,0.0,2.0,2.0,0
300200536_,264,2025-04-01,157.0,137.0,0.0,137.0,137.0,0
300200537_,265,2025-04-01,29.0,28.0,0.0,28.0,28.0,0
300200538_,266,2025-04-01,8.0,8.0,0.0,8.0,8.0,0
300200539_,267,2025-04-01,11.0,11.0,0.0,11.0,11.0,0
300200540_,268,2025-04-01,1.0,1.0,0.0,1.0,1.0,0
300200542_,270,2025-04-01,1313.0,1317.0,0.0,1317.0,1317.0,0
300200624_,271,2025-04-01,5.0,4.0,0.0,4.0,4.0,0
300200704_,272,2025-04-01,120.0,40.0,0.0,40.0,40.0,0
300200543_,273,2025-04-01,94.0,56.0,0.0,56.0,56.0,0
300200544_,274,2025-04-01,9.0,5.0,0.0,5.0,5.0,0
300200545_,275,2025-04-01,7.0,70.0,0.0,70.0,70.0,0
300200593_,276,2025-04-01,253.0,242.0,0.0,242.0,242.0,0
300200546_,277,2025-04-01,6.0,3.0,0.0,3.0,3.0,0
300200547_,278,2025-04-01,23.0,21.0,0.0,21.0,21.0,0
300200548_,279,2025-04-01,72.0,62.0,0.0,62.0,62.0,0
300200549_,280,2025-04-01,320.0,305.0,0.0,305.0,305.0,0
300200551_,282,2025-04-01,15.0,12.0,0.0,12.0,12.0,0
300200773_,283,2025-04-01,17.0,15.0,0.0,15.0,15.0,0
300200552_,284,2025-04-01,12.0,26.0,0.0,26.0,26.0,0
300200553_,285,2025-04-01,20.0,45.0,0.0,45.0,45.0,0
300200556_,288,2025-04-01,27.0,25.0,0.0,25.0,25.0,0
300200557_,289,2025-04-01,8.0,8.0,0.0,8.0,8.0,0
300200558_,290,2025-04-01,586.0,635.0,0.0,635.0,635.0,0
300200559_,291,2025-04-01,340.0,449.0,0.0,449.0,449.0,0
300200560_,292,2025-04-01,165.0,155.0,0.0,155.0,155.0,0
300200561_,293,2025-04-01,157.0,94.0,0.0,94.0,94.0,0
300200562_,294,2025-04-01,3.0,1.0,0.0,1.0,1.0,0
300200563_,295,2025-04-01,158.0,162.0,0.0,162.0,162.0,0
300200564_,296,2025-04-01,8.0,1.0,0.0,1.0,1.0,0
300200566_,299,2025-04-01,10.0,10.0,0.0,10.0,10.0,0
300200567_,300,2025-04-01,10.0,10.0,0.0,10.0,10.0,0
300200579_,314,2025-04-01,12.0,10.0,0.0,10.0,10.0,0
300200343_,320,2025-04-01,2016.0,2007.0,0.0,2007.0,2007.0,0
020100163_,321,2025-04-01,175.0,187.0,0.0,187.0,187.0,0
300200459_,322,2025-04-01,74.0,275.0,0.0,275.0,275.0,0
020100158_,323,2025-04-01,431.0,418.0,0.0,418.0,418.0,0
020100159_,324,2025-04-01,39.0,30.0,0.0,30.0,30.0,0
300200460_,325,2025-04-01,40.0,41.0,0.0,41.0,41.0,0
020100160_,326,2025-04-01,314.0,317.0,0.0,317.0,317.0,0
020100161_,327,2025-04-01,38.0,30.0,0.0,30.0,30.0,0
300200461_,328,2025-04-01,31.0,31.0,0.0,31.0,31.0,0
300200472_,329,2025-04-01,52.0,66.0,0.0,66.0,66.0,0
300200462_,330,2025-04-01,81.0,112.0,0.0,112.0,112.0,0
020100162_,332,2025-04-01,24.0,25.0,0.0,25.0,25.0,0
300200772_,333,2025-04-01,15.0,15.0,0.0,15.0,15.0,0
300200468_,334,2025-04-01,166.0,166.0,0.0,166.0,166.0,0
300200515_,335,2025-04-01,157.0,117.0,0.0,117.0,117.0,0
300200518_,336,2025-04-01,13.0,31.0,0.0,31.0,31.0,0
300200516_,337,2025-04-01,253.0,457.0,0.0,457.0,457.0,0
300200471_,338,2025-04-01,31.0,38.0,0.0,38.0,38.0,0
300200463_,340,2025-04-01,1172.0,1333.0,0.0,1333.0,1333.0,0
300200464_,341,2025-04-01,526.0,518.0,0.0,518.0,518.0,0
300200465_,342,2025-04-01,226.0,252.0,0.0,252.0,252.0,0
300200466_,343,2025-04-01,79.0,180.0,0.0,180.0,180.0,0
300200467_,344,2025-04-01,28.0,31.0,0.0,31.0,31.0,0
300200519_,345,2025-04-01,74.0,65.0,0.0,65.0,65.0,0
300200775_,346,2025-04-01,4.0,4.0,0.0,4.0,4.0,0
300200779_,348,2025-04-01,34.0,33.0,0.0,33.0,33.0,0
300200782_,349,2025-04-01,4.0,3.0,0.0,3.0,3.0,0
030200005_,357,2025-04-01,4.0,4.0,0.0,4.0,4.0,0
030200003_,361,2025-04-01,4.0,4.0,0.0,4.0,4.0,0
030200030_,363,2025-04-01,,96.0,0.0,96.0,96.0,0
030200031_,364,2025-04-01,,96.0,0.0,96.0,96.0,0
030200038_,366,2025-04-01,842.0,1002.0,0.0,1002.0,1002.0,0
030200037_,367,2025-04-01,,240.0,0.0,240.0,240.0,0
030200039_,368,2025-04-01,10.0,204.0,0.0,204.0,204.0,0
030200028_,369,2025-04-01,,1760.0,0.0,1760.0,1760.0,0
030200034_,372,2025-04-01,3.0,138.0,0.0,138.0,138.0,0
030200239_,373,2025-04-01,,560.0,0.0,560.0,560.0,0
030200240_,374,2025-04-01,,420.0,0.0,420.0,420.0,0
030200176_,385,2025-04-01,,24.0,0.0,24.0,24.0,0
030200247_,386,2025-04-01,27.0,25.0,0.0,25.0,25.0,0
030200243_,388,2025-04-01,9.0,7.0,0.0,7.0,7.0,0
030200249_,392,2025-04-01,1.0,1.0,0.0,1.0,1.0,0
030200256_,395,2025-04-01,14.0,14.0,0.0,14.0,14.0,0
030200250_,403,2025-04-01,5.0,1.0,0.0,1.0,1.0,0
030200251_,404,2025-04-01,14.0,14.0,0.0,14.0,14.0,0
030200253_,406,2025-04-01,1.0,1.0,0.0,1.0,1.0,0
030200254_,407,2025-04-01,2.0,2.0,0.0,2.0,2.0,0
300200331_,408,2025-04-01,1323.0,1608.0,0.0,1608.0,1608.0,0
300200296_,409,2025-04-01,782.0,857.0,0.0,857.0,857.0,0
300200283_,410,2025-04-01,72.0,83.0,0.0,83.0,83.0,0
300200302_,411,2025-04-01,361.0,332.0,0.0,332.0,332.0,0
300200333_,412,2025-04-01,890.0,999.0,0.0,999.0,999.0,0
300200288_,413,2025-04-01,102.0,99.0,0.0,99.0,99.0,0
300200284_,414,2025-04-01,45.0,38.0,0.0,38.0,38.0,0
300200293_,416,2025-04-01,219.0,284.0,0.0,284.0,284.0,0
300200289_,417,2025-04-01,211.0,209.0,0.0,209.0,209.0,0
300200290_,418,2025-04-01,8.0,6.0,0.0,6.0,6.0,0
300200291_,419,2025-04-01,23.0,27.0,0.0,27.0,27.0,0
300200297_,420,2025-04-01,672.0,1198.0,0.0,1198.0,1198.0,0
300200298_,421,2025-04-01,1002.0,1021.0,0.0,1021.0,1021.0,0
300200294_,423,2025-04-01,50.0,109.0,0.0,109.0,109.0,0
300200286_,424,2025-04-01,6383.0,11718.0,0.0,11718.0,11718.0,0
300200332_,425,2025-04-01,1377.0,2048.0,0.0,2048.0,2048.0,0
300200301_,426,2025-04-01,925.0,976.0,0.0,976.0,976.0,0
300200700_,428,2025-04-01,55.0,59.0,0.0,59.0,59.0,0
300200295_,429,2025-04-01,49.0,48.0,0.0,48.0,48.0,0
300200292_,430,2025-04-01,,20.0,0.0,20.0,20.0,0
300200300_,431,2025-04-01,8.0,8.0,0.0,8.0,8.0,0
300200312_,432,2025-04-01,1.0,1.0,0.0,1.0,1.0,0
300200303_,433,2025-04-01,4939.0,5712.0,0.0,5712.0,5712.0,0
300200304_,434,2025-04-01,2717.0,3415.0,0.0,3415.0,3415.0,0
300200305_,435,2025-04-01,731.0,962.0,0.0,962.0,962.0,0
300200306_,436,2025-04-01,182.0,382.0,0.0,382.0,382.0,0
300200307_,437,2025-04-01,52.0,51.0,0.0,51.0,51.0,0
300200310_,438,2025-04-01,,20.0,0.0,20.0,20.0,0
300200311_,439,2025-04-01,137.0,364.0,0.0,364.0,364.0,0
300200308_,440,2025-04-01,16.0,23.0,0.0,23.0,23.0,0
300200309_,441,2025-04-01,4.0,17.0,0.0,17.0,17.0,0
300200313_,442,2025-04-01,374.0,726.0,0.0,726.0,726.0,0
300200498_,443,2025-04-01,125.0,109.0,0.0,109.0,109.0,0
300200314_,445,2025-04-01,285.0,405.0,0.0,405.0,405.0,0
ATN000109,446,2025-04-01,21.0,21.0,0.0,21.0,21.0,0
300200315_,447,2025-04-01,5.0,5.0,0.0,5.0,5.0,0
300200771_,448,2025-04-01,61.0,48.0,0.0,48.0,48.0,0
300200316_,449,2025-04-01,2.0,158.0,0.0,158.0,158.0,0
300200959_,450,2025-04-01,136.0,130.0,0.0,130.0,130.0,0
300200317_,451,2025-04-01,131.0,301.0,0.0,301.0,301.0,0
300200496_,452,2025-04-01,14.0,14.0,0.0,14.0,14.0,0
300200346_,453,2025-04-01,36.0,36.0,0.0,36.0,36.0,0
300200318_,454,2025-04-01,586.0,960.0,0.0,960.0,960.0,0
300200347_,455,2025-04-01,166.0,154.0,0.0,154.0,154.0,0
300200319_,456,2025-04-01,395.0,1157.0,0.0,1157.0,1157.0,0
300200320_,457,2025-04-01,110.0,477.0,0.0,477.0,477.0,0
300200321_,458,2025-04-01,36.0,174.0,0.0,174.0,174.0,0
300200322_,459,2025-04-01,143.0,907.0,0.0,907.0,907.0,0
300200323_,460,2025-04-01,593.0,1375.0,0.0,1375.0,1375.0,0
300200324_,461,2025-04-01,978.0,2992.0,0.0,2992.0,2992.0,0
300200325_,462,2025-04-01,29.0,575.0,0.0,575.0,575.0,0
300200326_,463,2025-04-01,305.0,837.0,0.0,837.0,837.0,0
300200327_,464,2025-04-01,23.0,767.0,0.0,767.0,767.0,0
300200328_,465,2025-04-01,287.0,434.0,0.0,434.0,434.0,0
300200330_,466,2025-04-01,1.0,1.0,0.0,1.0,1.0,0
300200348_,467,2025-04-01,1.0,61.0,0.0,61.0,61.0,0
300200430_,470,2025-04-01,20.0,25.0,0.0,25.0,25.0,0
300200588_,471,2025-04-01,65.0,62.0,0.0,62.0,62.0,0
300200432_,473,2025-04-01,5.0,15.0,0.0,15.0,15.0,0
300200449_,475,2025-04-01,1.0,1.0,0.0,1.0,1.0,0
300200433_,477,2025-04-01,6.0,3.0,0.0,3.0,3.0,0
300200439_,478,2025-04-01,18.0,16.0,0.0,16.0,16.0,0
300200774_,481,2025-04-01,1.0,1.0,0.0,1.0,1.0,0
300200436_,482,2025-04-01,62.0,62.0,0.0,62.0,62.0,0
300200431_,483,2025-04-01,61.0,57.0,0.0,57.0,57.0,0
300200429_,486,2025-04-01,44.0,29.0,0.0,29.0,29.0,0
300200632_,487,2025-04-01,41.0,41.0,0.0,41.0,41.0,0
300200450_,489,2025-04-01,1.0,1.0,0.0,1.0,1.0,0
300200435_,490,2025-04-01,89.0,159.0,0.0,159.0,159.0,0
300200437_,491,2025-04-01,29.0,65.0,0.0,65.0,65.0,0
300200438_,492,2025-04-01,36.0,28.0,0.0,28.0,28.0,0
300200440_,493,2025-04-01,17.0,15.0,0.0,15.0,15.0,0
300200446_,495,2025-04-01,8.0,8.0,0.0,8.0,8.0,0
300200592_,497,2025-04-01,174.0,173.0,0.0,173.0,173.0,0
300200366_,498,2025-04-01,46.0,35.0,0.0,35.0,35.0,0
LNVA105011,499,2025-04-01,15.0,15.0,0.0,15.0,15.0,0
300200595_,500,2025-04-01,52.0,52.0,0.0,52.0,52.0,0
300200718_,502,2025-04-01,256.0,225.0,0.0,225.0,225.0,0
300200719_,503,2025-04-01,20.0,20.0,0.0,20.0,20.0,0
300200720_,504,2025-04-01,52.0,50.0,0.0,50.0,50.0,0
300200721_,505,2025-04-01,20.0,20.0,0.0,20.0,20.0,0
300200722_,506,2025-04-01,17.0,22.0,0.0,22.0,22.0,0
300200777_,507,2025-04-01,72.0,59.0,0.0,59.0,59.0,0
300200724_,509,2025-04-01,12.0,10.0,0.0,10.0,10.0,0
300200725_,510,2025-04-01,16.0,12.0,0.0,12.0,12.0,0
300200726_,511,2025-04-01,5.0,2.0,0.0,2.0,2.0,0
300200728_,513,2025-04-01,10.0,10.0,0.0,10.0,10.0,0
300200729_,514,2025-04-01,45.0,45.0,0.0,45.0,45.0,0
300200730_,515,2025-04-01,82.0,56.0,0.0,56.0,56.0,0
300200732_,517,2025-04-01,,5.0,0.0,5.0,5.0,0
300200778_,518,2025-04-01,6.0,6.0,0.0,6.0,6.0,0
300200733_,519,2025-04-01,5.0,10.0,0.0,10.0,10.0,0
300200735_,521,2025-04-01,149.0,134.0,0.0,134.0,134.0,0
300200736_,522,2025-04-01,105.0,87.0,0.0,87.0,87.0,0
300200737_,523,2025-04-01,92.0,90.0,0.0,90.0,90.0,0
300200738_,524,2025-04-01,17.0,17.0,0.0,17.0,17.0,0
300200742_,525,2025-04-01,70.0,234.0,0.0,234.0,234.0,0
300200739_,526,2025-04-01,8.0,5.0,0.0,5.0,5.0,0
300200743_,527,2025-04-01,8.0,3.0,0.0,3.0,3.0,0
300200740_,528,2025-04-01,46.0,16.0,0.0,16.0,16.0,0
300200741_,529,2025-04-01,58.0,51.0,0.0,51.0,51.0,0
300200744_,530,2025-04-01,68.0,87.0,0.0,87.0,87.0,0
300200745_,531,2025-04-01,112.0,85.0,0.0,85.0,85.0,0
300200746_,532,2025-04-01,22.0,12.0,0.0,12.0,12.0,0
300200749_,535,2025-04-01,41.0,99.0,0.0,99.0,99.0,0
300200750_,536,2025-04-01,31.0,28.0,0.0,28.0,28.0,0
300200751_,537,2025-04-01,54.0,62.0,0.0,62.0,62.0,0
300200752_,538,2025-04-01,38.0,70.0,0.0,70.0,70.0,0
300200753_,539,2025-04-01,16.0,2.0,0.0,2.0,2.0,0
300200754_,540,2025-04-01,6.0,4.0,0.0,4.0,4.0,0
300200755_,541,2025-04-01,3.0,1.0,0.0,1.0,1.0,0
300200497_,542,2025-04-01,,20.0,0.0,20.0,20.0,0
030200226_,543,2025-04-01,177.0,177.0,0.0,177.0,177.0,0
030200223_,544,2025-04-01,755.0,1763.0,0.0,1763.0,1763.0,0
030200227_,545,2025-04-01,41.0,34.0,0.0,34.0,34.0,0
030200225_,546,2025-04-01,1011.0,3556.0,0.0,3556.0,3556.0,0
030200224_,547,2025-04-01,2457.0,3086.0,0.0,3086.0,3086.0,0
030200221_,548,2025-04-01,1710.0,2893.0,0.0,2893.0,2893.0,0
030200222_,549,2025-04-01,1150.0,1372.0,0.0,1372.0,1372.0,0
ATN000446,551,2025-04-01,4.0,4.0,0.0,4.0,4.0,0
130300026_,553,2025-04-01,57.0,1166.0,0.0,1166.0,1166.0,0
130300027_,554,2025-04-01,305.0,389.0,0.0,389.0,389.0,0
130300028_,555,2025-04-01,669.0,665.0,0.0,665.0,665.0,0
030200203_,556,2025-04-01,1132.0,1855.0,0.0,1855.0,1855.0,0
280300174_,17,2025-05-01,480.0,1505.0,0.0,1505.0,1505.0,0
030200220_,19,2025-05-01,1883.0,2489.0,0.0,2489.0,2489.0,0
030200219_,20,2025-05-01,3963.0,4495.0,0.0,4495.0,4495.0,0
030300014_,22,2025-05-01,1395.0,21437.0,0.0,21437.0,21437.0,0
030200193_,23,2025-05-01,17627.0,35647.0,0.0,35647.0,35647.0,0
030200192_,25,2025-05-01,50676.0,148632.0,0.0,148632.0,148632.0,0
030200201_,26,2025-05-01,20724.0,21120.0,0.0,21120.0,21120.0,0
300200428_,27,2025-05-01,589.0,511.0,0.0,511.0,511.0,0
ATN000532,30,2025-05-01,9.0,9.0,0.0,9.0,9.0,0
300201148_,32,2025-05-01,24.0,66.0,0.0,66.0,66.0,0
300201149_,33,2025-05-01,9.0,3.0,0.0,3.0,3.0,0
300201150_,34,2025-05-01,2.0,36.0,0.0,36.0,36.0,0
300201151_,35,2025-05-01,17.0,40.0,0.0,40.0,40.0,0
300201153_,37,2025-05-01,17.0,5.0,0.0,5.0,5.0,0
300201154_,38,2025-05-01,6.0,26.0,0.0,26.0,26.0,0
300201155_,39,2025-05-01,3.0,3.0,0.0,3.0,3.0,0
300200968_,40,2025-05-01,78.0,12.0,0.0,12.0,12.0,0
300200967_,41,2025-05-01,59.0,48.0,0.0,48.0,48.0,0
300200413_,42,2025-05-01,11.0,63.0,0.0,63.0,63.0,0
010400436_,43,2025-05-01,27.0,22.0,0.0,22.0,22.0,0
010400432_,44,2025-05-01,8.0,7.0,0.0,7.0,7.0,0
010400440_,45,2025-05-01,41.0,36.0,0.0,36.0,36.0,0
010400444_,46,2025-05-01,102.0,88.0,0.0,88.0,88.0,0
010400447_,47,2025-05-01,73.0,91.0,0.0,91.0,91.0,0
010400433_,48,2025-05-01,5.0,4.0,0.0,4.0,4.0,0
010400437_,49,2025-05-01,51.0,38.0,0.0,38.0,38.0,0
010400441_,50,2025-05-01,13.0,11.0,0.0,11.0,11.0,0
010400445_,51,2025-05-01,28.0,23.0,0.0,23.0,23.0,0
010400448_,52,2025-05-01,21.0,23.0,0.0,23.0,23.0,0
300200789_,58,2025-05-01,18.0,17.0,0.0,17.0,17.0,0
300200790_,59,2025-05-01,26.0,17.0,0.0,17.0,17.0,0
300200795_,64,2025-05-01,69.0,1.0,0.0,1.0,1.0,0
300200801_,70,2025-05-01,2.0,2.0,0.0,2.0,2.0,0
300200803_,72,2025-05-01,4.0,2.0,0.0,2.0,2.0,0
300200809_,78,2025-05-01,1.0,1.0,0.0,1.0,1.0,0
300200810_,79,2025-05-01,268.0,360.0,0.0,360.0,360.0,0
300200812_,81,2025-05-01,73.0,40.0,0.0,40.0,40.0,0
300200814_,83,2025-05-01,37.0,15.0,0.0,15.0,15.0,0
300200817_,86,2025-05-01,2.0,2.0,0.0,2.0,2.0,0
300200818_,87,2025-05-01,20.0,20.0,0.0,20.0,20.0,0
300200821_,90,2025-05-01,136.0,121.0,0.0,121.0,121.0,0
300200822_,91,2025-05-01,46.0,76.0,0.0,76.0,76.0,0
300200823_,92,2025-05-01,27.0,31.0,0.0,31.0,31.0,0
300200824_,93,2025-05-01,4.0,13.0,0.0,13.0,13.0,0
300200826_,95,2025-05-01,6.0,1.0,0.0,1.0,1.0,0
300200832_,101,2025-05-01,6.0,16.0,0.0,16.0,16.0,0
300200834_,103,2025-05-01,28.0,24.0,0.0,24.0,24.0,0
300200835_,104,2025-05-01,30.0,14.0,0.0,14.0,14.0,0
300200836_,105,2025-05-01,11.0,11.0,0.0,11.0,11.0,0
300200838_,107,2025-05-01,9.0,7.0,0.0,7.0,7.0,0
300200839_,108,2025-05-01,4.0,2.0,0.0,2.0,2.0,0
300200842_,111,2025-05-01,224.0,175.0,0.0,175.0,175.0,0
300200844_,113,2025-05-01,2.0,2.0,0.0,2.0,2.0,0
300200846_,115,2025-05-01,60.0,41.0,0.0,41.0,41.0,0
300200847_,116,2025-05-01,36.0,31.0,0.0,31.0,31.0,0
300200848_,117,2025-05-01,8.0,7.0,0.0,7.0,7.0,0
300200849_,118,2025-05-01,3.0,2.0,0.0,2.0,2.0,0
300200850_,119,2025-05-01,2.0,2.0,0.0,2.0,2.0,0
300200851_,120,2025-05-01,26.0,13.0,0.0,13.0,13.0,0
300200852_,121,2025-05-01,6.0,1.0,0.0,1.0,1.0,0
300200856_,125,2025-05-01,226.0,202.0,0.0,202.0,202.0,0
300200857_,126,2025-05-01,55.0,60.0,0.0,60.0,60.0,0
300200858_,127,2025-05-01,1.0,1.0,0.0,1.0,1.0,0
300200859_,128,2025-05-01,12.0,14.0,0.0,14.0,14.0,0
300200861_,130,2025-05-01,5.0,8.0,0.0,8.0,8.0,0
300200862_,131,2025-05-01,15.0,15.0,0.0,15.0,15.0,0
300200863_,132,2025-05-01,2.0,2.0,0.0,2.0,2.0,0
300200864_,133,2025-05-01,2.0,1.0,0.0,1.0,1.0,0
300200865_,134,2025-05-01,60.0,90.0,0.0,90.0,90.0,0
300200867_,136,2025-05-01,3.0,2.0,0.0,2.0,2.0,0
300200868_,137,2025-05-01,113.0,92.0,0.0,92.0,92.0,0
300200869_,138,2025-05-01,50.0,47.0,0.0,47.0,47.0,0
300200870_,139,2025-05-01,30.0,21.0,0.0,21.0,21.0,0
300200871_,140,2025-05-01,2.0,3.0,0.0,3.0,3.0,0
300200872_,141,2025-05-01,2.0,2.0,0.0,2.0,2.0,0
300200873_,142,2025-05-01,7.0,8.0,0.0,8.0,8.0,0
300200875_,144,2025-05-01,5.0,6.0,0.0,6.0,6.0,0
300200876_,145,2025-05-01,6.0,6.0,0.0,6.0,6.0,0
300200881_,150,2025-05-01,7.0,7.0,0.0,7.0,7.0,0
300200882_,151,2025-05-01,29.0,27.0,0.0,27.0,27.0,0
300200883_,152,2025-05-01,34.0,34.0,0.0,34.0,34.0,0
300200884_,153,2025-05-01,3.0,3.0,0.0,3.0,3.0,0
300200885_,154,2025-05-01,3.0,3.0,0.0,3.0,3.0,0
300200886_,155,2025-05-01,1.0,1.0,0.0,1.0,1.0,0
300200887_,156,2025-05-01,,50.0,0.0,50.0,50.0,0
300200889_,158,2025-05-01,,5.0,0.0,5.0,5.0,0
300200890_,159,2025-05-01,1.0,1.0,0.0,1.0,1.0,0
300200898_,166,2025-05-01,1.0,1.0,0.0,1.0,1.0,0
300200910_,178,2025-05-01,10.0,10.0,0.0,10.0,10.0,0
300200921_,189,2025-05-01,20.0,20.0,0.0,20.0,20.0,0
300200922_,190,2025-05-01,10.0,10.0,0.0,10.0,10.0,0
300200923_,191,2025-05-01,6.0,6.0,0.0,6.0,6.0,0
300200924_,192,2025-05-01,3.0,8.0,0.0,8.0,8.0,0
300200933_,201,2025-05-01,69.0,69.0,0.0,69.0,69.0,0
300200934_,202,2025-05-01,6.0,4.0,0.0,4.0,4.0,0
300200936_,204,2025-05-01,8.0,6.0,0.0,6.0,6.0,0
300200945_,213,2025-05-01,30.0,28.0,0.0,28.0,28.0,0
300200946_,214,2025-05-01,23.0,21.0,0.0,21.0,21.0,0
300200947_,215,2025-05-01,7.0,7.0,0.0,7.0,7.0,0
300200371_,224,2025-05-01,7.0,10.0,0.0,10.0,10.0,0
300200375_,226,2025-05-01,21.0,19.0,0.0,19.0,19.0,0
300200363_,228,2025-05-01,1.0,1.0,0.0,1.0,1.0,0
300200368_,229,2025-05-01,7.0,7.0,0.0,7.0,7.0,0
300200372_,233,2025-05-01,12.0,18.0,0.0,18.0,18.0,0
300200373_,234,2025-05-01,7.0,7.0,0.0,7.0,7.0,0
300200365_,236,2025-05-01,360.0,366.0,0.0,366.0,366.0,0
300200364_,237,2025-05-01,,20.0,0.0,20.0,20.0,0
300200376_,242,2025-05-01,153.0,273.0,0.0,273.0,273.0,0
300200377_,243,2025-05-01,125.0,133.0,0.0,133.0,133.0,0
300200378_,244,2025-05-01,51.0,28.0,0.0,28.0,28.0,0
300200379_,245,2025-05-01,30.0,41.0,0.0,41.0,41.0,0
300200380_,246,2025-05-01,2.0,7.0,0.0,7.0,7.0,0
300200520_,249,2025-05-01,64.0,78.0,0.0,78.0,78.0,0
300200521_,250,2025-05-01,1.0,1.0,0.0,1.0,1.0,0
300200523_,252,2025-05-01,3.0,3.0,0.0,3.0,3.0,0
300200527_,256,2025-05-01,11.0,10.0,0.0,10.0,10.0,0
300200536_,264,2025-05-01,15.0,15.0,0.0,15.0,15.0,0
300200537_,265,2025-05-01,22.0,21.0,0.0,21.0,21.0,0
300200538_,266,2025-05-01,13.0,13.0,0.0,13.0,13.0,0
300200542_,270,2025-05-01,629.0,479.0,0.0,479.0,479.0,0
300200624_,271,2025-05-01,6.0,4.0,0.0,4.0,4.0,0
300200704_,272,2025-05-01,111.0,109.0,0.0,109.0,109.0,0
300200543_,273,2025-05-01,36.0,31.0,0.0,31.0,31.0,0
300200593_,276,2025-05-01,96.0,105.0,0.0,105.0,105.0,0
300200547_,278,2025-05-01,6.0,6.0,0.0,6.0,6.0,0
300200548_,279,2025-05-01,45.0,36.0,0.0,36.0,36.0,0
300200549_,280,2025-05-01,24.0,23.0,0.0,23.0,23.0,0
300200551_,282,2025-05-01,7.0,7.0,0.0,7.0,7.0,0
300200773_,283,2025-05-01,2.0,2.0,0.0,2.0,2.0,0
300200552_,284,2025-05-01,21.0,16.0,0.0,16.0,16.0,0
300200553_,285,2025-05-01,119.0,82.0,0.0,82.0,82.0,0
300200555_,287,2025-05-01,3.0,32.0,0.0,32.0,32.0,0
300200558_,290,2025-05-01,494.0,393.0,0.0,393.0,393.0,0
300200559_,291,2025-05-01,207.0,203.0,0.0,203.0,203.0,0
300200560_,292,2025-05-01,62.0,47.0,0.0,47.0,47.0,0
300200561_,293,2025-05-01,-5.0,25.0,0.0,25.0,25.0,0
300200562_,294,2025-05-01,28.0,28.0,0.0,28.0,28.0,0
300200563_,295,2025-05-01,38.0,20.0,0.0,20.0,20.0,0
300200564_,296,2025-05-01,180.0,175.0,0.0,175.0,175.0,0
300200565_,297,2025-05-01,18.0,18.0,0.0,18.0,18.0,0
300200590_,298,2025-05-01,19.0,18.0,0.0,18.0,18.0,0
300200567_,300,2025-05-01,3.0,2.0,0.0,2.0,2.0,0
300200591_,301,2025-05-01,6.0,6.0,0.0,6.0,6.0,0
300200569_,303,2025-05-01,1.0,1.0,0.0,1.0,1.0,0
300200570_,304,2025-05-01,7.0,7.0,0.0,7.0,7.0,0
300200571_,305,2025-05-01,5.0,5.0,0.0,5.0,5.0,0
300200511_,310,2025-05-01,21.0,21.0,0.0,21.0,21.0,0
300200576_,311,2025-05-01,22.0,22.0,0.0,22.0,22.0,0
300200579_,314,2025-05-01,103.0,87.0,0.0,87.0,87.0,0
300200580_,315,2025-05-01,33.0,19.0,0.0,19.0,19.0,0
300200581_,316,2025-05-01,13.0,10.0,0.0,10.0,10.0,0
300200582_,317,2025-05-01,12.0,10.0,0.0,10.0,10.0,0
300200584_,319,2025-05-01,4.0,4.0,0.0,4.0,4.0,0
300200343_,320,2025-05-01,1874.0,1753.0,0.0,1753.0,1753.0,0
020100163_,321,2025-05-01,21.0,21.0,0.0,21.0,21.0,0
300200459_,322,2025-05-01,48.0,115.0,0.0,115.0,115.0,0
020100158_,323,2025-05-01,310.0,336.0,0.0,336.0,336.0,0
020100159_,324,2025-05-01,14.0,22.0,0.0,22.0,22.0,0
300200460_,325,2025-05-01,48.0,24.0,0.0,24.0,24.0,0
020100160_,326,2025-05-01,222.0,254.0,0.0,254.0,254.0,0
300200461_,328,2025-05-01,30.0,26.0,0.0,26.0,26.0,0
300200472_,329,2025-05-01,89.0,91.0,0.0,91.0,91.0,0
300200462_,330,2025-05-01,133.0,106.0,0.0,106.0,106.0,0
020100162_,332,2025-05-01,54.0,53.0,0.0,53.0,53.0,0
300200772_,333,2025-05-01,13.0,13.0,0.0,13.0,13.0,0
300200468_,334,2025-05-01,34.0,33.0,0.0,33.0,33.0,0
300200515_,335,2025-05-01,170.0,161.0,0.0,161.0,161.0,0
300200518_,336,2025-05-01,12.0,30.0,0.0,30.0,30.0,0
300200516_,337,2025-05-01,53.0,87.0,0.0,87.0,87.0,0
300200471_,338,2025-05-01,7.0,7.0,0.0,7.0,7.0,0
300200463_,340,2025-05-01,1177.0,1137.0,0.0,1137.0,1137.0,0
300200464_,341,2025-05-01,768.0,833.0,0.0,833.0,833.0,0
300200465_,342,2025-05-01,290.0,333.0,0.0,333.0,333.0,0
300200466_,343,2025-05-01,51.0,65.0,0.0,65.0,65.0,0
300200467_,344,2025-05-01,13.0,9.0,0.0,9.0,9.0,0
300200519_,345,2025-05-01,78.0,71.0,0.0,71.0,71.0,0
300200775_,346,2025-05-01,,5.0,0.0,5.0,5.0,0
300200779_,348,2025-05-01,38.0,34.0,0.0,34.0,34.0,0
300200782_,349,2025-05-01,4.0,5.0,0.0,5.0,5.0,0
300100012_,354,2025-05-01,,2.0,0.0,2.0,2.0,0
030200036_,365,2025-05-01,,114.0,0.0,114.0,114.0,0
030200038_,366,2025-05-01,,271.0,0.0,271.0,271.0,0
030200037_,367,2025-05-01,,640.0,0.0,640.0,640.0,0
030200039_,368,2025-05-01,,121.0,0.0,121.0,121.0,0
030200028_,369,2025-05-01,,840.0,0.0,840.0,840.0,0
030200029_,370,2025-05-01,,2445.0,0.0,2445.0,2445.0,0
030200032_,371,2025-05-01,,1764.0,0.0,1764.0,1764.0,0
030200034_,372,2025-05-01,82.0,2090.0,0.0,2090.0,2090.0,0
030200239_,373,2025-05-01,,560.0,0.0,560.0,560.0,0
030200240_,374,2025-05-01,16.0,657.0,0.0,657.0,657.0,0
030200175_,384,2025-05-01,5.0,5.0,0.0,5.0,5.0,0
030200247_,386,2025-05-01,3.0,3.0,0.0,3.0,3.0,0
030200243_,388,2025-05-01,4.0,4.0,0.0,4.0,4.0,0
030200249_,392,2025-05-01,2.0,2.0,0.0,2.0,2.0,0
030200256_,395,2025-05-01,77.0,77.0,0.0,77.0,77.0,0
030200257_,396,2025-05-01,50.0,50.0,0.0,50.0,50.0,0
030200258_,397,2025-05-01,11.0,11.0,0.0,11.0,11.0,0
030200263_,398,2025-05-01,2.0,2.0,0.0,2.0,2.0,0
030200250_,403,2025-05-01,2.0,2.0,0.0,2.0,2.0,0
030200251_,404,2025-05-01,9.0,9.0,0.0,9.0,9.0,0
030200252_,405,2025-05-01,2.0,2.0,0.0,2.0,2.0,0
030200253_,406,2025-05-01,7.0,7.0,0.0,7.0,7.0,0
030200254_,407,2025-05-01,3.0,3.0,0.0,3.0,3.0,0
300200331_,408,2025-05-01,1892.0,2034.0,0.0,2034.0,2034.0,0
300200296_,409,2025-05-01,506.0,488.0,0.0,488.0,488.0,0
300200283_,410,2025-05-01,66.0,59.0,0.0,59.0,59.0,0
300200302_,411,2025-05-01,105.0,415.0,0.0,415.0,415.0,0
300200333_,412,2025-05-01,1030.0,1075.0,0.0,1075.0,1075.0,0
300200288_,413,2025-05-01,45.0,40.0,0.0,40.0,40.0,0
300200284_,414,2025-05-01,119.0,218.0,0.0,218.0,218.0,0
300200293_,416,2025-05-01,309.0,274.0,0.0,274.0,274.0,0
300200289_,417,2025-05-01,322.0,367.0,0.0,367.0,367.0,0
300200290_,418,2025-05-01,12.0,2.0,0.0,2.0,2.0,0
300200291_,419,2025-05-01,69.0,83.0,0.0,83.0,83.0,0
300200297_,420,2025-05-01,681.0,972.0,0.0,972.0,972.0,0
300200298_,421,2025-05-01,1078.0,972.0,0.0,972.0,972.0,0
300200294_,423,2025-05-01,56.0,61.0,0.0,61.0,61.0,0
300200286_,424,2025-05-01,7671.0,8242.0,0.0,8242.0,8242.0,0
300200332_,425,2025-05-01,813.0,789.0,0.0,789.0,789.0,0
300200301_,426,2025-05-01,417.0,480.0,0.0,480.0,480.0,0
300200287_,427,2025-05-01,2.0,2.0,0.0,2.0,2.0,0
300200700_,428,2025-05-01,105.0,146.0,0.0,146.0,146.0,0
300200295_,429,2025-05-01,71.0,71.0,0.0,71.0,71.0,0
300200292_,430,2025-05-01,17.0,27.0,0.0,27.0,27.0,0
300200312_,432,2025-05-01,9.0,9.0,0.0,9.0,9.0,0
300200303_,433,2025-05-01,5786.0,5848.0,0.0,5848.0,5848.0,0
300200304_,434,2025-05-01,2020.0,2390.0,0.0,2390.0,2390.0,0
300200305_,435,2025-05-01,891.0,991.0,0.0,991.0,991.0,0
300200306_,436,2025-05-01,313.0,408.0,0.0,408.0,408.0,0
300200307_,437,2025-05-01,35.0,54.0,0.0,54.0,54.0,0
300200310_,438,2025-05-01,2.0,22.0,0.0,22.0,22.0,0
300200311_,439,2025-05-01,137.0,305.0,0.0,305.0,305.0,0
300200308_,440,2025-05-01,21.0,13.0,0.0,13.0,13.0,0
300200309_,441,2025-05-01,15.0,13.0,0.0,13.0,13.0,0
300200313_,442,2025-05-01,88.0,71.0,0.0,71.0,71.0,0
300200498_,443,2025-05-01,311.0,286.0,0.0,286.0,286.0,0
ATN000108,444,2025-05-01,1.0,1.0,0.0,1.0,1.0,0
300200314_,445,2025-05-01,6.0,1.0,0.0,1.0,1.0,0
300200771_,448,2025-05-01,24.0,59.0,0.0,59.0,59.0,0
300200316_,449,2025-05-01,,228.0,0.0,228.0,228.0,0
300200959_,450,2025-05-01,24.0,26.0,0.0,26.0,26.0,0
300200317_,451,2025-05-01,69.0,201.0,0.0,201.0,201.0,0
300200318_,454,2025-05-01,42.0,13.0,0.0,13.0,13.0,0
300200319_,456,2025-05-01,435.0,619.0,0.0,619.0,619.0,0
300200320_,457,2025-05-01,127.0,151.0,0.0,151.0,151.0,0
300200321_,458,2025-05-01,26.0,252.0,0.0,252.0,252.0,0
300200322_,459,2025-05-01,73.0,203.0,0.0,203.0,203.0,0
300200323_,460,2025-05-01,633.0,536.0,0.0,536.0,536.0,0
300200324_,461,2025-05-01,1089.0,1726.0,0.0,1726.0,1726.0,0
300200325_,462,2025-05-01,39.0,55.0,0.0,55.0,55.0,0
300200326_,463,2025-05-01,262.0,269.0,0.0,269.0,269.0,0
300200327_,464,2025-05-01,16.0,39.0,0.0,39.0,39.0,0
300200328_,465,2025-05-01,142.0,245.0,0.0,245.0,245.0,0
300200330_,466,2025-05-01,2.0,2.0,0.0,2.0,2.0,0
300200430_,470,2025-05-01,25.0,45.0,0.0,45.0,45.0,0
300200588_,471,2025-05-01,107.0,83.0,0.0,83.0,83.0,0
300200443_,472,2025-05-01,30.0,30.0,0.0,30.0,30.0,0
300200432_,473,2025-05-01,57.0,69.0,0.0,69.0,69.0,0
300200444_,474,2025-05-01,40.0,40.0,0.0,40.0,40.0,0
300200449_,475,2025-05-01,18.0,20.0,0.0,20.0,20.0,0
300200433_,477,2025-05-01,23.0,14.0,0.0,14.0,14.0,0
300200439_,478,2025-05-01,26.0,23.0,0.0,23.0,23.0,0
300200448_,480,2025-05-01,1.0,1.0,0.0,1.0,1.0,0
300200436_,482,2025-05-01,201.0,176.0,0.0,176.0,176.0,0
300200431_,483,2025-05-01,22.0,10.0,0.0,10.0,10.0,0
300200434_,485,2025-05-01,10.0,10.0,0.0,10.0,10.0,0
300200429_,486,2025-05-01,14.0,14.0,0.0,14.0,14.0,0
300200632_,487,2025-05-01,110.0,110.0,0.0,110.0,110.0,0
300200435_,490,2025-05-01,538.0,464.0,0.0,464.0,464.0,0
300200437_,491,2025-05-01,259.0,202.0,0.0,202.0,202.0,0
300200438_,492,2025-05-01,39.0,28.0,0.0,28.0,28.0,0
300200440_,493,2025-05-01,27.0,20.0,0.0,20.0,20.0,0
300200445_,494,2025-05-01,12.0,10.0,0.0,10.0,10.0,0
300200446_,495,2025-05-01,12.0,12.0,0.0,12.0,12.0,0
300200592_,497,2025-05-01,98.0,76.0,0.0,76.0,76.0,0
300200366_,498,2025-05-01,44.0,44.0,0.0,44.0,44.0,0
300200595_,500,2025-05-01,10.0,10.0,0.0,10.0,10.0,0
300200718_,502,2025-05-01,761.0,675.0,0.0,675.0,675.0,0
300200719_,503,2025-05-01,10.0,10.0,0.0,10.0,10.0,0
300200720_,504,2025-05-01,23.0,9.0,0.0,9.0,9.0,0
300200722_,506,2025-05-01,17.0,8.0,0.0,8.0,8.0,0
300200777_,507,2025-05-01,41.0,36.0,0.0,36.0,36.0,0
300200724_,509,2025-05-01,12.0,12.0,0.0,12.0,12.0,0
300200725_,510,2025-05-01,20.0,20.0,0.0,20.0,20.0,0
300200726_,511,2025-05-01,34.0,34.0,0.0,34.0,34.0,0
300200731_,516,2025-05-01,5.0,5.0,0.0,5.0,5.0,0
300200735_,521,2025-05-01,324.0,312.0,0.0,312.0,312.0,0
300200736_,522,2025-05-01,203.0,163.0,0.0,163.0,163.0,0
300200737_,523,2025-05-01,49.0,46.0,0.0,46.0,46.0,0
300200738_,524,2025-05-01,50.0,47.0,0.0,47.0,47.0,0
300200742_,525,2025-05-01,101.0,94.0,0.0,94.0,94.0,0
300200739_,526,2025-05-01,5.0,5.0,0.0,5.0,5.0,0
300200743_,527,2025-05-01,13.0,6.0,0.0,6.0,6.0,0
300200740_,528,2025-05-01,16.0,14.0,0.0,14.0,14.0,0
300200741_,529,2025-05-01,100.0,100.0,0.0,100.0,100.0,0
300200744_,530,2025-05-01,89.0,274.0,0.0,274.0,274.0,0
300200745_,531,2025-05-01,58.0,33.0,0.0,33.0,33.0,0
300200746_,532,2025-05-01,119.0,147.0,0.0,147.0,147.0,0
300200749_,535,2025-05-01,62.0,49.0,0.0,49.0,49.0,0
300200750_,536,2025-05-01,30.0,19.0,0.0,19.0,19.0,0
300200751_,537,2025-05-01,126.0,100.0,0.0,100.0,100.0,0
300200752_,538,2025-05-01,58.0,38.0,0.0,38.0,38.0,0
300200753_,539,2025-05-01,45.0,41.0,0.0,41.0,41.0,0
300200754_,540,2025-05-01,7.0,7.0,0.0,7.0,7.0,0
300200755_,541,2025-05-01,5.0,2.0,0.0,2.0,2.0,0
030200226_,543,2025-05-01,30.0,26.0,0.0,26.0,26.0,0
030200223_,544,2025-05-01,1276.0,2481.0,0.0,2481.0,2481.0,0
030200227_,545,2025-05-01,281.0,266.0,0.0,266.0,266.0,0
030200225_,546,2025-05-01,968.0,1879.0,0.0,1879.0,1879.0,0
030200224_,547,2025-05-01,3608.0,5286.0,0.0,5286.0,5286.0,0
030200221_,548,2025-05-01,1909.0,8420.0,0.0,8420.0,8420.0,0
030200222_,549,2025-05-01,341.0,1083.0,0.0,1083.0,1083.0,0
300200473_,550,2025-05-01,,6.0,0.0,6.0,6.0,0
ATN000446,551,2025-05-01,3.0,3.0,0.0,3.0,3.0,0
130300026_,553,2025-05-01,1010.0,1182.0,0.0,1182.0,1182.0,0
130300027_,554,2025-05-01,1024.0,1224.0,0.0,1224.0,1224.0,0
130300028_,555,2025-05-01,444.0,680.0,0.0,680.0,680.0,0
030200203_,556,2025-05-01,1609.0,5835.0,0.0,5835.0,5835.0,0
030200072_,8,2025-06-01,3.0,3.0,0.0,3.0,3.0,0
030200093_,9,2025-06-01,,5.0,0.0,5.0,5.0,0
030200136_,11,2025-06-01,,5.0,0.0,5.0,5.0,0
030200090_,14,2025-06-01,1.0,1.0,0.0,1.0,1.0,0
030200142_,16,2025-06-01,,1.0,0.0,1.0,1.0,0
280300174_,17,2025-06-01,764.0,3317.0,0.0,3317.0,3317.0,0
030300013_,18,2025-06-01,,11034.0,0.0,11034.0,11034.0,0
030200220_,19,2025-06-01,2328.0,2826.0,0.0,2826.0,2826.0,0
030200219_,20,2025-06-01,5211.0,6718.0,0.0,6718.0,6718.0,0
030300078_,21,2025-06-01,40.0,40.0,0.0,40.0,40.0,0
030300014_,22,2025-06-01,,18032.0,0.0,18032.0,18032.0,0
030200193_,23,2025-06-01,25136.0,24066.0,0.0,24066.0,24066.0,0
030200192_,25,2025-06-01,62934.0,57540.0,0.0,57540.0,57540.0,0
030200201_,26,2025-06-01,19636.0,24592.0,0.0,24592.0,24592.0,0
300200428_,27,2025-06-01,413.0,448.0,0.0,448.0,448.0,0
300201148_,32,2025-06-01,83.0,138.0,0.0,138.0,138.0,0
300201149_,33,2025-06-01,79.0,128.0,0.0,128.0,128.0,0
300201150_,34,2025-06-01,59.0,111.0,0.0,111.0,111.0,0
300201151_,35,2025-06-01,66.0,96.0,0.0,96.0,96.0,0
300201152_,36,2025-06-01,33.0,66.0,0.0,66.0,66.0,0
300201153_,37,2025-06-01,54.0,101.0,0.0,101.0,101.0,0
300201154_,38,2025-06-01,18.0,28.0,0.0,28.0,28.0,0
300201155_,39,2025-06-01,31.0,45.0,0.0,45.0,45.0,0
300200968_,40,2025-06-01,62.0,103.0,0.0,103.0,103.0,0
300200967_,41,2025-06-01,75.0,92.0,0.0,92.0,92.0,0
300200413_,42,2025-06-01,12.0,14.0,0.0,14.0,14.0,0
010400436_,43,2025-06-01,77.0,109.0,0.0,109.0,109.0,0
010400432_,44,2025-06-01,7.0,7.0,0.0,7.0,7.0,0
010400440_,45,2025-06-01,40.0,37.0,0.0,37.0,37.0,0
010400444_,46,2025-06-01,104.0,100.0,0.0,100.0,100.0,0
010400447_,47,2025-06-01,47.0,54.0,0.0,54.0,54.0,0
010400433_,48,2025-06-01,11.0,10.0,0.0,10.0,10.0,0
010400437_,49,2025-06-01,35.0,35.0,0.0,35.0,35.0,0
010400441_,50,2025-06-01,18.0,16.0,0.0,16.0,16.0,0
010400445_,51,2025-06-01,48.0,45.0,0.0,45.0,45.0,0
010400448_,52,2025-06-01,26.0,24.0,0.0,24.0,24.0,0
300200784_,53,2025-06-01,40.0,50.0,0.0,50.0,50.0,0
300200785_,54,2025-06-01,20.0,20.0,0.0,20.0,20.0,0
300200790_,59,2025-06-01,10.0,10.0,0.0,10.0,10.0,0
300200791_,60,2025-06-01,12.0,12.0,0.0,12.0,12.0,0
300200795_,64,2025-06-01,1.0,21.0,0.0,21.0,21.0,0
300200810_,79,2025-06-01,120.0,172.0,0.0,172.0,172.0,0
300200811_,80,2025-06-01,,60.0,0.0,60.0,60.0,0
300200812_,81,2025-06-01,37.0,26.0,0.0,26.0,26.0,0
300200814_,83,2025-06-01,112.0,112.0,0.0,112.0,112.0,0
300200816_,85,2025-06-01,2.0,2.0,0.0,2.0,2.0,0
300200817_,86,2025-06-01,34.0,34.0,0.0,34.0,34.0,0
300200820_,89,2025-06-01,2.0,2.0,0.0,2.0,2.0,0
300200821_,90,2025-06-01,86.0,107.0,0.0,107.0,107.0,0
300200822_,91,2025-06-01,19.0,39.0,0.0,39.0,39.0,0
300200823_,92,2025-06-01,15.0,14.0,0.0,14.0,14.0,0
300200824_,93,2025-06-01,6.0,6.0,0.0,6.0,6.0,0
300200826_,95,2025-06-01,50.0,50.0,0.0,50.0,50.0,0
300200827_,96,2025-06-01,1.0,1.0,0.0,1.0,1.0,0
300200832_,101,2025-06-01,2.0,2.0,0.0,2.0,2.0,0
300200833_,102,2025-06-01,40.0,36.0,0.0,36.0,36.0,0
300200835_,104,2025-06-01,35.0,33.0,0.0,33.0,33.0,0
300200837_,106,2025-06-01,1.0,1.0,0.0,1.0,1.0,0
300200838_,107,2025-06-01,10.0,12.0,0.0,12.0,12.0,0
300200839_,108,2025-06-01,34.0,34.0,0.0,34.0,34.0,0
300200840_,109,2025-06-01,2.0,2.0,0.0,2.0,2.0,0
300200842_,111,2025-06-01,229.0,229.0,0.0,229.0,229.0,0
300200843_,112,2025-06-01,12.0,1.0,0.0,1.0,1.0,0
300200844_,113,2025-06-01,10.0,10.0,0.0,10.0,10.0,0
300200846_,115,2025-06-01,100.0,86.0,0.0,86.0,86.0,0
300200847_,116,2025-06-01,46.0,46.0,0.0,46.0,46.0,0
300200848_,117,2025-06-01,23.0,23.0,0.0,23.0,23.0,0
300200849_,118,2025-06-01,18.0,17.0,0.0,17.0,17.0,0
300200850_,119,2025-06-01,6.0,6.0,0.0,6.0,6.0,0
300200851_,120,2025-06-01,13.0,13.0,0.0,13.0,13.0,0
300200853_,122,2025-06-01,8.0,8.0,0.0,8.0,8.0,0
300200855_,124,2025-06-01,4.0,4.0,0.0,4.0,4.0,0
300200856_,125,2025-06-01,275.0,274.0,0.0,274.0,274.0,0
300200857_,126,2025-06-01,62.0,62.0,0.0,62.0,62.0,0
300200859_,128,2025-06-01,35.0,35.0,0.0,35.0,35.0,0
300200861_,130,2025-06-01,32.0,37.0,0.0,37.0,37.0,0
300200862_,131,2025-06-01,32.0,32.0,0.0,32.0,32.0,0
300200863_,132,2025-06-01,19.0,19.0,0.0,19.0,19.0,0
300200864_,133,2025-06-01,2.0,3.0,0.0,3.0,3.0,0
300200865_,134,2025-06-01,70.0,180.0,0.0,180.0,180.0,0
300200866_,135,2025-06-01,1.0,1.0,0.0,1.0,1.0,0
300200867_,136,2025-06-01,10.0,10.0,0.0,10.0,10.0,0
300200868_,137,2025-06-01,152.0,172.0,0.0,172.0,172.0,0
300200869_,138,2025-06-01,90.0,148.0,0.0,148.0,148.0,0
300200870_,139,2025-06-01,39.0,39.0,0.0,39.0,39.0,0
300200871_,140,2025-06-01,23.0,23.0,0.0,23.0,23.0,0
300200872_,141,2025-06-01,10.0,10.0,0.0,10.0,10.0,0
300200873_,142,2025-06-01,110.0,110.0,0.0,110.0,110.0,0
300200875_,144,2025-06-01,9.0,9.0,0.0,9.0,9.0,0
300200878_,147,2025-06-01,8.0,8.0,0.0,8.0,8.0,0
300200879_,148,2025-06-01,5.0,6.0,0.0,6.0,6.0,0
300200881_,150,2025-06-01,2.0,2.0,0.0,2.0,2.0,0
300200883_,152,2025-06-01,3.0,3.0,0.0,3.0,3.0,0
300200887_,156,2025-06-01,105.0,105.0,0.0,105.0,105.0,0
300200888_,157,2025-06-01,10.0,10.0,0.0,10.0,10.0,0
300200890_,159,2025-06-01,6.0,6.0,0.0,6.0,6.0,0
300200892_,160,2025-06-01,8.0,8.0,0.0,8.0,8.0,0
300200893_,161,2025-06-01,3.0,3.0,0.0,3.0,3.0,0
300200894_,162,2025-06-01,2.0,2.0,0.0,2.0,2.0,0
300200898_,166,2025-06-01,11.0,11.0,0.0,11.0,11.0,0
300200899_,167,2025-06-01,25.0,25.0,0.0,25.0,25.0,0
300200900_,168,2025-06-01,5.0,5.0,0.0,5.0,5.0,0
300200901_,169,2025-06-01,12.0,12.0,0.0,12.0,12.0,0
300200903_,171,2025-06-01,8.0,8.0,0.0,8.0,8.0,0
300200905_,173,2025-06-01,8.0,8.0,0.0,8.0,8.0,0
300200909_,177,2025-06-01,2.0,2.0,0.0,2.0,2.0,0
300200910_,178,2025-06-01,135.0,145.0,0.0,145.0,145.0,0
300200912_,180,2025-06-01,9.0,9.0,0.0,9.0,9.0,0
300200916_,184,2025-06-01,3.0,3.0,0.0,3.0,3.0,0
300200917_,185,2025-06-01,10.0,10.0,0.0,10.0,10.0,0
300200919_,187,2025-06-01,1.0,1.0,0.0,1.0,1.0,0
300200921_,189,2025-06-01,98.0,98.0,0.0,98.0,98.0,0
300200922_,190,2025-06-01,5.0,5.0,0.0,5.0,5.0,0
300200923_,191,2025-06-01,3.0,3.0,0.0,3.0,3.0,0
300200924_,192,2025-06-01,2.0,2.0,0.0,2.0,2.0,0
300200925_,193,2025-06-01,1.0,1.0,0.0,1.0,1.0,0
300200926_,194,2025-06-01,15.0,15.0,0.0,15.0,15.0,0
300200929_,197,2025-06-01,1.0,1.0,0.0,1.0,1.0,0
300200932_,200,2025-06-01,3.0,3.0,0.0,3.0,3.0,0
300200933_,201,2025-06-01,78.0,78.0,0.0,78.0,78.0,0
300200934_,202,2025-06-01,5.0,5.0,0.0,5.0,5.0,0
300200936_,204,2025-06-01,36.0,36.0,0.0,36.0,36.0,0
300200939_,207,2025-06-01,27.0,27.0,0.0,27.0,27.0,0
300200943_,211,2025-06-01,5.0,5.0,0.0,5.0,5.0,0
300200945_,213,2025-06-01,44.0,45.0,0.0,45.0,45.0,0
300200946_,214,2025-06-01,25.0,25.0,0.0,25.0,25.0,0
300200947_,215,2025-06-01,9.0,9.0,0.0,9.0,9.0,0
300200948_,216,2025-06-01,2.0,2.0,0.0,2.0,2.0,0
300200950_,218,2025-06-01,2.0,2.0,0.0,2.0,2.0,0
300200953_,221,2025-06-01,3.0,3.0,0.0,3.0,3.0,0
300200371_,224,2025-06-01,12.0,32.0,0.0,32.0,32.0,0
300200420_,225,2025-06-01,3.0,3.0,0.0,3.0,3.0,0
300200375_,226,2025-06-01,23.0,53.0,0.0,53.0,53.0,0
300200422_,227,2025-06-01,2.0,2.0,0.0,2.0,2.0,0
300200363_,228,2025-06-01,11.0,11.0,0.0,11.0,11.0,0
300200368_,229,2025-06-01,19.0,19.0,0.0,19.0,19.0,0
300200367_,230,2025-06-01,43.0,53.0,0.0,53.0,53.0,0
300200424_,232,2025-06-01,1.0,1.0,0.0,1.0,1.0,0
300200372_,233,2025-06-01,36.0,36.0,0.0,36.0,36.0,0
300200373_,234,2025-06-01,15.0,15.0,0.0,15.0,15.0,0
300200365_,236,2025-06-01,480.0,700.0,0.0,700.0,700.0,0
300200364_,237,2025-06-01,72.0,72.0,0.0,72.0,72.0,0
300200374_,238,2025-06-01,,90.0,0.0,90.0,90.0,0
300200370_,239,2025-06-01,1.0,1.0,0.0,1.0,1.0,0
300200425_,240,2025-06-01,5.0,5.0,0.0,5.0,5.0,0
300200376_,242,2025-06-01,299.0,359.0,0.0,359.0,359.0,0
300200377_,243,2025-06-01,136.0,156.0,0.0,156.0,156.0,0
300200378_,244,2025-06-01,73.0,73.0,0.0,73.0,73.0,0
300200379_,245,2025-06-01,21.0,21.0,0.0,21.0,21.0,0
300200380_,246,2025-06-01,,10.0,0.0,10.0,10.0,0
300200421_,247,2025-06-01,28.0,28.0,0.0,28.0,28.0,0
300200520_,249,2025-06-01,35.0,34.0,0.0,34.0,34.0,0
300200521_,250,2025-06-01,,5.0,0.0,5.0,5.0,0
300200523_,252,2025-06-01,6.0,6.0,0.0,6.0,6.0,0
300200526_,255,2025-06-01,1.0,1.0,0.0,1.0,1.0,0
300200530_,258,2025-06-01,,30.0,0.0,30.0,30.0,0
300200531_,259,2025-06-01,20.0,20.0,0.0,20.0,20.0,0
300200533_,261,2025-06-01,2.0,2.0,0.0,2.0,2.0,0
300200536_,264,2025-06-01,84.0,92.0,0.0,92.0,92.0,0
300200537_,265,2025-06-01,43.0,42.0,0.0,42.0,42.0,0
300200538_,266,2025-06-01,6.0,6.0,0.0,6.0,6.0,0
300200539_,267,2025-06-01,1.0,1.0,0.0,1.0,1.0,0
300200540_,268,2025-06-01,1.0,1.0,0.0,1.0,1.0,0
300200542_,270,2025-06-01,499.0,487.0,0.0,487.0,487.0,0
300200704_,272,2025-06-01,98.0,70.0,0.0,70.0,70.0,0
300200543_,273,2025-06-01,57.0,52.0,0.0,52.0,52.0,0
300200544_,274,2025-06-01,2.0,1.0,0.0,1.0,1.0,0
300200545_,275,2025-06-01,25.0,11.0,0.0,11.0,11.0,0
300200593_,276,2025-06-01,68.0,67.0,0.0,67.0,67.0,0
300200547_,278,2025-06-01,8.0,8.0,0.0,8.0,8.0,0
300200548_,279,2025-06-01,29.0,26.0,0.0,26.0,26.0,0
300200549_,280,2025-06-01,36.0,36.0,0.0,36.0,36.0,0
300200773_,283,2025-06-01,2.0,2.0,0.0,2.0,2.0,0
300200552_,284,2025-06-01,77.0,72.0,0.0,72.0,72.0,0
300200553_,285,2025-06-01,77.0,63.0,0.0,63.0,63.0,0
300200555_,287,2025-06-01,4.0,91.0,0.0,91.0,91.0,0
300200556_,288,2025-06-01,6.0,6.0,0.0,6.0,6.0,0
300200557_,289,2025-06-01,6.0,6.0,0.0,6.0,6.0,0
300200558_,290,2025-06-01,313.0,323.0,0.0,323.0,323.0,0
300200559_,291,2025-06-01,121.0,157.0,0.0,157.0,157.0,0
300200560_,292,2025-06-01,83.0,77.0,0.0,77.0,77.0,0
300200561_,293,2025-06-01,32.0,36.0,0.0,36.0,36.0,0
300200562_,294,2025-06-01,5.0,10.0,0.0,10.0,10.0,0
300200563_,295,2025-06-01,50.0,47.0,0.0,47.0,47.0,0
300200564_,296,2025-06-01,285.0,365.0,0.0,365.0,365.0,0
300200565_,297,2025-06-01,15.0,55.0,0.0,55.0,55.0,0
300200590_,298,2025-06-01,4.0,4.0,0.0,4.0,4.0,0
300200567_,300,2025-06-01,9.0,19.0,0.0,19.0,19.0,0
300200591_,301,2025-06-01,8.0,8.0,0.0,8.0,8.0,0
300200569_,303,2025-06-01,1.0,1.0,0.0,1.0,1.0,0
300200570_,304,2025-06-01,1.0,16.0,0.0,16.0,16.0,0
300200571_,305,2025-06-01,6.0,46.0,0.0,46.0,46.0,0
300200574_,308,2025-06-01,5.0,5.0,0.0,5.0,5.0,0
300200575_,309,2025-06-01,1.0,1.0,0.0,1.0,1.0,0
300200576_,311,2025-06-01,2.0,40.0,0.0,40.0,40.0,0
300200577_,313,2025-06-01,1.0,1.0,0.0,1.0,1.0,0
300200579_,314,2025-06-01,35.0,95.0,0.0,95.0,95.0,0
300200580_,315,2025-06-01,27.0,27.0,0.0,27.0,27.0,0
300200581_,316,2025-06-01,64.0,79.0,0.0,79.0,79.0,0
300200582_,317,2025-06-01,2.0,7.0,0.0,7.0,7.0,0
300200583_,318,2025-06-01,,10.0,0.0,10.0,10.0,0
300200343_,320,2025-06-01,1938.0,2445.0,0.0,2445.0,2445.0,0
020100163_,321,2025-06-01,115.0,151.0,0.0,151.0,151.0,0
300200459_,322,2025-06-01,83.0,134.0,0.0,134.0,134.0,0
020100158_,323,2025-06-01,441.0,515.0,0.0,515.0,515.0,0
020100159_,324,2025-06-01,34.0,34.0,0.0,34.0,34.0,0
300200460_,325,2025-06-01,73.0,169.0,0.0,169.0,169.0,0
020100160_,326,2025-06-01,233.0,291.0,0.0,291.0,291.0,0
020100161_,327,2025-06-01,12.0,12.0,0.0,12.0,12.0,0
300200461_,328,2025-06-01,27.0,35.0,0.0,35.0,35.0,0
300200472_,329,2025-06-01,155.0,158.0,0.0,158.0,158.0,0
300200462_,330,2025-06-01,95.0,86.0,0.0,86.0,86.0,0
020100162_,332,2025-06-01,17.0,13.0,0.0,13.0,13.0,0
300200772_,333,2025-06-01,15.0,13.0,0.0,13.0,13.0,0
300200468_,334,2025-06-01,130.0,161.0,0.0,161.0,161.0,0
300200515_,335,2025-06-01,201.0,220.0,0.0,220.0,220.0,0
300200518_,336,2025-06-01,52.0,52.0,0.0,52.0,52.0,0
300200516_,337,2025-06-01,89.0,423.0,0.0,423.0,423.0,0
300200471_,338,2025-06-01,10.0,39.0,0.0,39.0,39.0,0
300200470_,339,2025-06-01,5.0,5.0,0.0,5.0,5.0,0
300200463_,340,2025-06-01,1237.0,1261.0,0.0,1261.0,1261.0,0
300200464_,341,2025-06-01,396.0,684.0,0.0,684.0,684.0,0
300200465_,342,2025-06-01,156.0,257.0,0.0,257.0,257.0,0
300200466_,343,2025-06-01,90.0,79.0,0.0,79.0,79.0,0
300200467_,344,2025-06-01,15.0,11.0,0.0,11.0,11.0,0
300200519_,345,2025-06-01,72.0,60.0,0.0,60.0,60.0,0
300200781_,347,2025-06-01,1.0,1.0,0.0,1.0,1.0,0
300200779_,348,2025-06-01,29.0,17.0,0.0,17.0,17.0,0
300200782_,349,2025-06-01,9.0,9.0,0.0,9.0,9.0,0
300100006_,352,2025-06-01,2.0,2.0,0.0,2.0,2.0,0
300100003_,353,2025-06-01,1.0,1.0,0.0,1.0,1.0,0
030200030_,363,2025-06-01,,864.0,0.0,864.0,864.0,0
030200031_,364,2025-06-01,,384.0,0.0,384.0,384.0,0
030200036_,365,2025-06-01,,228.0,0.0,228.0,228.0,0
030200034_,372,2025-06-01,,396.0,0.0,396.0,396.0,0
030200239_,373,2025-06-01,,112.0,0.0,112.0,112.0,0
030200240_,374,2025-06-01,,252.0,0.0,252.0,252.0,0
030200027_,378,2025-06-01,17.0,17.0,0.0,17.0,17.0,0
030200191_,383,2025-06-01,4.0,4.0,0.0,4.0,4.0,0
030200245_,390,2025-06-01,1.0,1.0,0.0,1.0,1.0,0
030200248_,391,2025-06-01,1.0,1.0,0.0,1.0,1.0,0
030200249_,392,2025-06-01,1.0,1.0,0.0,1.0,1.0,0
030200258_,397,2025-06-01,2.0,2.0,0.0,2.0,2.0,0
030200250_,403,2025-06-01,1.0,1.0,0.0,1.0,1.0,0
300200331_,408,2025-06-01,1507.0,1525.0,0.0,1525.0,1525.0,0
300200296_,409,2025-06-01,421.0,657.0,0.0,657.0,657.0,0
300200283_,410,2025-06-01,87.0,87.0,0.0,87.0,87.0,0
300200302_,411,2025-06-01,285.0,269.0,0.0,269.0,269.0,0
300200333_,412,2025-06-01,719.0,703.0,0.0,703.0,703.0,0
300200288_,413,2025-06-01,45.0,44.0,0.0,44.0,44.0,0
300200284_,414,2025-06-01,65.0,61.0,0.0,61.0,61.0,0
300200293_,416,2025-06-01,386.0,504.0,0.0,504.0,504.0,0
300200289_,417,2025-06-01,297.0,291.0,0.0,291.0,291.0,0
300200290_,418,2025-06-01,4.0,4.0,0.0,4.0,4.0,0
300200291_,419,2025-06-01,37.0,47.0,0.0,47.0,47.0,0
300200297_,420,2025-06-01,764.0,798.0,0.0,798.0,798.0,0
300200298_,421,2025-06-01,880.0,1040.0,0.0,1040.0,1040.0,0
300200294_,423,2025-06-01,33.0,32.0,0.0,32.0,32.0,0
300200286_,424,2025-06-01,7033.0,7872.0,0.0,7872.0,7872.0,0
300200332_,425,2025-06-01,1298.0,1798.0,0.0,1798.0,1798.0,0
300200301_,426,2025-06-01,236.0,559.0,0.0,559.0,559.0,0
300200287_,427,2025-06-01,5.0,5.0,0.0,5.0,5.0,0
300200700_,428,2025-06-01,192.0,207.0,0.0,207.0,207.0,0
300200295_,429,2025-06-01,48.0,45.0,0.0,45.0,45.0,0
300200292_,430,2025-06-01,25.0,21.0,0.0,21.0,21.0,0
300200312_,432,2025-06-01,8.0,7.0,0.0,7.0,7.0,0
300200303_,433,2025-06-01,4713.0,5506.0,0.0,5506.0,5506.0,0
300200304_,434,2025-06-01,1649.0,2016.0,0.0,2016.0,2016.0,0
300200305_,435,2025-06-01,712.0,697.0,0.0,697.0,697.0,0
300200306_,436,2025-06-01,256.0,260.0,0.0,260.0,260.0,0
300200307_,437,2025-06-01,116.0,114.0,0.0,114.0,114.0,0
300200310_,438,2025-06-01,3.0,3.0,0.0,3.0,3.0,0
300200311_,439,2025-06-01,147.0,144.0,0.0,144.0,144.0,0
300200308_,440,2025-06-01,3.0,3.0,0.0,3.0,3.0,0
300200309_,441,2025-06-01,6.0,6.0,0.0,6.0,6.0,0
300200313_,442,2025-06-01,23.0,141.0,0.0,141.0,141.0,0
300200498_,443,2025-06-01,277.0,314.0,0.0,314.0,314.0,0
300200314_,445,2025-06-01,4.0,44.0,0.0,44.0,44.0,0
ATN000109,446,2025-06-01,14.0,14.0,0.0,14.0,14.0,0
300200315_,447,2025-06-01,5.0,65.0,0.0,65.0,65.0,0
300200771_,448,2025-06-01,12.0,10.0,0.0,10.0,10.0,0
300200316_,449,2025-06-01,2.0,362.0,0.0,362.0,362.0,0
300200959_,450,2025-06-01,39.0,39.0,0.0,39.0,39.0,0
300200317_,451,2025-06-01,23.0,141.0,0.0,141.0,141.0,0
300200346_,453,2025-06-01,,20.0,0.0,20.0,20.0,0
300200318_,454,2025-06-01,69.0,142.0,0.0,142.0,142.0,0
300200319_,456,2025-06-01,327.0,1108.0,0.0,1108.0,1108.0,0
300200320_,457,2025-06-01,81.0,235.0,0.0,235.0,235.0,0
300200321_,458,2025-06-01,85.0,303.0,0.0,303.0,303.0,0
300200322_,459,2025-06-01,190.0,627.0,0.0,627.0,627.0,0
300200323_,460,2025-06-01,483.0,1020.0,0.0,1020.0,1020.0,0
300200324_,461,2025-06-01,759.0,2224.0,0.0,2224.0,2224.0,0
300200325_,462,2025-06-01,43.0,509.0,0.0,509.0,509.0,0
300200326_,463,2025-06-01,248.0,519.0,0.0,519.0,519.0,0
300200327_,464,2025-06-01,30.0,348.0,0.0,348.0,348.0,0
300200328_,465,2025-06-01,319.0,421.0,0.0,421.0,421.0,0
300200430_,470,2025-06-01,100.0,96.0,0.0,96.0,96.0,0
300200588_,471,2025-06-01,131.0,138.0,0.0,138.0,138.0,0
300200443_,472,2025-06-01,11.0,11.0,0.0,11.0,11.0,0
300200432_,473,2025-06-01,11.0,18.0,0.0,18.0,18.0,0
300200449_,475,2025-06-01,-1.0,6.0,0.0,6.0,6.0,0
300200439_,478,2025-06-01,3.0,3.0,0.0,3.0,3.0,0
300200436_,482,2025-06-01,68.0,61.0,0.0,61.0,61.0,0
300200431_,483,2025-06-01,10.0,21.0,0.0,21.0,21.0,0
300200434_,485,2025-06-01,48.0,48.0,0.0,48.0,48.0,0
300200429_,486,2025-06-01,39.0,36.0,0.0,36.0,36.0,0
300200632_,487,2025-06-01,133.0,13.0,0.0,13.0,13.0,0
300200435_,490,2025-06-01,249.0,356.0,0.0,356.0,356.0,0
300200437_,491,2025-06-01,90.0,130.0,0.0,130.0,130.0,0
300200438_,492,2025-06-01,39.0,43.0,0.0,43.0,43.0,0
300200440_,493,2025-06-01,61.0,65.0,0.0,65.0,65.0,0
300200446_,495,2025-06-01,20.0,20.0,0.0,20.0,20.0,0
300200592_,497,2025-06-01,71.0,71.0,0.0,71.0,71.0,0
300200366_,498,2025-06-01,68.0,88.0,0.0,88.0,88.0,0
LNVA105011,499,2025-06-01,10.0,10.0,0.0,10.0,10.0,0
300200595_,500,2025-06-01,7.0,7.0,0.0,7.0,7.0,0
300200718_,502,2025-06-01,548.0,574.0,0.0,574.0,574.0,0
300200720_,504,2025-06-01,14.0,14.0,0.0,14.0,14.0,0
300200721_,505,2025-06-01,11.0,11.0,0.0,11.0,11.0,0
300200722_,506,2025-06-01,36.0,35.0,0.0,35.0,35.0,0
300200777_,507,2025-06-01,60.0,60.0,0.0,60.0,60.0,0
300200723_,508,2025-06-01,3.0,3.0,0.0,3.0,3.0,0
300200724_,509,2025-06-01,8.0,8.0,0.0,8.0,8.0,0
300200725_,510,2025-06-01,27.0,27.0,0.0,27.0,27.0,0
300200726_,511,2025-06-01,24.0,24.0,0.0,24.0,24.0,0
300200727_,512,2025-06-01,9.0,9.0,0.0,9.0,9.0,0
300200728_,513,2025-06-01,5.0,5.0,0.0,5.0,5.0,0
300200729_,514,2025-06-01,12.0,12.0,0.0,12.0,12.0,0
300200730_,515,2025-06-01,24.0,24.0,0.0,24.0,24.0,0
300200731_,516,2025-06-01,2.0,2.0,0.0,2.0,2.0,0
300200732_,517,2025-06-01,4.0,3.0,0.0,3.0,3.0,0
300200778_,518,2025-06-01,10.0,70.0,0.0,70.0,70.0,0
300200733_,519,2025-06-01,10.0,10.0,0.0,10.0,10.0,0
300200735_,521,2025-06-01,251.0,322.0,0.0,322.0,322.0,0
300200736_,522,2025-06-01,110.0,116.0,0.0,116.0,116.0,0
300200737_,523,2025-06-01,50.0,51.0,0.0,51.0,51.0,0
300200738_,524,2025-06-01,24.0,24.0,0.0,24.0,24.0,0
300200742_,525,2025-06-01,60.0,57.0,0.0,57.0,57.0,0
300200739_,526,2025-06-01,2.0,2.0,0.0,2.0,2.0,0
300200743_,527,2025-06-01,30.0,28.0,0.0,28.0,28.0,0
300200740_,528,2025-06-01,36.0,41.0,0.0,41.0,41.0,0
300200741_,529,2025-06-01,110.0,110.0,0.0,110.0,110.0,0
300200744_,530,2025-06-01,158.0,138.0,0.0,138.0,138.0,0
300200745_,531,2025-06-01,52.0,277.0,0.0,277.0,277.0,0
300200746_,532,2025-06-01,39.0,62.0,0.0,62.0,62.0,0
300200748_,534,2025-06-01,6.0,3.0,0.0,3.0,3.0,0
300200749_,535,2025-06-01,49.0,27.0,0.0,27.0,27.0,0
300200750_,536,2025-06-01,14.0,10.0,0.0,10.0,10.0,0
300200751_,537,2025-06-01,45.0,34.0,0.0,34.0,34.0,0
300200752_,538,2025-06-01,107.0,83.0,0.0,83.0,83.0,0
300200753_,539,2025-06-01,13.0,27.0,0.0,27.0,27.0,0
300200754_,540,2025-06-01,11.0,11.0,0.0,11.0,11.0,0
300200755_,541,2025-06-01,9.0,3.0,0.0,3.0,3.0,0
300200497_,542,2025-06-01,,20.0,0.0,20.0,20.0,0
030200226_,543,2025-06-01,44.0,44.0,0.0,44.0,44.0,0
030200223_,544,2025-06-01,659.0,1012.0,0.0,1012.0,1012.0,0
030200227_,545,2025-06-01,155.0,154.0,0.0,154.0,154.0,0
030200225_,546,2025-06-01,1535.0,4479.0,0.0,4479.0,4479.0,0
030200224_,547,2025-06-01,2529.0,2813.0,0.0,2813.0,2813.0,0
030200221_,548,2025-06-01,2086.0,2087.0,0.0,2087.0,2087.0,0
030200222_,549,2025-06-01,868.0,838.0,0.0,838.0,838.0,0
ATN000446,551,2025-06-01,24.0,24.0,0.0,24.0,24.0,0
130300026_,553,2025-06-01,125.0,121.0,0.0,121.0,121.0,0
130300027_,554,2025-06-01,185.0,185.0,0.0,185.0,185.0,0
130300028_,555,2025-06-01,94.0,82.0,0.0,82.0,82.0,0
030200203_,556,2025-06-01,917.0,792.0,0.0,792.0,792.0,0
030200128_,3,2025-07-01,2.0,2.0,0.0,2.0,2.0,0
030200096_,7,2025-07-01,120.0,120.0,0.0,120.0,120.0,0
030200072_,8,2025-07-01,10.0,10.0,0.0,10.0,10.0,0
030200135_,10,2025-07-01,1.0,1.0,0.0,1.0,1.0,0
280300174_,17,2025-07-01,581.0,1040.0,0.0,1040.0,1040.0,0
030300013_,18,2025-07-01,3.0,4785.0,0.0,4785.0,4785.0,0
030200220_,19,2025-07-01,1252.0,3204.0,0.0,3204.0,3204.0,0
030200219_,20,2025-07-01,10609.0,32671.0,0.0,32671.0,32671.0,0
030300078_,21,2025-07-01,60.0,60.0,0.0,60.0,60.0,0
030300014_,22,2025-07-01,601.0,30887.0,0.0,30887.0,30887.0,0
030200193_,23,2025-07-01,23583.0,45087.0,0.0,45087.0,45087.0,0
030200192_,25,2025-07-01,60436.0,237790.0,0.0,237790.0,237790.0,0
030200201_,26,2025-07-01,21655.0,75840.0,0.0,75840.0,75840.0,0
300200428_,27,2025-07-01,379.0,360.0,0.0,360.0,360.0,0
300201148_,32,2025-07-01,38.0,163.0,0.0,163.0,163.0,0
300201149_,33,2025-07-01,28.0,56.0,0.0,56.0,56.0,0
300201150_,34,2025-07-01,2.0,216.0,0.0,216.0,216.0,0
300201151_,35,2025-07-01,12.0,71.0,0.0,71.0,71.0,0
300201152_,36,2025-07-01,67.0,151.0,0.0,151.0,151.0,0
300201153_,37,2025-07-01,38.0,96.0,0.0,96.0,96.0,0
300201154_,38,2025-07-01,6.0,69.0,0.0,69.0,69.0,0
300201155_,39,2025-07-01,31.0,58.0,0.0,58.0,58.0,0
300200968_,40,2025-07-01,100.0,224.0,0.0,224.0,224.0,0
300200967_,41,2025-07-01,71.0,210.0,0.0,210.0,210.0,0
300200413_,42,2025-07-01,1.0,6.0,0.0,6.0,6.0,0
010400436_,43,2025-07-01,84.0,87.0,0.0,87.0,87.0,0
010400432_,44,2025-07-01,5.0,4.0,0.0,4.0,4.0,0
010400440_,45,2025-07-01,42.0,37.0,0.0,37.0,37.0,0
010400444_,46,2025-07-01,114.0,100.0,0.0,100.0,100.0,0
010400447_,47,2025-07-01,90.0,79.0,0.0,79.0,79.0,0
010400433_,48,2025-07-01,18.0,13.0,0.0,13.0,13.0,0
010400437_,49,2025-07-01,60.0,51.0,0.0,51.0,51.0,0
010400441_,50,2025-07-01,17.0,15.0,0.0,15.0,15.0,0
010400445_,51,2025-07-01,49.0,40.0,0.0,40.0,40.0,0
010400448_,52,2025-07-01,40.0,33.0,0.0,33.0,33.0,0
300200784_,53,2025-07-01,69.0,129.0,0.0,129.0,129.0,0
300200785_,54,2025-07-01,16.0,16.0,0.0,16.0,16.0,0
300200787_,56,2025-07-01,1.0,1.0,0.0,1.0,1.0,0
300200790_,59,2025-07-01,8.0,8.0,0.0,8.0,8.0,0
300200793_,62,2025-07-01,1.0,1.0,0.0,1.0,1.0,0
300200795_,64,2025-07-01,35.0,55.0,0.0,55.0,55.0,0
300200796_,65,2025-07-01,18.0,18.0,0.0,18.0,18.0,0
300200797_,66,2025-07-01,8.0,8.0,0.0,8.0,8.0,0
300200798_,67,2025-07-01,2.0,7.0,0.0,7.0,7.0,0
300200800_,69,2025-07-01,9.0,9.0,0.0,9.0,9.0,0
300200803_,72,2025-07-01,4.0,4.0,0.0,4.0,4.0,0
300200810_,79,2025-07-01,91.0,261.0,0.0,261.0,261.0,0
300200811_,80,2025-07-01,28.0,28.0,0.0,28.0,28.0,0
300200812_,81,2025-07-01,-9.0,42.0,0.0,42.0,42.0,0
300200813_,82,2025-07-01,-6.0,1.0,0.0,1.0,1.0,0
300200814_,83,2025-07-01,32.0,105.0,0.0,105.0,105.0,0
300200816_,85,2025-07-01,,7.0,0.0,7.0,7.0,0
300200817_,86,2025-07-01,2.0,32.0,0.0,32.0,32.0,0
300200818_,87,2025-07-01,-4.0,5.0,0.0,5.0,5.0,0
300200821_,90,2025-07-01,41.0,114.0,0.0,114.0,114.0,0
300200822_,91,2025-07-01,9.0,97.0,0.0,97.0,97.0,0
300200823_,92,2025-07-01,-3.0,22.0,0.0,22.0,22.0,0
300200824_,93,2025-07-01,-33.0,7.0,0.0,7.0,7.0,0
300200825_,94,2025-07-01,-3.0,1.0,0.0,1.0,1.0,0
300200826_,95,2025-07-01,10.0,14.0,0.0,14.0,14.0,0
300200828_,97,2025-07-01,,5.0,0.0,5.0,5.0,0
300200832_,101,2025-07-01,-11.0,3.0,0.0,3.0,3.0,0
300200833_,102,2025-07-01,-2.0,88.0,0.0,88.0,88.0,0
300200835_,104,2025-07-01,-5.0,70.0,0.0,70.0,70.0,0
300200838_,107,2025-07-01,3.0,48.0,0.0,48.0,48.0,0
300200839_,108,2025-07-01,-1.0,14.0,0.0,14.0,14.0,0
300200840_,109,2025-07-01,-9.0,1.0,0.0,1.0,1.0,0
300200842_,111,2025-07-01,-23.0,396.0,0.0,396.0,396.0,0
300200844_,113,2025-07-01,,38.0,0.0,38.0,38.0,0
300200845_,114,2025-07-01,-23.0,2.0,0.0,2.0,2.0,0
300200846_,115,2025-07-01,-234.0,151.0,0.0,151.0,151.0,0
300200847_,116,2025-07-01,5.0,122.0,0.0,122.0,122.0,0
300200848_,117,2025-07-01,4.0,45.0,0.0,45.0,45.0,0
300200849_,118,2025-07-01,-6.0,15.0,0.0,15.0,15.0,0
300200850_,119,2025-07-01,-3.0,1.0,0.0,1.0,1.0,0
300200851_,120,2025-07-01,6.0,21.0,0.0,21.0,21.0,0
300200852_,121,2025-07-01,3.0,3.0,0.0,3.0,3.0,0
300200853_,122,2025-07-01,1.0,11.0,0.0,11.0,11.0,0
300200856_,125,2025-07-01,185.0,400.0,0.0,400.0,400.0,0
300200857_,126,2025-07-01,33.0,138.0,0.0,138.0,138.0,0
300200859_,128,2025-07-01,43.0,43.0,0.0,43.0,43.0,0
300200861_,130,2025-07-01,12.0,20.0,0.0,20.0,20.0,0
300200862_,131,2025-07-01,16.0,21.0,0.0,21.0,21.0,0
300200867_,136,2025-07-01,,5.0,0.0,5.0,5.0,0
300200868_,137,2025-07-01,66.0,120.0,0.0,120.0,120.0,0
300200869_,138,2025-07-01,71.0,116.0,0.0,116.0,116.0,0
300200870_,139,2025-07-01,18.0,36.0,0.0,36.0,36.0,0
300200871_,140,2025-07-01,14.0,13.0,0.0,13.0,13.0,0
300200872_,141,2025-07-01,1.0,1.0,0.0,1.0,1.0,0
300200873_,142,2025-07-01,9.0,14.0,0.0,14.0,14.0,0
300200875_,144,2025-07-01,,5.0,0.0,5.0,5.0,0
300200879_,148,2025-07-01,2.0,2.0,0.0,2.0,2.0,0
300200887_,156,2025-07-01,2.0,2.0,0.0,2.0,2.0,0
300200898_,166,2025-07-01,1.0,1.0,0.0,1.0,1.0,0
300200903_,171,2025-07-01,1.0,1.0,0.0,1.0,1.0,0
300200910_,178,2025-07-01,270.0,230.0,0.0,230.0,230.0,0
300200918_,186,2025-07-01,2.0,2.0,0.0,2.0,2.0,0
300200921_,189,2025-07-01,35.0,35.0,0.0,35.0,35.0,0
300200922_,190,2025-07-01,1.0,1.0,0.0,1.0,1.0,0
300200923_,191,2025-07-01,55.0,55.0,0.0,55.0,55.0,0
300200930_,198,2025-07-01,,3.0,0.0,3.0,3.0,0
300200932_,200,2025-07-01,,10.0,0.0,10.0,10.0,0
300200933_,201,2025-07-01,111.0,111.0,0.0,111.0,111.0,0
300200934_,202,2025-07-01,36.0,36.0,0.0,36.0,36.0,0
300200936_,204,2025-07-01,22.0,27.0,0.0,27.0,27.0,0
300200938_,206,2025-07-01,5.0,10.0,0.0,10.0,10.0,0
300200939_,207,2025-07-01,9.0,9.0,0.0,9.0,9.0,0
300200940_,208,2025-07-01,,5.0,0.0,5.0,5.0,0
300200941_,209,2025-07-01,1.0,1.0,0.0,1.0,1.0,0
300200942_,210,2025-07-01,65.0,145.0,0.0,145.0,145.0,0
300200943_,211,2025-07-01,7.0,7.0,0.0,7.0,7.0,0
300200944_,212,2025-07-01,1.0,1.0,0.0,1.0,1.0,0
300200945_,213,2025-07-01,61.0,61.0,0.0,61.0,61.0,0
300200946_,214,2025-07-01,40.0,55.0,0.0,55.0,55.0,0
300200947_,215,2025-07-01,29.0,44.0,0.0,44.0,44.0,0
300200948_,216,2025-07-01,9.0,9.0,0.0,9.0,9.0,0
300200949_,217,2025-07-01,2.0,2.0,0.0,2.0,2.0,0
300200950_,218,2025-07-01,16.0,31.0,0.0,31.0,31.0,0
300200954_,222,2025-07-01,2.0,2.0,0.0,2.0,2.0,0
300200955_,223,2025-07-01,2.0,2.0,0.0,2.0,2.0,0
300200371_,224,2025-07-01,30.0,23.0,0.0,23.0,23.0,0
300200375_,226,2025-07-01,11.0,11.0,0.0,11.0,11.0,0
300200368_,229,2025-07-01,5.0,5.0,0.0,5.0,5.0,0
300200367_,230,2025-07-01,12.0,10.0,0.0,10.0,10.0,0
300200426_,231,2025-07-01,1.0,1.0,0.0,1.0,1.0,0
300200372_,233,2025-07-01,61.0,61.0,0.0,61.0,61.0,0
300200373_,234,2025-07-01,2.0,14.0,0.0,14.0,14.0,0
300200418_,235,2025-07-01,4.0,4.0,0.0,4.0,4.0,0
300200365_,236,2025-07-01,329.0,298.0,0.0,298.0,298.0,0
300200364_,237,2025-07-01,76.0,76.0,0.0,76.0,76.0,0
300200374_,238,2025-07-01,30.0,30.0,0.0,30.0,30.0,0
300200376_,242,2025-07-01,250.0,236.0,0.0,236.0,236.0,0
300200377_,243,2025-07-01,59.0,49.0,0.0,49.0,49.0,0
300200378_,244,2025-07-01,32.0,29.0,0.0,29.0,29.0,0
300200379_,245,2025-07-01,3.0,2.0,0.0,2.0,2.0,0
300200380_,246,2025-07-01,3.0,3.0,0.0,3.0,3.0,0
300200421_,247,2025-07-01,4.0,2.0,0.0,2.0,2.0,0
300200520_,249,2025-07-01,120.0,170.0,0.0,170.0,170.0,0
300200521_,250,2025-07-01,52.0,46.0,0.0,46.0,46.0,0
300200523_,252,2025-07-01,20.0,10.0,0.0,10.0,10.0,0
300200526_,255,2025-07-01,7.0,3.0,0.0,3.0,3.0,0
300200527_,256,2025-07-01,,1.0,0.0,1.0,1.0,0
300200530_,258,2025-07-01,11.0,11.0,0.0,11.0,11.0,0
300200535_,263,2025-07-01,1.0,1.0,0.0,1.0,1.0,0
300200536_,264,2025-07-01,142.0,138.0,0.0,138.0,138.0,0
300200537_,265,2025-07-01,26.0,43.0,0.0,43.0,43.0,0
300200538_,266,2025-07-01,21.0,33.0,0.0,33.0,33.0,0
300200539_,267,2025-07-01,6.0,2.0,0.0,2.0,2.0,0
300200541_,269,2025-07-01,4.0,4.0,0.0,4.0,4.0,0
300200542_,270,2025-07-01,932.0,749.0,0.0,749.0,749.0,0
300200624_,271,2025-07-01,35.0,35.0,0.0,35.0,35.0,0
300200704_,272,2025-07-01,161.0,161.0,0.0,161.0,161.0,0
300200543_,273,2025-07-01,109.0,75.0,0.0,75.0,75.0,0
300200544_,274,2025-07-01,4.0,4.0,0.0,4.0,4.0,0
300200545_,275,2025-07-01,60.0,26.0,0.0,26.0,26.0,0
300200593_,276,2025-07-01,134.0,134.0,0.0,134.0,134.0,0
300200546_,277,2025-07-01,,10.0,0.0,10.0,10.0,0
300200547_,278,2025-07-01,10.0,10.0,0.0,10.0,10.0,0
300200548_,279,2025-07-01,36.0,25.0,0.0,25.0,25.0,0
300200549_,280,2025-07-01,65.0,51.0,0.0,51.0,51.0,0
300200773_,283,2025-07-01,16.0,3.0,0.0,3.0,3.0,0
300200552_,284,2025-07-01,67.0,73.0,0.0,73.0,73.0,0
300200553_,285,2025-07-01,67.0,30.0,0.0,30.0,30.0,0
300200554_,286,2025-07-01,12.0,12.0,0.0,12.0,12.0,0
300200555_,287,2025-07-01,31.0,31.0,0.0,31.0,31.0,0
300200556_,288,2025-07-01,4.0,4.0,0.0,4.0,4.0,0
300200558_,290,2025-07-01,1061.0,980.0,0.0,980.0,980.0,0
300200559_,291,2025-07-01,217.0,178.0,0.0,178.0,178.0,0
300200560_,292,2025-07-01,90.0,100.0,0.0,100.0,100.0,0
300200561_,293,2025-07-01,33.0,30.0,0.0,30.0,30.0,0
300200562_,294,2025-07-01,7.0,8.0,0.0,8.0,8.0,0
300200563_,295,2025-07-01,32.0,30.0,0.0,30.0,30.0,0
300200564_,296,2025-07-01,162.0,137.0,0.0,137.0,137.0,0
300200565_,297,2025-07-01,1.0,1.0,0.0,1.0,1.0,0
300200590_,298,2025-07-01,18.0,13.0,0.0,13.0,13.0,0
300200591_,301,2025-07-01,18.0,15.0,0.0,15.0,15.0,0
300200570_,304,2025-07-01,8.0,6.0,0.0,6.0,6.0,0
300200571_,305,2025-07-01,24.0,17.0,0.0,17.0,17.0,0
300200573_,307,2025-07-01,1.0,1.0,0.0,1.0,1.0,0
300200574_,308,2025-07-01,11.0,11.0,0.0,11.0,11.0,0
300200577_,313,2025-07-01,2.0,2.0,0.0,2.0,2.0,0
300200579_,314,2025-07-01,77.0,68.0,0.0,68.0,68.0,0
300200580_,315,2025-07-01,40.0,32.0,0.0,32.0,32.0,0
300200581_,316,2025-07-01,11.0,10.0,0.0,10.0,10.0,0
300200582_,317,2025-07-01,5.0,3.0,0.0,3.0,3.0,0
300200584_,319,2025-07-01,5.0,1.0,0.0,1.0,1.0,0
300200343_,320,2025-07-01,1769.0,1544.0,0.0,1544.0,1544.0,0
020100163_,321,2025-07-01,116.0,122.0,0.0,122.0,122.0,0
300200459_,322,2025-07-01,211.0,144.0,0.0,144.0,144.0,0
020100158_,323,2025-07-01,292.0,303.0,0.0,303.0,303.0,0
020100159_,324,2025-07-01,29.0,26.0,0.0,26.0,26.0,0
300200460_,325,2025-07-01,69.0,74.0,0.0,74.0,74.0,0
020100160_,326,2025-07-01,144.0,184.0,0.0,184.0,184.0,0
020100161_,327,2025-07-01,34.0,28.0,0.0,28.0,28.0,0
300200461_,328,2025-07-01,33.0,36.0,0.0,36.0,36.0,0
300200472_,329,2025-07-01,79.0,68.0,0.0,68.0,68.0,0
300200462_,330,2025-07-01,72.0,63.0,0.0,63.0,63.0,0
300200517_,331,2025-07-01,6.0,6.0,0.0,6.0,6.0,0
020100162_,332,2025-07-01,10.0,7.0,0.0,7.0,7.0,0
300200772_,333,2025-07-01,8.0,12.0,0.0,12.0,12.0,0
300200468_,334,2025-07-01,118.0,48.0,0.0,48.0,48.0,0
300200515_,335,2025-07-01,138.0,150.0,0.0,150.0,150.0,0
300200518_,336,2025-07-01,4.0,59.0,0.0,59.0,59.0,0
300200516_,337,2025-07-01,117.0,122.0,0.0,122.0,122.0,0
300200471_,338,2025-07-01,13.0,6.0,0.0,6.0,6.0,0
300200463_,340,2025-07-01,1052.0,993.0,0.0,993.0,993.0,0
300200464_,341,2025-07-01,481.0,398.0,0.0,398.0,398.0,0
300200465_,342,2025-07-01,257.0,215.0,0.0,215.0,215.0,0
300200466_,343,2025-07-01,60.0,47.0,0.0,47.0,47.0,0
300200467_,344,2025-07-01,11.0,9.0,0.0,9.0,9.0,0
300200519_,345,2025-07-01,75.0,66.0,0.0,66.0,66.0,0
300200775_,346,2025-07-01,,5.0,0.0,5.0,5.0,0
300200779_,348,2025-07-01,7.0,5.0,0.0,5.0,5.0,0
300100015_,351,2025-07-01,20.0,20.0,0.0,20.0,20.0,0
030200006_,355,2025-07-01,8.0,8.0,0.0,8.0,8.0,0
030200008_,356,2025-07-01,2.0,2.0,0.0,2.0,2.0,0
030200015_,359,2025-07-01,6.0,6.0,0.0,6.0,6.0,0
030200003_,361,2025-07-01,15.0,15.0,0.0,15.0,15.0,0
030200009_,362,2025-07-01,1.0,1.0,0.0,1.0,1.0,0
030200038_,366,2025-07-01,,243.0,0.0,243.0,243.0,0
030200037_,367,2025-07-01,,480.0,0.0,480.0,480.0,0
030200028_,369,2025-07-01,,1344.0,0.0,1344.0,1344.0,0
030200032_,371,2025-07-01,,168.0,0.0,168.0,168.0,0
030200034_,372,2025-07-01,,132.0,0.0,132.0,132.0,0
030200239_,373,2025-07-01,,2576.0,0.0,2576.0,2576.0,0
030200240_,374,2025-07-01,,504.0,0.0,504.0,504.0,0
030200027_,378,2025-07-01,5.0,5.0,0.0,5.0,5.0,0
030200247_,386,2025-07-01,2.0,2.0,0.0,2.0,2.0,0
030200256_,395,2025-07-01,30.0,30.0,0.0,30.0,30.0,0
030200257_,396,2025-07-01,1.0,1.0,0.0,1.0,1.0,0
030200251_,404,2025-07-01,7.0,7.0,0.0,7.0,7.0,0
300200331_,408,2025-07-01,1038.0,1018.0,0.0,1018.0,1018.0,0
300200296_,409,2025-07-01,513.0,589.0,0.0,589.0,589.0,0
300200283_,410,2025-07-01,21.0,20.0,0.0,20.0,20.0,0
300200302_,411,2025-07-01,336.0,384.0,0.0,384.0,384.0,0
300200333_,412,2025-07-01,550.0,661.0,0.0,661.0,661.0,0
300200288_,413,2025-07-01,7.0,5.0,0.0,5.0,5.0,0
300200284_,414,2025-07-01,68.0,99.0,0.0,99.0,99.0,0
300200767_,415,2025-07-01,-1.0,1.0,0.0,1.0,1.0,0
300200293_,416,2025-07-01,226.0,328.0,0.0,328.0,328.0,0
300200289_,417,2025-07-01,335.0,363.0,0.0,363.0,363.0,0
300200291_,419,2025-07-01,46.0,65.0,0.0,65.0,65.0,0
300200297_,420,2025-07-01,848.0,1194.0,0.0,1194.0,1194.0,0
300200298_,421,2025-07-01,1079.0,1154.0,0.0,1154.0,1154.0,0
300200294_,423,2025-07-01,64.0,63.0,0.0,63.0,63.0,0
300200286_,424,2025-07-01,5770.0,6701.0,0.0,6701.0,6701.0,0
300200332_,425,2025-07-01,1157.0,995.0,0.0,995.0,995.0,0
300200301_,426,2025-07-01,897.0,1016.0,0.0,1016.0,1016.0,0
300200287_,427,2025-07-01,9.0,9.0,0.0,9.0,9.0,0
300200700_,428,2025-07-01,221.0,221.0,0.0,221.0,221.0,0
300200295_,429,2025-07-01,20.0,16.0,0.0,16.0,16.0,0
300200292_,430,2025-07-01,5.0,6.0,0.0,6.0,6.0,0
300200303_,433,2025-07-01,3254.0,4384.0,0.0,4384.0,4384.0,0
300200304_,434,2025-07-01,1615.0,2053.0,0.0,2053.0,2053.0,0
300200305_,435,2025-07-01,608.0,708.0,0.0,708.0,708.0,0
300200306_,436,2025-07-01,270.0,308.0,0.0,308.0,308.0,0
300200307_,437,2025-07-01,53.0,68.0,0.0,68.0,68.0,0
300200311_,439,2025-07-01,157.0,360.0,0.0,360.0,360.0,0
300200308_,440,2025-07-01,14.0,20.0,0.0,20.0,20.0,0
300200313_,442,2025-07-01,54.0,293.0,0.0,293.0,293.0,0
300200498_,443,2025-07-01,165.0,166.0,0.0,166.0,166.0,0
300200314_,445,2025-07-01,47.0,47.0,0.0,47.0,47.0,0
ATN000109,446,2025-07-01,4.0,2.0,0.0,2.0,2.0,0
300200315_,447,2025-07-01,20.0,240.0,0.0,240.0,240.0,0
300200771_,448,2025-07-01,31.0,35.0,0.0,35.0,35.0,0
300200316_,449,2025-07-01,8.0,608.0,0.0,608.0,608.0,0
300200959_,450,2025-07-01,20.0,17.0,0.0,17.0,17.0,0
300200317_,451,2025-07-01,342.0,582.0,0.0,582.0,582.0,0
300200496_,452,2025-07-01,80.0,80.0,0.0,80.0,80.0,0
300200346_,453,2025-07-01,,20.0,0.0,20.0,20.0,0
300200318_,454,2025-07-01,82.0,82.0,0.0,82.0,82.0,0
300200319_,456,2025-07-01,608.0,1164.0,0.0,1164.0,1164.0,0
300200320_,457,2025-07-01,139.0,209.0,0.0,209.0,209.0,0
300200321_,458,2025-07-01,18.0,207.0,0.0,207.0,207.0,0
300200322_,459,2025-07-01,39.0,856.0,0.0,856.0,856.0,0
300200323_,460,2025-07-01,418.0,1159.0,0.0,1159.0,1159.0,0
300200324_,461,2025-07-01,967.0,2070.0,0.0,2070.0,2070.0,0
300200325_,462,2025-07-01,22.0,476.0,0.0,476.0,476.0,0
300200326_,463,2025-07-01,307.0,533.0,0.0,533.0,533.0,0
300200327_,464,2025-07-01,22.0,196.0,0.0,196.0,196.0,0
300200328_,465,2025-07-01,209.0,782.0,0.0,782.0,782.0,0
300200330_,466,2025-07-01,24.0,23.0,0.0,23.0,23.0,0
300200348_,467,2025-07-01,1.0,1.0,0.0,1.0,1.0,0
300200350_,468,2025-07-01,3.0,3.0,0.0,3.0,3.0,0
300200352_,469,2025-07-01,1.0,1.0,0.0,1.0,1.0,0
300200430_,470,2025-07-01,12.0,10.0,0.0,10.0,10.0,0
300200588_,471,2025-07-01,77.0,77.0,0.0,77.0,77.0,0
300200432_,473,2025-07-01,7.0,3.0,0.0,3.0,3.0,0
300200449_,475,2025-07-01,17.0,19.0,0.0,19.0,19.0,0
300200433_,477,2025-07-01,3.0,1.0,0.0,1.0,1.0,0
300200439_,478,2025-07-01,20.0,20.0,0.0,20.0,20.0,0
300200448_,480,2025-07-01,5.0,,,,,1
300200436_,482,2025-07-01,72.0,84.0,0.0,84.0,84.0,0
300200431_,483,2025-07-01,4.0,5.0,0.0,5.0,5.0,0
300200452_,484,2025-07-01,5.0,5.0,0.0,5.0,5.0,0
300200632_,487,2025-07-01,-25.0,90.0,0.0,90.0,90.0,0
300200435_,490,2025-07-01,214.0,195.0,0.0,195.0,195.0,0
300200437_,491,2025-07-01,72.0,65.0,0.0,65.0,65.0,0
300200438_,492,2025-07-01,32.0,31.0,0.0,31.0,31.0,0
300200440_,493,2025-07-01,15.0,15.0,0.0,15.0,15.0,0
300200445_,494,2025-07-01,3.0,3.0,0.0,3.0,3.0,0
300200446_,495,2025-07-01,21.0,19.0,0.0,19.0,19.0,0
300200592_,497,2025-07-01,190.0,170.0,0.0,170.0,170.0,0
300200366_,498,2025-07-01,19.0,39.0,0.0,39.0,39.0,0
LNVA105011,499,2025-07-01,1.0,1.0,0.0,1.0,1.0,0
300200595_,500,2025-07-01,12.0,5.0,0.0,5.0,5.0,0
300200718_,502,2025-07-01,242.0,195.0,0.0,195.0,195.0,0
300200720_,504,2025-07-01,36.0,30.0,0.0,30.0,30.0,0
300200722_,506,2025-07-01,12.0,7.0,0.0,7.0,7.0,0
300200777_,507,2025-07-01,79.0,79.0,0.0,79.0,79.0,0
300200724_,509,2025-07-01,3.0,3.0,0.0,3.0,3.0,0
300200725_,510,2025-07-01,10.0,8.0,0.0,8.0,8.0,0
300200726_,511,2025-07-01,15.0,15.0,0.0,15.0,15.0,0
300200729_,514,2025-07-01,10.0,10.0,0.0,10.0,10.0,0
300200730_,515,2025-07-01,24.0,24.0,0.0,24.0,24.0,0
300200732_,517,2025-07-01,1.0,1.0,0.0,1.0,1.0,0
300200778_,518,2025-07-01,40.0,40.0,0.0,40.0,40.0,0
300200733_,519,2025-07-01,3.0,3.0,0.0,3.0,3.0,0
300200735_,521,2025-07-01,247.0,256.0,0.0,256.0,256.0,0
300200736_,522,2025-07-01,83.0,73.0,0.0,73.0,73.0,0
300200737_,523,2025-07-01,27.0,25.0,0.0,25.0,25.0,0
300200738_,524,2025-07-01,21.0,16.0,0.0,16.0,16.0,0
300200742_,525,2025-07-01,56.0,104.0,0.0,104.0,104.0,0
300200739_,526,2025-07-01,6.0,1.0,0.0,1.0,1.0,0
300200743_,527,2025-07-01,25.0,162.0,0.0,162.0,162.0,0
300200741_,529,2025-07-01,39.0,39.0,0.0,39.0,39.0,0
300200744_,530,2025-07-01,98.0,202.0,0.0,202.0,202.0,0
300200745_,531,2025-07-01,101.0,94.0,0.0,94.0,94.0,0
300200746_,532,2025-07-01,67.0,305.0,0.0,305.0,305.0,0
300200747_,533,2025-07-01,1.0,1.0,0.0,1.0,1.0,0
300200748_,534,2025-07-01,1.0,1.0,0.0,1.0,1.0,0
300200749_,535,2025-07-01,128.0,114.0,0.0,114.0,114.0,0
300200750_,536,2025-07-01,26.0,16.0,0.0,16.0,16.0,0
300200751_,537,2025-07-01,98.0,103.0,0.0,103.0,103.0,0
300200752_,538,2025-07-01,63.0,47.0,0.0,47.0,47.0,0
300200753_,539,2025-07-01,22.0,12.0,0.0,12.0,12.0,0
300200754_,540,2025-07-01,7.0,4.0,0.0,4.0,4.0,0
300200755_,541,2025-07-01,10.0,4.0,0.0,4.0,4.0,0
030200226_,543,2025-07-01,19.0,916.0,0.0,916.0,916.0,0
030200223_,544,2025-07-01,1375.0,2428.0,0.0,2428.0,2428.0,0
030200227_,545,2025-07-01,366.0,750.0,0.0,750.0,750.0,0
030200225_,546,2025-07-01,818.0,637.0,0.0,637.0,637.0,0
030200224_,547,2025-07-01,3060.0,9264.0,0.0,9264.0,9264.0,0
030200221_,548,2025-07-01,851.0,1576.0,0.0,1576.0,1576.0,0
030200222_,549,2025-07-01,711.0,1668.0,0.0,1668.0,1668.0,0
ATN000446,551,2025-07-01,4.0,4.0,0.0,4.0,4.0,0
130300026_,553,2025-07-01,239.0,1066.0,0.0,1066.0,1066.0,0
130300027_,554,2025-07-01,494.0,1354.0,0.0,1354.0,1354.0,0
130300028_,555,2025-07-01,183.0,323.0,0.0,323.0,323.0,0
030200203_,556,2025-07-01,880.0,3358.0,0.0,3358.0,3358.0,0
030200382_,4,2025-08-01,3.0,3.0,0.0,3.0,3.0,0
030200072_,8,2025-08-01,19.0,19.0,0.0,19.0,19.0,0
030200136_,11,2025-08-01,2.0,2.0,0.0,2.0,2.0,0
030200134_,12,2025-08-01,2.0,2.0,0.0,2.0,2.0,0
030200095_,15,2025-08-01,2.0,2.0,0.0,2.0,2.0,0
280300174_,17,2025-08-01,621.0,2401.0,0.0,2401.0,2401.0,0
030300013_,18,2025-08-01,195.0,4839.0,0.0,4839.0,4839.0,0
030200220_,19,2025-08-01,1464.0,2762.0,0.0,2762.0,2762.0,0
030200219_,20,2025-08-01,7696.0,61360.0,0.0,61360.0,61360.0,0
030300078_,21,2025-08-01,95.0,95.0,0.0,95.0,95.0,0
030300014_,22,2025-08-01,361.0,12960.0,0.0,12960.0,12960.0,0
030200193_,23,2025-08-01,22259.0,31776.0,0.0,31776.0,31776.0,0
030200192_,25,2025-08-01,50757.0,372295.0,0.0,372295.0,372295.0,0
030200201_,26,2025-08-01,18797.0,83352.0,0.0,83352.0,83352.0,0
300200428_,27,2025-08-01,170.0,179.0,0.0,179.0,179.0,0
300201148_,32,2025-08-01,22.0,20.0,0.0,20.0,20.0,0
300201149_,33,2025-08-01,16.0,15.0,0.0,15.0,15.0,0
300201150_,34,2025-08-01,4.0,4.0,0.0,4.0,4.0,0
300201151_,35,2025-08-01,15.0,53.0,0.0,53.0,53.0,0
300201152_,36,2025-08-01,9.0,35.0,0.0,35.0,35.0,0
300201153_,37,2025-08-01,31.0,40.0,0.0,40.0,40.0,0
300201154_,38,2025-08-01,9.0,12.0,0.0,12.0,12.0,0
300201155_,39,2025-08-01,22.0,41.0,0.0,41.0,41.0,0
300200968_,40,2025-08-01,34.0,43.0,0.0,43.0,43.0,0
300200967_,41,2025-08-01,112.0,136.0,0.0,136.0,136.0,0
300200413_,42,2025-08-01,17.0,16.0,0.0,16.0,16.0,0
010400436_,43,2025-08-01,33.0,24.0,0.0,24.0,24.0,0
010400432_,44,2025-08-01,18.0,11.0,0.0,11.0,11.0,0
010400440_,45,2025-08-01,38.0,34.0,0.0,34.0,34.0,0
010400444_,46,2025-08-01,105.0,95.0,0.0,95.0,95.0,0
010400447_,47,2025-08-01,81.0,74.0,0.0,74.0,74.0,0
010400433_,48,2025-08-01,68.0,32.0,0.0,32.0,32.0,0
010400437_,49,2025-08-01,48.0,41.0,0.0,41.0,41.0,0
010400441_,50,2025-08-01,34.0,30.0,0.0,30.0,30.0,0
010400445_,51,2025-08-01,34.0,25.0,0.0,25.0,25.0,0
010400448_,52,2025-08-01,12.0,10.0,0.0,10.0,10.0,0
300200784_,53,2025-08-01,54.0,54.0,0.0,54.0,54.0,0
300200785_,54,2025-08-01,23.0,23.0,0.0,23.0,23.0,0
300200787_,56,2025-08-01,3.0,3.0,0.0,3.0,3.0,0
300200789_,58,2025-08-01,2.0,2.0,0.0,2.0,2.0,0
300200790_,59,2025-08-01,4.0,4.0,0.0,4.0,4.0,0
300200794_,63,2025-08-01,2.0,2.0,0.0,2.0,2.0,0
300200795_,64,2025-08-01,30.0,30.0,0.0,30.0,30.0,0
300200796_,65,2025-08-01,38.0,38.0,0.0,38.0,38.0,0
300200797_,66,2025-08-01,3.0,3.0,0.0,3.0,3.0,0
300200798_,67,2025-08-01,5.0,5.0,0.0,5.0,5.0,0
300200806_,75,2025-08-01,1.0,1.0,0.0,1.0,1.0,0
300200810_,79,2025-08-01,213.0,221.0,0.0,221.0,221.0,0
300200812_,81,2025-08-01,9.0,46.0,0.0,46.0,46.0,0
300200814_,83,2025-08-01,33.0,44.0,0.0,44.0,44.0,0
300200816_,85,2025-08-01,-2.0,5.0,0.0,5.0,5.0,0
300200817_,86,2025-08-01,3.0,9.0,0.0,9.0,9.0,0
300200818_,87,2025-08-01,2.0,2.0,0.0,2.0,2.0,0
300200819_,88,2025-08-01,-1.0,2.0,0.0,2.0,2.0,0
300200821_,90,2025-08-01,48.0,101.0,0.0,101.0,101.0,0
300200822_,91,2025-08-01,71.0,72.0,0.0,72.0,72.0,0
300200823_,92,2025-08-01,24.0,26.0,0.0,26.0,26.0,0
300200824_,93,2025-08-01,9.0,9.0,0.0,9.0,9.0,0
300200826_,95,2025-08-01,5.0,12.0,0.0,12.0,12.0,0
300200828_,97,2025-08-01,-4.0,3.0,0.0,3.0,3.0,0
300200830_,99,2025-08-01,2.0,2.0,0.0,2.0,2.0,0
300200832_,101,2025-08-01,-3.0,3.0,0.0,3.0,3.0,0
300200833_,102,2025-08-01,-8.0,20.0,0.0,20.0,20.0,0
300200834_,103,2025-08-01,4.0,13.0,0.0,13.0,13.0,0
300200835_,104,2025-08-01,7.0,29.0,0.0,29.0,29.0,0
300200836_,105,2025-08-01,-4.0,16.0,0.0,16.0,16.0,0
300200838_,107,2025-08-01,7.0,17.0,0.0,17.0,17.0,0
300200839_,108,2025-08-01,2.0,2.0,0.0,2.0,2.0,0
300200842_,111,2025-08-01,120.0,178.0,0.0,178.0,178.0,0
300200844_,113,2025-08-01,-3.0,10.0,0.0,10.0,10.0,0
300200846_,115,2025-08-01,18.0,70.0,0.0,70.0,70.0,0
300200847_,116,2025-08-01,26.0,36.0,0.0,36.0,36.0,0
300200848_,117,2025-08-01,23.0,23.0,0.0,23.0,23.0,0
300200849_,118,2025-08-01,,3.0,0.0,3.0,3.0,0
300200851_,120,2025-08-01,4.0,4.0,0.0,4.0,4.0,0
300200856_,125,2025-08-01,100.0,367.0,0.0,367.0,367.0,0
300200857_,126,2025-08-01,15.0,74.0,0.0,74.0,74.0,0
300200859_,128,2025-08-01,-11.0,49.0,0.0,49.0,49.0,0
300200861_,130,2025-08-01,7.0,9.0,0.0,9.0,9.0,0
300200862_,131,2025-08-01,-7.0,5.0,0.0,5.0,5.0,0
300200863_,132,2025-08-01,-5.0,3.0,0.0,3.0,3.0,0
300200866_,135,2025-08-01,-8.0,2.0,0.0,2.0,2.0,0
300200868_,137,2025-08-01,39.0,123.0,0.0,123.0,123.0,0
300200869_,138,2025-08-01,29.0,64.0,0.0,64.0,64.0,0
300200870_,139,2025-08-01,11.0,36.0,0.0,36.0,36.0,0
300200871_,140,2025-08-01,-3.0,8.0,0.0,8.0,8.0,0
300200872_,141,2025-08-01,-5.0,4.0,0.0,4.0,4.0,0
300200873_,142,2025-08-01,9.0,8.0,0.0,8.0,8.0,0
300200875_,144,2025-08-01,10.0,17.0,0.0,17.0,17.0,0
300200878_,147,2025-08-01,1.0,1.0,0.0,1.0,1.0,0
300200879_,148,2025-08-01,3.0,11.0,0.0,11.0,11.0,0
300200881_,150,2025-08-01,3.0,3.0,0.0,3.0,3.0,0
300200882_,151,2025-08-01,,20.0,0.0,20.0,20.0,0
300200883_,152,2025-08-01,,15.0,0.0,15.0,15.0,0
300200887_,156,2025-08-01,122.0,142.0,0.0,142.0,142.0,0
300200888_,157,2025-08-01,1.0,1.0,0.0,1.0,1.0,0
300200892_,160,2025-08-01,7.0,7.0,0.0,7.0,7.0,0
300200893_,161,2025-08-01,2.0,2.0,0.0,2.0,2.0,0
300200896_,164,2025-08-01,,5.0,0.0,5.0,5.0,0
300200898_,166,2025-08-01,19.0,19.0,0.0,19.0,19.0,0
300200899_,167,2025-08-01,45.0,45.0,0.0,45.0,45.0,0
300200901_,169,2025-08-01,5.0,5.0,0.0,5.0,5.0,0
300200909_,177,2025-08-01,1.0,1.0,0.0,1.0,1.0,0
300200910_,178,2025-08-01,287.0,287.0,0.0,287.0,287.0,0
300200911_,179,2025-08-01,75.0,75.0,0.0,75.0,75.0,0
300200912_,180,2025-08-01,90.0,90.0,0.0,90.0,90.0,0
300200914_,182,2025-08-01,41.0,40.0,0.0,40.0,40.0,0
300200916_,184,2025-08-01,30.0,30.0,0.0,30.0,30.0,0
300200917_,185,2025-08-01,33.0,33.0,0.0,33.0,33.0,0
300200918_,186,2025-08-01,6.0,6.0,0.0,6.0,6.0,0
300200920_,188,2025-08-01,3.0,3.0,0.0,3.0,3.0,0
300200921_,189,2025-08-01,277.0,257.0,0.0,257.0,257.0,0
300200922_,190,2025-08-01,73.0,73.0,0.0,73.0,73.0,0
300200923_,191,2025-08-01,27.0,27.0,0.0,27.0,27.0,0
300200924_,192,2025-08-01,22.0,22.0,0.0,22.0,22.0,0
300200926_,194,2025-08-01,11.0,11.0,0.0,11.0,11.0,0
300200933_,201,2025-08-01,156.0,156.0,0.0,156.0,156.0,0
300200934_,202,2025-08-01,38.0,48.0,0.0,48.0,48.0,0
300200936_,204,2025-08-01,16.0,17.0,0.0,17.0,17.0,0
300200938_,206,2025-08-01,12.0,12.0,0.0,12.0,12.0,0
300200939_,207,2025-08-01,14.0,14.0,0.0,14.0,14.0,0
300200940_,208,2025-08-01,3.0,3.0,0.0,3.0,3.0,0
300200943_,211,2025-08-01,2.0,2.0,0.0,2.0,2.0,0
300200945_,213,2025-08-01,60.0,60.0,0.0,60.0,60.0,0
300200946_,214,2025-08-01,40.0,40.0,0.0,40.0,40.0,0
300200947_,215,2025-08-01,25.0,25.0,0.0,25.0,25.0,0
300200948_,216,2025-08-01,7.0,7.0,0.0,7.0,7.0,0
300200950_,218,2025-08-01,4.0,4.0,0.0,4.0,4.0,0
300200371_,224,2025-08-01,67.0,66.0,0.0,66.0,66.0,0
300200375_,226,2025-08-01,26.0,35.0,0.0,35.0,35.0,0
300200422_,227,2025-08-01,4.0,4.0,0.0,4.0,4.0,0
300200368_,229,2025-08-01,20.0,22.0,0.0,22.0,22.0,0
300200367_,230,2025-08-01,21.0,31.0,0.0,31.0,31.0,0
300200372_,233,2025-08-01,25.0,25.0,0.0,25.0,25.0,0
300200373_,234,2025-08-01,3.0,3.0,0.0,3.0,3.0,0
300200365_,236,2025-08-01,72.0,79.0,0.0,79.0,79.0,0
300200364_,237,2025-08-01,67.0,67.0,0.0,67.0,67.0,0
300200374_,238,2025-08-01,59.0,59.0,0.0,59.0,59.0,0
300200370_,239,2025-08-01,3.0,3.0,0.0,3.0,3.0,0
300200425_,240,2025-08-01,1.0,1.0,0.0,1.0,1.0,0
300200376_,242,2025-08-01,52.0,44.0,0.0,44.0,44.0,0
300200377_,243,2025-08-01,58.0,68.0,0.0,68.0,68.0,0
300200378_,244,2025-08-01,18.0,23.0,0.0,23.0,23.0,0
300200379_,245,2025-08-01,15.0,15.0,0.0,15.0,15.0,0
300200380_,246,2025-08-01,2.0,2.0,0.0,2.0,2.0,0
300200421_,247,2025-08-01,1.0,1.0,0.0,1.0,1.0,0
300200520_,249,2025-08-01,53.0,63.0,0.0,63.0,63.0,0
300200521_,250,2025-08-01,2.0,2.0,0.0,2.0,2.0,0
300200523_,252,2025-08-01,3.0,2.0,0.0,2.0,2.0,0
300200526_,255,2025-08-01,5.0,5.0,0.0,5.0,5.0,0
300200532_,260,2025-08-01,2.0,2.0,0.0,2.0,2.0,0
300200534_,262,2025-08-01,1.0,1.0,0.0,1.0,1.0,0
300200536_,264,2025-08-01,23.0,22.0,0.0,22.0,22.0,0
300200537_,265,2025-08-01,3.0,8.0,0.0,8.0,8.0,0
300200538_,266,2025-08-01,9.0,9.0,0.0,9.0,9.0,0
300200539_,267,2025-08-01,9.0,9.0,0.0,9.0,9.0,0
300200542_,270,2025-08-01,619.0,585.0,0.0,585.0,585.0,0
300200704_,272,2025-08-01,62.0,62.0,0.0,62.0,62.0,0
300200543_,273,2025-08-01,65.0,56.0,0.0,56.0,56.0,0
300200544_,274,2025-08-01,11.0,7.0,0.0,7.0,7.0,0
300200545_,275,2025-08-01,35.0,32.0,0.0,32.0,32.0,0
300200593_,276,2025-08-01,61.0,60.0,0.0,60.0,60.0,0
300200546_,277,2025-08-01,4.0,4.0,0.0,4.0,4.0,0
300200547_,278,2025-08-01,9.0,9.0,0.0,9.0,9.0,0
300200548_,279,2025-08-01,33.0,33.0,0.0,33.0,33.0,0
300200549_,280,2025-08-01,40.0,39.0,0.0,39.0,39.0,0
300200551_,282,2025-08-01,6.0,6.0,0.0,6.0,6.0,0
300200773_,283,2025-08-01,10.0,10.0,0.0,10.0,10.0,0
300200552_,284,2025-08-01,69.0,65.0,0.0,65.0,65.0,0
300200553_,285,2025-08-01,98.0,96.0,0.0,96.0,96.0,0
300200554_,286,2025-08-01,3.0,3.0,0.0,3.0,3.0,0
300200557_,289,2025-08-01,1.0,1.0,0.0,1.0,1.0,0
300200558_,290,2025-08-01,377.0,359.0,0.0,359.0,359.0,0
300200559_,291,2025-08-01,170.0,159.0,0.0,159.0,159.0,0
300200560_,292,2025-08-01,65.0,62.0,0.0,62.0,62.0,0
300200561_,293,2025-08-01,13.0,13.0,0.0,13.0,13.0,0
300200562_,294,2025-08-01,8.0,8.0,0.0,8.0,8.0,0
300200563_,295,2025-08-01,49.0,47.0,0.0,47.0,47.0,0
300200564_,296,2025-08-01,87.0,72.0,0.0,72.0,72.0,0
300200565_,297,2025-08-01,2.0,2.0,0.0,2.0,2.0,0
300200590_,298,2025-08-01,17.0,15.0,0.0,15.0,15.0,0
300200566_,299,2025-08-01,1.0,1.0,0.0,1.0,1.0,0
300200591_,301,2025-08-01,17.0,17.0,0.0,17.0,17.0,0
300200570_,304,2025-08-01,4.0,4.0,0.0,4.0,4.0,0
300200573_,307,2025-08-01,,5.0,0.0,5.0,5.0,0
300200574_,308,2025-08-01,16.0,16.0,0.0,16.0,16.0,0
300200575_,309,2025-08-01,2.0,2.0,0.0,2.0,2.0,0
300200576_,311,2025-08-01,1.0,1.0,0.0,1.0,1.0,0
300200776_,312,2025-08-01,2.0,2.0,0.0,2.0,2.0,0
300200579_,314,2025-08-01,81.0,81.0,0.0,81.0,81.0,0
300200580_,315,2025-08-01,13.0,11.0,0.0,11.0,11.0,0
300200581_,316,2025-08-01,3.0,3.0,0.0,3.0,3.0,0
300200582_,317,2025-08-01,5.0,3.0,0.0,3.0,3.0,0
300200343_,320,2025-08-01,2595.0,2594.0,0.0,2594.0,2594.0,0
020100163_,321,2025-08-01,231.0,231.0,0.0,231.0,231.0,0
300200459_,322,2025-08-01,97.0,99.0,0.0,99.0,99.0,0
020100158_,323,2025-08-01,476.0,475.0,0.0,475.0,475.0,0
020100159_,324,2025-08-01,3.0,3.0,0.0,3.0,3.0,0
300200460_,325,2025-08-01,38.0,93.0,0.0,93.0,93.0,0
020100160_,326,2025-08-01,361.0,372.0,0.0,372.0,372.0,0
300200461_,328,2025-08-01,13.0,30.0,0.0,30.0,30.0,0
300200472_,329,2025-08-01,142.0,148.0,0.0,148.0,148.0,0
300200462_,330,2025-08-01,144.0,140.0,0.0,140.0,140.0,0
020100162_,332,2025-08-01,14.0,14.0,0.0,14.0,14.0,0
300200772_,333,2025-08-01,15.0,24.0,0.0,24.0,24.0,0
300200468_,334,2025-08-01,119.0,107.0,0.0,107.0,107.0,0
300200515_,335,2025-08-01,104.0,96.0,0.0,96.0,96.0,0
300200518_,336,2025-08-01,12.0,12.0,0.0,12.0,12.0,0
300200516_,337,2025-08-01,93.0,172.0,0.0,172.0,172.0,0
300200471_,338,2025-08-01,21.0,21.0,0.0,21.0,21.0,0
300200463_,340,2025-08-01,1128.0,1261.0,0.0,1261.0,1261.0,0
300200464_,341,2025-08-01,675.0,661.0,0.0,661.0,661.0,0
300200465_,342,2025-08-01,245.0,294.0,0.0,294.0,294.0,0
300200466_,343,2025-08-01,138.0,134.0,0.0,134.0,134.0,0
300200467_,344,2025-08-01,45.0,50.0,0.0,50.0,50.0,0
300200519_,345,2025-08-01,108.0,120.0,0.0,120.0,120.0,0
300200779_,348,2025-08-01,79.0,79.0,0.0,79.0,79.0,0
300200782_,349,2025-08-01,25.0,25.0,0.0,25.0,25.0,0
300200783_,350,2025-08-01,16.0,16.0,0.0,16.0,16.0,0
030200006_,355,2025-08-01,26.0,26.0,0.0,26.0,26.0,0
030200008_,356,2025-08-01,35.0,35.0,0.0,35.0,35.0,0
030200002_,360,2025-08-01,6.0,6.0,0.0,6.0,6.0,0
030200003_,361,2025-08-01,8.0,8.0,0.0,8.0,8.0,0
030200009_,362,2025-08-01,14.0,14.0,0.0,14.0,14.0,0
030200030_,363,2025-08-01,,96.0,0.0,96.0,96.0,0
030200036_,365,2025-08-01,,114.0,0.0,114.0,114.0,0
030200037_,367,2025-08-01,,800.0,0.0,800.0,800.0,0
030200028_,369,2025-08-01,,1344.0,0.0,1344.0,1344.0,0
030200029_,370,2025-08-01,,168.0,0.0,168.0,168.0,0
030200032_,371,2025-08-01,,168.0,0.0,168.0,168.0,0
030200034_,372,2025-08-01,,264.0,0.0,264.0,264.0,0
030200239_,373,2025-08-01,,1344.0,0.0,1344.0,1344.0,0
030200240_,374,2025-08-01,,3108.0,0.0,3108.0,3108.0,0
030200191_,383,2025-08-01,44.0,44.0,0.0,44.0,44.0,0
030200244_,389,2025-08-01,5.0,5.0,0.0,5.0,5.0,0
030200249_,392,2025-08-01,2.0,2.0,0.0,2.0,2.0,0
030200256_,395,2025-08-01,5.0,5.0,0.0,5.0,5.0,0
030200258_,397,2025-08-01,6.0,6.0,0.0,6.0,6.0,0
030200263_,398,2025-08-01,2.0,2.0,0.0,2.0,2.0,0
030200250_,403,2025-08-01,11.0,11.0,0.0,11.0,11.0,0
030200251_,404,2025-08-01,13.0,13.0,0.0,13.0,13.0,0
030200252_,405,2025-08-01,4.0,4.0,0.0,4.0,4.0,0
030200253_,406,2025-08-01,2.0,2.0,0.0,2.0,2.0,0
300200331_,408,2025-08-01,1761.0,1724.0,0.0,1724.0,1724.0,0
300200296_,409,2025-08-01,787.0,776.0,0.0,776.0,776.0,0
300200283_,410,2025-08-01,299.0,274.0,0.0,274.0,274.0,0
300200302_,411,2025-08-01,520.0,624.0,0.0,624.0,624.0,0
300200333_,412,2025-08-01,923.0,1114.0,0.0,1114.0,1114.0,0
300200288_,413,2025-08-01,26.0,25.0,0.0,25.0,25.0,0
300200284_,414,2025-08-01,77.0,72.0,0.0,72.0,72.0,0
300200767_,415,2025-08-01,3.0,3.0,0.0,3.0,3.0,0
300200293_,416,2025-08-01,280.0,287.0,0.0,287.0,287.0,0
300200289_,417,2025-08-01,290.0,284.0,0.0,284.0,284.0,0
300200291_,419,2025-08-01,7.0,7.0,0.0,7.0,7.0,0
300200297_,420,2025-08-01,783.0,1166.0,0.0,1166.0,1166.0,0
300200298_,421,2025-08-01,751.0,797.0,0.0,797.0,797.0,0
300200299_,422,2025-08-01,7.0,13.0,0.0,13.0,13.0,0
300200294_,423,2025-08-01,281.0,276.0,0.0,276.0,276.0,0
300200286_,424,2025-08-01,7503.0,8451.0,0.0,8451.0,8451.0,0
300200332_,425,2025-08-01,869.0,1214.0,0.0,1214.0,1214.0,0
300200301_,426,2025-08-01,675.0,675.0,0.0,675.0,675.0,0
300200700_,428,2025-08-01,119.0,115.0,0.0,115.0,115.0,0
300200295_,429,2025-08-01,48.0,65.0,0.0,65.0,65.0,0
300200292_,430,2025-08-01,10.0,10.0,0.0,10.0,10.0,0
300200312_,432,2025-08-01,,7.0,0.0,7.0,7.0,0
300200303_,433,2025-08-01,5456.0,5987.0,0.0,5987.0,5987.0,0
300200304_,434,2025-08-01,2239.0,2828.0,0.0,2828.0,2828.0,0
300200305_,435,2025-08-01,784.0,874.0,0.0,874.0,874.0,0
300200306_,436,2025-08-01,243.0,189.0,0.0,189.0,189.0,0
300200307_,437,2025-08-01,42.0,41.0,0.0,41.0,41.0,0
300200310_,438,2025-08-01,15.0,15.0,0.0,15.0,15.0,0
300200311_,439,2025-08-01,105.0,98.0,0.0,98.0,98.0,0
300200308_,440,2025-08-01,17.0,14.0,0.0,14.0,14.0,0
300200309_,441,2025-08-01,3.0,2.0,0.0,2.0,2.0,0
300200313_,442,2025-08-01,105.0,184.0,0.0,184.0,184.0,0
300200498_,443,2025-08-01,147.0,137.0,0.0,137.0,137.0,0
300200314_,445,2025-08-01,15.0,95.0,0.0,95.0,95.0,0
300200315_,447,2025-08-01,,5.0,0.0,5.0,5.0,0
300200771_,448,2025-08-01,38.0,38.0,0.0,38.0,38.0,0
300200316_,449,2025-08-01,,258.0,0.0,258.0,258.0,0
300200959_,450,2025-08-01,36.0,35.0,0.0,35.0,35.0,0
300200317_,451,2025-08-01,160.0,426.0,0.0,426.0,426.0,0
300200496_,452,2025-08-01,10.0,10.0,0.0,10.0,10.0,0
300200318_,454,2025-08-01,94.0,272.0,0.0,272.0,272.0,0
300200347_,455,2025-08-01,,5.0,0.0,5.0,5.0,0
300200319_,456,2025-08-01,668.0,1370.0,0.0,1370.0,1370.0,0
300200320_,457,2025-08-01,252.0,1130.0,0.0,1130.0,1130.0,0
300200321_,458,2025-08-01,104.0,351.0,0.0,351.0,351.0,0
300200322_,459,2025-08-01,155.0,986.0,0.0,986.0,986.0,0
300200323_,460,2025-08-01,636.0,1402.0,0.0,1402.0,1402.0,0
300200324_,461,2025-08-01,1306.0,3797.0,0.0,3797.0,3797.0,0
300200325_,462,2025-08-01,43.0,352.0,0.0,352.0,352.0,0
300200326_,463,2025-08-01,309.0,602.0,0.0,602.0,602.0,0
300200327_,464,2025-08-01,17.0,76.0,0.0,76.0,76.0,0
300200328_,465,2025-08-01,242.0,672.0,0.0,672.0,672.0,0
300200330_,466,2025-08-01,1.0,49.0,0.0,49.0,49.0,0
300200348_,467,2025-08-01,1.0,1.0,0.0,1.0,1.0,0
300200350_,468,2025-08-01,1.0,1.0,0.0,1.0,1.0,0
300200430_,470,2025-08-01,12.0,12.0,0.0,12.0,12.0,0
300200588_,471,2025-08-01,27.0,26.0,0.0,26.0,26.0,0
300200443_,472,2025-08-01,5.0,5.0,0.0,5.0,5.0,0
300200432_,473,2025-08-01,13.0,13.0,0.0,13.0,13.0,0
300200449_,475,2025-08-01,3.0,3.0,0.0,3.0,3.0,0
300200433_,477,2025-08-01,-11.0,,,,,1
300200439_,478,2025-08-01,7.0,7.0,0.0,7.0,7.0,0
300200436_,482,2025-08-01,36.0,37.0,0.0,37.0,37.0,0
300200431_,483,2025-08-01,24.0,24.0,0.0,24.0,24.0,0
300200429_,486,2025-08-01,1.0,1.0,0.0,1.0,1.0,0
300200632_,487,2025-08-01,34.0,34.0,0.0,34.0,34.0,0
300200441_,488,2025-08-01,1.0,1.0,0.0,1.0,1.0,0
300200435_,490,2025-08-01,105.0,101.0,0.0,101.0,101.0,0
300200437_,491,2025-08-01,36.0,56.0,0.0,56.0,56.0,0
300200438_,492,2025-08-01,25.0,25.0,0.0,25.0,25.0,0
300200440_,493,2025-08-01,2.0,1.0,0.0,1.0,1.0,0
300200445_,494,2025-08-01,3.0,3.0,0.0,3.0,3.0,0
300200446_,495,2025-08-01,4.0,4.0,0.0,4.0,4.0,0
ATN000399,496,2025-08-01,4.0,1.0,0.0,1.0,1.0,0
300200592_,497,2025-08-01,89.0,130.0,0.0,130.0,130.0,0
300200366_,498,2025-08-01,3.0,3.0,0.0,3.0,3.0,0
LNVA105011,499,2025-08-01,2.0,2.0,0.0,2.0,2.0,0
300200595_,500,2025-08-01,6.0,13.0,0.0,13.0,13.0,0
300200718_,502,2025-08-01,508.0,505.0,0.0,505.0,505.0,0
300200720_,504,2025-08-01,8.0,6.0,0.0,6.0,6.0,0
300200722_,506,2025-08-01,14.0,7.0,0.0,7.0,7.0,0
300200777_,507,2025-08-01,46.0,46.0,0.0,46.0,46.0,0
300200724_,509,2025-08-01,1.0,1.0,0.0,1.0,1.0,0
300200725_,510,2025-08-01,9.0,9.0,0.0,9.0,9.0,0
300200726_,511,2025-08-01,35.0,33.0,0.0,33.0,33.0,0
300200728_,513,2025-08-01,1.0,1.0,0.0,1.0,1.0,0
300200732_,517,2025-08-01,3.0,2.0,0.0,2.0,2.0,0
300200778_,518,2025-08-01,73.0,71.0,0.0,71.0,71.0,0
300200733_,519,2025-08-01,5.0,4.0,0.0,4.0,4.0,0
300200735_,521,2025-08-01,174.0,170.0,0.0,170.0,170.0,0
300200736_,522,2025-08-01,113.0,113.0,0.0,113.0,113.0,0
300200737_,523,2025-08-01,45.0,45.0,0.0,45.0,45.0,0
300200738_,524,2025-08-01,36.0,35.0,0.0,35.0,35.0,0
300200742_,525,2025-08-01,44.0,86.0,0.0,86.0,86.0,0
300200739_,526,2025-08-01,2.0,2.0,0.0,2.0,2.0,0
300200743_,527,2025-08-01,14.0,14.0,0.0,14.0,14.0,0
300200740_,528,2025-08-01,-15.0,45.0,0.0,45.0,45.0,0
300200741_,529,2025-08-01,86.0,86.0,0.0,86.0,86.0,0
300200744_,530,2025-08-01,99.0,149.0,0.0,149.0,149.0,0
300200745_,531,2025-08-01,136.0,254.0,0.0,254.0,254.0,0
300200746_,532,2025-08-01,72.0,71.0,0.0,71.0,71.0,0
300200748_,534,2025-08-01,9.0,6.0,0.0,6.0,6.0,0
300200749_,535,2025-08-01,43.0,39.0,0.0,39.0,39.0,0
300200750_,536,2025-08-01,20.0,16.0,0.0,16.0,16.0,0
300200751_,537,2025-08-01,56.0,54.0,0.0,54.0,54.0,0
300200752_,538,2025-08-01,60.0,140.0,0.0,140.0,140.0,0
300200753_,539,2025-08-01,17.0,16.0,0.0,16.0,16.0,0
300200754_,540,2025-08-01,1.0,1.0,0.0,1.0,1.0,0
300200755_,541,2025-08-01,17.0,15.0,0.0,15.0,15.0,0
300200497_,542,2025-08-01,,30.0,0.0,30.0,30.0,0
030200226_,543,2025-08-01,149.0,138.0,0.0,138.0,138.0,0
030200223_,544,2025-08-01,894.0,1614.0,0.0,1614.0,1614.0,0
030200227_,545,2025-08-01,331.0,544.0,0.0,544.0,544.0,0
030200225_,546,2025-08-01,777.0,5335.0,0.0,5335.0,5335.0,0
030200224_,547,2025-08-01,2794.0,4131.0,0.0,4131.0,4131.0,0
030200221_,548,2025-08-01,1713.0,1675.0,0.0,1675.0,1675.0,0
030200222_,549,2025-08-01,1541.0,2570.0,0.0,2570.0,2570.0,0
ATN000446,551,2025-08-01,13.0,13.0,0.0,13.0,13.0,0
ATN000389,552,2025-08-01,1.0,1.0,0.0,1.0,1.0,0
130300026_,553,2025-08-01,920.0,1195.0,0.0,1195.0,1195.0,0
130300027_,554,2025-08-01,849.0,3229.0,0.0,3229.0,3229.0,0
130300028_,555,2025-08-01,170.0,1430.0,0.0,1430.0,1430.0,0
030200203_,556,2025-08-01,1683.0,1534.0,0.0,1534.0,1534.0,0
030200382_,4,2025-09-01,3.0,3.0,0.0,3.0,3.0,0
030200072_,8,2025-09-01,17.0,17.0,0.0,17.0,17.0,0
030200093_,9,2025-09-01,1.0,1.0,0.0,1.0,1.0,0
030200135_,10,2025-09-01,2.0,2.0,0.0,2.0,2.0,0
030200136_,11,2025-09-01,21.0,17.0,0.0,17.0,17.0,0
280300174_,17,2025-09-01,959.0,4102.0,0.0,4102.0,4102.0,0
030200220_,19,2025-09-01,973.0,3431.0,0.0,3431.0,3431.0,0
030200219_,20,2025-09-01,4320.0,20459.0,0.0,20459.0,20459.0,0
030300014_,22,2025-09-01,241.0,6177.0,0.0,6177.0,6177.0,0
030200193_,23,2025-09-01,15925.0,18403.0,0.0,18403.0,18403.0,0
030200192_,25,2025-09-01,53879.0,60235.0,0.0,60235.0,60235.0,0
030200201_,26,2025-09-01,25145.0,59646.0,0.0,59646.0,59646.0,0
300200428_,27,2025-09-01,806.0,715.0,0.0,715.0,715.0,0
300201148_,32,2025-09-01,52.0,104.0,0.0,104.0,104.0,0
300201149_,33,2025-09-01,37.0,70.0,0.0,70.0,70.0,0
300201150_,34,2025-09-01,9.0,81.0,0.0,81.0,81.0,0
300201151_,35,2025-09-01,222.0,302.0,0.0,302.0,302.0,0
300201153_,37,2025-09-01,121.0,160.0,0.0,160.0,160.0,0
300201154_,38,2025-09-01,1.0,20.0,0.0,20.0,20.0,0
300201155_,39,2025-09-01,22.0,54.0,0.0,54.0,54.0,0
300200968_,40,2025-09-01,85.0,93.0,0.0,93.0,93.0,0
300200967_,41,2025-09-01,66.0,186.0,0.0,186.0,186.0,0
300200413_,42,2025-09-01,6.0,23.0,0.0,23.0,23.0,0
010400436_,43,2025-09-01,49.0,45.0,0.0,45.0,45.0,0
010400432_,44,2025-09-01,1.0,9.0,0.0,9.0,9.0,0
010400440_,45,2025-09-01,28.0,24.0,0.0,24.0,24.0,0
010400444_,46,2025-09-01,84.0,96.0,0.0,96.0,96.0,0
010400447_,47,2025-09-01,45.0,46.0,0.0,46.0,46.0,0
010400433_,48,2025-09-01,-6.0,28.0,0.0,28.0,28.0,0
010400437_,49,2025-09-01,73.0,67.0,0.0,67.0,67.0,0
010400441_,50,2025-09-01,16.0,19.0,0.0,19.0,19.0,0
010400445_,51,2025-09-01,34.0,29.0,0.0,29.0,29.0,0
010400448_,52,2025-09-01,14.0,10.0,0.0,10.0,10.0,0
300200784_,53,2025-09-01,56.0,76.0,0.0,76.0,76.0,0
300200785_,54,2025-09-01,-3.0,17.0,0.0,17.0,17.0,0
300200787_,56,2025-09-01,7.0,7.0,0.0,7.0,7.0,0
300200789_,58,2025-09-01,-2.0,4.0,0.0,4.0,4.0,0
300200790_,59,2025-09-01,-7.0,2.0,0.0,2.0,2.0,0
300200791_,60,2025-09-01,-3.0,1.0,0.0,1.0,1.0,0
300200795_,64,2025-09-01,25.0,40.0,0.0,40.0,40.0,0
300200796_,65,2025-09-01,-19.0,11.0,0.0,11.0,11.0,0
300200797_,66,2025-09-01,-12.0,8.0,0.0,8.0,8.0,0
300200798_,67,2025-09-01,-7.0,3.0,0.0,3.0,3.0,0
300200799_,68,2025-09-01,-9.0,1.0,0.0,1.0,1.0,0
300200800_,69,2025-09-01,-7.0,2.0,0.0,2.0,2.0,0
300200803_,72,2025-09-01,-8.0,2.0,0.0,2.0,2.0,0
300200810_,79,2025-09-01,56.0,166.0,0.0,166.0,166.0,0
300200811_,80,2025-09-01,1.0,1.0,0.0,1.0,1.0,0
300200812_,81,2025-09-01,14.0,24.0,0.0,24.0,24.0,0
300200813_,82,2025-09-01,,20.0,0.0,20.0,20.0,0
300200814_,83,2025-09-01,7.0,11.0,0.0,11.0,11.0,0
300200815_,84,2025-09-01,,10.0,0.0,10.0,10.0,0
300200816_,85,2025-09-01,2.0,12.0,0.0,12.0,12.0,0
300200821_,90,2025-09-01,75.0,135.0,0.0,135.0,135.0,0
300200822_,91,2025-09-01,28.0,38.0,0.0,38.0,38.0,0
300200823_,92,2025-09-01,15.0,15.0,0.0,15.0,15.0,0
300200824_,93,2025-09-01,2.0,2.0,0.0,2.0,2.0,0
300200825_,94,2025-09-01,2.0,2.0,0.0,2.0,2.0,0
300200827_,96,2025-09-01,,5.0,0.0,5.0,5.0,0
300200828_,97,2025-09-01,-3.0,5.0,0.0,5.0,5.0,0
300200829_,98,2025-09-01,,5.0,0.0,5.0,5.0,0
300200833_,102,2025-09-01,-6.0,24.0,0.0,24.0,24.0,0
300200835_,104,2025-09-01,2.0,2.0,0.0,2.0,2.0,0
300200839_,108,2025-09-01,1.0,6.0,0.0,6.0,6.0,0
300200842_,111,2025-09-01,6.0,51.0,0.0,51.0,51.0,0
300200844_,113,2025-09-01,3.0,3.0,0.0,3.0,3.0,0
300200846_,115,2025-09-01,-22.0,66.0,0.0,66.0,66.0,0
300200847_,116,2025-09-01,-8.0,1.0,0.0,1.0,1.0,0
300200848_,117,2025-09-01,-10.0,10.0,0.0,10.0,10.0,0
300200851_,120,2025-09-01,2.0,2.0,0.0,2.0,2.0,0
300200853_,122,2025-09-01,-1.0,3.0,0.0,3.0,3.0,0
300200856_,125,2025-09-01,193.0,258.0,0.0,258.0,258.0,0
300200857_,126,2025-09-01,60.0,67.0,0.0,67.0,67.0,0
300200858_,127,2025-09-01,-8.0,2.0,0.0,2.0,2.0,0
300200859_,128,2025-09-01,31.0,38.0,0.0,38.0,38.0,0
300200860_,129,2025-09-01,2.0,7.0,0.0,7.0,7.0,0
300200861_,130,2025-09-01,15.0,25.0,0.0,25.0,25.0,0
300200862_,131,2025-09-01,11.0,36.0,0.0,36.0,36.0,0
300200863_,132,2025-09-01,1.0,1.0,0.0,1.0,1.0,0
300200865_,134,2025-09-01,9.0,15.0,0.0,15.0,15.0,0
300200866_,135,2025-09-01,2.0,7.0,0.0,7.0,7.0,0
300200867_,136,2025-09-01,-6.0,9.0,0.0,9.0,9.0,0
300200868_,137,2025-09-01,136.0,254.0,0.0,254.0,254.0,0
300200869_,138,2025-09-01,38.0,67.0,0.0,67.0,67.0,0
300200870_,139,2025-09-01,,50.0,0.0,50.0,50.0,0
300200871_,140,2025-09-01,3.0,13.0,0.0,13.0,13.0,0
300200873_,142,2025-09-01,1.0,6.0,0.0,6.0,6.0,0
300200875_,144,2025-09-01,2.0,2.0,0.0,2.0,2.0,0
300200877_,146,2025-09-01,1.0,1.0,0.0,1.0,1.0,0
300200878_,147,2025-09-01,22.0,22.0,0.0,22.0,22.0,0
300200882_,151,2025-09-01,-10.0,10.0,0.0,10.0,10.0,0
300200898_,166,2025-09-01,7.0,7.0,0.0,7.0,7.0,0
300200899_,167,2025-09-01,5.0,5.0,0.0,5.0,5.0,0
300200910_,178,2025-09-01,46.0,66.0,0.0,66.0,66.0,0
300200912_,180,2025-09-01,-17.0,3.0,0.0,3.0,3.0,0
300200914_,182,2025-09-01,2.0,22.0,0.0,22.0,22.0,0
300200921_,189,2025-09-01,15.0,35.0,0.0,35.0,35.0,0
300200922_,190,2025-09-01,-15.0,15.0,0.0,15.0,15.0,0
300200923_,191,2025-09-01,-18.0,2.0,0.0,2.0,2.0,0
300200924_,192,2025-09-01,,10.0,0.0,10.0,10.0,0
300200933_,201,2025-09-01,144.0,153.0,0.0,153.0,153.0,0
300200934_,202,2025-09-01,38.0,63.0,0.0,63.0,63.0,0
300200936_,204,2025-09-01,17.0,27.0,0.0,27.0,27.0,0
300200938_,206,2025-09-01,7.0,7.0,0.0,7.0,7.0,0
300200939_,207,2025-09-01,9.0,9.0,0.0,9.0,9.0,0
300200943_,211,2025-09-01,6.0,6.0,0.0,6.0,6.0,0
300200944_,212,2025-09-01,2.0,2.0,0.0,2.0,2.0,0
300200945_,213,2025-09-01,95.0,128.0,0.0,128.0,128.0,0
300200946_,214,2025-09-01,43.0,109.0,0.0,109.0,109.0,0
300200947_,215,2025-09-01,10.0,7.0,0.0,7.0,7.0,0
300200948_,216,2025-09-01,3.0,13.0,0.0,13.0,13.0,0
300200950_,218,2025-09-01,5.0,5.0,0.0,5.0,5.0,0
300200951_,219,2025-09-01,5.0,5.0,0.0,5.0,5.0,0
300200371_,224,2025-09-01,23.0,23.0,0.0,23.0,23.0,0
300200420_,225,2025-09-01,10.0,10.0,0.0,10.0,10.0,0
300200375_,226,2025-09-01,39.0,61.0,0.0,61.0,61.0,0
300200368_,229,2025-09-01,15.0,5.0,0.0,5.0,5.0,0
300200367_,230,2025-09-01,23.0,22.0,0.0,22.0,22.0,0
300200424_,232,2025-09-01,1.0,1.0,0.0,1.0,1.0,0
300200372_,233,2025-09-01,53.0,65.0,0.0,65.0,65.0,0
300200373_,234,2025-09-01,7.0,7.0,0.0,7.0,7.0,0
300200418_,235,2025-09-01,11.0,1.0,0.0,1.0,1.0,0
300200365_,236,2025-09-01,194.0,274.0,0.0,274.0,274.0,0
300200364_,237,2025-09-01,37.0,47.0,0.0,47.0,47.0,0
300200374_,238,2025-09-01,,10.0,0.0,10.0,10.0,0
300200370_,239,2025-09-01,1.0,1.0,0.0,1.0,1.0,0
300200376_,242,2025-09-01,193.0,156.0,0.0,156.0,156.0,0
300200377_,243,2025-09-01,65.0,65.0,0.0,65.0,65.0,0
300200378_,244,2025-09-01,13.0,13.0,0.0,13.0,13.0,0
300200379_,245,2025-09-01,5.0,5.0,0.0,5.0,5.0,0
300200380_,246,2025-09-01,1.0,1.0,0.0,1.0,1.0,0
300200421_,247,2025-09-01,7.0,7.0,0.0,7.0,7.0,0
300200520_,249,2025-09-01,514.0,517.0,0.0,517.0,517.0,0
300200521_,250,2025-09-01,6.0,5.0,0.0,5.0,5.0,0
300200523_,252,2025-09-01,10.0,10.0,0.0,10.0,10.0,0
300200526_,255,2025-09-01,45.0,45.0,0.0,45.0,45.0,0
300200527_,256,2025-09-01,20.0,20.0,0.0,20.0,20.0,0
300200529_,257,2025-09-01,4.0,4.0,0.0,4.0,4.0,0
300200532_,260,2025-09-01,3.0,3.0,0.0,3.0,3.0,0
300200535_,263,2025-09-01,15.0,15.0,0.0,15.0,15.0,0
300200536_,264,2025-09-01,196.0,196.0,0.0,196.0,196.0,0
300200537_,265,2025-09-01,37.0,37.0,0.0,37.0,37.0,0
300200538_,266,2025-09-01,15.0,14.0,0.0,14.0,14.0,0
300200539_,267,2025-09-01,44.0,44.0,0.0,44.0,44.0,0
300200540_,268,2025-09-01,1.0,1.0,0.0,1.0,1.0,0
300200542_,270,2025-09-01,618.0,631.0,0.0,631.0,631.0,0
300200624_,271,2025-09-01,13.0,13.0,0.0,13.0,13.0,0
300200704_,272,2025-09-01,46.0,29.0,0.0,29.0,29.0,0
300200543_,273,2025-09-01,44.0,44.0,0.0,44.0,44.0,0
300200545_,275,2025-09-01,16.0,16.0,0.0,16.0,16.0,0
300200593_,276,2025-09-01,70.0,70.0,0.0,70.0,70.0,0
300200546_,277,2025-09-01,5.0,5.0,0.0,5.0,5.0,0
300200547_,278,2025-09-01,7.0,7.0,0.0,7.0,7.0,0
300200548_,279,2025-09-01,31.0,31.0,0.0,31.0,31.0,0
300200549_,280,2025-09-01,32.0,32.0,0.0,32.0,32.0,0
300200551_,282,2025-09-01,12.0,12.0,0.0,12.0,12.0,0
300200773_,283,2025-09-01,10.0,10.0,0.0,10.0,10.0,0
300200552_,284,2025-09-01,8.0,12.0,0.0,12.0,12.0,0
300200553_,285,2025-09-01,26.0,26.0,0.0,26.0,26.0,0
300200556_,288,2025-09-01,1.0,1.0,0.0,1.0,1.0,0
300200557_,289,2025-09-01,2.0,2.0,0.0,2.0,2.0,0
300200558_,290,2025-09-01,411.0,402.0,0.0,402.0,402.0,0
300200559_,291,2025-09-01,222.0,222.0,0.0,222.0,222.0,0
300200560_,292,2025-09-01,99.0,98.0,0.0,98.0,98.0,0
300200561_,293,2025-09-01,54.0,54.0,0.0,54.0,54.0,0
300200562_,294,2025-09-01,5.0,5.0,0.0,5.0,5.0,0
300200563_,295,2025-09-01,39.0,35.0,0.0,35.0,35.0,0
300200564_,296,2025-09-01,180.0,180.0,0.0,180.0,180.0,0
300200565_,297,2025-09-01,4.0,4.0,0.0,4.0,4.0,0
300200590_,298,2025-09-01,45.0,41.0,0.0,41.0,41.0,0
300200567_,300,2025-09-01,8.0,8.0,0.0,8.0,8.0,0
300200591_,301,2025-09-01,27.0,27.0,0.0,27.0,27.0,0
300200570_,304,2025-09-01,1.0,1.0,0.0,1.0,1.0,0
300200571_,305,2025-09-01,1.0,1.0,0.0,1.0,1.0,0
300200573_,307,2025-09-01,1.0,1.0,0.0,1.0,1.0,0
300200574_,308,2025-09-01,2.0,2.0,0.0,2.0,2.0,0
300200575_,309,2025-09-01,12.0,12.0,0.0,12.0,12.0,0
300200776_,312,2025-09-01,4.0,4.0,0.0,4.0,4.0,0
300200579_,314,2025-09-01,85.0,85.0,0.0,85.0,85.0,0
300200580_,315,2025-09-01,30.0,30.0,0.0,30.0,30.0,0
300200581_,316,2025-09-01,13.0,13.0,0.0,13.0,13.0,0
300200582_,317,2025-09-01,9.0,9.0,0.0,9.0,9.0,0
300200583_,318,2025-09-01,3.0,3.0,0.0,3.0,3.0,0
300200584_,319,2025-09-01,5.0,5.0,0.0,5.0,5.0,0
300200343_,320,2025-09-01,2620.0,2646.0,0.0,2646.0,2646.0,0
020100163_,321,2025-09-01,46.0,66.0,0.0,66.0,66.0,0
300200459_,322,2025-09-01,155.0,126.0,0.0,126.0,126.0,0
020100158_,323,2025-09-01,378.0,421.0,0.0,421.0,421.0,0
020100159_,324,2025-09-01,10.0,15.0,0.0,15.0,15.0,0
300200460_,325,2025-09-01,161.0,159.0,0.0,159.0,159.0,0
020100160_,326,2025-09-01,232.0,256.0,0.0,256.0,256.0,0
020100161_,327,2025-09-01,7.0,12.0,0.0,12.0,12.0,0
300200461_,328,2025-09-01,16.0,22.0,0.0,22.0,22.0,0
300200472_,329,2025-09-01,50.0,52.0,0.0,52.0,52.0,0
300200462_,330,2025-09-01,132.0,126.0,0.0,126.0,126.0,0
020100162_,332,2025-09-01,3.0,8.0,0.0,8.0,8.0,0
300200772_,333,2025-09-01,8.0,7.0,0.0,7.0,7.0,0
300200468_,334,2025-09-01,86.0,75.0,0.0,75.0,75.0,0
300200515_,335,2025-09-01,96.0,82.0,0.0,82.0,82.0,0
300200518_,336,2025-09-01,22.0,22.0,0.0,22.0,22.0,0
300200516_,337,2025-09-01,51.0,49.0,0.0,49.0,49.0,0
300200471_,338,2025-09-01,9.0,9.0,0.0,9.0,9.0,0
300200463_,340,2025-09-01,967.0,989.0,0.0,989.0,989.0,0
300200464_,341,2025-09-01,667.0,662.0,0.0,662.0,662.0,0
300200465_,342,2025-09-01,213.0,218.0,0.0,218.0,218.0,0
300200466_,343,2025-09-01,152.0,152.0,0.0,152.0,152.0,0
300200467_,344,2025-09-01,6.0,6.0,0.0,6.0,6.0,0
300200519_,345,2025-09-01,106.0,116.0,0.0,116.0,116.0,0
300200781_,347,2025-09-01,,5.0,0.0,5.0,5.0,0
300200779_,348,2025-09-01,42.0,51.0,0.0,51.0,51.0,0
300200782_,349,2025-09-01,20.0,20.0,0.0,20.0,20.0,0
300200783_,350,2025-09-01,7.0,12.0,0.0,12.0,12.0,0
030200006_,355,2025-09-01,67.0,67.0,0.0,67.0,67.0,0
030200008_,356,2025-09-01,47.0,47.0,0.0,47.0,47.0,0
030200005_,357,2025-09-01,18.0,18.0,0.0,18.0,18.0,0
030200007_,358,2025-09-01,2.0,2.0,0.0,2.0,2.0,0
030200003_,361,2025-09-01,1.0,1.0,0.0,1.0,1.0,0
030200009_,362,2025-09-01,5.0,5.0,0.0,5.0,5.0,0
030200037_,367,2025-09-01,,1600.0,0.0,1600.0,1600.0,0
030200028_,369,2025-09-01,,2688.0,0.0,2688.0,2688.0,0
030200029_,370,2025-09-01,,168.0,0.0,168.0,168.0,0
030200034_,372,2025-09-01,,264.0,0.0,264.0,264.0,0
030200239_,373,2025-09-01,,1232.0,0.0,1232.0,1232.0,0
030200240_,374,2025-09-01,,1680.0,0.0,1680.0,1680.0,0
030200027_,378,2025-09-01,6.0,6.0,0.0,6.0,6.0,0
030200247_,386,2025-09-01,22.0,22.0,0.0,22.0,22.0,0
030200243_,388,2025-09-01,1.0,1.0,0.0,1.0,1.0,0
030200256_,395,2025-09-01,51.0,50.0,0.0,50.0,50.0,0
030200258_,397,2025-09-01,1.0,1.0,0.0,1.0,1.0,0
300200331_,408,2025-09-01,1491.0,1599.0,0.0,1599.0,1599.0,0
300200296_,409,2025-09-01,402.0,733.0,0.0,733.0,733.0,0
300200283_,410,2025-09-01,45.0,46.0,0.0,46.0,46.0,0
300200302_,411,2025-09-01,368.0,497.0,0.0,497.0,497.0,0
300200333_,412,2025-09-01,830.0,1027.0,0.0,1027.0,1027.0,0
300200288_,413,2025-09-01,65.0,61.0,0.0,61.0,61.0,0
300200284_,414,2025-09-01,57.0,75.0,0.0,75.0,75.0,0
300200767_,415,2025-09-01,9.0,9.0,0.0,9.0,9.0,0
300200293_,416,2025-09-01,152.0,165.0,0.0,165.0,165.0,0
300200289_,417,2025-09-01,279.0,387.0,0.0,387.0,387.0,0
300200290_,418,2025-09-01,2.0,2.0,0.0,2.0,2.0,0
300200291_,419,2025-09-01,23.0,23.0,0.0,23.0,23.0,0
300200297_,420,2025-09-01,707.0,1249.0,0.0,1249.0,1249.0,0
300200298_,421,2025-09-01,686.0,916.0,0.0,916.0,916.0,0
300200294_,423,2025-09-01,42.0,47.0,0.0,47.0,47.0,0
300200286_,424,2025-09-01,6226.0,6077.0,0.0,6077.0,6077.0,0
300200332_,425,2025-09-01,969.0,1216.0,0.0,1216.0,1216.0,0
300200301_,426,2025-09-01,209.0,298.0,0.0,298.0,298.0,0
300200700_,428,2025-09-01,123.0,124.0,0.0,124.0,124.0,0
300200295_,429,2025-09-01,37.0,43.0,0.0,43.0,43.0,0
300200292_,430,2025-09-01,,12.0,0.0,12.0,12.0,0
300200303_,433,2025-09-01,3753.0,4068.0,0.0,4068.0,4068.0,0
300200304_,434,2025-09-01,1809.0,2311.0,0.0,2311.0,2311.0,0
300200305_,435,2025-09-01,605.0,687.0,0.0,687.0,687.0,0
300200306_,436,2025-09-01,223.0,250.0,0.0,250.0,250.0,0
300200307_,437,2025-09-01,48.0,48.0,0.0,48.0,48.0,0
300200310_,438,2025-09-01,53.0,53.0,0.0,53.0,53.0,0
300200311_,439,2025-09-01,84.0,81.0,0.0,81.0,81.0,0
300200308_,440,2025-09-01,50.0,53.0,0.0,53.0,53.0,0
300200309_,441,2025-09-01,6.0,7.0,0.0,7.0,7.0,0
300200313_,442,2025-09-01,32.0,169.0,0.0,169.0,169.0,0
300200498_,443,2025-09-01,178.0,175.0,0.0,175.0,175.0,0
300200314_,445,2025-09-01,3.0,223.0,0.0,223.0,223.0,0
ATN000109,446,2025-09-01,21.0,21.0,0.0,21.0,21.0,0
300200315_,447,2025-09-01,,120.0,0.0,120.0,120.0,0
300200771_,448,2025-09-01,20.0,23.0,0.0,23.0,23.0,0
300200316_,449,2025-09-01,10.0,307.0,0.0,307.0,307.0,0
300200959_,450,2025-09-01,22.0,22.0,0.0,22.0,22.0,0
300200317_,451,2025-09-01,27.0,398.0,0.0,398.0,398.0,0
300200496_,452,2025-09-01,15.0,15.0,0.0,15.0,15.0,0
300200346_,453,2025-09-01,2.0,2.0,0.0,2.0,2.0,0
300200318_,454,2025-09-01,71.0,479.0,0.0,479.0,479.0,0
300200347_,455,2025-09-01,,24.0,0.0,24.0,24.0,0
300200319_,456,2025-09-01,328.0,890.0,0.0,890.0,890.0,0
300200320_,457,2025-09-01,91.0,265.0,0.0,265.0,265.0,0
300200321_,458,2025-09-01,9.0,311.0,0.0,311.0,311.0,0
300200322_,459,2025-09-01,87.0,1096.0,0.0,1096.0,1096.0,0
300200323_,460,2025-09-01,264.0,1031.0,0.0,1031.0,1031.0,0
300200324_,461,2025-09-01,1043.0,2461.0,0.0,2461.0,2461.0,0
300200325_,462,2025-09-01,102.0,456.0,0.0,456.0,456.0,0
300200326_,463,2025-09-01,301.0,576.0,0.0,576.0,576.0,0
300200327_,464,2025-09-01,104.0,501.0,0.0,501.0,501.0,0
300200328_,465,2025-09-01,151.0,603.0,0.0,603.0,603.0,0
300200330_,466,2025-09-01,,240.0,0.0,240.0,240.0,0
300200348_,467,2025-09-01,1.0,21.0,0.0,21.0,21.0,0
300200350_,468,2025-09-01,2.0,2.0,0.0,2.0,2.0,0
300200430_,470,2025-09-01,42.0,32.0,0.0,32.0,32.0,0
300200588_,471,2025-09-01,75.0,72.0,0.0,72.0,72.0,0
300200443_,472,2025-09-01,24.0,24.0,0.0,24.0,24.0,0
300200432_,473,2025-09-01,39.0,33.0,0.0,33.0,33.0,0
300200444_,474,2025-09-01,10.0,10.0,0.0,10.0,10.0,0
300200449_,475,2025-09-01,11.0,11.0,0.0,11.0,11.0,0
300200433_,477,2025-09-01,30.0,27.0,0.0,27.0,27.0,0
300200439_,478,2025-09-01,10.0,10.0,0.0,10.0,10.0,0
300200451_,479,2025-09-01,17.0,17.0,0.0,17.0,17.0,0
300200448_,480,2025-09-01,6.0,6.0,0.0,6.0,6.0,0
300200774_,481,2025-09-01,2.0,1.0,0.0,1.0,1.0,0
300200436_,482,2025-09-01,23.0,23.0,0.0,23.0,23.0,0
300200431_,483,2025-09-01,54.0,51.0,0.0,51.0,51.0,0
300200452_,484,2025-09-01,2.0,2.0,0.0,2.0,2.0,0
300200434_,485,2025-09-01,1.0,1.0,0.0,1.0,1.0,0
300200429_,486,2025-09-01,81.0,91.0,0.0,91.0,91.0,0
300200632_,487,2025-09-01,15.0,10.0,0.0,10.0,10.0,0
300200441_,488,2025-09-01,4.0,4.0,0.0,4.0,4.0,0
300200435_,490,2025-09-01,280.0,260.0,0.0,260.0,260.0,0
300200437_,491,2025-09-01,186.0,161.0,0.0,161.0,161.0,0
300200438_,492,2025-09-01,78.0,70.0,0.0,70.0,70.0,0
300200440_,493,2025-09-01,42.0,37.0,0.0,37.0,37.0,0
300200445_,494,2025-09-01,7.0,6.0,0.0,6.0,6.0,0
300200446_,495,2025-09-01,29.0,27.0,0.0,27.0,27.0,0
300200592_,497,2025-09-01,149.0,149.0,0.0,149.0,149.0,0
300200366_,498,2025-09-01,13.0,13.0,0.0,13.0,13.0,0
LNVA105011,499,2025-09-01,10.0,10.0,0.0,10.0,10.0,0
300200595_,500,2025-09-01,49.0,49.0,0.0,49.0,49.0,0
300200718_,502,2025-09-01,390.0,375.0,0.0,375.0,375.0,0
300200719_,503,2025-09-01,8.0,8.0,0.0,8.0,8.0,0
300200720_,504,2025-09-01,15.0,16.0,0.0,16.0,16.0,0
300200721_,505,2025-09-01,,5.0,0.0,5.0,5.0,0
300200722_,506,2025-09-01,20.0,20.0,0.0,20.0,20.0,0
300200777_,507,2025-09-01,55.0,47.0,0.0,47.0,47.0,0
300200724_,509,2025-09-01,2.0,2.0,0.0,2.0,2.0,0
300200725_,510,2025-09-01,11.0,11.0,0.0,11.0,11.0,0
300200726_,511,2025-09-01,34.0,34.0,0.0,34.0,34.0,0
300200728_,513,2025-09-01,4.0,4.0,0.0,4.0,4.0,0
300200729_,514,2025-09-01,38.0,38.0,0.0,38.0,38.0,0
300200730_,515,2025-09-01,18.0,18.0,0.0,18.0,18.0,0
300200732_,517,2025-09-01,5.0,5.0,0.0,5.0,5.0,0
300200778_,518,2025-09-01,35.0,35.0,0.0,35.0,35.0,0
300200735_,521,2025-09-01,291.0,280.0,0.0,280.0,280.0,0
300200736_,522,2025-09-01,80.0,79.0,0.0,79.0,79.0,0
300200737_,523,2025-09-01,48.0,36.0,0.0,36.0,36.0,0
300200738_,524,2025-09-01,11.0,17.0,0.0,17.0,17.0,0
300200742_,525,2025-09-01,83.0,139.0,0.0,139.0,139.0,0
300200739_,526,2025-09-01,2.0,2.0,0.0,2.0,2.0,0
300200743_,527,2025-09-01,26.0,37.0,0.0,37.0,37.0,0
300200740_,528,2025-09-01,11.0,11.0,0.0,11.0,11.0,0
300200741_,529,2025-09-01,118.0,105.0,0.0,105.0,105.0,0
300200744_,530,2025-09-01,82.0,165.0,0.0,165.0,165.0,0
300200745_,531,2025-09-01,96.0,264.0,0.0,264.0,264.0,0
300200746_,532,2025-09-01,54.0,54.0,0.0,54.0,54.0,0
300200747_,533,2025-09-01,7.0,7.0,0.0,7.0,7.0,0
300200748_,534,2025-09-01,10.0,9.0,0.0,9.0,9.0,0
300200749_,535,2025-09-01,43.0,38.0,0.0,38.0,38.0,0
300200750_,536,2025-09-01,35.0,33.0,0.0,33.0,33.0,0
300200751_,537,2025-09-01,41.0,50.0,0.0,50.0,50.0,0
300200752_,538,2025-09-01,91.0,83.0,0.0,83.0,83.0,0
300200753_,539,2025-09-01,37.0,32.0,0.0,32.0,32.0,0
300200754_,540,2025-09-01,13.0,13.0,0.0,13.0,13.0,0
300200755_,541,2025-09-01,8.0,8.0,0.0,8.0,8.0,0
030200226_,543,2025-09-01,10.0,600.0,0.0,600.0,600.0,0
030200223_,544,2025-09-01,986.0,2424.0,0.0,2424.0,2424.0,0
030200227_,545,2025-09-01,82.0,1304.0,0.0,1304.0,1304.0,0
030200225_,546,2025-09-01,2648.0,5171.0,0.0,5171.0,5171.0,0
030200224_,547,2025-09-01,2142.0,1919.0,0.0,1919.0,1919.0,0
030200221_,548,2025-09-01,1184.0,1221.0,0.0,1221.0,1221.0,0
030200222_,549,2025-09-01,836.0,1011.0,0.0,1011.0,1011.0,0
300200473_,550,2025-09-01,,18.0,0.0,18.0,18.0,0
ATN000446,551,2025-09-01,8.0,8.0,0.0,8.0,8.0,0
130300026_,553,2025-09-01,270.0,810.0,0.0,810.0,810.0,0
130300027_,554,2025-09-01,1344.0,1586.0,0.0,1586.0,1586.0,0
130300028_,555,2025-09-01,202.0,458.0,0.0,458.0,458.0,0
030200203_,556,2025-09-01,1392.0,2182.0,0.0,2182.0,2182.0,0
030200128_,3,2025-10-01,2.0,2.0,0.0,2.0,2.0,0
030200382_,4,2025-10-01,9.0,9.0,0.0,9.0,9.0,0
030200127_,5,2025-10-01,4.0,4.0,0.0,4.0,4.0,0
030200072_,8,2025-10-01,16.0,16.0,0.0,16.0,16.0,0
280300174_,17,2025-10-01,164.0,164.0,0.0,164.0,164.0,0
030300013_,18,2025-10-01,80.0,14768.0,0.0,14768.0,14768.0,0
030200220_,19,2025-10-01,1661.0,2786.0,0.0,2786.0,2786.0,0
030200219_,20,2025-10-01,2560.0,2115.0,0.0,2115.0,2115.0,0
030300014_,22,2025-10-01,912.0,912.0,0.0,912.0,912.0,0
030200193_,23,2025-10-01,25149.0,27842.0,0.0,27842.0,27842.0,0
030200192_,25,2025-10-01,61615.0,58755.0,0.0,58755.0,58755.0,0
030200201_,26,2025-10-01,22466.0,20141.0,0.0,20141.0,20141.0,0
300200428_,27,2025-10-01,212.0,212.0,0.0,212.0,212.0,0
300201148_,32,2025-10-01,101.0,123.0,0.0,123.0,123.0,0
300201149_,33,2025-10-01,47.0,44.0,0.0,44.0,44.0,0
300201150_,34,2025-10-01,19.0,19.0,0.0,19.0,19.0,0
300201151_,35,2025-10-01,43.0,68.0,0.0,68.0,68.0,0
300201152_,36,2025-10-01,24.0,84.0,0.0,84.0,84.0,0
300201153_,37,2025-10-01,47.0,44.0,0.0,44.0,44.0,0
300201154_,38,2025-10-01,23.0,18.0,0.0,18.0,18.0,0
300201155_,39,2025-10-01,15.0,17.0,0.0,17.0,17.0,0
300200968_,40,2025-10-01,138.0,179.0,0.0,179.0,179.0,0
300200967_,41,2025-10-01,301.0,320.0,0.0,320.0,320.0,0
300200413_,42,2025-10-01,20.0,15.0,0.0,15.0,15.0,0
010400436_,43,2025-10-01,61.0,51.0,0.0,51.0,51.0,0
010400432_,44,2025-10-01,12.0,8.0,0.0,8.0,8.0,0
010400440_,45,2025-10-01,27.0,24.0,0.0,24.0,24.0,0
010400444_,46,2025-10-01,58.0,52.0,0.0,52.0,52.0,0
010400447_,47,2025-10-01,50.0,48.0,0.0,48.0,48.0,0
010400433_,48,2025-10-01,9.0,8.0,0.0,8.0,8.0,0
010400437_,49,2025-10-01,44.0,21.0,0.0,21.0,21.0,0
010400441_,50,2025-10-01,13.0,12.0,0.0,12.0,12.0,0
010400445_,51,2025-10-01,62.0,60.0,0.0,60.0,60.0,0
010400448_,52,2025-10-01,37.0,29.0,0.0,29.0,29.0,0
300200784_,53,2025-10-01,66.0,66.0,0.0,66.0,66.0,0
300200785_,54,2025-10-01,12.0,12.0,0.0,12.0,12.0,0
300200788_,57,2025-10-01,6.0,6.0,0.0,6.0,6.0,0
300200790_,59,2025-10-01,2.0,2.0,0.0,2.0,2.0,0
300200795_,64,2025-10-01,38.0,38.0,0.0,38.0,38.0,0
300200796_,65,2025-10-01,16.0,16.0,0.0,16.0,16.0,0
300200797_,66,2025-10-01,8.0,8.0,0.0,8.0,8.0,0
300200798_,67,2025-10-01,1.0,1.0,0.0,1.0,1.0,0
300200800_,69,2025-10-01,4.0,4.0,0.0,4.0,4.0,0
300200801_,70,2025-10-01,4.0,4.0,0.0,4.0,4.0,0
300200806_,75,2025-10-01,2.0,2.0,0.0,2.0,2.0,0
300200809_,78,2025-10-01,2.0,2.0,0.0,2.0,2.0,0
300200810_,79,2025-10-01,186.0,91.0,0.0,91.0,91.0,0
300200812_,81,2025-10-01,48.0,26.0,0.0,26.0,26.0,0
300200814_,83,2025-10-01,20.0,1.0,0.0,1.0,1.0,0
300200815_,84,2025-10-01,5.0,5.0,0.0,5.0,5.0,0
300200816_,85,2025-10-01,4.0,4.0,0.0,4.0,4.0,0
300200817_,86,2025-10-01,13.0,10.0,0.0,10.0,10.0,0
300200818_,87,2025-10-01,3.0,3.0,0.0,3.0,3.0,0
300200821_,90,2025-10-01,50.0,23.0,0.0,23.0,23.0,0
300200822_,91,2025-10-01,57.0,12.0,0.0,12.0,12.0,0
300200823_,92,2025-10-01,12.0,5.0,0.0,5.0,5.0,0
300200824_,93,2025-10-01,14.0,10.0,0.0,10.0,10.0,0
300200853_,122,2025-10-01,5.0,5.0,0.0,5.0,5.0,0
300200856_,125,2025-10-01,88.0,137.0,0.0,137.0,137.0,0
300200857_,126,2025-10-01,7.0,21.0,0.0,21.0,21.0,0
300200859_,128,2025-10-01,37.0,52.0,0.0,52.0,52.0,0
300200861_,130,2025-10-01,7.0,11.0,0.0,11.0,11.0,0
300200862_,131,2025-10-01,-9.0,19.0,0.0,19.0,19.0,0
300200863_,132,2025-10-01,-3.0,5.0,0.0,5.0,5.0,0
300200865_,134,2025-10-01,107.0,107.0,0.0,107.0,107.0,0
300200866_,135,2025-10-01,-4.0,3.0,0.0,3.0,3.0,0
300200867_,136,2025-10-01,-3.0,2.0,0.0,2.0,2.0,0
300200868_,137,2025-10-01,163.0,184.0,0.0,184.0,184.0,0
300200869_,138,2025-10-01,15.0,38.0,0.0,38.0,38.0,0
300200870_,139,2025-10-01,29.0,24.0,0.0,24.0,24.0,0
300200871_,140,2025-10-01,4.0,17.0,0.0,17.0,17.0,0
300200872_,141,2025-10-01,-3.0,2.0,0.0,2.0,2.0,0
300200873_,142,2025-10-01,22.0,26.0,0.0,26.0,26.0,0
300200875_,144,2025-10-01,2.0,2.0,0.0,2.0,2.0,0
300200879_,148,2025-10-01,4.0,4.0,0.0,4.0,4.0,0
300200883_,152,2025-10-01,2.0,2.0,0.0,2.0,2.0,0
300200887_,156,2025-10-01,69.0,64.0,0.0,64.0,64.0,0
300200888_,157,2025-10-01,12.0,12.0,0.0,12.0,12.0,0
300200890_,159,2025-10-01,10.0,10.0,0.0,10.0,10.0,0
300200892_,160,2025-10-01,4.0,4.0,0.0,4.0,4.0,0
300200893_,161,2025-10-01,2.0,2.0,0.0,2.0,2.0,0
300200898_,166,2025-10-01,23.0,22.0,0.0,22.0,22.0,0
300200899_,167,2025-10-01,23.0,21.0,0.0,21.0,21.0,0
300200900_,168,2025-10-01,8.0,8.0,0.0,8.0,8.0,0
300200901_,169,2025-10-01,1.0,1.0,0.0,1.0,1.0,0
300200910_,178,2025-10-01,218.0,218.0,0.0,218.0,218.0,0
300200911_,179,2025-10-01,9.0,9.0,0.0,9.0,9.0,0
300200912_,180,2025-10-01,39.0,39.0,0.0,39.0,39.0,0
300200914_,182,2025-10-01,35.0,35.0,0.0,35.0,35.0,0
300200915_,183,2025-10-01,1.0,1.0,0.0,1.0,1.0,0
300200916_,184,2025-10-01,7.0,7.0,0.0,7.0,7.0,0
300200917_,185,2025-10-01,10.0,10.0,0.0,10.0,10.0,0
300200918_,186,2025-10-01,2.0,2.0,0.0,2.0,2.0,0
300200920_,188,2025-10-01,3.0,3.0,0.0,3.0,3.0,0
300200921_,189,2025-10-01,117.0,117.0,0.0,117.0,117.0,0
300200922_,190,2025-10-01,56.0,56.0,0.0,56.0,56.0,0
300200923_,191,2025-10-01,30.0,30.0,0.0,30.0,30.0,0
300200924_,192,2025-10-01,9.0,9.0,0.0,9.0,9.0,0
300200925_,193,2025-10-01,1.0,1.0,0.0,1.0,1.0,0
300200926_,194,2025-10-01,16.0,16.0,0.0,16.0,16.0,0
300200927_,195,2025-10-01,12.0,12.0,0.0,12.0,12.0,0
300200928_,196,2025-10-01,1.0,1.0,0.0,1.0,1.0,0
300200932_,200,2025-10-01,2.0,2.0,0.0,2.0,2.0,0
300200933_,201,2025-10-01,32.0,34.0,0.0,34.0,34.0,0
300200934_,202,2025-10-01,15.0,2.0,0.0,2.0,2.0,0
300200936_,204,2025-10-01,13.0,8.0,0.0,8.0,8.0,0
300200938_,206,2025-10-01,2.0,2.0,0.0,2.0,2.0,0
300200939_,207,2025-10-01,4.0,4.0,0.0,4.0,4.0,0
300200945_,213,2025-10-01,50.0,20.0,0.0,20.0,20.0,0
300200946_,214,2025-10-01,12.0,8.0,0.0,8.0,8.0,0
300200947_,215,2025-10-01,3.0,11.0,0.0,11.0,11.0,0
300200948_,216,2025-10-01,4.0,4.0,0.0,4.0,4.0,0
300200953_,221,2025-10-01,4.0,4.0,0.0,4.0,4.0,0
300200371_,224,2025-10-01,6.0,15.0,0.0,15.0,15.0,0
300200375_,226,2025-10-01,23.0,16.0,0.0,16.0,16.0,0
300200363_,228,2025-10-01,10.0,10.0,0.0,10.0,10.0,0
300200368_,229,2025-10-01,7.0,3.0,0.0,3.0,3.0,0
300200367_,230,2025-10-01,3.0,3.0,0.0,3.0,3.0,0
300200372_,233,2025-10-01,2.0,8.0,0.0,8.0,8.0,0
300200373_,234,2025-10-01,17.0,17.0,0.0,17.0,17.0,0
300200365_,236,2025-10-01,287.0,175.0,0.0,175.0,175.0,0
300200374_,238,2025-10-01,2.0,2.0,0.0,2.0,2.0,0
300200419_,241,2025-10-01,2.0,2.0,0.0,2.0,2.0,0
300200376_,242,2025-10-01,46.0,18.0,0.0,18.0,18.0,0
300200377_,243,2025-10-01,64.0,50.0,0.0,50.0,50.0,0
300200378_,244,2025-10-01,27.0,14.0,0.0,14.0,14.0,0
300200379_,245,2025-10-01,23.0,21.0,0.0,21.0,21.0,0
300200421_,247,2025-10-01,2.0,2.0,0.0,2.0,2.0,0
300200520_,249,2025-10-01,209.0,190.0,0.0,190.0,190.0,0
300200521_,250,2025-10-01,5.0,5.0,0.0,5.0,5.0,0
300200522_,251,2025-10-01,1.0,1.0,0.0,1.0,1.0,0
300200523_,252,2025-10-01,13.0,13.0,0.0,13.0,13.0,0
300200524_,253,2025-10-01,4.0,4.0,0.0,4.0,4.0,0
300200526_,255,2025-10-01,5.0,5.0,0.0,5.0,5.0,0
300200527_,256,2025-10-01,12.0,12.0,0.0,12.0,12.0,0
300200529_,257,2025-10-01,2.0,2.0,0.0,2.0,2.0,0
300200531_,259,2025-10-01,14.0,14.0,0.0,14.0,14.0,0
300200533_,261,2025-10-01,3.0,3.0,0.0,3.0,3.0,0
300200534_,262,2025-10-01,3.0,3.0,0.0,3.0,3.0,0
300200536_,264,2025-10-01,113.0,112.0,0.0,112.0,112.0,0
300200537_,265,2025-10-01,38.0,36.0,0.0,36.0,36.0,0
300200538_,266,2025-10-01,11.0,10.0,0.0,10.0,10.0,0
300200539_,267,2025-10-01,15.0,15.0,0.0,15.0,15.0,0
300200540_,268,2025-10-01,1.0,1.0,0.0,1.0,1.0,0
300200541_,269,2025-10-01,15.0,15.0,0.0,15.0,15.0,0
300200542_,270,2025-10-01,748.0,593.0,0.0,593.0,593.0,0
300200624_,271,2025-10-01,46.0,46.0,0.0,46.0,46.0,0
300200704_,272,2025-10-01,5.0,5.0,0.0,5.0,5.0,0
300200543_,273,2025-10-01,88.0,64.0,0.0,64.0,64.0,0
300200545_,275,2025-10-01,27.0,20.0,0.0,20.0,20.0,0
300200593_,276,2025-10-01,70.0,63.0,0.0,63.0,63.0,0
300200547_,278,2025-10-01,4.0,4.0,0.0,4.0,4.0,0
300200548_,279,2025-10-01,26.0,20.0,0.0,20.0,20.0,0
300200549_,280,2025-10-01,67.0,63.0,0.0,63.0,63.0,0
300200551_,282,2025-10-01,19.0,18.0,0.0,18.0,18.0,0
300200773_,283,2025-10-01,1.0,10.0,0.0,10.0,10.0,0
300200552_,284,2025-10-01,26.0,26.0,0.0,26.0,26.0,0
300200553_,285,2025-10-01,52.0,40.0,0.0,40.0,40.0,0
300200555_,287,2025-10-01,10.0,10.0,0.0,10.0,10.0,0
300200556_,288,2025-10-01,9.0,9.0,0.0,9.0,9.0,0
300200557_,289,2025-10-01,,6.0,0.0,6.0,6.0,0
300200558_,290,2025-10-01,297.0,175.0,0.0,175.0,175.0,0
300200559_,291,2025-10-01,250.0,234.0,0.0,234.0,234.0,0
300200560_,292,2025-10-01,76.0,60.0,0.0,60.0,60.0,0
300200561_,293,2025-10-01,29.0,22.0,0.0,22.0,22.0,0
300200562_,294,2025-10-01,2.0,2.0,0.0,2.0,2.0,0
300200563_,295,2025-10-01,25.0,31.0,0.0,31.0,31.0,0
300200564_,296,2025-10-01,95.0,93.0,0.0,93.0,93.0,0
300200565_,297,2025-10-01,17.0,14.0,0.0,14.0,14.0,0
300200590_,298,2025-10-01,-3.0,1.0,0.0,1.0,1.0,0
300200567_,300,2025-10-01,7.0,6.0,0.0,6.0,6.0,0
300200591_,301,2025-10-01,2.0,2.0,0.0,2.0,2.0,0
300200570_,304,2025-10-01,1.0,1.0,0.0,1.0,1.0,0
300200571_,305,2025-10-01,4.0,4.0,0.0,4.0,4.0,0
300200574_,308,2025-10-01,11.0,10.0,0.0,10.0,10.0,0
300200575_,309,2025-10-01,18.0,11.0,0.0,11.0,11.0,0
300200576_,311,2025-10-01,9.0,9.0,0.0,9.0,9.0,0
300200579_,314,2025-10-01,76.0,74.0,0.0,74.0,74.0,0
300200580_,315,2025-10-01,14.0,14.0,0.0,14.0,14.0,0
300200581_,316,2025-10-01,5.0,5.0,0.0,5.0,5.0,0
300200582_,317,2025-10-01,1.0,1.0,0.0,1.0,1.0,0
300200343_,320,2025-10-01,1523.0,1347.0,0.0,1347.0,1347.0,0
020100163_,321,2025-10-01,34.0,20.0,0.0,20.0,20.0,0
300200459_,322,2025-10-01,61.0,28.0,0.0,28.0,28.0,0
020100158_,323,2025-10-01,208.0,187.0,0.0,187.0,187.0,0
020100159_,324,2025-10-01,6.0,6.0,0.0,6.0,6.0,0
300200460_,325,2025-10-01,42.0,28.0,0.0,28.0,28.0,0
020100160_,326,2025-10-01,185.0,173.0,0.0,173.0,173.0,0
300200461_,328,2025-10-01,21.0,17.0,0.0,17.0,17.0,0
300200472_,329,2025-10-01,27.0,25.0,0.0,25.0,25.0,0
300200462_,330,2025-10-01,66.0,56.0,0.0,56.0,56.0,0
300200517_,331,2025-10-01,2.0,2.0,0.0,2.0,2.0,0
020100162_,332,2025-10-01,4.0,3.0,0.0,3.0,3.0,0
300200772_,333,2025-10-01,4.0,3.0,0.0,3.0,3.0,0
300200468_,334,2025-10-01,97.0,83.0,0.0,83.0,83.0,0
300200515_,335,2025-10-01,158.0,153.0,0.0,153.0,153.0,0
300200518_,336,2025-10-01,42.0,33.0,0.0,33.0,33.0,0
300200516_,337,2025-10-01,105.0,88.0,0.0,88.0,88.0,0
300200470_,339,2025-10-01,1.0,1.0,0.0,1.0,1.0,0
300200463_,340,2025-10-01,568.0,484.0,0.0,484.0,484.0,0
300200464_,341,2025-10-01,362.0,302.0,0.0,302.0,302.0,0
300200465_,342,2025-10-01,181.0,151.0,0.0,151.0,151.0,0
300200466_,343,2025-10-01,145.0,138.0,0.0,138.0,138.0,0
300200467_,344,2025-10-01,14.0,13.0,0.0,13.0,13.0,0
300200519_,345,2025-10-01,41.0,33.0,0.0,33.0,33.0,0
300200775_,346,2025-10-01,1.0,1.0,0.0,1.0,1.0,0
300200779_,348,2025-10-01,50.0,47.0,0.0,47.0,47.0,0
300200782_,349,2025-10-01,26.0,23.0,0.0,23.0,23.0,0
300100015_,351,2025-10-01,5.0,5.0,0.0,5.0,5.0,0
300100006_,352,2025-10-01,6.0,6.0,0.0,6.0,6.0,0
030200008_,356,2025-10-01,27.0,27.0,0.0,27.0,27.0,0
030200005_,357,2025-10-01,11.0,11.0,0.0,11.0,11.0,0
030200007_,358,2025-10-01,1.0,1.0,0.0,1.0,1.0,0
030200003_,361,2025-10-01,3.0,13.0,0.0,13.0,13.0,0
030200037_,367,2025-10-01,50.0,2320.0,0.0,2320.0,2320.0,0
030200028_,369,2025-10-01,,1680.0,0.0,1680.0,1680.0,0
030200239_,373,2025-10-01,,4480.0,0.0,4480.0,4480.0,0
030200240_,374,2025-10-01,,1680.0,0.0,1680.0,1680.0,0
030200379_,375,2025-10-01,1.0,1.0,0.0,1.0,1.0,0
030200247_,386,2025-10-01,1.0,1.0,0.0,1.0,1.0,0
030200243_,388,2025-10-01,2.0,2.0,0.0,2.0,2.0,0
030200249_,392,2025-10-01,1.0,1.0,0.0,1.0,1.0,0
030200256_,395,2025-10-01,55.0,55.0,0.0,55.0,55.0,0
030200257_,396,2025-10-01,3.0,3.0,0.0,3.0,3.0,0
030200258_,397,2025-10-01,4.0,4.0,0.0,4.0,4.0,0
030200263_,398,2025-10-01,2.0,2.0,0.0,2.0,2.0,0
030200250_,403,2025-10-01,20.0,20.0,0.0,20.0,20.0,0
030200251_,404,2025-10-01,15.0,15.0,0.0,15.0,15.0,0
030200252_,405,2025-10-01,12.0,12.0,0.0,12.0,12.0,0
030200253_,406,2025-10-01,4.0,4.0,0.0,4.0,4.0,0
300200331_,408,2025-10-01,897.0,891.0,0.0,891.0,891.0,0
300200296_,409,2025-10-01,381.0,347.0,0.0,347.0,347.0,0
300200283_,410,2025-10-01,38.0,38.0,0.0,38.0,38.0,0
300200302_,411,2025-10-01,317.0,292.0,0.0,292.0,292.0,0
300200333_,412,2025-10-01,382.0,396.0,0.0,396.0,396.0,0
300200288_,413,2025-10-01,14.0,14.0,0.0,14.0,14.0,0
300200284_,414,2025-10-01,23.0,49.0,0.0,49.0,49.0,0
300200767_,415,2025-10-01,3.0,1.0,0.0,1.0,1.0,0
300200293_,416,2025-10-01,138.0,109.0,0.0,109.0,109.0,0
300200289_,417,2025-10-01,177.0,155.0,0.0,155.0,155.0,0
300200291_,419,2025-10-01,35.0,30.0,0.0,30.0,30.0,0
300200297_,420,2025-10-01,691.0,811.0,0.0,811.0,811.0,0
300200298_,421,2025-10-01,720.0,659.0,0.0,659.0,659.0,0
300200299_,422,2025-10-01,2.0,2.0,0.0,2.0,2.0,0
300200294_,423,2025-10-01,114.0,114.0,0.0,114.0,114.0,0
300200286_,424,2025-10-01,4152.0,3722.0,0.0,3722.0,3722.0,0
300200332_,425,2025-10-01,541.0,631.0,0.0,631.0,631.0,0
300200301_,426,2025-10-01,455.0,396.0,0.0,396.0,396.0,0
300200287_,427,2025-10-01,4.0,4.0,0.0,4.0,4.0,0
300200700_,428,2025-10-01,92.0,87.0,0.0,87.0,87.0,0
300200295_,429,2025-10-01,29.0,13.0,0.0,13.0,13.0,0
300200292_,430,2025-10-01,3.0,3.0,0.0,3.0,3.0,0
300200300_,431,2025-10-01,4.0,4.0,0.0,4.0,4.0,0
300200312_,432,2025-10-01,1.0,1.0,0.0,1.0,1.0,0
300200303_,433,2025-10-01,2809.0,2651.0,0.0,2651.0,2651.0,0
300200304_,434,2025-10-01,932.0,868.0,0.0,868.0,868.0,0
300200305_,435,2025-10-01,578.0,631.0,0.0,631.0,631.0,0
300200306_,436,2025-10-01,242.0,238.0,0.0,238.0,238.0,0
300200307_,437,2025-10-01,135.0,116.0,0.0,116.0,116.0,0
300200311_,439,2025-10-01,40.0,33.0,0.0,33.0,33.0,0
300200308_,440,2025-10-01,11.0,5.0,0.0,5.0,5.0,0
300200309_,441,2025-10-01,9.0,2.0,0.0,2.0,2.0,0
300200313_,442,2025-10-01,67.0,52.0,0.0,52.0,52.0,0
300200498_,443,2025-10-01,81.0,88.0,0.0,88.0,88.0,0
300200771_,448,2025-10-01,18.0,13.0,0.0,13.0,13.0,0
300200316_,449,2025-10-01,3.0,3.0,0.0,3.0,3.0,0
300200959_,450,2025-10-01,16.0,14.0,0.0,14.0,14.0,0
300200317_,451,2025-10-01,13.0,3.0,0.0,3.0,3.0,0
300200318_,454,2025-10-01,68.0,58.0,0.0,58.0,58.0,0
300200347_,455,2025-10-01,4.0,4.0,0.0,4.0,4.0,0
300200319_,456,2025-10-01,461.0,560.0,0.0,560.0,560.0,0
300200320_,457,2025-10-01,130.0,126.0,0.0,126.0,126.0,0
300200321_,458,2025-10-01,26.0,29.0,0.0,29.0,29.0,0
300200322_,459,2025-10-01,151.0,269.0,0.0,269.0,269.0,0
300200323_,460,2025-10-01,438.0,364.0,0.0,364.0,364.0,0
300200324_,461,2025-10-01,1029.0,1135.0,0.0,1135.0,1135.0,0
300200325_,462,2025-10-01,40.0,142.0,0.0,142.0,142.0,0
300200326_,463,2025-10-01,401.0,507.0,0.0,507.0,507.0,0
300200327_,464,2025-10-01,9.0,64.0,0.0,64.0,64.0,0
300200328_,465,2025-10-01,170.0,348.0,0.0,348.0,348.0,0
300200430_,470,2025-10-01,23.0,14.0,0.0,14.0,14.0,0
300200588_,471,2025-10-01,145.0,145.0,0.0,145.0,145.0,0
300200443_,472,2025-10-01,3.0,2.0,0.0,2.0,2.0,0
300200432_,473,2025-10-01,11.0,12.0,0.0,12.0,12.0,0
300200449_,475,2025-10-01,2.0,2.0,0.0,2.0,2.0,0
300200433_,477,2025-10-01,7.0,6.0,0.0,6.0,6.0,0
300200436_,482,2025-10-01,128.0,182.0,0.0,182.0,182.0,0
300200452_,484,2025-10-01,2.0,2.0,0.0,2.0,2.0,0
300200434_,485,2025-10-01,25.0,11.0,0.0,11.0,11.0,0
300200429_,486,2025-10-01,9.0,11.0,0.0,11.0,11.0,0
300200632_,487,2025-10-01,100.0,100.0,0.0,100.0,100.0,0
300200435_,490,2025-10-01,351.0,353.0,0.0,353.0,353.0,0
300200437_,491,2025-10-01,32.0,43.0,0.0,43.0,43.0,0
300200438_,492,2025-10-01,29.0,25.0,0.0,25.0,25.0,0
300200440_,493,2025-10-01,44.0,,,,,1
300200592_,497,2025-10-01,68.0,54.0,0.0,54.0,54.0,0
300200366_,498,2025-10-01,3.0,3.0,0.0,3.0,3.0,0
LNVA105011,499,2025-10-01,10.0,10.0,0.0,10.0,10.0,0
300200595_,500,2025-10-01,13.0,13.0,0.0,13.0,13.0,0
300200718_,502,2025-10-01,308.0,308.0,0.0,308.0,308.0,0
300200719_,503,2025-10-01,112.0,62.0,0.0,62.0,62.0,0
300200720_,504,2025-10-01,41.0,40.0,0.0,40.0,40.0,0
300200722_,506,2025-10-01,12.0,12.0,0.0,12.0,12.0,0
300200777_,507,2025-10-01,16.0,16.0,0.0,16.0,16.0,0
300200724_,509,2025-10-01,1.0,1.0,0.0,1.0,1.0,0
300200725_,510,2025-10-01,3.0,8.0,0.0,8.0,8.0,0
300200726_,511,2025-10-01,16.0,16.0,0.0,16.0,16.0,0
300200729_,514,2025-10-01,10.0,10.0,0.0,10.0,10.0,0
300200730_,515,2025-10-01,3.0,2.0,0.0,2.0,2.0,0
300200734_,520,2025-10-01,1.0,1.0,0.0,1.0,1.0,0
300200735_,521,2025-10-01,52.0,51.0,0.0,51.0,51.0,0
300200736_,522,2025-10-01,112.0,111.0,0.0,111.0,111.0,0
300200737_,523,2025-10-01,22.0,20.0,0.0,20.0,20.0,0
300200738_,524,2025-10-01,8.0,7.0,0.0,7.0,7.0,0
300200742_,525,2025-10-01,138.0,136.0,0.0,136.0,136.0,0
300200739_,526,2025-10-01,1.0,1.0,0.0,1.0,1.0,0
300200743_,527,2025-10-01,10.0,9.0,0.0,9.0,9.0,0
300200740_,528,2025-10-01,6.0,6.0,0.0,6.0,6.0,0
300200741_,529,2025-10-01,50.0,54.0,0.0,54.0,54.0,0
300200744_,530,2025-10-01,269.0,251.0,0.0,251.0,251.0,0
300200745_,531,2025-10-01,70.0,56.0,0.0,56.0,56.0,0
300200746_,532,2025-10-01,89.0,86.0,0.0,86.0,86.0,0
300200747_,533,2025-10-01,1.0,1.0,0.0,1.0,1.0,0
300200748_,534,2025-10-01,9.0,8.0,0.0,8.0,8.0,0
300200749_,535,2025-10-01,28.0,24.0,0.0,24.0,24.0,0
300200750_,536,2025-10-01,18.0,17.0,0.0,17.0,17.0,0
300200751_,537,2025-10-01,83.0,74.0,0.0,74.0,74.0,0
300200752_,538,2025-10-01,96.0,84.0,0.0,84.0,84.0,0
300200753_,539,2025-10-01,25.0,23.0,0.0,23.0,23.0,0
300200754_,540,2025-10-01,3.0,3.0,0.0,3.0,3.0,0
300200755_,541,2025-10-01,19.0,16.0,0.0,16.0,16.0,0
030200226_,543,2025-10-01,228.0,227.0,0.0,227.0,227.0,0
030200223_,544,2025-10-01,2235.0,2695.0,0.0,2695.0,2695.0,0
030200227_,545,2025-10-01,246.0,238.0,0.0,238.0,238.0,0
030200225_,546,2025-10-01,1369.0,2028.0,0.0,2028.0,2028.0,0
030200224_,547,2025-10-01,2209.0,3770.0,0.0,3770.0,3770.0,0
030200221_,548,2025-10-01,1886.0,2100.0,0.0,2100.0,2100.0,0
030200222_,549,2025-10-01,737.0,886.0,0.0,886.0,886.0,0
130300026_,553,2025-10-01,264.0,128.0,0.0,128.0,128.0,0
130300027_,554,2025-10-01,1479.0,3638.0,0.0,3638.0,3638.0,0
130300028_,555,2025-10-01,,140.0,0.0,140.0,140.0,0
030200203_,556,2025-10-01,1336.0,2167.0,0.0,2167.0,2167.0,0
030200141_,6,2025-11-01,2.0,2.0,0.0,2.0,2.0,0
030200072_,8,2025-11-01,3.0,3.0,0.0,3.0,3.0,0
030200093_,9,2025-11-01,41.0,21.0,0.0,21.0,21.0,0
030200135_,10,2025-11-01,2.0,2.0,0.0,2.0,2.0,0
030200136_,11,2025-11-01,1.0,1.0,0.0,1.0,1.0,0
030200090_,14,2025-11-01,1.0,1.0,0.0,1.0,1.0,0
280300174_,17,2025-11-01,265.0,1109.0,0.0,1109.0,1109.0,0
030300013_,18,2025-11-01,2.0,218.0,0.0,218.0,218.0,0
030200220_,19,2025-11-01,1287.0,5009.0,0.0,5009.0,5009.0,0
030200219_,20,2025-11-01,10940.0,24221.0,0.0,24221.0,24221.0,0
030300014_,22,2025-11-01,324.0,6148.0,0.0,6148.0,6148.0,0
030200193_,23,2025-11-01,27153.0,60384.0,0.0,60384.0,60384.0,0
030200192_,25,2025-11-01,67138.0,152398.0,0.0,152398.0,152398.0,0
030200201_,26,2025-11-01,15980.0,58188.0,0.0,58188.0,58188.0,0
300200428_,27,2025-11-01,353.0,316.0,0.0,316.0,316.0,0
300201148_,32,2025-11-01,84.0,86.0,0.0,86.0,86.0,0
300201149_,33,2025-11-01,23.0,41.0,0.0,41.0,41.0,0
300201150_,34,2025-11-01,16.0,49.0,0.0,49.0,49.0,0
300201151_,35,2025-11-01,27.0,152.0,0.0,152.0,152.0,0
300201152_,36,2025-11-01,7.0,25.0,0.0,25.0,25.0,0
300201153_,37,2025-11-01,51.0,94.0,0.0,94.0,94.0,0
300201154_,38,2025-11-01,35.0,31.0,0.0,31.0,31.0,0
300201155_,39,2025-11-01,23.0,29.0,0.0,29.0,29.0,0
300200968_,40,2025-11-01,46.0,82.0,0.0,82.0,82.0,0
300200967_,41,2025-11-01,112.0,132.0,0.0,132.0,132.0,0
300200413_,42,2025-11-01,10.0,9.0,0.0,9.0,9.0,0
010400436_,43,2025-11-01,25.0,22.0,0.0,22.0,22.0,0
010400432_,44,2025-11-01,5.0,5.0,0.0,5.0,5.0,0
010400440_,45,2025-11-01,17.0,11.0,0.0,11.0,11.0,0
010400444_,46,2025-11-01,34.0,32.0,0.0,32.0,32.0,0
010400447_,47,2025-11-01,34.0,39.0,0.0,39.0,39.0,0
010400433_,48,2025-11-01,6.0,5.0,0.0,5.0,5.0,0
010400437_,49,2025-11-01,38.0,36.0,0.0,36.0,36.0,0
010400441_,50,2025-11-01,29.0,25.0,0.0,25.0,25.0,0
010400445_,51,2025-11-01,34.0,30.0,0.0,30.0,30.0,0
010400448_,52,2025-11-01,13.0,11.0,0.0,11.0,11.0,0
300200784_,53,2025-11-01,39.0,19.0,0.0,19.0,19.0,0
300200785_,54,2025-11-01,8.0,8.0,0.0,8.0,8.0,0
300200788_,57,2025-11-01,2.0,2.0,0.0,2.0,2.0,0
300200794_,63,2025-11-01,4.0,4.0,0.0,4.0,4.0,0
300200795_,64,2025-11-01,20.0,20.0,0.0,20.0,20.0,0
300200796_,65,2025-11-01,5.0,5.0,0.0,5.0,5.0,0
300200797_,66,2025-11-01,3.0,3.0,0.0,3.0,3.0,0
300200803_,72,2025-11-01,2.0,2.0,0.0,2.0,2.0,0
300200806_,75,2025-11-01,3.0,3.0,0.0,3.0,3.0,0
300200810_,79,2025-11-01,184.0,264.0,0.0,264.0,264.0,0
300200811_,80,2025-11-01,2.0,2.0,0.0,2.0,2.0,0
300200812_,81,2025-11-01,35.0,35.0,0.0,35.0,35.0,0
300200814_,83,2025-11-01,28.0,43.0,0.0,43.0,43.0,0
300200816_,85,2025-11-01,5.0,5.0,0.0,5.0,5.0,0
300200817_,86,2025-11-01,7.0,7.0,0.0,7.0,7.0,0
300200820_,89,2025-11-01,6.0,6.0,0.0,6.0,6.0,0
300200821_,90,2025-11-01,73.0,73.0,0.0,73.0,73.0,0
300200822_,91,2025-11-01,48.0,48.0,0.0,48.0,48.0,0
300200823_,92,2025-11-01,15.0,15.0,0.0,15.0,15.0,0
300200824_,93,2025-11-01,7.0,7.0,0.0,7.0,7.0,0
300200825_,94,2025-11-01,2.0,2.0,0.0,2.0,2.0,0
300200826_,95,2025-11-01,5.0,15.0,0.0,15.0,15.0,0
300200828_,97,2025-11-01,8.0,8.0,0.0,8.0,8.0,0
300200829_,98,2025-11-01,,5.0,0.0,5.0,5.0,0
300200831_,100,2025-11-01,1.0,1.0,0.0,1.0,1.0,0
300200832_,101,2025-11-01,,20.0,0.0,20.0,20.0,0
300200833_,102,2025-11-01,5.0,2.0,0.0,2.0,2.0,0
300200838_,107,2025-11-01,4.0,4.0,0.0,4.0,4.0,0
300200839_,108,2025-11-01,6.0,6.0,0.0,6.0,6.0,0
300200842_,111,2025-11-01,105.0,75.0,0.0,75.0,75.0,0
300200844_,113,2025-11-01,5.0,5.0,0.0,5.0,5.0,0
300200846_,115,2025-11-01,8.0,8.0,0.0,8.0,8.0,0
300200852_,121,2025-11-01,15.0,15.0,0.0,15.0,15.0,0
300200856_,125,2025-11-01,249.0,193.0,0.0,193.0,193.0,0
300200857_,126,2025-11-01,39.0,38.0,0.0,38.0,38.0,0
300200859_,128,2025-11-01,40.0,42.0,0.0,42.0,42.0,0
300200861_,130,2025-11-01,14.0,28.0,0.0,28.0,28.0,0
300200862_,131,2025-11-01,8.0,38.0,0.0,38.0,38.0,0
300200863_,132,2025-11-01,7.0,7.0,0.0,7.0,7.0,0
300200865_,134,2025-11-01,7.0,7.0,0.0,7.0,7.0,0
300200866_,135,2025-11-01,,10.0,0.0,10.0,10.0,0
300200867_,136,2025-11-01,1.0,1.0,0.0,1.0,1.0,0
300200868_,137,2025-11-01,138.0,112.0,0.0,112.0,112.0,0
300200869_,138,2025-11-01,104.0,104.0,0.0,104.0,104.0,0
300200870_,139,2025-11-01,41.0,35.0,0.0,35.0,35.0,0
300200871_,140,2025-11-01,22.0,19.0,0.0,19.0,19.0,0
300200872_,141,2025-11-01,1.0,1.0,0.0,1.0,1.0,0
300200873_,142,2025-11-01,19.0,19.0,0.0,19.0,19.0,0
300200874_,143,2025-11-01,1.0,1.0,0.0,1.0,1.0,0
300200875_,144,2025-11-01,4.0,4.0,0.0,4.0,4.0,0
300200876_,145,2025-11-01,,5.0,0.0,5.0,5.0,0
300200879_,148,2025-11-01,3.0,3.0,0.0,3.0,3.0,0
300200887_,156,2025-11-01,84.0,57.0,0.0,57.0,57.0,0
300200888_,157,2025-11-01,20.0,16.0,0.0,16.0,16.0,0
300200890_,159,2025-11-01,10.0,10.0,0.0,10.0,10.0,0
300200892_,160,2025-11-01,2.0,2.0,0.0,2.0,2.0,0
300200893_,161,2025-11-01,4.0,4.0,0.0,4.0,4.0,0
300200894_,162,2025-11-01,2.0,2.0,0.0,2.0,2.0,0
300200897_,165,2025-11-01,1.0,1.0,0.0,1.0,1.0,0
300200898_,166,2025-11-01,15.0,31.0,0.0,31.0,31.0,0
300200899_,167,2025-11-01,12.0,9.0,0.0,9.0,9.0,0
300200900_,168,2025-11-01,7.0,4.0,0.0,4.0,4.0,0
300200901_,169,2025-11-01,2.0,1.0,0.0,1.0,1.0,0
300200903_,171,2025-11-01,2.0,2.0,0.0,2.0,2.0,0
300200905_,173,2025-11-01,2.0,2.0,0.0,2.0,2.0,0
300200909_,177,2025-11-01,4.0,3.0,0.0,3.0,3.0,0
300200910_,178,2025-11-01,139.0,139.0,0.0,139.0,139.0,0
300200912_,180,2025-11-01,13.0,12.0,0.0,12.0,12.0,0
300200914_,182,2025-11-01,36.0,36.0,0.0,36.0,36.0,0
300200917_,185,2025-11-01,10.0,10.0,0.0,10.0,10.0,0
300200918_,186,2025-11-01,2.0,2.0,0.0,2.0,2.0,0
300200920_,188,2025-11-01,1.0,1.0,0.0,1.0,1.0,0
300200921_,189,2025-11-01,27.0,27.0,0.0,27.0,27.0,0
300200922_,190,2025-11-01,15.0,12.0,0.0,12.0,12.0,0
300200923_,191,2025-11-01,4.0,1.0,0.0,1.0,1.0,0
300200930_,198,2025-11-01,1.0,1.0,0.0,1.0,1.0,0
300200933_,201,2025-11-01,17.0,37.0,0.0,37.0,37.0,0
300200934_,202,2025-11-01,6.0,4.0,0.0,4.0,4.0,0
300200936_,204,2025-11-01,2.0,2.0,0.0,2.0,2.0,0
300200939_,207,2025-11-01,3.0,2.0,0.0,2.0,2.0,0
300200940_,208,2025-11-01,2.0,2.0,0.0,2.0,2.0,0
300200943_,211,2025-11-01,2.0,2.0,0.0,2.0,2.0,0
300200945_,213,2025-11-01,57.0,56.0,0.0,56.0,56.0,0
300200950_,218,2025-11-01,9.0,6.0,0.0,6.0,6.0,0
300200951_,219,2025-11-01,1.0,1.0,0.0,1.0,1.0,0
300200371_,224,2025-11-01,27.0,27.0,0.0,27.0,27.0,0
300200375_,226,2025-11-01,22.0,17.0,0.0,17.0,17.0,0
300200368_,229,2025-11-01,6.0,6.0,0.0,6.0,6.0,0
300200367_,230,2025-11-01,3.0,4.0,0.0,4.0,4.0,0
300200424_,232,2025-11-01,3.0,3.0,0.0,3.0,3.0,0
300200418_,235,2025-11-01,1.0,1.0,0.0,1.0,1.0,0
300200365_,236,2025-11-01,79.0,249.0,0.0,249.0,249.0,0
300200364_,237,2025-11-01,39.0,128.0,0.0,128.0,128.0,0
300200374_,238,2025-11-01,100.0,100.0,0.0,100.0,100.0,0
300200370_,239,2025-11-01,3.0,3.0,0.0,3.0,3.0,0
300200376_,242,2025-11-01,34.0,140.0,0.0,140.0,140.0,0
300200377_,243,2025-11-01,94.0,39.0,0.0,39.0,39.0,0
300200378_,244,2025-11-01,8.0,8.0,0.0,8.0,8.0,0
300200379_,245,2025-11-01,6.0,6.0,0.0,6.0,6.0,0
300200380_,246,2025-11-01,4.0,4.0,0.0,4.0,4.0,0
щщщ0116254,248,2025-11-01,5.0,5.0,0.0,5.0,5.0,0
300200520_,249,2025-11-01,139.0,110.0,0.0,110.0,110.0,0
300200521_,250,2025-11-01,3.0,3.0,0.0,3.0,3.0,0
300200523_,252,2025-11-01,8.0,8.0,0.0,8.0,8.0,0
300200526_,255,2025-11-01,14.0,13.0,0.0,13.0,13.0,0
300200527_,256,2025-11-01,12.0,10.0,0.0,10.0,10.0,0
300200529_,257,2025-11-01,4.0,4.0,0.0,4.0,4.0,0
300200531_,259,2025-11-01,35.0,35.0,0.0,35.0,35.0,0
300200536_,264,2025-11-01,69.0,45.0,0.0,45.0,45.0,0
300200537_,265,2025-11-01,50.0,40.0,0.0,40.0,40.0,0
300200538_,266,2025-11-01,24.0,19.0,0.0,19.0,19.0,0
300200539_,267,2025-11-01,8.0,7.0,0.0,7.0,7.0,0
300200541_,269,2025-11-01,18.0,12.0,0.0,12.0,12.0,0
300200542_,270,2025-11-01,611.0,562.0,0.0,562.0,562.0,0
300200624_,271,2025-11-01,46.0,46.0,0.0,46.0,46.0,0
300200704_,272,2025-11-01,-15.0,10.0,0.0,10.0,10.0,0
300200543_,273,2025-11-01,30.0,28.0,0.0,28.0,28.0,0
300200544_,274,2025-11-01,8.0,3.0,0.0,3.0,3.0,0
300200545_,275,2025-11-01,11.0,11.0,0.0,11.0,11.0,0
300200593_,276,2025-11-01,110.0,131.0,0.0,131.0,131.0,0
300200546_,277,2025-11-01,19.0,4.0,0.0,4.0,4.0,0
300200547_,278,2025-11-01,11.0,7.0,0.0,7.0,7.0,0
300200548_,279,2025-11-01,17.0,17.0,0.0,17.0,17.0,0
300200549_,280,2025-11-01,13.0,25.0,0.0,25.0,25.0,0
300200550_,281,2025-11-01,1.0,1.0,0.0,1.0,1.0,0
300200773_,283,2025-11-01,1.0,20.0,0.0,20.0,20.0,0
300200552_,284,2025-11-01,10.0,10.0,0.0,10.0,10.0,0
300200553_,285,2025-11-01,41.0,6.0,0.0,6.0,6.0,0
300200556_,288,2025-11-01,1.0,1.0,0.0,1.0,1.0,0
300200557_,289,2025-11-01,,16.0,0.0,16.0,16.0,0
300200558_,290,2025-11-01,216.0,170.0,0.0,170.0,170.0,0
300200559_,291,2025-11-01,229.0,201.0,0.0,201.0,201.0,0
300200560_,292,2025-11-01,87.0,74.0,0.0,74.0,74.0,0
300200561_,293,2025-11-01,21.0,13.0,0.0,13.0,13.0,0
300200562_,294,2025-11-01,6.0,6.0,0.0,6.0,6.0,0
300200563_,295,2025-11-01,10.0,70.0,0.0,70.0,70.0,0
300200564_,296,2025-11-01,110.0,104.0,0.0,104.0,104.0,0
300200565_,297,2025-11-01,14.0,9.0,0.0,9.0,9.0,0
300200590_,298,2025-11-01,17.0,15.0,0.0,15.0,15.0,0
300200567_,300,2025-11-01,10.0,10.0,0.0,10.0,10.0,0
300200591_,301,2025-11-01,2.0,2.0,0.0,2.0,2.0,0
300200569_,303,2025-11-01,4.0,4.0,0.0,4.0,4.0,0
300200570_,304,2025-11-01,2.0,2.0,0.0,2.0,2.0,0
300200571_,305,2025-11-01,5.0,4.0,0.0,4.0,4.0,0
300200511_,310,2025-11-01,15.0,15.0,0.0,15.0,15.0,0
300200576_,311,2025-11-01,31.0,31.0,0.0,31.0,31.0,0
300200577_,313,2025-11-01,1.0,1.0,0.0,1.0,1.0,0
300200579_,314,2025-11-01,69.0,69.0,0.0,69.0,69.0,0
300200580_,315,2025-11-01,28.0,28.0,0.0,28.0,28.0,0
300200581_,316,2025-11-01,9.0,9.0,0.0,9.0,9.0,0
300200582_,317,2025-11-01,9.0,9.0,0.0,9.0,9.0,0
300200584_,319,2025-11-01,8.0,8.0,0.0,8.0,8.0,0
300200343_,320,2025-11-01,1702.0,1750.0,0.0,1750.0,1750.0,0
020100163_,321,2025-11-01,57.0,87.0,0.0,87.0,87.0,0
300200459_,322,2025-11-01,77.0,74.0,0.0,74.0,74.0,0
020100158_,323,2025-11-01,371.0,338.0,0.0,338.0,338.0,0
300200460_,325,2025-11-01,72.0,72.0,0.0,72.0,72.0,0
020100160_,326,2025-11-01,176.0,178.0,0.0,178.0,178.0,0
300200461_,328,2025-11-01,29.0,36.0,0.0,36.0,36.0,0
300200472_,329,2025-11-01,95.0,100.0,0.0,100.0,100.0,0
300200462_,330,2025-11-01,74.0,72.0,0.0,72.0,72.0,0
020100162_,332,2025-11-01,21.0,20.0,0.0,20.0,20.0,0
300200772_,333,2025-11-01,7.0,7.0,0.0,7.0,7.0,0
300200468_,334,2025-11-01,46.0,76.0,0.0,76.0,76.0,0
300200515_,335,2025-11-01,59.0,55.0,0.0,55.0,55.0,0
300200518_,336,2025-11-01,20.0,17.0,0.0,17.0,17.0,0
300200516_,337,2025-11-01,33.0,33.0,0.0,33.0,33.0,0
300200471_,338,2025-11-01,24.0,14.0,0.0,14.0,14.0,0
300200470_,339,2025-11-01,,5.0,0.0,5.0,5.0,0
300200463_,340,2025-11-01,1074.0,1014.0,0.0,1014.0,1014.0,0
300200464_,341,2025-11-01,457.0,454.0,0.0,454.0,454.0,0
300200465_,342,2025-11-01,169.0,150.0,0.0,150.0,150.0,0
300200466_,343,2025-11-01,50.0,48.0,0.0,48.0,48.0,0
300200467_,344,2025-11-01,31.0,30.0,0.0,30.0,30.0,0
300200519_,345,2025-11-01,44.0,54.0,0.0,54.0,54.0,0
300200775_,346,2025-11-01,10.0,10.0,0.0,10.0,10.0,0
300200781_,347,2025-11-01,6.0,2.0,0.0,2.0,2.0,0
300200779_,348,2025-11-01,47.0,30.0,0.0,30.0,30.0,0
300200782_,349,2025-11-01,7.0,5.0,0.0,5.0,5.0,0
300200783_,350,2025-11-01,9.0,5.0,0.0,5.0,5.0,0
300100006_,352,2025-11-01,2.0,2.0,0.0,2.0,2.0,0
300100003_,353,2025-11-01,2.0,2.0,0.0,2.0,2.0,0
030200008_,356,2025-11-01,34.0,34.0,0.0,34.0,34.0,0
030200005_,357,2025-11-01,2.0,2.0,0.0,2.0,2.0,0
030200007_,358,2025-11-01,2.0,2.0,0.0,2.0,2.0,0
030200003_,361,2025-11-01,3.0,3.0,0.0,3.0,3.0,0
030200037_,367,2025-11-01,,1677.0,0.0,1677.0,1677.0,0
030200028_,369,2025-11-01,,840.0,0.0,840.0,840.0,0
030200239_,373,2025-11-01,,2240.0,0.0,2240.0,2240.0,0
030200240_,374,2025-11-01,,420.0,0.0,420.0,420.0,0
030200027_,378,2025-11-01,1.0,1.0,0.0,1.0,1.0,0
030200176_,385,2025-11-01,15.0,15.0,0.0,15.0,15.0,0
030200247_,386,2025-11-01,22.0,22.0,0.0,22.0,22.0,0
030200246_,387,2025-11-01,9.0,9.0,0.0,9.0,9.0,0
030200244_,389,2025-11-01,8.0,7.0,0.0,7.0,7.0,0
030200245_,390,2025-11-01,1.0,1.0,0.0,1.0,1.0,0
030200248_,391,2025-11-01,2.0,2.0,0.0,2.0,2.0,0
030200249_,392,2025-11-01,17.0,17.0,0.0,17.0,17.0,0
030200259_,393,2025-11-01,63.0,63.0,0.0,63.0,63.0,0
030200260_,394,2025-11-01,154.0,155.0,0.0,155.0,155.0,0
030200256_,395,2025-11-01,102.0,110.0,0.0,110.0,110.0,0
030200257_,396,2025-11-01,62.0,57.0,0.0,57.0,57.0,0
030200258_,397,2025-11-01,15.0,15.0,0.0,15.0,15.0,0
030200263_,398,2025-11-01,11.0,10.0,0.0,10.0,10.0,0
030200265_,400,2025-11-01,2.0,2.0,0.0,2.0,2.0,0
030200250_,403,2025-11-01,47.0,47.0,0.0,47.0,47.0,0
030200251_,404,2025-11-01,43.0,43.0,0.0,43.0,43.0,0
030200252_,405,2025-11-01,10.0,9.0,0.0,9.0,9.0,0
030200253_,406,2025-11-01,9.0,8.0,0.0,8.0,8.0,0
030200254_,407,2025-11-01,1.0,1.0,0.0,1.0,1.0,0
300200331_,408,2025-11-01,1172.0,1262.0,0.0,1262.0,1262.0,0
300200296_,409,2025-11-01,479.0,925.0,0.0,925.0,925.0,0
300200283_,410,2025-11-01,63.0,75.0,0.0,75.0,75.0,0
300200302_,411,2025-11-01,281.0,453.0,0.0,453.0,453.0,0
300200333_,412,2025-11-01,559.0,612.0,0.0,612.0,612.0,0
300200288_,413,2025-11-01,19.0,75.0,0.0,75.0,75.0,0
300200284_,414,2025-11-01,38.0,74.0,0.0,74.0,74.0,0
300200293_,416,2025-11-01,127.0,97.0,0.0,97.0,97.0,0
300200289_,417,2025-11-01,184.0,137.0,0.0,137.0,137.0,0
300200291_,419,2025-11-01,73.0,65.0,0.0,65.0,65.0,0
300200297_,420,2025-11-01,706.0,1005.0,0.0,1005.0,1005.0,0
300200298_,421,2025-11-01,1203.0,1356.0,0.0,1356.0,1356.0,0
300200299_,422,2025-11-01,6.0,3.0,0.0,3.0,3.0,0
300200294_,423,2025-11-01,118.0,143.0,0.0,143.0,143.0,0
300200286_,424,2025-11-01,5453.0,5446.0,0.0,5446.0,5446.0,0
300200332_,425,2025-11-01,663.0,1095.0,0.0,1095.0,1095.0,0
300200301_,426,2025-11-01,786.0,951.0,0.0,951.0,951.0,0
300200287_,427,2025-11-01,27.0,27.0,0.0,27.0,27.0,0
300200700_,428,2025-11-01,66.0,66.0,0.0,66.0,66.0,0
300200295_,429,2025-11-01,28.0,19.0,0.0,19.0,19.0,0
300200292_,430,2025-11-01,6.0,4.0,0.0,4.0,4.0,0
300200300_,431,2025-11-01,10.0,10.0,0.0,10.0,10.0,0
300200303_,433,2025-11-01,3403.0,4233.0,0.0,4233.0,4233.0,0
300200304_,434,2025-11-01,1578.0,1471.0,0.0,1471.0,1471.0,0
300200305_,435,2025-11-01,644.0,755.0,0.0,755.0,755.0,0
300200306_,436,2025-11-01,248.0,304.0,0.0,304.0,304.0,0
300200307_,437,2025-11-01,97.0,106.0,0.0,106.0,106.0,0
300200310_,438,2025-11-01,2.0,2.0,0.0,2.0,2.0,0
300200311_,439,2025-11-01,150.0,146.0,0.0,146.0,146.0,0
300200308_,440,2025-11-01,38.0,38.0,0.0,38.0,38.0,0
300200309_,441,2025-11-01,21.0,21.0,0.0,21.0,21.0,0
300200313_,442,2025-11-01,22.0,142.0,0.0,142.0,142.0,0
300200498_,443,2025-11-01,81.0,58.0,0.0,58.0,58.0,0
300200314_,445,2025-11-01,4.0,63.0,0.0,63.0,63.0,0
ATN000109,446,2025-11-01,20.0,20.0,0.0,20.0,20.0,0
300200771_,448,2025-11-01,40.0,42.0,0.0,42.0,42.0,0
300200959_,450,2025-11-01,38.0,38.0,0.0,38.0,38.0,0
300200317_,451,2025-11-01,31.0,391.0,0.0,391.0,391.0,0
300200318_,454,2025-11-01,34.0,238.0,0.0,238.0,238.0,0
300200319_,456,2025-11-01,602.0,1351.0,0.0,1351.0,1351.0,0
300200320_,457,2025-11-01,141.0,490.0,0.0,490.0,490.0,0
300200321_,458,2025-11-01,43.0,85.0,0.0,85.0,85.0,0
300200322_,459,2025-11-01,172.0,935.0,0.0,935.0,935.0,0
300200323_,460,2025-11-01,481.0,908.0,0.0,908.0,908.0,0
300200324_,461,2025-11-01,1368.0,3097.0,0.0,3097.0,3097.0,0
300200325_,462,2025-11-01,6.0,278.0,0.0,278.0,278.0,0
300200326_,463,2025-11-01,201.0,518.0,0.0,518.0,518.0,0
300200327_,464,2025-11-01,24.0,68.0,0.0,68.0,68.0,0
300200328_,465,2025-11-01,201.0,368.0,0.0,368.0,368.0,0
300200330_,466,2025-11-01,3.0,3.0,0.0,3.0,3.0,0
300200430_,470,2025-11-01,18.0,9.0,0.0,9.0,9.0,0
300200588_,471,2025-11-01,67.0,67.0,0.0,67.0,67.0,0
300200443_,472,2025-11-01,22.0,22.0,0.0,22.0,22.0,0
300200432_,473,2025-11-01,13.0,10.0,0.0,10.0,10.0,0
300200444_,474,2025-11-01,3.0,3.0,0.0,3.0,3.0,0
300200449_,475,2025-11-01,3.0,2.0,0.0,2.0,2.0,0
300200433_,477,2025-11-01,4.0,4.0,0.0,4.0,4.0,0
300200439_,478,2025-11-01,6.0,7.0,0.0,7.0,7.0,0
300200774_,481,2025-11-01,2.0,2.0,0.0,2.0,2.0,0
300200436_,482,2025-11-01,45.0,45.0,0.0,45.0,45.0,0
300200431_,483,2025-11-01,37.0,13.0,0.0,13.0,13.0,0
300200434_,485,2025-11-01,16.0,15.0,0.0,15.0,15.0,0
300200429_,486,2025-11-01,1.0,1.0,0.0,1.0,1.0,0
300200632_,487,2025-11-01,48.0,86.0,0.0,86.0,86.0,0
300200441_,488,2025-11-01,1.0,1.0,0.0,1.0,1.0,0
300200435_,490,2025-11-01,141.0,108.0,0.0,108.0,108.0,0
300200437_,491,2025-11-01,64.0,62.0,0.0,62.0,62.0,0
300200438_,492,2025-11-01,57.0,54.0,0.0,54.0,54.0,0
300200440_,493,2025-11-01,13.0,12.0,0.0,12.0,12.0,0
300200445_,494,2025-11-01,1.0,1.0,0.0,1.0,1.0,0
300200446_,495,2025-11-01,10.0,11.0,0.0,11.0,11.0,0
ATN000399,496,2025-11-01,21.0,20.0,0.0,20.0,20.0,0
300200592_,497,2025-11-01,93.0,76.0,0.0,76.0,76.0,0
300200366_,498,2025-11-01,,10.0,0.0,10.0,10.0,0
300200595_,500,2025-11-01,13.0,12.0,0.0,12.0,12.0,0
030200097_,501,2025-11-01,,66.0,0.0,66.0,66.0,0
300200718_,502,2025-11-01,141.0,208.0,0.0,208.0,208.0,0
300200720_,504,2025-11-01,47.0,32.0,0.0,32.0,32.0,0
300200722_,506,2025-11-01,,20.0,0.0,20.0,20.0,0
300200777_,507,2025-11-01,41.0,36.0,0.0,36.0,36.0,0
300200726_,511,2025-11-01,28.0,22.0,0.0,22.0,22.0,0
300200728_,513,2025-11-01,5.0,2.0,0.0,2.0,2.0,0
300200729_,514,2025-11-01,62.0,47.0,0.0,47.0,47.0,0
300200730_,515,2025-11-01,48.0,48.0,0.0,48.0,48.0,0
300200778_,518,2025-11-01,124.0,74.0,0.0,74.0,74.0,0
300200735_,521,2025-11-01,356.0,310.0,0.0,310.0,310.0,0
300200736_,522,2025-11-01,65.0,74.0,0.0,74.0,74.0,0
300200737_,523,2025-11-01,5.0,13.0,0.0,13.0,13.0,0
300200738_,524,2025-11-01,,10.0,0.0,10.0,10.0,0
300200742_,525,2025-11-01,160.0,154.0,0.0,154.0,154.0,0
300200739_,526,2025-11-01,2.0,2.0,0.0,2.0,2.0,0
300200743_,527,2025-11-01,18.0,13.0,0.0,13.0,13.0,0
300200740_,528,2025-11-01,17.0,16.0,0.0,16.0,16.0,0
300200741_,529,2025-11-01,14.0,22.0,0.0,22.0,22.0,0
300200744_,530,2025-11-01,72.0,104.0,0.0,104.0,104.0,0
300200745_,531,2025-11-01,173.0,260.0,0.0,260.0,260.0,0
300200746_,532,2025-11-01,103.0,89.0,0.0,89.0,89.0,0
300200749_,535,2025-11-01,93.0,137.0,0.0,137.0,137.0,0
300200750_,536,2025-11-01,24.0,22.0,0.0,22.0,22.0,0
300200751_,537,2025-11-01,165.0,201.0,0.0,201.0,201.0,0
300200752_,538,2025-11-01,45.0,61.0,0.0,61.0,61.0,0
300200753_,539,2025-11-01,34.0,26.0,0.0,26.0,26.0,0
300200754_,540,2025-11-01,4.0,4.0,0.0,4.0,4.0,0
300200755_,541,2025-11-01,4.0,3.0,0.0,3.0,3.0,0
030200226_,543,2025-11-01,77.0,197.0,0.0,197.0,197.0,0
030200223_,544,2025-11-01,1437.0,3069.0,0.0,3069.0,3069.0,0
030200227_,545,2025-11-01,248.0,248.0,0.0,248.0,248.0,0
030200225_,546,2025-11-01,3541.0,5754.0,0.0,5754.0,5754.0,0
030200224_,547,2025-11-01,1422.0,3285.0,0.0,3285.0,3285.0,0
030200221_,548,2025-11-01,1538.0,3083.0,0.0,3083.0,3083.0,0
030200222_,549,2025-11-01,222.0,776.0,0.0,776.0,776.0,0
ATN000446,551,2025-11-01,1.0,1.0,0.0,1.0,1.0,0
130300026_,553,2025-11-01,104.0,790.0,0.0,790.0,790.0,0
130300027_,554,2025-11-01,420.0,980.0,0.0,980.0,980.0,0
130300028_,555,2025-11-01,100.0,520.0,0.0,520.0,520.0,0
030200203_,556,2025-11-01,791.0,702.0,0.0,702.0,702.0,0
030200072_,8,2025-12-01,134.0,78.0,0.0,78.0,78.0,0
030200093_,9,2025-12-01,110.0,58.0,0.0,58.0,58.0,0
030200135_,10,2025-12-01,38.0,25.0,0.0,25.0,25.0,0
030200136_,11,2025-12-01,100.0,78.0,0.0,78.0,78.0,0
280300174_,17,2025-12-01,227.0,1086.0,0.0,1086.0,1086.0,0
030200220_,19,2025-12-01,892.0,2081.0,0.0,2081.0,2081.0,0
030200219_,20,2025-12-01,2129.0,13931.0,0.0,13931.0,13931.0,0
030300014_,22,2025-12-01,61.0,957.0,0.0,957.0,957.0,0
030200193_,23,2025-12-01,24955.0,27792.0,0.0,27792.0,27792.0,0
030200192_,25,2025-12-01,45625.0,82244.0,0.0,82244.0,82244.0,0
030200201_,26,2025-12-01,17255.0,38445.0,0.0,38445.0,38445.0,0
300200428_,27,2025-12-01,724.0,679.0,0.0,679.0,679.0,0
300201148_,32,2025-12-01,67.0,132.0,0.0,132.0,132.0,0
300201149_,33,2025-12-01,30.0,40.0,0.0,40.0,40.0,0
300201150_,34,2025-12-01,3.0,3.0,0.0,3.0,3.0,0
300201151_,35,2025-12-01,58.0,141.0,0.0,141.0,141.0,0
300201152_,36,2025-12-01,40.0,54.0,0.0,54.0,54.0,0
300201153_,37,2025-12-01,130.0,122.0,0.0,122.0,122.0,0
300201154_,38,2025-12-01,8.0,1.0,0.0,1.0,1.0,0
300201155_,39,2025-12-01,86.0,84.0,0.0,84.0,84.0,0
300200968_,40,2025-12-01,69.0,80.0,0.0,80.0,80.0,0
300200967_,41,2025-12-01,178.0,222.0,0.0,222.0,222.0,0
300200413_,42,2025-12-01,15.0,23.0,0.0,23.0,23.0,0
010400436_,43,2025-12-01,13.0,9.0,0.0,9.0,9.0,0
010400432_,44,2025-12-01,2.0,2.0,0.0,2.0,2.0,0
010400440_,45,2025-12-01,22.0,21.0,0.0,21.0,21.0,0
010400444_,46,2025-12-01,40.0,33.0,0.0,33.0,33.0,0
010400447_,47,2025-12-01,34.0,29.0,0.0,29.0,29.0,0
010400433_,48,2025-12-01,12.0,4.0,0.0,4.0,4.0,0
010400437_,49,2025-12-01,27.0,26.0,0.0,26.0,26.0,0
010400441_,50,2025-12-01,22.0,21.0,0.0,21.0,21.0,0
010400445_,51,2025-12-01,21.0,18.0,0.0,18.0,18.0,0
010400448_,52,2025-12-01,22.0,22.0,0.0,22.0,22.0,0
300200785_,54,2025-12-01,1.0,1.0,0.0,1.0,1.0,0
300200790_,59,2025-12-01,4.0,4.0,0.0,4.0,4.0,0
300200791_,60,2025-12-01,1.0,1.0,0.0,1.0,1.0,0
300200795_,64,2025-12-01,2.0,2.0,0.0,2.0,2.0,0
300200800_,69,2025-12-01,1.0,1.0,0.0,1.0,1.0,0
300200810_,79,2025-12-01,172.0,172.0,0.0,172.0,172.0,0
300200811_,80,2025-12-01,6.0,6.0,0.0,6.0,6.0,0
300200812_,81,2025-12-01,78.0,78.0,0.0,78.0,78.0,0
300200814_,83,2025-12-01,60.0,59.0,0.0,59.0,59.0,0
300200816_,85,2025-12-01,10.0,10.0,0.0,10.0,10.0,0
300200817_,86,2025-12-01,20.0,20.0,0.0,20.0,20.0,0
300200818_,87,2025-12-01,6.0,6.0,0.0,6.0,6.0,0
300200820_,89,2025-12-01,8.0,8.0,0.0,8.0,8.0,0
300200821_,90,2025-12-01,251.0,270.0,0.0,270.0,270.0,0
300200822_,91,2025-12-01,52.0,52.0,0.0,52.0,52.0,0
300200823_,92,2025-12-01,30.0,30.0,0.0,30.0,30.0,0
300200824_,93,2025-12-01,20.0,20.0,0.0,20.0,20.0,0
300200825_,94,2025-12-01,2.0,2.0,0.0,2.0,2.0,0
300200826_,95,2025-12-01,14.0,14.0,0.0,14.0,14.0,0
300200830_,99,2025-12-01,2.0,2.0,0.0,2.0,2.0,0
300200832_,101,2025-12-01,14.0,14.0,0.0,14.0,14.0,0
300200833_,102,2025-12-01,9.0,12.0,0.0,12.0,12.0,0
300200835_,104,2025-12-01,4.0,4.0,0.0,4.0,4.0,0
300200838_,107,2025-12-01,1.0,1.0,0.0,1.0,1.0,0
300200839_,108,2025-12-01,4.0,4.0,0.0,4.0,4.0,0
300200842_,111,2025-12-01,78.0,78.0,0.0,78.0,78.0,0
300200846_,115,2025-12-01,64.0,64.0,0.0,64.0,64.0,0
300200847_,116,2025-12-01,8.0,8.0,0.0,8.0,8.0,0
300200848_,117,2025-12-01,6.0,6.0,0.0,6.0,6.0,0
300200852_,121,2025-12-01,5.0,5.0,0.0,5.0,5.0,0
300200856_,125,2025-12-01,124.0,124.0,0.0,124.0,124.0,0
300200857_,126,2025-12-01,24.0,24.0,0.0,24.0,24.0,0
300200859_,128,2025-12-01,14.0,13.0,0.0,13.0,13.0,0
300200861_,130,2025-12-01,22.0,22.0,0.0,22.0,22.0,0
300200862_,131,2025-12-01,22.0,22.0,0.0,22.0,22.0,0
300200867_,136,2025-12-01,1.0,1.0,0.0,1.0,1.0,0
300200868_,137,2025-12-01,32.0,32.0,0.0,32.0,32.0,0
300200869_,138,2025-12-01,47.0,107.0,0.0,107.0,107.0,0
300200870_,139,2025-12-01,13.0,13.0,0.0,13.0,13.0,0
300200871_,140,2025-12-01,14.0,14.0,0.0,14.0,14.0,0
300200872_,141,2025-12-01,1.0,1.0,0.0,1.0,1.0,0
300200873_,142,2025-12-01,20.0,20.0,0.0,20.0,20.0,0
300200879_,148,2025-12-01,3.0,3.0,0.0,3.0,3.0,0
300200881_,150,2025-12-01,1.0,1.0,0.0,1.0,1.0,0
300200882_,151,2025-12-01,1.0,1.0,0.0,1.0,1.0,0
300200887_,156,2025-12-01,33.0,33.0,0.0,33.0,33.0,0
300200888_,157,2025-12-01,4.0,4.0,0.0,4.0,4.0,0
300200889_,158,2025-12-01,1.0,1.0,0.0,1.0,1.0,0
300200890_,159,2025-12-01,6.0,6.0,0.0,6.0,6.0,0
300200892_,160,2025-12-01,1.0,1.0,0.0,1.0,1.0,0
300200894_,162,2025-12-01,3.0,3.0,0.0,3.0,3.0,0
300200898_,166,2025-12-01,36.0,36.0,0.0,36.0,36.0,0
300200899_,167,2025-12-01,24.0,20.0,0.0,20.0,20.0,0
300200900_,168,2025-12-01,6.0,6.0,0.0,6.0,6.0,0
300200901_,169,2025-12-01,2.0,2.0,0.0,2.0,2.0,0
300200904_,172,2025-12-01,3.0,3.0,0.0,3.0,3.0,0
300200910_,178,2025-12-01,88.0,108.0,0.0,108.0,108.0,0
300200912_,180,2025-12-01,6.0,6.0,0.0,6.0,6.0,0
300200914_,182,2025-12-01,4.0,4.0,0.0,4.0,4.0,0
300200917_,185,2025-12-01,4.0,4.0,0.0,4.0,4.0,0
300200920_,188,2025-12-01,1.0,1.0,0.0,1.0,1.0,0
300200921_,189,2025-12-01,70.0,70.0,0.0,70.0,70.0,0
300200922_,190,2025-12-01,2.0,2.0,0.0,2.0,2.0,0
300200923_,191,2025-12-01,20.0,20.0,0.0,20.0,20.0,0
300200924_,192,2025-12-01,1.0,1.0,0.0,1.0,1.0,0
300200933_,201,2025-12-01,20.0,34.0,0.0,34.0,34.0,0
300200934_,202,2025-12-01,16.0,14.0,0.0,14.0,14.0,0
300200936_,204,2025-12-01,1.0,1.0,0.0,1.0,1.0,0
300200941_,209,2025-12-01,2.0,2.0,0.0,2.0,2.0,0
300200942_,210,2025-12-01,100.0,100.0,0.0,100.0,100.0,0
300200945_,213,2025-12-01,27.0,27.0,0.0,27.0,27.0,0
300200946_,214,2025-12-01,58.0,53.0,0.0,53.0,53.0,0
300200947_,215,2025-12-01,3.0,3.0,0.0,3.0,3.0,0
300200948_,216,2025-12-01,1.0,1.0,0.0,1.0,1.0,0
300200949_,217,2025-12-01,1.0,1.0,0.0,1.0,1.0,0
300200953_,221,2025-12-01,,5.0,0.0,5.0,5.0,0
300200371_,224,2025-12-01,13.0,2.0,0.0,2.0,2.0,0
300200375_,226,2025-12-01,16.0,10.0,0.0,10.0,10.0,0
300200368_,229,2025-12-01,3.0,1.0,0.0,1.0,1.0,0
300200424_,232,2025-12-01,1.0,1.0,0.0,1.0,1.0,0
300200372_,233,2025-12-01,23.0,23.0,0.0,23.0,23.0,0
300200365_,236,2025-12-01,171.0,96.0,0.0,96.0,96.0,0
300200364_,237,2025-12-01,3.0,3.0,0.0,3.0,3.0,0
300200376_,242,2025-12-01,54.0,23.0,0.0,23.0,23.0,0
300200377_,243,2025-12-01,54.0,34.0,0.0,34.0,34.0,0
300200378_,244,2025-12-01,12.0,4.0,0.0,4.0,4.0,0
300200379_,245,2025-12-01,4.0,4.0,0.0,4.0,4.0,0
300200380_,246,2025-12-01,2.0,2.0,0.0,2.0,2.0,0
300200421_,247,2025-12-01,12.0,9.0,0.0,9.0,9.0,0
300200520_,249,2025-12-01,389.0,367.0,0.0,367.0,367.0,0
300200521_,250,2025-12-01,59.0,54.0,0.0,54.0,54.0,0
300200523_,252,2025-12-01,31.0,27.0,0.0,27.0,27.0,0
300200525_,254,2025-12-01,11.0,11.0,0.0,11.0,11.0,0
300200526_,255,2025-12-01,28.0,24.0,0.0,24.0,24.0,0
300200527_,256,2025-12-01,25.0,23.0,0.0,23.0,23.0,0
300200529_,257,2025-12-01,5.0,3.0,0.0,3.0,3.0,0
300200531_,259,2025-12-01,4.0,4.0,0.0,4.0,4.0,0
300200536_,264,2025-12-01,305.0,291.0,0.0,291.0,291.0,0
300200537_,265,2025-12-01,90.0,92.0,0.0,92.0,92.0,0
300200538_,266,2025-12-01,32.0,29.0,0.0,29.0,29.0,0
300200539_,267,2025-12-01,6.0,6.0,0.0,6.0,6.0,0
300200540_,268,2025-12-01,5.0,2.0,0.0,2.0,2.0,0
300200541_,269,2025-12-01,1.0,7.0,0.0,7.0,7.0,0
300200542_,270,2025-12-01,794.0,781.0,0.0,781.0,781.0,0
300200624_,271,2025-12-01,38.0,38.0,0.0,38.0,38.0,0
300200543_,273,2025-12-01,57.0,40.0,0.0,40.0,40.0,0
300200545_,275,2025-12-01,30.0,19.0,0.0,19.0,19.0,0
300200593_,276,2025-12-01,98.0,101.0,0.0,101.0,101.0,0
300200547_,278,2025-12-01,5.0,5.0,0.0,5.0,5.0,0
300200548_,279,2025-12-01,57.0,67.0,0.0,67.0,67.0,0
300200549_,280,2025-12-01,38.0,39.0,0.0,39.0,39.0,0
300200551_,282,2025-12-01,5.0,4.0,0.0,4.0,4.0,0
300200773_,283,2025-12-01,5.0,3.0,0.0,3.0,3.0,0
300200552_,284,2025-12-01,3.0,2.0,0.0,2.0,2.0,0
300200553_,285,2025-12-01,48.0,39.0,0.0,39.0,39.0,0
300200554_,286,2025-12-01,16.0,16.0,0.0,16.0,16.0,0
300200557_,289,2025-12-01,6.0,6.0,0.0,6.0,6.0,0
300200558_,290,2025-12-01,475.0,511.0,0.0,511.0,511.0,0
300200559_,291,2025-12-01,232.0,228.0,0.0,228.0,228.0,0
300200560_,292,2025-12-01,111.0,109.0,0.0,109.0,109.0,0
300200561_,293,2025-12-01,30.0,31.0,0.0,31.0,31.0,0
300200562_,294,2025-12-01,15.0,14.0,0.0,14.0,14.0,0
300200563_,295,2025-12-01,8.0,10.0,0.0,10.0,10.0,0
300200564_,296,2025-12-01,80.0,79.0,0.0,79.0,79.0,0
300200590_,298,2025-12-01,19.0,14.0,0.0,14.0,14.0,0
300200569_,303,2025-12-01,4.0,4.0,0.0,4.0,4.0,0
300200570_,304,2025-12-01,1.0,1.0,0.0,1.0,1.0,0
300200571_,305,2025-12-01,2.0,2.0,0.0,2.0,2.0,0
300200776_,312,2025-12-01,4.0,4.0,0.0,4.0,4.0,0
300200579_,314,2025-12-01,31.0,30.0,0.0,30.0,30.0,0
300200580_,315,2025-12-01,39.0,35.0,0.0,35.0,35.0,0
300200581_,316,2025-12-01,5.0,5.0,0.0,5.0,5.0,0
300200582_,317,2025-12-01,6.0,6.0,0.0,6.0,6.0,0
300200583_,318,2025-12-01,5.0,4.0,0.0,4.0,4.0,0
300200343_,320,2025-12-01,2172.0,2207.0,0.0,2207.0,2207.0,0
020100163_,321,2025-12-01,57.0,63.0,0.0,63.0,63.0,0
300200459_,322,2025-12-01,94.0,92.0,0.0,92.0,92.0,0
020100158_,323,2025-12-01,439.0,433.0,0.0,433.0,433.0,0
020100159_,324,2025-12-01,22.0,4.0,0.0,4.0,4.0,0
300200460_,325,2025-12-01,66.0,62.0,0.0,62.0,62.0,0
020100160_,326,2025-12-01,255.0,266.0,0.0,266.0,266.0,0
020100161_,327,2025-12-01,15.0,10.0,0.0,10.0,10.0,0
300200461_,328,2025-12-01,32.0,26.0,0.0,26.0,26.0,0
300200472_,329,2025-12-01,167.0,148.0,0.0,148.0,148.0,0
300200462_,330,2025-12-01,92.0,73.0,0.0,73.0,73.0,0
020100162_,332,2025-12-01,9.0,8.0,0.0,8.0,8.0,0
300200772_,333,2025-12-01,11.0,8.0,0.0,8.0,8.0,0
300200468_,334,2025-12-01,32.0,22.0,0.0,22.0,22.0,0
300200515_,335,2025-12-01,120.0,109.0,0.0,109.0,109.0,0
300200518_,336,2025-12-01,7.0,5.0,0.0,5.0,5.0,0
300200516_,337,2025-12-01,268.0,335.0,0.0,335.0,335.0,0
300200471_,338,2025-12-01,3.0,1.0,0.0,1.0,1.0,0
300200463_,340,2025-12-01,1429.0,1530.0,0.0,1530.0,1530.0,0
300200464_,341,2025-12-01,600.0,584.0,0.0,584.0,584.0,0
300200465_,342,2025-12-01,272.0,257.0,0.0,257.0,257.0,0
300200466_,343,2025-12-01,54.0,44.0,0.0,44.0,44.0,0
300200467_,344,2025-12-01,31.0,24.0,0.0,24.0,24.0,0
300200519_,345,2025-12-01,54.0,34.0,0.0,34.0,34.0,0
300200775_,346,2025-12-01,4.0,2.0,0.0,2.0,2.0,0
300200781_,347,2025-12-01,3.0,3.0,0.0,3.0,3.0,0
300200779_,348,2025-12-01,69.0,61.0,0.0,61.0,61.0,0
300200782_,349,2025-12-01,12.0,12.0,0.0,12.0,12.0,0
030200006_,355,2025-12-01,8.0,8.0,0.0,8.0,8.0,0
030200008_,356,2025-12-01,39.0,39.0,0.0,39.0,39.0,0
030200005_,357,2025-12-01,11.0,11.0,0.0,11.0,11.0,0
030200003_,361,2025-12-01,1.0,1.0,0.0,1.0,1.0,0
030200030_,363,2025-12-01,,2880.0,0.0,2880.0,2880.0,0
030200031_,364,2025-12-01,,1152.0,0.0,1152.0,1152.0,0
030200037_,367,2025-12-01,,2403.0,0.0,2403.0,2403.0,0
030200039_,368,2025-12-01,,1360.0,0.0,1360.0,1360.0,0
030200028_,369,2025-12-01,,2520.0,0.0,2520.0,2520.0,0
030200239_,373,2025-12-01,,4480.0,0.0,4480.0,4480.0,0
030200240_,374,2025-12-01,,840.0,0.0,840.0,840.0,0
030200243_,388,2025-12-01,4.0,4.0,0.0,4.0,4.0,0
030200248_,391,2025-12-01,23.0,4.0,0.0,4.0,4.0,0
030200249_,392,2025-12-01,10.0,7.0,0.0,7.0,7.0,0
030200259_,393,2025-12-01,8.0,5.0,0.0,5.0,5.0,0
030200260_,394,2025-12-01,103.0,43.0,0.0,43.0,43.0,0
030200256_,395,2025-12-01,156.0,109.0,0.0,109.0,109.0,0
030200250_,403,2025-12-01,66.0,1.0,0.0,1.0,1.0,0
030200251_,404,2025-12-01,25.0,10.0,0.0,10.0,10.0,0
030200252_,405,2025-12-01,13.0,2.0,0.0,2.0,2.0,0
300200331_,408,2025-12-01,1185.0,1509.0,0.0,1509.0,1509.0,0
300200296_,409,2025-12-01,459.0,739.0,0.0,739.0,739.0,0
300200283_,410,2025-12-01,23.0,103.0,0.0,103.0,103.0,0
300200302_,411,2025-12-01,254.0,329.0,0.0,329.0,329.0,0
300200333_,412,2025-12-01,802.0,920.0,0.0,920.0,920.0,0
300200288_,413,2025-12-01,16.0,16.0,0.0,16.0,16.0,0
300200284_,414,2025-12-01,73.0,74.0,0.0,74.0,74.0,0
300200767_,415,2025-12-01,3.0,3.0,0.0,3.0,3.0,0
300200293_,416,2025-12-01,129.0,135.0,0.0,135.0,135.0,0
300200289_,417,2025-12-01,140.0,144.0,0.0,144.0,144.0,0
300200290_,418,2025-12-01,4.0,4.0,0.0,4.0,4.0,0
300200291_,419,2025-12-01,30.0,29.0,0.0,29.0,29.0,0
300200297_,420,2025-12-01,325.0,532.0,0.0,532.0,532.0,0
300200298_,421,2025-12-01,742.0,850.0,0.0,850.0,850.0,0
300200299_,422,2025-12-01,2.0,1.0,0.0,1.0,1.0,0
300200294_,423,2025-12-01,129.0,369.0,0.0,369.0,369.0,0
300200286_,424,2025-12-01,7214.0,7542.0,0.0,7542.0,7542.0,0
300200332_,425,2025-12-01,466.0,686.0,0.0,686.0,686.0,0
300200301_,426,2025-12-01,448.0,352.0,0.0,352.0,352.0,0
300200287_,427,2025-12-01,28.0,28.0,0.0,28.0,28.0,0
300200700_,428,2025-12-01,20.0,20.0,0.0,20.0,20.0,0
300200295_,429,2025-12-01,30.0,27.0,0.0,27.0,27.0,0
300200292_,430,2025-12-01,8.0,8.0,0.0,8.0,8.0,0
300200300_,431,2025-12-01,2.0,2.0,0.0,2.0,2.0,0
300200312_,432,2025-12-01,7.0,7.0,0.0,7.0,7.0,0
300200303_,433,2025-12-01,3830.0,4998.0,0.0,4998.0,4998.0,0
300200304_,434,2025-12-01,1740.0,1872.0,0.0,1872.0,1872.0,0
300200305_,435,2025-12-01,574.0,887.0,0.0,887.0,887.0,0
300200306_,436,2025-12-01,523.0,539.0,0.0,539.0,539.0,0
300200307_,437,2025-12-01,32.0,32.0,0.0,32.0,32.0,0
300200310_,438,2025-12-01,6.0,4.0,0.0,4.0,4.0,0
300200311_,439,2025-12-01,139.0,133.0,0.0,133.0,133.0,0
300200308_,440,2025-12-01,59.0,56.0,0.0,56.0,56.0,0
300200309_,441,2025-12-01,20.0,20.0,0.0,20.0,20.0,0
300200313_,442,2025-12-01,22.0,45.0,0.0,45.0,45.0,0
300200498_,443,2025-12-01,173.0,165.0,0.0,165.0,165.0,0
300200314_,445,2025-12-01,2.0,2.0,0.0,2.0,2.0,0
ATN000109,446,2025-12-01,,3.0,0.0,3.0,3.0,0
300200315_,447,2025-12-01,,20.0,0.0,20.0,20.0,0
300200771_,448,2025-12-01,13.0,12.0,0.0,12.0,12.0,0
300200316_,449,2025-12-01,3.0,119.0,0.0,119.0,119.0,0
300200959_,450,2025-12-01,70.0,65.0,0.0,65.0,65.0,0
300200317_,451,2025-12-01,5.0,85.0,0.0,85.0,85.0,0
300200496_,452,2025-12-01,12.0,12.0,0.0,12.0,12.0,0
300200346_,453,2025-12-01,2.0,2.0,0.0,2.0,2.0,0
300200318_,454,2025-12-01,7.0,124.0,0.0,124.0,124.0,0
300200347_,455,2025-12-01,1.0,11.0,0.0,11.0,11.0,0
300200319_,456,2025-12-01,507.0,1070.0,0.0,1070.0,1070.0,0
300200320_,457,2025-12-01,55.0,172.0,0.0,172.0,172.0,0
300200321_,458,2025-12-01,24.0,267.0,0.0,267.0,267.0,0
300200322_,459,2025-12-01,41.0,468.0,0.0,468.0,468.0,0
300200323_,460,2025-12-01,835.0,1034.0,0.0,1034.0,1034.0,0
300200324_,461,2025-12-01,955.0,1978.0,0.0,1978.0,1978.0,0
300200325_,462,2025-12-01,37.0,217.0,0.0,217.0,217.0,0
300200326_,463,2025-12-01,358.0,653.0,0.0,653.0,653.0,0
300200327_,464,2025-12-01,70.0,432.0,0.0,432.0,432.0,0
300200328_,465,2025-12-01,335.0,598.0,0.0,598.0,598.0,0
300200330_,466,2025-12-01,2.0,338.0,0.0,338.0,338.0,0
300200350_,468,2025-12-01,,20.0,0.0,20.0,20.0,0
300200430_,470,2025-12-01,132.0,121.0,0.0,121.0,121.0,0
300200588_,471,2025-12-01,120.0,120.0,0.0,120.0,120.0,0
300200443_,472,2025-12-01,11.0,4.0,0.0,4.0,4.0,0
300200432_,473,2025-12-01,46.0,43.0,0.0,43.0,43.0,0
300200433_,477,2025-12-01,22.0,22.0,0.0,22.0,22.0,0
300200439_,478,2025-12-01,18.0,,,,,1
300200436_,482,2025-12-01,75.0,72.0,0.0,72.0,72.0,0
300200431_,483,2025-12-01,31.0,60.0,0.0,60.0,60.0,0
300200434_,485,2025-12-01,9.0,9.0,0.0,9.0,9.0,0
300200429_,486,2025-12-01,10.0,10.0,0.0,10.0,10.0,0
300200632_,487,2025-12-01,27.0,27.0,0.0,27.0,27.0,0
300200435_,490,2025-12-01,316.0,368.0,0.0,368.0,368.0,0
300200437_,491,2025-12-01,31.0,31.0,0.0,31.0,31.0,0
300200438_,492,2025-12-01,123.0,116.0,0.0,116.0,116.0,0
300200440_,493,2025-12-01,11.0,10.0,0.0,10.0,10.0,0
300200592_,497,2025-12-01,159.0,172.0,0.0,172.0,172.0,0
LNVA105011,499,2025-12-01,20.0,20.0,0.0,20.0,20.0,0
300200595_,500,2025-12-01,22.0,23.0,0.0,23.0,23.0,0
300200718_,502,2025-12-01,350.0,378.0,0.0,378.0,378.0,0
300200719_,503,2025-12-01,20.0,20.0,0.0,20.0,20.0,0
300200720_,504,2025-12-01,41.0,41.0,0.0,41.0,41.0,0
300200721_,505,2025-12-01,8.0,7.0,0.0,7.0,7.0,0
300200722_,506,2025-12-01,32.0,32.0,0.0,32.0,32.0,0
300200777_,507,2025-12-01,19.0,19.0,0.0,19.0,19.0,0
300200723_,508,2025-12-01,8.0,8.0,0.0,8.0,8.0,0
300200724_,509,2025-12-01,6.0,6.0,0.0,6.0,6.0,0
300200725_,510,2025-12-01,10.0,10.0,0.0,10.0,10.0,0
300200726_,511,2025-12-01,15.0,15.0,0.0,15.0,15.0,0
300200728_,513,2025-12-01,3.0,3.0,0.0,3.0,3.0,0
300200729_,514,2025-12-01,11.0,11.0,0.0,11.0,11.0,0
300200730_,515,2025-12-01,35.0,35.0,0.0,35.0,35.0,0
300200731_,516,2025-12-01,4.0,4.0,0.0,4.0,4.0,0
300200732_,517,2025-12-01,7.0,7.0,0.0,7.0,7.0,0
300200733_,519,2025-12-01,2.0,2.0,0.0,2.0,2.0,0
300200735_,521,2025-12-01,109.0,129.0,0.0,129.0,129.0,0
300200736_,522,2025-12-01,107.0,107.0,0.0,107.0,107.0,0
300200737_,523,2025-12-01,61.0,61.0,0.0,61.0,61.0,0
300200738_,524,2025-12-01,20.0,20.0,0.0,20.0,20.0,0
300200742_,525,2025-12-01,121.0,118.0,0.0,118.0,118.0,0
300200743_,527,2025-12-01,41.0,41.0,0.0,41.0,41.0,0
300200740_,528,2025-12-01,11.0,11.0,0.0,11.0,11.0,0
300200741_,529,2025-12-01,15.0,14.0,0.0,14.0,14.0,0
300200744_,530,2025-12-01,64.0,131.0,0.0,131.0,131.0,0
300200745_,531,2025-12-01,77.0,104.0,0.0,104.0,104.0,0
300200746_,532,2025-12-01,147.0,157.0,0.0,157.0,157.0,0
300200748_,534,2025-12-01,1.0,1.0,0.0,1.0,1.0,0
300200749_,535,2025-12-01,52.0,52.0,0.0,52.0,52.0,0
300200750_,536,2025-12-01,14.0,13.0,0.0,13.0,13.0,0
300200751_,537,2025-12-01,91.0,85.0,0.0,85.0,85.0,0
300200752_,538,2025-12-01,147.0,168.0,0.0,168.0,168.0,0
300200753_,539,2025-12-01,45.0,43.0,0.0,43.0,43.0,0
300200754_,540,2025-12-01,4.0,4.0,0.0,4.0,4.0,0
300200755_,541,2025-12-01,4.0,4.0,0.0,4.0,4.0,0
030200226_,543,2025-12-01,307.0,453.0,0.0,453.0,453.0,0
030200223_,544,2025-12-01,244.0,672.0,0.0,672.0,672.0,0
030200227_,545,2025-12-01,573.0,468.0,0.0,468.0,468.0,0
030200225_,546,2025-12-01,715.0,3459.0,0.0,3459.0,3459.0,0
030200224_,547,2025-12-01,2041.0,3467.0,0.0,3467.0,3467.0,0
030200221_,548,2025-12-01,593.0,1392.0,0.0,1392.0,1392.0,0
030200222_,549,2025-12-01,700.0,2461.0,0.0,2461.0,2461.0,0
ATN000446,551,2025-12-01,6.0,6.0,0.0,6.0,6.0,0
130300026_,553,2025-12-01,949.0,922.0,0.0,922.0,922.0,0
130300027_,554,2025-12-01,176.0,76.0,0.0,76.0,76.0,0
130300028_,555,2025-12-01,524.0,666.0,0.0,666.0,666.0,0
030200203_,556,2025-12-01,1016.0,940.0,0.0,940.0,940.0,0
030200141_,6,2026-01-01,2.0,2.0,0.0,2.0,2.0,0
030200093_,9,2026-01-01,278.0,225.0,0.0,225.0,225.0,0
030200135_,10,2026-01-01,2.0,2.0,0.0,2.0,2.0,0
030200136_,11,2026-01-01,82.0,65.0,0.0,65.0,65.0,0
280300174_,17,2026-01-01,878.0,864.0,0.0,864.0,864.0,0
030200220_,19,2026-01-01,860.0,843.0,0.0,843.0,843.0,0
030200219_,20,2026-01-01,2278.0,8205.0,0.0,8205.0,8205.0,0
030300014_,22,2026-01-01,301.0,301.0,0.0,301.0,301.0,0
030200193_,23,2026-01-01,18659.0,21686.0,0.0,21686.0,21686.0,0
030200192_,25,2026-01-01,35240.0,76355.0,0.0,76355.0,76355.0,0
030200201_,26,2026-01-01,17268.0,52539.0,0.0,52539.0,52539.0,0
300200428_,27,2026-01-01,111.0,100.0,0.0,100.0,100.0,0
300201148_,32,2026-01-01,38.0,64.0,0.0,64.0,64.0,0
300201149_,33,2026-01-01,8.0,8.0,0.0,8.0,8.0,0
300201150_,34,2026-01-01,5.0,5.0,0.0,5.0,5.0,0
300201151_,35,2026-01-01,10.0,13.0,0.0,13.0,13.0,0
300201152_,36,2026-01-01,11.0,11.0,0.0,11.0,11.0,0
300201153_,37,2026-01-01,29.0,27.0,0.0,27.0,27.0,0
300201154_,38,2026-01-01,2.0,23.0,0.0,23.0,23.0,0
300201155_,39,2026-01-01,45.0,83.0,0.0,83.0,83.0,0
300200968_,40,2026-01-01,45.0,55.0,0.0,55.0,55.0,0
300200967_,41,2026-01-01,106.0,88.0,0.0,88.0,88.0,0
300200413_,42,2026-01-01,9.0,26.0,0.0,26.0,26.0,0
010400436_,43,2026-01-01,11.0,20.0,0.0,20.0,20.0,0
010400432_,44,2026-01-01,5.0,7.0,0.0,7.0,7.0,0
010400440_,45,2026-01-01,19.0,15.0,0.0,15.0,15.0,0
010400444_,46,2026-01-01,33.0,41.0,0.0,41.0,41.0,0
010400447_,47,2026-01-01,27.0,38.0,0.0,38.0,38.0,0
010400433_,48,2026-01-01,3.0,2.0,0.0,2.0,2.0,0
010400437_,49,2026-01-01,24.0,22.0,0.0,22.0,22.0,0
010400441_,50,2026-01-01,6.0,6.0,0.0,6.0,6.0,0
010400445_,51,2026-01-01,20.0,16.0,0.0,16.0,16.0,0
010400448_,52,2026-01-01,11.0,11.0,0.0,11.0,11.0,0
300200789_,58,2026-01-01,1.0,1.0,0.0,1.0,1.0,0
300200795_,64,2026-01-01,3.0,1.0,0.0,1.0,1.0,0
300200801_,70,2026-01-01,2.0,1.0,0.0,1.0,1.0,0
300200810_,79,2026-01-01,159.0,218.0,0.0,218.0,218.0,0
300200812_,81,2026-01-01,45.0,45.0,0.0,45.0,45.0,0
300200814_,83,2026-01-01,27.0,48.0,0.0,48.0,48.0,0
300200816_,85,2026-01-01,2.0,2.0,0.0,2.0,2.0,0
300200817_,86,2026-01-01,25.0,25.0,0.0,25.0,25.0,0
300200821_,90,2026-01-01,73.0,94.0,0.0,94.0,94.0,0
300200822_,91,2026-01-01,43.0,51.0,0.0,51.0,51.0,0
300200823_,92,2026-01-01,29.0,29.0,0.0,29.0,29.0,0
300200824_,93,2026-01-01,6.0,6.0,0.0,6.0,6.0,0
300200825_,94,2026-01-01,1.0,1.0,0.0,1.0,1.0,0
300200826_,95,2026-01-01,6.0,5.0,0.0,5.0,5.0,0
300200833_,102,2026-01-01,17.0,17.0,0.0,17.0,17.0,0
300200834_,103,2026-01-01,3.0,3.0,0.0,3.0,3.0,0
300200835_,104,2026-01-01,7.0,7.0,0.0,7.0,7.0,0
300200836_,105,2026-01-01,,3.0,0.0,3.0,3.0,0
300200838_,107,2026-01-01,5.0,5.0,0.0,5.0,5.0,0
300200840_,109,2026-01-01,1.0,1.0,0.0,1.0,1.0,0
300200842_,111,2026-01-01,90.0,90.0,0.0,90.0,90.0,0
300200846_,115,2026-01-01,80.0,86.0,0.0,86.0,86.0,0
300200847_,116,2026-01-01,30.0,11.0,0.0,11.0,11.0,0
300200848_,117,2026-01-01,6.0,3.0,0.0,3.0,3.0,0
300200849_,118,2026-01-01,2.0,2.0,0.0,2.0,2.0,0
300200851_,120,2026-01-01,4.0,4.0,0.0,4.0,4.0,0
300200856_,125,2026-01-01,91.0,91.0,0.0,91.0,91.0,0
300200857_,126,2026-01-01,13.0,13.0,0.0,13.0,13.0,0
300200859_,128,2026-01-01,19.0,19.0,0.0,19.0,19.0,0
300200861_,130,2026-01-01,2.0,2.0,0.0,2.0,2.0,0
300200868_,137,2026-01-01,22.0,22.0,0.0,22.0,22.0,0
300200869_,138,2026-01-01,23.0,23.0,0.0,23.0,23.0,0
300200870_,139,2026-01-01,9.0,9.0,0.0,9.0,9.0,0
300200871_,140,2026-01-01,5.0,5.0,0.0,5.0,5.0,0
300200872_,141,2026-01-01,2.0,2.0,0.0,2.0,2.0,0
300200873_,142,2026-01-01,2.0,2.0,0.0,2.0,2.0,0
300200880_,149,2026-01-01,3.0,3.0,0.0,3.0,3.0,0
300200882_,151,2026-01-01,,10.0,0.0,10.0,10.0,0
300200887_,156,2026-01-01,77.0,77.0,0.0,77.0,77.0,0
300200888_,157,2026-01-01,7.0,7.0,0.0,7.0,7.0,0
300200890_,159,2026-01-01,9.0,9.0,0.0,9.0,9.0,0
300200892_,160,2026-01-01,4.0,4.0,0.0,4.0,4.0,0
300200893_,161,2026-01-01,8.0,8.0,0.0,8.0,8.0,0
300200895_,163,2026-01-01,6.0,6.0,0.0,6.0,6.0,0
300200896_,164,2026-01-01,7.0,7.0,0.0,7.0,7.0,0
300200898_,166,2026-01-01,59.0,59.0,0.0,59.0,59.0,0
300200899_,167,2026-01-01,25.0,25.0,0.0,25.0,25.0,0
300200900_,168,2026-01-01,6.0,6.0,0.0,6.0,6.0,0
300200901_,169,2026-01-01,1.0,1.0,0.0,1.0,1.0,0
300200902_,170,2026-01-01,2.0,2.0,0.0,2.0,2.0,0
300200910_,178,2026-01-01,4.0,49.0,0.0,49.0,49.0,0
300200912_,180,2026-01-01,1.0,1.0,0.0,1.0,1.0,0
300200921_,189,2026-01-01,5.0,37.0,0.0,37.0,37.0,0
300200922_,190,2026-01-01,,17.0,0.0,17.0,17.0,0
300200923_,191,2026-01-01,10.0,10.0,0.0,10.0,10.0,0
300200933_,201,2026-01-01,45.0,45.0,0.0,45.0,45.0,0
300200934_,202,2026-01-01,14.0,14.0,0.0,14.0,14.0,0
300200936_,204,2026-01-01,17.0,17.0,0.0,17.0,17.0,0
300200938_,206,2026-01-01,7.0,7.0,0.0,7.0,7.0,0
300200939_,207,2026-01-01,12.0,12.0,0.0,12.0,12.0,0
300200942_,210,2026-01-01,80.0,80.0,0.0,80.0,80.0,0
300200944_,212,2026-01-01,4.0,4.0,0.0,4.0,4.0,0
300200945_,213,2026-01-01,52.0,52.0,0.0,52.0,52.0,0
300200946_,214,2026-01-01,25.0,25.0,0.0,25.0,25.0,0
300200947_,215,2026-01-01,13.0,13.0,0.0,13.0,13.0,0
300200948_,216,2026-01-01,8.0,8.0,0.0,8.0,8.0,0
300200950_,218,2026-01-01,8.0,8.0,0.0,8.0,8.0,0
300200951_,219,2026-01-01,1.0,1.0,0.0,1.0,1.0,0
300200953_,221,2026-01-01,2.0,2.0,0.0,2.0,2.0,0
300200371_,224,2026-01-01,6.0,6.0,0.0,6.0,6.0,0
300200375_,226,2026-01-01,19.0,20.0,0.0,20.0,20.0,0
300200363_,228,2026-01-01,1.0,1.0,0.0,1.0,1.0,0
300200368_,229,2026-01-01,4.0,4.0,0.0,4.0,4.0,0
300200367_,230,2026-01-01,2.0,2.0,0.0,2.0,2.0,0
300200372_,233,2026-01-01,2.0,2.0,0.0,2.0,2.0,0
300200373_,234,2026-01-01,25.0,25.0,0.0,25.0,25.0,0
300200418_,235,2026-01-01,1.0,1.0,0.0,1.0,1.0,0
300200365_,236,2026-01-01,130.0,160.0,0.0,160.0,160.0,0
300200364_,237,2026-01-01,6.0,6.0,0.0,6.0,6.0,0
300200376_,242,2026-01-01,97.0,97.0,0.0,97.0,97.0,0
300200377_,243,2026-01-01,51.0,51.0,0.0,51.0,51.0,0
300200378_,244,2026-01-01,5.0,5.0,0.0,5.0,5.0,0
300200379_,245,2026-01-01,4.0,4.0,0.0,4.0,4.0,0
300200421_,247,2026-01-01,2.0,5.0,0.0,5.0,5.0,0
300200520_,249,2026-01-01,42.0,28.0,0.0,28.0,28.0,0
300200521_,250,2026-01-01,8.0,8.0,0.0,8.0,8.0,0
300200523_,252,2026-01-01,3.0,1.0,0.0,1.0,1.0,0
300200526_,255,2026-01-01,1.0,1.0,0.0,1.0,1.0,0
300200536_,264,2026-01-01,17.0,16.0,0.0,16.0,16.0,0
300200537_,265,2026-01-01,15.0,10.0,0.0,10.0,10.0,0
300200538_,266,2026-01-01,1.0,1.0,0.0,1.0,1.0,0
300200539_,267,2026-01-01,32.0,30.0,0.0,30.0,30.0,0
300200542_,270,2026-01-01,157.0,114.0,0.0,114.0,114.0,0
300200543_,273,2026-01-01,9.0,1.0,0.0,1.0,1.0,0
300200545_,275,2026-01-01,7.0,1.0,0.0,1.0,1.0,0
300200593_,276,2026-01-01,17.0,11.0,0.0,11.0,11.0,0
300200547_,278,2026-01-01,5.0,1.0,0.0,1.0,1.0,0
300200548_,279,2026-01-01,5.0,1.0,0.0,1.0,1.0,0
300200549_,280,2026-01-01,3.0,3.0,0.0,3.0,3.0,0
300200553_,285,2026-01-01,10.0,10.0,0.0,10.0,10.0,0
300200558_,290,2026-01-01,163.0,95.0,0.0,95.0,95.0,0
300200559_,291,2026-01-01,66.0,32.0,0.0,32.0,32.0,0
300200560_,292,2026-01-01,22.0,4.0,0.0,4.0,4.0,0
300200561_,293,2026-01-01,2.0,1.0,0.0,1.0,1.0,0
300200564_,296,2026-01-01,68.0,61.0,0.0,61.0,61.0,0
300200565_,297,2026-01-01,12.0,10.0,0.0,10.0,10.0,0
300200590_,298,2026-01-01,36.0,35.0,0.0,35.0,35.0,0
300200591_,301,2026-01-01,13.0,11.0,0.0,11.0,11.0,0
300200570_,304,2026-01-01,11.0,11.0,0.0,11.0,11.0,0
300200571_,305,2026-01-01,6.0,6.0,0.0,6.0,6.0,0
300200574_,308,2026-01-01,5.0,2.0,0.0,2.0,2.0,0
300200576_,311,2026-01-01,6.0,6.0,0.0,6.0,6.0,0
300200579_,314,2026-01-01,110.0,107.0,0.0,107.0,107.0,0
300200580_,315,2026-01-01,36.0,36.0,0.0,36.0,36.0,0
300200581_,316,2026-01-01,13.0,12.0,0.0,12.0,12.0,0
300200582_,317,2026-01-01,12.0,11.0,0.0,11.0,11.0,0
300200343_,320,2026-01-01,983.0,1049.0,0.0,1049.0,1049.0,0
020100163_,321,2026-01-01,31.0,28.0,0.0,28.0,28.0,0
300200459_,322,2026-01-01,25.0,15.0,0.0,15.0,15.0,0
020100158_,323,2026-01-01,179.0,185.0,0.0,185.0,185.0,0
300200460_,325,2026-01-01,35.0,28.0,0.0,28.0,28.0,0
020100160_,326,2026-01-01,130.0,128.0,0.0,128.0,128.0,0
300200461_,328,2026-01-01,23.0,19.0,0.0,19.0,19.0,0
300200472_,329,2026-01-01,16.0,20.0,0.0,20.0,20.0,0
300200462_,330,2026-01-01,35.0,35.0,0.0,35.0,35.0,0
020100162_,332,2026-01-01,15.0,6.0,0.0,6.0,6.0,0
300200772_,333,2026-01-01,12.0,12.0,0.0,12.0,12.0,0
300200468_,334,2026-01-01,25.0,24.0,0.0,24.0,24.0,0
300200515_,335,2026-01-01,29.0,29.0,0.0,29.0,29.0,0
300200518_,336,2026-01-01,14.0,14.0,0.0,14.0,14.0,0
300200516_,337,2026-01-01,22.0,42.0,0.0,42.0,42.0,0
300200470_,339,2026-01-01,5.0,5.0,0.0,5.0,5.0,0
300200463_,340,2026-01-01,455.0,438.0,0.0,438.0,438.0,0
300200464_,341,2026-01-01,365.0,436.0,0.0,436.0,436.0,0
300200465_,342,2026-01-01,127.0,119.0,0.0,119.0,119.0,0
300200466_,343,2026-01-01,33.0,33.0,0.0,33.0,33.0,0
300200467_,344,2026-01-01,2.0,6.0,0.0,6.0,6.0,0
300200519_,345,2026-01-01,53.0,53.0,0.0,53.0,53.0,0
300200779_,348,2026-01-01,19.0,19.0,0.0,19.0,19.0,0
300200783_,350,2026-01-01,1.0,1.0,0.0,1.0,1.0,0
030200008_,356,2026-01-01,6.0,6.0,0.0,6.0,6.0,0
030200005_,357,2026-01-01,11.0,11.0,0.0,11.0,11.0,0
030200003_,361,2026-01-01,4.0,4.0,0.0,4.0,4.0,0
030200039_,368,2026-01-01,2.0,2.0,0.0,2.0,2.0,0
030200239_,373,2026-01-01,,224.0,0.0,224.0,224.0,0
030200240_,374,2026-01-01,1.0,1.0,0.0,1.0,1.0,0
030200191_,383,2026-01-01,1.0,1.0,0.0,1.0,1.0,0
030200176_,385,2026-01-01,1.0,13.0,0.0,13.0,13.0,0
030200249_,392,2026-01-01,2.0,2.0,0.0,2.0,2.0,0
030200256_,395,2026-01-01,8.0,8.0,0.0,8.0,8.0,0
300200331_,408,2026-01-01,1043.0,1124.0,0.0,1124.0,1124.0,0
300200296_,409,2026-01-01,407.0,550.0,0.0,550.0,550.0,0
300200283_,410,2026-01-01,84.0,84.0,0.0,84.0,84.0,0
300200302_,411,2026-01-01,210.0,249.0,0.0,249.0,249.0,0
300200333_,412,2026-01-01,573.0,637.0,0.0,637.0,637.0,0
300200288_,413,2026-01-01,36.0,33.0,0.0,33.0,33.0,0
300200284_,414,2026-01-01,15.0,67.0,0.0,67.0,67.0,0
300200767_,415,2026-01-01,2.0,1.0,0.0,1.0,1.0,0
300200293_,416,2026-01-01,135.0,156.0,0.0,156.0,156.0,0
300200289_,417,2026-01-01,212.0,260.0,0.0,260.0,260.0,0
300200290_,418,2026-01-01,10.0,10.0,0.0,10.0,10.0,0
300200291_,419,2026-01-01,51.0,51.0,0.0,51.0,51.0,0
300200297_,420,2026-01-01,507.0,609.0,0.0,609.0,609.0,0
300200298_,421,2026-01-01,782.0,746.0,0.0,746.0,746.0,0
300200294_,423,2026-01-01,5.0,4.0,0.0,4.0,4.0,0
300200286_,424,2026-01-01,4211.0,4312.0,0.0,4312.0,4312.0,0
300200332_,425,2026-01-01,560.0,747.0,0.0,747.0,747.0,0
300200301_,426,2026-01-01,790.0,837.0,0.0,837.0,837.0,0
300200700_,428,2026-01-01,49.0,49.0,0.0,49.0,49.0,0
300200295_,429,2026-01-01,5.0,5.0,0.0,5.0,5.0,0
300200292_,430,2026-01-01,25.0,25.0,0.0,25.0,25.0,0
300200303_,433,2026-01-01,2600.0,2817.0,0.0,2817.0,2817.0,0
300200304_,434,2026-01-01,1471.0,1460.0,0.0,1460.0,1460.0,0
300200305_,435,2026-01-01,668.0,936.0,0.0,936.0,936.0,0
300200306_,436,2026-01-01,259.0,294.0,0.0,294.0,294.0,0
300200307_,437,2026-01-01,9.0,22.0,0.0,22.0,22.0,0
300200311_,439,2026-01-01,155.0,241.0,0.0,241.0,241.0,0
300200308_,440,2026-01-01,2.0,1.0,0.0,1.0,1.0,0
300200309_,441,2026-01-01,6.0,6.0,0.0,6.0,6.0,0
300200313_,442,2026-01-01,25.0,103.0,0.0,103.0,103.0,0
300200498_,443,2026-01-01,209.0,207.0,0.0,207.0,207.0,0
ATN000108,444,2026-01-01,3.0,3.0,0.0,3.0,3.0,0
300200314_,445,2026-01-01,21.0,81.0,0.0,81.0,81.0,0
300200771_,448,2026-01-01,30.0,30.0,0.0,30.0,30.0,0
300200316_,449,2026-01-01,8.0,166.0,0.0,166.0,166.0,0
300200959_,450,2026-01-01,24.0,24.0,0.0,24.0,24.0,0
300200317_,451,2026-01-01,82.0,161.0,0.0,161.0,161.0,0
300200496_,452,2026-01-01,1.0,1.0,0.0,1.0,1.0,0
300200346_,453,2026-01-01,35.0,85.0,0.0,85.0,85.0,0
300200318_,454,2026-01-01,68.0,284.0,0.0,284.0,284.0,0
300200319_,456,2026-01-01,268.0,845.0,0.0,845.0,845.0,0
300200320_,457,2026-01-01,145.0,365.0,0.0,365.0,365.0,0
300200321_,458,2026-01-01,4.0,262.0,0.0,262.0,262.0,0
300200322_,459,2026-01-01,45.0,341.0,0.0,341.0,341.0,0
300200323_,460,2026-01-01,357.0,686.0,0.0,686.0,686.0,0
300200324_,461,2026-01-01,996.0,2386.0,0.0,2386.0,2386.0,0
300200325_,462,2026-01-01,50.0,505.0,0.0,505.0,505.0,0
300200326_,463,2026-01-01,533.0,671.0,0.0,671.0,671.0,0
300200327_,464,2026-01-01,21.0,229.0,0.0,229.0,229.0,0
300200328_,465,2026-01-01,303.0,633.0,0.0,633.0,633.0,0
300200330_,466,2026-01-01,1.0,1.0,0.0,1.0,1.0,0
300200348_,467,2026-01-01,2.0,2.0,0.0,2.0,2.0,0
300200430_,470,2026-01-01,25.0,20.0,0.0,20.0,20.0,0
300200588_,471,2026-01-01,17.0,11.0,0.0,11.0,11.0,0
300200432_,473,2026-01-01,10.0,10.0,0.0,10.0,10.0,0
300200433_,477,2026-01-01,2.0,2.0,0.0,2.0,2.0,0
300200439_,478,2026-01-01,10.0,10.0,0.0,10.0,10.0,0
300200436_,482,2026-01-01,62.0,60.0,0.0,60.0,60.0,0
300200431_,483,2026-01-01,27.0,26.0,0.0,26.0,26.0,0
300200429_,486,2026-01-01,55.0,53.0,0.0,53.0,53.0,0
300200632_,487,2026-01-01,12.0,12.0,0.0,12.0,12.0,0
300200435_,490,2026-01-01,275.0,295.0,0.0,295.0,295.0,0
300200437_,491,2026-01-01,52.0,58.0,0.0,58.0,58.0,0
300200438_,492,2026-01-01,5.0,4.0,0.0,4.0,4.0,0
300200440_,493,2026-01-01,1.0,1.0,0.0,1.0,1.0,0
ATN000399,496,2026-01-01,1.0,1.0,0.0,1.0,1.0,0
300200592_,497,2026-01-01,24.0,24.0,0.0,24.0,24.0,0
LNVA105011,499,2026-01-01,2.0,2.0,0.0,2.0,2.0,0
300200718_,502,2026-01-01,105.0,105.0,0.0,105.0,105.0,0
300200719_,503,2026-01-01,26.0,26.0,0.0,26.0,26.0,0
300200720_,504,2026-01-01,50.0,15.0,0.0,15.0,15.0,0
300200721_,505,2026-01-01,1.0,1.0,0.0,1.0,1.0,0
300200722_,506,2026-01-01,18.0,10.0,0.0,10.0,10.0,0
300200777_,507,2026-01-01,8.0,7.0,0.0,7.0,7.0,0
300200725_,510,2026-01-01,4.0,4.0,0.0,4.0,4.0,0
300200726_,511,2026-01-01,13.0,11.0,0.0,11.0,11.0,0
300200730_,515,2026-01-01,6.0,6.0,0.0,6.0,6.0,0
300200732_,517,2026-01-01,32.0,19.0,0.0,19.0,19.0,0
300200733_,519,2026-01-01,1.0,1.0,0.0,1.0,1.0,0
300200734_,520,2026-01-01,1.0,1.0,0.0,1.0,1.0,0
300200735_,521,2026-01-01,39.0,55.0,0.0,55.0,55.0,0
300200736_,522,2026-01-01,23.0,28.0,0.0,28.0,28.0,0
300200737_,523,2026-01-01,9.0,7.0,0.0,7.0,7.0,0
300200738_,524,2026-01-01,1.0,1.0,0.0,1.0,1.0,0
300200742_,525,2026-01-01,97.0,107.0,0.0,107.0,107.0,0
300200743_,527,2026-01-01,34.0,34.0,0.0,34.0,34.0,0
300200740_,528,2026-01-01,9.0,9.0,0.0,9.0,9.0,0
300200741_,529,2026-01-01,7.0,7.0,0.0,7.0,7.0,0
300200744_,530,2026-01-01,58.0,100.0,0.0,100.0,100.0,0
300200745_,531,2026-01-01,30.0,47.0,0.0,47.0,47.0,0
300200746_,532,2026-01-01,70.0,98.0,0.0,98.0,98.0,0
300200748_,534,2026-01-01,1.0,1.0,0.0,1.0,1.0,0
300200749_,535,2026-01-01,24.0,28.0,0.0,28.0,28.0,0
300200750_,536,2026-01-01,5.0,4.0,0.0,4.0,4.0,0
300200751_,537,2026-01-01,56.0,64.0,0.0,64.0,64.0,0
300200752_,538,2026-01-01,69.0,67.0,0.0,67.0,67.0,0
300200753_,539,2026-01-01,12.0,10.0,0.0,10.0,10.0,0
300200754_,540,2026-01-01,1.0,1.0,0.0,1.0,1.0,0
300200755_,541,2026-01-01,12.0,12.0,0.0,12.0,12.0,0
030200226_,543,2026-01-01,176.0,466.0,0.0,466.0,466.0,0
030200223_,544,2026-01-01,1163.0,2288.0,0.0,2288.0,2288.0,0
030200227_,545,2026-01-01,358.0,358.0,0.0,358.0,358.0,0
030200225_,546,2026-01-01,1119.0,1645.0,0.0,1645.0,1645.0,0
030200224_,547,2026-01-01,2656.0,4561.0,0.0,4561.0,4561.0,0
030200221_,548,2026-01-01,2144.0,3554.0,0.0,3554.0,3554.0,0
030200222_,549,2026-01-01,388.0,450.0,0.0,450.0,450.0,0
ATN000446,551,2026-01-01,5.0,5.0,0.0,5.0,5.0,0
130300026_,553,2026-01-01,147.0,287.0,0.0,287.0,287.0,0
130300027_,554,2026-01-01,689.0,654.0,0.0,654.0,654.0,0
130300028_,555,2026-01-01,-253.0,17.0,0.0,17.0,17.0,0
030200203_,556,2026-01-01,857.0,719.0,0.0,719.0,719.0,0
030200141_,6,2026-02-01,14.0,14.0,0.0,14.0,14.0,0
030200093_,9,2026-02-01,34.0,75.0,0.0,75.0,75.0,0
030200135_,10,2026-02-01,16.0,9.0,0.0,9.0,9.0,0
030200136_,11,2026-02-01,6.0,6.0,0.0,6.0,6.0,0
280300174_,17,2026-02-01,1411.0,1340.0,0.0,1340.0,1340.0,0
030300013_,18,2026-02-01,,108.0,0.0,108.0,108.0,0
030200220_,19,2026-02-01,736.0,751.0,0.0,751.0,751.0,0
030200219_,20,2026-02-01,13213.0,13507.0,0.0,13507.0,13507.0,0
030300078_,21,2026-02-01,5.0,5.0,0.0,5.0,5.0,0
030300014_,22,2026-02-01,506.0,4980.0,0.0,4980.0,4980.0,0
030200193_,23,2026-02-01,24170.0,38587.0,0.0,38587.0,38587.0,0
030200192_,25,2026-02-01,33467.0,45728.0,0.0,45728.0,45728.0,0
030200201_,26,2026-02-01,14645.0,46177.0,0.0,46177.0,46177.0,0
300200428_,27,2026-02-01,152.0,127.0,0.0,127.0,127.0,0
300201148_,32,2026-02-01,34.0,50.0,0.0,50.0,50.0,0
300201149_,33,2026-02-01,9.0,8.0,0.0,8.0,8.0,0
300201150_,34,2026-02-01,2.0,1.0,0.0,1.0,1.0,0
300201151_,35,2026-02-01,14.0,13.0,0.0,13.0,13.0,0
300201153_,37,2026-02-01,103.0,44.0,0.0,44.0,44.0,0
300201154_,38,2026-02-01,5.0,14.0,0.0,14.0,14.0,0
300201155_,39,2026-02-01,21.0,27.0,0.0,27.0,27.0,0
300200968_,40,2026-02-01,34.0,65.0,0.0,65.0,65.0,0
300200967_,41,2026-02-01,249.0,267.0,0.0,267.0,267.0,0
300200413_,42,2026-02-01,13.0,7.0,0.0,7.0,7.0,0
010400436_,43,2026-02-01,6.0,5.0,0.0,5.0,5.0,0
010400432_,44,2026-02-01,1.0,1.0,0.0,1.0,1.0,0
010400440_,45,2026-02-01,18.0,19.0,0.0,19.0,19.0,0
010400444_,46,2026-02-01,40.0,64.0,0.0,64.0,64.0,0
010400447_,47,2026-02-01,37.0,37.0,0.0,37.0,37.0,0
010400433_,48,2026-02-01,2.0,1.0,0.0,1.0,1.0,0
010400437_,49,2026-02-01,13.0,11.0,0.0,11.0,11.0,0
010400441_,50,2026-02-01,15.0,11.0,0.0,11.0,11.0,0
010400445_,51,2026-02-01,7.0,8.0,0.0,8.0,8.0,0
010400448_,52,2026-02-01,6.0,10.0,0.0,10.0,10.0,0
300200784_,53,2026-02-01,4.0,4.0,0.0,4.0,4.0,0
300200785_,54,2026-02-01,2.0,2.0,0.0,2.0,2.0,0
300200787_,56,2026-02-01,1.0,1.0,0.0,1.0,1.0,0
300200788_,57,2026-02-01,4.0,4.0,0.0,4.0,4.0,0
300200789_,58,2026-02-01,1.0,1.0,0.0,1.0,1.0,0
300200795_,64,2026-02-01,8.0,8.0,0.0,8.0,8.0,0
300200801_,70,2026-02-01,8.0,8.0,0.0,8.0,8.0,0
300200803_,72,2026-02-01,6.0,6.0,0.0,6.0,6.0,0
300200810_,79,2026-02-01,126.0,277.0,0.0,277.0,277.0,0
300200812_,81,2026-02-01,45.0,45.0,0.0,45.0,45.0,0
300200814_,83,2026-02-01,31.0,31.0,0.0,31.0,31.0,0
300200816_,85,2026-02-01,3.0,3.0,0.0,3.0,3.0,0
300200817_,86,2026-02-01,12.0,12.0,0.0,12.0,12.0,0
300200819_,88,2026-02-01,11.0,11.0,0.0,11.0,11.0,0
300200821_,90,2026-02-01,64.0,104.0,0.0,104.0,104.0,0
300200822_,91,2026-02-01,37.0,83.0,0.0,83.0,83.0,0
300200823_,92,2026-02-01,18.0,18.0,0.0,18.0,18.0,0
300200824_,93,2026-02-01,11.0,11.0,0.0,11.0,11.0,0
300200825_,94,2026-02-01,1.0,1.0,0.0,1.0,1.0,0
300200826_,95,2026-02-01,4.0,4.0,0.0,4.0,4.0,0
300200832_,101,2026-02-01,7.0,7.0,0.0,7.0,7.0,0
300200833_,102,2026-02-01,3.0,3.0,0.0,3.0,3.0,0
300200835_,104,2026-02-01,3.0,3.0,0.0,3.0,3.0,0
300200838_,107,2026-02-01,1.0,1.0,0.0,1.0,1.0,0
300200839_,108,2026-02-01,8.0,8.0,0.0,8.0,8.0,0
300200842_,111,2026-02-01,25.0,21.0,0.0,21.0,21.0,0
300200846_,115,2026-02-01,18.0,18.0,0.0,18.0,18.0,0
300200847_,116,2026-02-01,11.0,10.0,0.0,10.0,10.0,0
300200848_,117,2026-02-01,1.0,1.0,0.0,1.0,1.0,0
300200849_,118,2026-02-01,1.0,1.0,0.0,1.0,1.0,0
300200850_,119,2026-02-01,2.0,1.0,0.0,1.0,1.0,0
300200851_,120,2026-02-01,9.0,9.0,0.0,9.0,9.0,0
300200856_,125,2026-02-01,75.0,75.0,0.0,75.0,75.0,0
300200857_,126,2026-02-01,13.0,13.0,0.0,13.0,13.0,0
300200859_,128,2026-02-01,7.0,7.0,0.0,7.0,7.0,0
300200861_,130,2026-02-01,13.0,13.0,0.0,13.0,13.0,0
300200862_,131,2026-02-01,2.0,2.0,0.0,2.0,2.0,0
300200863_,132,2026-02-01,3.0,3.0,0.0,3.0,3.0,0
300200864_,133,2026-02-01,1.0,1.0,0.0,1.0,1.0,0
300200868_,137,2026-02-01,25.0,25.0,0.0,25.0,25.0,0
300200869_,138,2026-02-01,28.0,28.0,0.0,28.0,28.0,0
300200870_,139,2026-02-01,5.0,5.0,0.0,5.0,5.0,0
300200871_,140,2026-02-01,2.0,2.0,0.0,2.0,2.0,0
300200872_,141,2026-02-01,2.0,2.0,0.0,2.0,2.0,0
300200873_,142,2026-02-01,4.0,4.0,0.0,4.0,4.0,0
300200879_,148,2026-02-01,2.0,2.0,0.0,2.0,2.0,0
300200887_,156,2026-02-01,39.0,39.0,0.0,39.0,39.0,0
300200888_,157,2026-02-01,9.0,9.0,0.0,9.0,9.0,0
300200890_,159,2026-02-01,8.0,8.0,0.0,8.0,8.0,0
300200892_,160,2026-02-01,2.0,2.0,0.0,2.0,2.0,0
300200898_,166,2026-02-01,26.0,26.0,0.0,26.0,26.0,0
300200899_,167,2026-02-01,8.0,8.0,0.0,8.0,8.0,0
300200900_,168,2026-02-01,4.0,4.0,0.0,4.0,4.0,0
300200910_,178,2026-02-01,130.0,110.0,0.0,110.0,110.0,0
300200912_,180,2026-02-01,28.0,25.0,0.0,25.0,25.0,0
300200914_,182,2026-02-01,10.0,6.0,0.0,6.0,6.0,0
300200916_,184,2026-02-01,11.0,11.0,0.0,11.0,11.0,0
300200917_,185,2026-02-01,5.0,5.0,0.0,5.0,5.0,0
300200918_,186,2026-02-01,3.0,3.0,0.0,3.0,3.0,0
300200921_,189,2026-02-01,73.0,63.0,0.0,63.0,63.0,0
300200922_,190,2026-02-01,28.0,26.0,0.0,26.0,26.0,0
300200923_,191,2026-02-01,2.0,1.0,0.0,1.0,1.0,0
300200924_,192,2026-02-01,10.0,6.0,0.0,6.0,6.0,0
300200925_,193,2026-02-01,6.0,4.0,0.0,4.0,4.0,0
300200927_,195,2026-02-01,20.0,4.0,0.0,4.0,4.0,0
300200932_,200,2026-02-01,2.0,2.0,0.0,2.0,2.0,0
300200933_,201,2026-02-01,45.0,36.0,0.0,36.0,36.0,0
300200934_,202,2026-02-01,5.0,3.0,0.0,3.0,3.0,0
300200936_,204,2026-02-01,4.0,4.0,0.0,4.0,4.0,0
300200938_,206,2026-02-01,2.0,2.0,0.0,2.0,2.0,0
300200939_,207,2026-02-01,3.0,3.0,0.0,3.0,3.0,0
300200940_,208,2026-02-01,6.0,6.0,0.0,6.0,6.0,0
300200941_,209,2026-02-01,18.0,18.0,0.0,18.0,18.0,0
300200944_,212,2026-02-01,1.0,1.0,0.0,1.0,1.0,0
300200945_,213,2026-02-01,5.0,5.0,0.0,5.0,5.0,0
300200946_,214,2026-02-01,15.0,14.0,0.0,14.0,14.0,0
300200947_,215,2026-02-01,6.0,3.0,0.0,3.0,3.0,0
300200948_,216,2026-02-01,1.0,1.0,0.0,1.0,1.0,0
300200949_,217,2026-02-01,1.0,1.0,0.0,1.0,1.0,0
300200953_,221,2026-02-01,2.0,2.0,0.0,2.0,2.0,0
300200371_,224,2026-02-01,5.0,4.0,0.0,4.0,4.0,0
300200375_,226,2026-02-01,11.0,11.0,0.0,11.0,11.0,0
300200363_,228,2026-02-01,1.0,1.0,0.0,1.0,1.0,0
300200368_,229,2026-02-01,3.0,3.0,0.0,3.0,3.0,0
300200373_,234,2026-02-01,15.0,15.0,0.0,15.0,15.0,0
300200365_,236,2026-02-01,72.0,68.0,0.0,68.0,68.0,0
300200376_,242,2026-02-01,51.0,48.0,0.0,48.0,48.0,0
300200377_,243,2026-02-01,28.0,25.0,0.0,25.0,25.0,0
300200378_,244,2026-02-01,5.0,6.0,0.0,6.0,6.0,0
300200379_,245,2026-02-01,5.0,5.0,0.0,5.0,5.0,0
300200520_,249,2026-02-01,267.0,223.0,0.0,223.0,223.0,0
300200521_,250,2026-02-01,15.0,5.0,0.0,5.0,5.0,0
300200523_,252,2026-02-01,10.0,4.0,0.0,4.0,4.0,0
300200526_,255,2026-02-01,21.0,19.0,0.0,19.0,19.0,0
300200532_,260,2026-02-01,8.0,8.0,0.0,8.0,8.0,0
300200534_,262,2026-02-01,2.0,1.0,0.0,1.0,1.0,0
300200536_,264,2026-02-01,113.0,78.0,0.0,78.0,78.0,0
300200537_,265,2026-02-01,42.0,15.0,0.0,15.0,15.0,0
300200538_,266,2026-02-01,13.0,7.0,0.0,7.0,7.0,0
300200539_,267,2026-02-01,35.0,35.0,0.0,35.0,35.0,0
300200542_,270,2026-02-01,474.0,613.0,0.0,613.0,613.0,0
300200543_,273,2026-02-01,38.0,20.0,0.0,20.0,20.0,0
300200545_,275,2026-02-01,18.0,8.0,0.0,8.0,8.0,0
300200593_,276,2026-02-01,46.0,56.0,0.0,56.0,56.0,0
300200547_,278,2026-02-01,5.0,5.0,0.0,5.0,5.0,0
300200548_,279,2026-02-01,13.0,10.0,0.0,10.0,10.0,0
300200549_,280,2026-02-01,13.0,11.0,0.0,11.0,11.0,0
300200773_,283,2026-02-01,6.0,5.0,0.0,5.0,5.0,0
300200553_,285,2026-02-01,43.0,24.0,0.0,24.0,24.0,0
300200558_,290,2026-02-01,162.0,206.0,0.0,206.0,206.0,0
300200559_,291,2026-02-01,117.0,95.0,0.0,95.0,95.0,0
300200560_,292,2026-02-01,41.0,44.0,0.0,44.0,44.0,0
300200561_,293,2026-02-01,19.0,18.0,0.0,18.0,18.0,0
300200562_,294,2026-02-01,1.0,1.0,0.0,1.0,1.0,0
300200563_,295,2026-02-01,22.0,20.0,0.0,20.0,20.0,0
300200564_,296,2026-02-01,227.0,227.0,0.0,227.0,227.0,0
300200565_,297,2026-02-01,21.0,20.0,0.0,20.0,20.0,0
300200590_,298,2026-02-01,14.0,14.0,0.0,14.0,14.0,0
300200591_,301,2026-02-01,23.0,23.0,0.0,23.0,23.0,0
300200569_,303,2026-02-01,1.0,1.0,0.0,1.0,1.0,0
300200570_,304,2026-02-01,13.0,13.0,0.0,13.0,13.0,0
300200571_,305,2026-02-01,4.0,4.0,0.0,4.0,4.0,0
300200573_,307,2026-02-01,7.0,7.0,0.0,7.0,7.0,0
300200575_,309,2026-02-01,12.0,12.0,0.0,12.0,12.0,0
300200511_,310,2026-02-01,9.0,9.0,0.0,9.0,9.0,0
300200576_,311,2026-02-01,2.0,2.0,0.0,2.0,2.0,0
300200579_,314,2026-02-01,96.0,96.0,0.0,96.0,96.0,0
300200580_,315,2026-02-01,64.0,64.0,0.0,64.0,64.0,0
300200581_,316,2026-02-01,25.0,25.0,0.0,25.0,25.0,0
300200582_,317,2026-02-01,13.0,13.0,0.0,13.0,13.0,0
300200583_,318,2026-02-01,1.0,1.0,0.0,1.0,1.0,0
300200584_,319,2026-02-01,2.0,2.0,0.0,2.0,2.0,0
300200343_,320,2026-02-01,1621.0,1963.0,0.0,1963.0,1963.0,0
020100163_,321,2026-02-01,49.0,59.0,0.0,59.0,59.0,0
300200459_,322,2026-02-01,68.0,55.0,0.0,55.0,55.0,0
020100158_,323,2026-02-01,237.0,224.0,0.0,224.0,224.0,0
300200460_,325,2026-02-01,65.0,62.0,0.0,62.0,62.0,0
020100160_,326,2026-02-01,145.0,138.0,0.0,138.0,138.0,0
300200461_,328,2026-02-01,12.0,8.0,0.0,8.0,8.0,0
300200472_,329,2026-02-01,99.0,96.0,0.0,96.0,96.0,0
300200462_,330,2026-02-01,22.0,20.0,0.0,20.0,20.0,0
300200772_,333,2026-02-01,21.0,20.0,0.0,20.0,20.0,0
300200468_,334,2026-02-01,62.0,61.0,0.0,61.0,61.0,0
300200515_,335,2026-02-01,102.0,82.0,0.0,82.0,82.0,0
300200518_,336,2026-02-01,2.0,2.0,0.0,2.0,2.0,0
300200516_,337,2026-02-01,112.0,102.0,0.0,102.0,102.0,0
300200471_,338,2026-02-01,2.0,2.0,0.0,2.0,2.0,0
300200463_,340,2026-02-01,747.0,716.0,0.0,716.0,716.0,0
300200464_,341,2026-02-01,552.0,690.0,0.0,690.0,690.0,0
300200465_,342,2026-02-01,127.0,115.0,0.0,115.0,115.0,0
300200466_,343,2026-02-01,97.0,97.0,0.0,97.0,97.0,0
300200467_,344,2026-02-01,16.0,16.0,0.0,16.0,16.0,0
300200519_,345,2026-02-01,50.0,50.0,0.0,50.0,50.0,0
300200779_,348,2026-02-01,18.0,14.0,0.0,14.0,14.0,0
030200005_,357,2026-02-01,2.0,2.0,0.0,2.0,2.0,0
030200030_,363,2026-02-01,,960.0,0.0,960.0,960.0,0
030200038_,366,2026-02-01,10.0,10.0,0.0,10.0,10.0,0
030200039_,368,2026-02-01,,340.0,0.0,340.0,340.0,0
030200028_,369,2026-02-01,,350.0,0.0,350.0,350.0,0
030200032_,371,2026-02-01,,525.0,0.0,525.0,525.0,0
030200034_,372,2026-02-01,20.0,20.0,0.0,20.0,20.0,0
030200239_,373,2026-02-01,,912.0,0.0,912.0,912.0,0
030200240_,374,2026-02-01,10.0,858.0,0.0,858.0,858.0,0
030200249_,392,2026-02-01,11.0,6.0,0.0,6.0,6.0,0
030200250_,403,2026-02-01,5.0,2.0,0.0,2.0,2.0,0
300200331_,408,2026-02-01,681.0,934.0,0.0,934.0,934.0,0
300200296_,409,2026-02-01,377.0,741.0,0.0,741.0,741.0,0
300200283_,410,2026-02-01,30.0,50.0,0.0,50.0,50.0,0
300200302_,411,2026-02-01,121.0,382.0,0.0,382.0,382.0,0
300200333_,412,2026-02-01,457.0,471.0,0.0,471.0,471.0,0
300200288_,413,2026-02-01,30.0,30.0,0.0,30.0,30.0,0
300200284_,414,2026-02-01,28.0,65.0,0.0,65.0,65.0,0
300200293_,416,2026-02-01,187.0,550.0,0.0,550.0,550.0,0
300200289_,417,2026-02-01,95.0,88.0,0.0,88.0,88.0,0
300200291_,419,2026-02-01,7.0,3.0,0.0,3.0,3.0,0
300200297_,420,2026-02-01,470.0,1016.0,0.0,1016.0,1016.0,0
300200298_,421,2026-02-01,607.0,701.0,0.0,701.0,701.0,0
300200294_,423,2026-02-01,9.0,29.0,0.0,29.0,29.0,0
300200286_,424,2026-02-01,4627.0,7674.0,0.0,7674.0,7674.0,0
300200332_,425,2026-02-01,497.0,720.0,0.0,720.0,720.0,0
300200301_,426,2026-02-01,439.0,611.0,0.0,611.0,611.0,0
300200700_,428,2026-02-01,146.0,144.0,0.0,144.0,144.0,0
300200295_,429,2026-02-01,7.0,4.0,0.0,4.0,4.0,0
300200292_,430,2026-02-01,10.0,10.0,0.0,10.0,10.0,0
300200303_,433,2026-02-01,2695.0,3772.0,0.0,3772.0,3772.0,0
300200304_,434,2026-02-01,1133.0,1751.0,0.0,1751.0,1751.0,0
300200305_,435,2026-02-01,318.0,671.0,0.0,671.0,671.0,0
300200306_,436,2026-02-01,128.0,212.0,0.0,212.0,212.0,0
300200307_,437,2026-02-01,20.0,13.0,0.0,13.0,13.0,0
300200310_,438,2026-02-01,12.0,12.0,0.0,12.0,12.0,0
300200311_,439,2026-02-01,190.0,479.0,0.0,479.0,479.0,0
300200308_,440,2026-02-01,64.0,63.0,0.0,63.0,63.0,0
300200309_,441,2026-02-01,34.0,33.0,0.0,33.0,33.0,0
300200313_,442,2026-02-01,12.0,132.0,0.0,132.0,132.0,0
300200498_,443,2026-02-01,100.0,129.0,0.0,129.0,129.0,0
300200314_,445,2026-02-01,9.0,39.0,0.0,39.0,39.0,0
ATN000109,446,2026-02-01,4.0,4.0,0.0,4.0,4.0,0
300200771_,448,2026-02-01,8.0,8.0,0.0,8.0,8.0,0
300200316_,449,2026-02-01,1.0,203.0,0.0,203.0,203.0,0
300200959_,450,2026-02-01,7.0,7.0,0.0,7.0,7.0,0
300200317_,451,2026-02-01,26.0,146.0,0.0,146.0,146.0,0
300200496_,452,2026-02-01,11.0,7.0,0.0,7.0,7.0,0
300200318_,454,2026-02-01,71.0,101.0,0.0,101.0,101.0,0
300200347_,455,2026-02-01,3.0,3.0,0.0,3.0,3.0,0
300200319_,456,2026-02-01,199.0,196.0,0.0,196.0,196.0,0
300200320_,457,2026-02-01,86.0,131.0,0.0,131.0,131.0,0
300200321_,458,2026-02-01,3.0,92.0,0.0,92.0,92.0,0
300200322_,459,2026-02-01,93.0,312.0,0.0,312.0,312.0,0
300200323_,460,2026-02-01,257.0,357.0,0.0,357.0,357.0,0
300200324_,461,2026-02-01,648.0,919.0,0.0,919.0,919.0,0
300200325_,462,2026-02-01,23.0,71.0,0.0,71.0,71.0,0
300200326_,463,2026-02-01,347.0,548.0,0.0,548.0,548.0,0
300200327_,464,2026-02-01,40.0,160.0,0.0,160.0,160.0,0
300200328_,465,2026-02-01,167.0,286.0,0.0,286.0,286.0,0
300200350_,468,2026-02-01,4.0,4.0,0.0,4.0,4.0,0
300200430_,470,2026-02-01,6.0,6.0,0.0,6.0,6.0,0
300200588_,471,2026-02-01,28.0,32.0,0.0,32.0,32.0,0
300200432_,473,2026-02-01,1.0,1.0,0.0,1.0,1.0,0
300200433_,477,2026-02-01,1.0,1.0,0.0,1.0,1.0,0
300200439_,478,2026-02-01,10.0,10.0,0.0,10.0,10.0,0
300200436_,482,2026-02-01,38.0,28.0,0.0,28.0,28.0,0
300200429_,486,2026-02-01,8.0,10.0,0.0,10.0,10.0,0
300200435_,490,2026-02-01,100.0,109.0,0.0,109.0,109.0,0
300200437_,491,2026-02-01,20.0,44.0,0.0,44.0,44.0,0
300200438_,492,2026-02-01,18.0,22.0,0.0,22.0,22.0,0
300200440_,493,2026-02-01,4.0,1.0,0.0,1.0,1.0,0
300200445_,494,2026-02-01,9.0,9.0,0.0,9.0,9.0,0
300200592_,497,2026-02-01,31.0,31.0,0.0,31.0,31.0,0
LNVA105011,499,2026-02-01,1.0,1.0,0.0,1.0,1.0,0
300200595_,500,2026-02-01,3.0,3.0,0.0,3.0,3.0,0
300200718_,502,2026-02-01,310.0,347.0,0.0,347.0,347.0,0
300200719_,503,2026-02-01,44.0,55.0,0.0,55.0,55.0,0
300200720_,504,2026-02-01,25.0,30.0,0.0,30.0,30.0,0
300200722_,506,2026-02-01,15.0,30.0,0.0,30.0,30.0,0
300200777_,507,2026-02-01,25.0,17.0,0.0,17.0,17.0,0
300200725_,510,2026-02-01,12.0,12.0,0.0,12.0,12.0,0
300200726_,511,2026-02-01,15.0,15.0,0.0,15.0,15.0,0
300200728_,513,2026-02-01,4.0,4.0,0.0,4.0,4.0,0
300200729_,514,2026-02-01,30.0,20.0,0.0,20.0,20.0,0
300200730_,515,2026-02-01,4.0,4.0,0.0,4.0,4.0,0
300200731_,516,2026-02-01,1.0,1.0,0.0,1.0,1.0,0
300200733_,519,2026-02-01,2.0,2.0,0.0,2.0,2.0,0
300200735_,521,2026-02-01,121.0,176.0,0.0,176.0,176.0,0
300200736_,522,2026-02-01,112.0,125.0,0.0,125.0,125.0,0
300200737_,523,2026-02-01,31.0,33.0,0.0,33.0,33.0,0
300200738_,524,2026-02-01,10.0,10.0,0.0,10.0,10.0,0
300200742_,525,2026-02-01,101.0,93.0,0.0,93.0,93.0,0
300200739_,526,2026-02-01,4.0,4.0,0.0,4.0,4.0,0
300200743_,527,2026-02-01,32.0,26.0,0.0,26.0,26.0,0
300200740_,528,2026-02-01,30.0,30.0,0.0,30.0,30.0,0
300200741_,529,2026-02-01,22.0,22.0,0.0,22.0,22.0,0
300200744_,530,2026-02-01,96.0,96.0,0.0,96.0,96.0,0
300200745_,531,2026-02-01,78.0,65.0,0.0,65.0,65.0,0
300200746_,532,2026-02-01,46.0,92.0,0.0,92.0,92.0,0
300200747_,533,2026-02-01,1.0,1.0,0.0,1.0,1.0,0
300200748_,534,2026-02-01,1.0,1.0,0.0,1.0,1.0,0
300200749_,535,2026-02-01,19.0,17.0,0.0,17.0,17.0,0
300200750_,536,2026-02-01,2.0,14.0,0.0,14.0,14.0,0
300200751_,537,2026-02-01,33.0,45.0,0.0,45.0,45.0,0
300200752_,538,2026-02-01,52.0,55.0,0.0,55.0,55.0,0
300200753_,539,2026-02-01,4.0,3.0,0.0,3.0,3.0,0
300200755_,541,2026-02-01,3.0,3.0,0.0,3.0,3.0,0
300200497_,542,2026-02-01,,8.0,0.0,8.0,8.0,0
030200226_,543,2026-02-01,222.0,522.0,0.0,522.0,522.0,0
030200223_,544,2026-02-01,1766.0,4048.0,0.0,4048.0,4048.0,0
030200227_,545,2026-02-01,142.0,814.0,0.0,814.0,814.0,0
030200225_,546,2026-02-01,131.0,3070.0,0.0,3070.0,3070.0,0
030200224_,547,2026-02-01,2117.0,6542.0,0.0,6542.0,6542.0,0
030200221_,548,2026-02-01,2164.0,4022.0,0.0,4022.0,4022.0,0
030200222_,549,2026-02-01,542.0,612.0,0.0,612.0,612.0,0
130300026_,553,2026-02-01,212.0,212.0,0.0,212.0,212.0,0
130300027_,554,2026-02-01,207.0,240.0,0.0,240.0,240.0,0
030200203_,556,2026-02-01,1330.0,1143.0,0.0,1143.0,1143.0,0
030200382_,4,2026-03-01,4.0,4.0,0.0,4.0,4.0,0
030200135_,10,2026-03-01,21.0,12.0,0.0,12.0,12.0,0
030200136_,11,2026-03-01,5.0,4.0,0.0,4.0,4.0,0
280300174_,17,2026-03-01,1586.0,1581.0,0.0,1581.0,1581.0,0
030200220_,19,2026-03-01,1267.0,1657.0,0.0,1657.0,1657.0,0
030200219_,20,2026-03-01,1574.0,16609.0,0.0,16609.0,16609.0,0
030300014_,22,2026-03-01,260.0,5772.0,0.0,5772.0,5772.0,0
030200193_,23,2026-03-01,21684.0,51080.0,0.0,51080.0,51080.0,0
030200192_,25,2026-03-01,42728.0,159266.0,0.0,159266.0,159266.0,0
030200201_,26,2026-03-01,19937.0,85450.0,0.0,85450.0,85450.0,0
300200428_,27,2026-03-01,380.0,367.0,0.0,367.0,367.0,0
ATN544015,28,2026-03-01,6.0,6.0,0.0,6.0,6.0,0
300201148_,32,2026-03-01,43.0,73.0,0.0,73.0,73.0,0
300201149_,33,2026-03-01,12.0,42.0,0.0,42.0,42.0,0
300201151_,35,2026-03-01,13.0,23.0,0.0,23.0,23.0,0
300201152_,36,2026-03-01,1.0,6.0,0.0,6.0,6.0,0
300201153_,37,2026-03-01,32.0,62.0,0.0,62.0,62.0,0
300201154_,38,2026-03-01,1.0,6.0,0.0,6.0,6.0,0
300201155_,39,2026-03-01,158.0,187.0,0.0,187.0,187.0,0
300200968_,40,2026-03-01,36.0,35.0,0.0,35.0,35.0,0
300200967_,41,2026-03-01,239.0,246.0,0.0,246.0,246.0,0
300200413_,42,2026-03-01,15.0,72.0,0.0,72.0,72.0,0
010400436_,43,2026-03-01,9.0,6.0,0.0,6.0,6.0,0
010400432_,44,2026-03-01,6.0,5.0,0.0,5.0,5.0,0
010400440_,45,2026-03-01,6.0,6.0,0.0,6.0,6.0,0
010400444_,46,2026-03-01,13.0,16.0,0.0,16.0,16.0,0
010400447_,47,2026-03-01,36.0,63.0,0.0,63.0,63.0,0
010400433_,48,2026-03-01,4.0,4.0,0.0,4.0,4.0,0
010400437_,49,2026-03-01,10.0,8.0,0.0,8.0,8.0,0
010400441_,50,2026-03-01,15.0,14.0,0.0,14.0,14.0,0
010400445_,51,2026-03-01,17.0,19.0,0.0,19.0,19.0,0
010400448_,52,2026-03-01,10.0,11.0,0.0,11.0,11.0,0
300200784_,53,2026-03-01,-10.0,126.0,0.0,126.0,126.0,0
300200785_,54,2026-03-01,-9.0,12.0,0.0,12.0,12.0,0
300200787_,56,2026-03-01,-28.0,1.0,0.0,1.0,1.0,0
300200789_,58,2026-03-01,-3.0,6.0,0.0,6.0,6.0,0
300200790_,59,2026-03-01,-4.0,4.0,0.0,4.0,4.0,0
300200791_,60,2026-03-01,-9.0,1.0,0.0,1.0,1.0,0
300200792_,61,2026-03-01,,7.0,0.0,7.0,7.0,0
300200795_,64,2026-03-01,-37.0,6.0,0.0,6.0,6.0,0
300200796_,65,2026-03-01,2.0,15.0,0.0,15.0,15.0,0
300200797_,66,2026-03-01,-8.0,5.0,0.0,5.0,5.0,0
300200798_,67,2026-03-01,-7.0,5.0,0.0,5.0,5.0,0
300200807_,76,2026-03-01,,5.0,0.0,5.0,5.0,0
300200810_,79,2026-03-01,27.0,118.0,0.0,118.0,118.0,0
300200812_,81,2026-03-01,11.0,40.0,0.0,40.0,40.0,0
300200814_,83,2026-03-01,7.0,50.0,0.0,50.0,50.0,0
300200816_,85,2026-03-01,-3.0,4.0,0.0,4.0,4.0,0
300200821_,90,2026-03-01,18.0,68.0,0.0,68.0,68.0,0
300200822_,91,2026-03-01,13.0,113.0,0.0,113.0,113.0,0
300200823_,92,2026-03-01,2.0,5.0,0.0,5.0,5.0,0
300200824_,93,2026-03-01,7.0,21.0,0.0,21.0,21.0,0
300200825_,94,2026-03-01,-9.0,5.0,0.0,5.0,5.0,0
300200827_,96,2026-03-01,-6.0,1.0,0.0,1.0,1.0,0
300200828_,97,2026-03-01,-5.0,7.0,0.0,7.0,7.0,0
300200832_,101,2026-03-01,4.0,4.0,0.0,4.0,4.0,0
300200833_,102,2026-03-01,26.0,42.0,0.0,42.0,42.0,0
300200835_,104,2026-03-01,36.0,37.0,0.0,37.0,37.0,0
300200838_,107,2026-03-01,29.0,32.0,0.0,32.0,32.0,0
300200839_,108,2026-03-01,-7.0,7.0,0.0,7.0,7.0,0
300200842_,111,2026-03-01,154.0,178.0,0.0,178.0,178.0,0
300200844_,113,2026-03-01,1.0,5.0,0.0,5.0,5.0,0
300200845_,114,2026-03-01,-3.0,5.0,0.0,5.0,5.0,0
300200846_,115,2026-03-01,-9.0,33.0,0.0,33.0,33.0,0
300200847_,116,2026-03-01,45.0,60.0,0.0,60.0,60.0,0
300200848_,117,2026-03-01,39.0,46.0,0.0,46.0,46.0,0
300200849_,118,2026-03-01,16.0,24.0,0.0,24.0,24.0,0
300200850_,119,2026-03-01,-7.0,1.0,0.0,1.0,1.0,0
300200851_,120,2026-03-01,-1.0,4.0,0.0,4.0,4.0,0
300200852_,121,2026-03-01,-5.0,2.0,0.0,2.0,2.0,0
300200856_,125,2026-03-01,-51.0,11.0,0.0,11.0,11.0,0
300200857_,126,2026-03-01,-39.0,3.0,0.0,3.0,3.0,0
300200859_,128,2026-03-01,-12.0,2.0,0.0,2.0,2.0,0
300200862_,131,2026-03-01,-7.0,2.0,0.0,2.0,2.0,0
300200865_,134,2026-03-01,7.0,7.0,0.0,7.0,7.0,0
300200868_,137,2026-03-01,-61.0,17.0,0.0,17.0,17.0,0
300200869_,138,2026-03-01,-25.0,2.0,0.0,2.0,2.0,0
300200870_,139,2026-03-01,-15.0,2.0,0.0,2.0,2.0,0
300200878_,147,2026-03-01,1.0,6.0,0.0,6.0,6.0,0
300200879_,148,2026-03-01,,5.0,0.0,5.0,5.0,0
300200882_,151,2026-03-01,1.0,31.0,0.0,31.0,31.0,0
300200887_,156,2026-03-01,34.0,34.0,0.0,34.0,34.0,0
300200888_,157,2026-03-01,28.0,28.0,0.0,28.0,28.0,0
300200890_,159,2026-03-01,11.0,11.0,0.0,11.0,11.0,0
300200892_,160,2026-03-01,2.0,2.0,0.0,2.0,2.0,0
300200898_,166,2026-03-01,70.0,70.0,0.0,70.0,70.0,0
300200899_,167,2026-03-01,19.0,24.0,0.0,24.0,24.0,0
300200900_,168,2026-03-01,4.0,4.0,0.0,4.0,4.0,0
300200901_,169,2026-03-01,2.0,2.0,0.0,2.0,2.0,0
300200903_,171,2026-03-01,2.0,2.0,0.0,2.0,2.0,0
300200905_,173,2026-03-01,2.0,2.0,0.0,2.0,2.0,0
300200908_,176,2026-03-01,8.0,8.0,0.0,8.0,8.0,0
300200909_,177,2026-03-01,4.0,4.0,0.0,4.0,4.0,0
300200910_,178,2026-03-01,11.0,56.0,0.0,56.0,56.0,0
300200912_,180,2026-03-01,-10.0,22.0,0.0,22.0,22.0,0
300200914_,182,2026-03-01,-4.0,9.0,0.0,9.0,9.0,0
300200916_,184,2026-03-01,-3.0,2.0,0.0,2.0,2.0,0
300200919_,187,2026-03-01,4.0,4.0,0.0,4.0,4.0,0
300200920_,188,2026-03-01,-5.0,2.0,0.0,2.0,2.0,0
300200921_,189,2026-03-01,-28.0,35.0,0.0,35.0,35.0,0
300200922_,190,2026-03-01,-10.0,11.0,0.0,11.0,11.0,0
300200923_,191,2026-03-01,,11.0,0.0,11.0,11.0,0
300200924_,192,2026-03-01,-2.0,4.0,0.0,4.0,4.0,0
300200925_,193,2026-03-01,-8.0,1.0,0.0,1.0,1.0,0
300200927_,195,2026-03-01,-8.0,2.0,0.0,2.0,2.0,0
300200928_,196,2026-03-01,-4.0,4.0,0.0,4.0,4.0,0
300200933_,201,2026-03-01,41.0,41.0,0.0,41.0,41.0,0
300200934_,202,2026-03-01,4.0,4.0,0.0,4.0,4.0,0
300200936_,204,2026-03-01,6.0,6.0,0.0,6.0,6.0,0
300200938_,206,2026-03-01,4.0,4.0,0.0,4.0,4.0,0
300200939_,207,2026-03-01,2.0,2.0,0.0,2.0,2.0,0
300200945_,213,2026-03-01,10.0,10.0,0.0,10.0,10.0,0
300200946_,214,2026-03-01,11.0,11.0,0.0,11.0,11.0,0
300200947_,215,2026-03-01,3.0,3.0,0.0,3.0,3.0,0
300200948_,216,2026-03-01,3.0,3.0,0.0,3.0,3.0,0
300200952_,220,2026-03-01,2.0,2.0,0.0,2.0,2.0,0
300200371_,224,2026-03-01,15.0,13.0,0.0,13.0,13.0,0
300200375_,226,2026-03-01,41.0,71.0,0.0,71.0,71.0,0
300200368_,229,2026-03-01,8.0,8.0,0.0,8.0,8.0,0
300200373_,234,2026-03-01,,12.0,0.0,12.0,12.0,0
300200365_,236,2026-03-01,194.0,474.0,0.0,474.0,474.0,0
300200364_,237,2026-03-01,,170.0,0.0,170.0,170.0,0
300200376_,242,2026-03-01,102.0,222.0,0.0,222.0,222.0,0
300200377_,243,2026-03-01,71.0,96.0,0.0,96.0,96.0,0
300200378_,244,2026-03-01,24.0,24.0,0.0,24.0,24.0,0
300200379_,245,2026-03-01,8.0,8.0,0.0,8.0,8.0,0
300200421_,247,2026-03-01,5.0,5.0,0.0,5.0,5.0,0
300200520_,249,2026-03-01,95.0,79.0,0.0,79.0,79.0,0
300200521_,250,2026-03-01,18.0,8.0,0.0,8.0,8.0,0
300200523_,252,2026-03-01,9.0,9.0,0.0,9.0,9.0,0
300200525_,254,2026-03-01,1.0,1.0,0.0,1.0,1.0,0
300200526_,255,2026-03-01,11.0,11.0,0.0,11.0,11.0,0
300200529_,257,2026-03-01,1.0,1.0,0.0,1.0,1.0,0
300200531_,259,2026-03-01,12.0,10.0,0.0,10.0,10.0,0
300200534_,262,2026-03-01,5.0,2.0,0.0,2.0,2.0,0
300200536_,264,2026-03-01,30.0,28.0,0.0,28.0,28.0,0
300200537_,265,2026-03-01,37.0,28.0,0.0,28.0,28.0,0
300200538_,266,2026-03-01,6.0,5.0,0.0,5.0,5.0,0
300200539_,267,2026-03-01,2.0,2.0,0.0,2.0,2.0,0
300200541_,269,2026-03-01,5.0,5.0,0.0,5.0,5.0,0
300200542_,270,2026-03-01,239.0,255.0,0.0,255.0,255.0,0
300200624_,271,2026-03-01,17.0,1.0,0.0,1.0,1.0,0
300200543_,273,2026-03-01,27.0,18.0,0.0,18.0,18.0,0
300200544_,274,2026-03-01,11.0,6.0,0.0,6.0,6.0,0
300200545_,275,2026-03-01,6.0,4.0,0.0,4.0,4.0,0
300200593_,276,2026-03-01,65.0,65.0,0.0,65.0,65.0,0
300200546_,277,2026-03-01,7.0,1.0,0.0,1.0,1.0,0
300200547_,278,2026-03-01,4.0,2.0,0.0,2.0,2.0,0
300200548_,279,2026-03-01,21.0,19.0,0.0,19.0,19.0,0
300200549_,280,2026-03-01,22.0,22.0,0.0,22.0,22.0,0
300200551_,282,2026-03-01,1.0,1.0,0.0,1.0,1.0,0
300200773_,283,2026-03-01,2.0,2.0,0.0,2.0,2.0,0
300200552_,284,2026-03-01,4.0,4.0,0.0,4.0,4.0,0
300200553_,285,2026-03-01,24.0,21.0,0.0,21.0,21.0,0
300200555_,287,2026-03-01,3.0,2.0,0.0,2.0,2.0,0
300200558_,290,2026-03-01,181.0,155.0,0.0,155.0,155.0,0
300200559_,291,2026-03-01,71.0,62.0,0.0,62.0,62.0,0
300200560_,292,2026-03-01,25.0,28.0,0.0,28.0,28.0,0
300200561_,293,2026-03-01,7.0,4.0,0.0,4.0,4.0,0
300200563_,295,2026-03-01,12.0,12.0,0.0,12.0,12.0,0
300200564_,296,2026-03-01,52.0,38.0,0.0,38.0,38.0,0
300200565_,297,2026-03-01,11.0,6.0,0.0,6.0,6.0,0
300200590_,298,2026-03-01,45.0,45.0,0.0,45.0,45.0,0
300200567_,300,2026-03-01,8.0,7.0,0.0,7.0,7.0,0
300200591_,301,2026-03-01,4.0,4.0,0.0,4.0,4.0,0
300200570_,304,2026-03-01,2.0,1.0,0.0,1.0,1.0,0
300200571_,305,2026-03-01,3.0,3.0,0.0,3.0,3.0,0
300200511_,310,2026-03-01,1.0,1.0,0.0,1.0,1.0,0
300200576_,311,2026-03-01,48.0,48.0,0.0,48.0,48.0,0
300200579_,314,2026-03-01,12.0,1.0,0.0,1.0,1.0,0
300200580_,315,2026-03-01,46.0,21.0,0.0,21.0,21.0,0
300200581_,316,2026-03-01,16.0,12.0,0.0,12.0,12.0,0
300200582_,317,2026-03-01,4.0,4.0,0.0,4.0,4.0,0
300200583_,318,2026-03-01,2.0,2.0,0.0,2.0,2.0,0
300200584_,319,2026-03-01,9.0,9.0,0.0,9.0,9.0,0
300200343_,320,2026-03-01,1125.0,1199.0,0.0,1199.0,1199.0,0
020100163_,321,2026-03-01,61.0,121.0,0.0,121.0,121.0,0
300200459_,322,2026-03-01,51.0,80.0,0.0,80.0,80.0,0
020100158_,323,2026-03-01,244.0,245.0,0.0,245.0,245.0,0
020100159_,324,2026-03-01,4.0,4.0,0.0,4.0,4.0,0
300200460_,325,2026-03-01,36.0,50.0,0.0,50.0,50.0,0
020100160_,326,2026-03-01,151.0,132.0,0.0,132.0,132.0,0
020100161_,327,2026-03-01,1.0,1.0,0.0,1.0,1.0,0
300200461_,328,2026-03-01,36.0,36.0,0.0,36.0,36.0,0
300200472_,329,2026-03-01,75.0,89.0,0.0,89.0,89.0,0
300200462_,330,2026-03-01,53.0,51.0,0.0,51.0,51.0,0
020100162_,332,2026-03-01,23.0,23.0,0.0,23.0,23.0,0
300200772_,333,2026-03-01,5.0,4.0,0.0,4.0,4.0,0
300200468_,334,2026-03-01,40.0,43.0,0.0,43.0,43.0,0
300200515_,335,2026-03-01,101.0,75.0,0.0,75.0,75.0,0
300200518_,336,2026-03-01,67.0,64.0,0.0,64.0,64.0,0
300200516_,337,2026-03-01,68.0,173.0,0.0,173.0,173.0,0
300200471_,338,2026-03-01,1.0,1.0,0.0,1.0,1.0,0
300200463_,340,2026-03-01,634.0,699.0,0.0,699.0,699.0,0
300200464_,341,2026-03-01,403.0,424.0,0.0,424.0,424.0,0
300200465_,342,2026-03-01,155.0,161.0,0.0,161.0,161.0,0
300200466_,343,2026-03-01,30.0,25.0,0.0,25.0,25.0,0
300200467_,344,2026-03-01,13.0,14.0,0.0,14.0,14.0,0
300200519_,345,2026-03-01,51.0,58.0,0.0,58.0,58.0,0
300200781_,347,2026-03-01,4.0,4.0,0.0,4.0,4.0,0
300200779_,348,2026-03-01,22.0,22.0,0.0,22.0,22.0,0
300200782_,349,2026-03-01,3.0,3.0,0.0,3.0,3.0,0
300200783_,350,2026-03-01,12.0,12.0,0.0,12.0,12.0,0
030200005_,357,2026-03-01,5.0,5.0,0.0,5.0,5.0,0
030200003_,361,2026-03-01,3.0,3.0,0.0,3.0,3.0,0
030200037_,367,2026-03-01,,1600.0,0.0,1600.0,1600.0,0
030200039_,368,2026-03-01,15.0,695.0,0.0,695.0,695.0,0
030200028_,369,2026-03-01,,525.0,0.0,525.0,525.0,0
030200032_,371,2026-03-01,,350.0,0.0,350.0,350.0,0
030200034_,372,2026-03-01,32.0,168.0,0.0,168.0,168.0,0
030200239_,373,2026-03-01,,1456.0,0.0,1456.0,1456.0,0
030200240_,374,2026-03-01,5.0,2357.0,0.0,2357.0,2357.0,0
030200054_,381,2026-03-01,1.0,1.0,0.0,1.0,1.0,0
030200243_,388,2026-03-01,6.0,6.0,0.0,6.0,6.0,0
300200331_,408,2026-03-01,822.0,950.0,0.0,950.0,950.0,0
300200296_,409,2026-03-01,242.0,429.0,0.0,429.0,429.0,0
300200283_,410,2026-03-01,50.0,67.0,0.0,67.0,67.0,0
300200302_,411,2026-03-01,161.0,329.0,0.0,329.0,329.0,0
300200333_,412,2026-03-01,241.0,302.0,0.0,302.0,302.0,0
300200288_,413,2026-03-01,27.0,44.0,0.0,44.0,44.0,0
300200284_,414,2026-03-01,67.0,84.0,0.0,84.0,84.0,0
300200293_,416,2026-03-01,179.0,227.0,0.0,227.0,227.0,0
300200289_,417,2026-03-01,96.0,148.0,0.0,148.0,148.0,0
300200291_,419,2026-03-01,10.0,10.0,0.0,10.0,10.0,0
300200297_,420,2026-03-01,346.0,596.0,0.0,596.0,596.0,0
300200298_,421,2026-03-01,482.0,856.0,0.0,856.0,856.0,0
300200299_,422,2026-03-01,1.0,1.0,0.0,1.0,1.0,0
300200294_,423,2026-03-01,50.0,189.0,0.0,189.0,189.0,0
300200286_,424,2026-03-01,4163.0,5370.0,0.0,5370.0,5370.0,0
300200332_,425,2026-03-01,312.0,552.0,0.0,552.0,552.0,0
300200301_,426,2026-03-01,258.0,647.0,0.0,647.0,647.0,0
300200287_,427,2026-03-01,23.0,7.0,0.0,7.0,7.0,0
300200700_,428,2026-03-01,96.0,96.0,0.0,96.0,96.0,0
300200295_,429,2026-03-01,8.0,3.0,0.0,3.0,3.0,0
300200292_,430,2026-03-01,3.0,3.0,0.0,3.0,3.0,0
300200303_,433,2026-03-01,2412.0,3027.0,0.0,3027.0,3027.0,0
300200304_,434,2026-03-01,842.0,1024.0,0.0,1024.0,1024.0,0
300200305_,435,2026-03-01,426.0,835.0,0.0,835.0,835.0,0
300200306_,436,2026-03-01,112.0,299.0,0.0,299.0,299.0,0
300200307_,437,2026-03-01,28.0,38.0,0.0,38.0,38.0,0
300200310_,438,2026-03-01,1.0,1.0,0.0,1.0,1.0,0
300200311_,439,2026-03-01,21.0,14.0,0.0,14.0,14.0,0
300200308_,440,2026-03-01,28.0,28.0,0.0,28.0,28.0,0
300200309_,441,2026-03-01,2.0,7.0,0.0,7.0,7.0,0
300200313_,442,2026-03-01,414.0,474.0,0.0,474.0,474.0,0
300200498_,443,2026-03-01,61.0,79.0,0.0,79.0,79.0,0
300200314_,445,2026-03-01,360.0,380.0,0.0,380.0,380.0,0
ATN000109,446,2026-03-01,15.0,15.0,0.0,15.0,15.0,0
300200771_,448,2026-03-01,6.0,15.0,0.0,15.0,15.0,0
300200316_,449,2026-03-01,5.0,41.0,0.0,41.0,41.0,0
300200959_,450,2026-03-01,29.0,29.0,0.0,29.0,29.0,0
300200317_,451,2026-03-01,421.0,421.0,0.0,421.0,421.0,0
300200496_,452,2026-03-01,50.0,50.0,0.0,50.0,50.0,0
300200346_,453,2026-03-01,21.0,21.0,0.0,21.0,21.0,0
300200318_,454,2026-03-01,541.0,619.0,0.0,619.0,619.0,0
300200347_,455,2026-03-01,142.0,142.0,0.0,142.0,142.0,0
300200319_,456,2026-03-01,239.0,1352.0,0.0,1352.0,1352.0,0
300200320_,457,2026-03-01,63.0,323.0,0.0,323.0,323.0,0
300200321_,458,2026-03-01,18.0,215.0,0.0,215.0,215.0,0
300200322_,459,2026-03-01,76.0,1272.0,0.0,1272.0,1272.0,0
300200323_,460,2026-03-01,288.0,2010.0,0.0,2010.0,2010.0,0
300200324_,461,2026-03-01,680.0,4215.0,0.0,4215.0,4215.0,0
300200325_,462,2026-03-01,5.0,461.0,0.0,461.0,461.0,0
300200326_,463,2026-03-01,198.0,547.0,0.0,547.0,547.0,0
300200327_,464,2026-03-01,20.0,215.0,0.0,215.0,215.0,0
300200328_,465,2026-03-01,149.0,612.0,0.0,612.0,612.0,0
300200330_,466,2026-03-01,2.0,2.0,0.0,2.0,2.0,0
300200348_,467,2026-03-01,1.0,1.0,0.0,1.0,1.0,0
300200430_,470,2026-03-01,24.0,15.0,0.0,15.0,15.0,0
300200588_,471,2026-03-01,53.0,63.0,0.0,63.0,63.0,0
300200432_,473,2026-03-01,4.0,2.0,0.0,2.0,2.0,0
300200433_,477,2026-03-01,1.0,1.0,0.0,1.0,1.0,0
300200439_,478,2026-03-01,16.0,14.0,0.0,14.0,14.0,0
300200448_,480,2026-03-01,1.0,1.0,0.0,1.0,1.0,0
300200774_,481,2026-03-01,1.0,1.0,0.0,1.0,1.0,0
300200436_,482,2026-03-01,71.0,54.0,0.0,54.0,54.0,0
300200431_,483,2026-03-01,16.0,15.0,0.0,15.0,15.0,0
300200434_,485,2026-03-01,1.0,1.0,0.0,1.0,1.0,0
300200429_,486,2026-03-01,25.0,25.0,0.0,25.0,25.0,0
300200435_,490,2026-03-01,224.0,209.0,0.0,209.0,209.0,0
300200437_,491,2026-03-01,66.0,66.0,0.0,66.0,66.0,0
300200438_,492,2026-03-01,25.0,19.0,0.0,19.0,19.0,0
300200440_,493,2026-03-01,5.0,5.0,0.0,5.0,5.0,0
300200446_,495,2026-03-01,4.0,4.0,0.0,4.0,4.0,0
300200592_,497,2026-03-01,68.0,68.0,0.0,68.0,68.0,0
300200366_,498,2026-03-01,,10.0,0.0,10.0,10.0,0
300200595_,500,2026-03-01,1.0,1.0,0.0,1.0,1.0,0
030200097_,501,2026-03-01,3.0,3.0,0.0,3.0,3.0,0
300200718_,502,2026-03-01,268.0,308.0,0.0,308.0,308.0,0
300200719_,503,2026-03-01,11.0,16.0,0.0,16.0,16.0,0
300200721_,505,2026-03-01,10.0,10.0,0.0,10.0,10.0,0
300200777_,507,2026-03-01,18.0,18.0,0.0,18.0,18.0,0
300200724_,509,2026-03-01,2.0,2.0,0.0,2.0,2.0,0
300200725_,510,2026-03-01,10.0,10.0,0.0,10.0,10.0,0
300200729_,514,2026-03-01,8.0,8.0,0.0,8.0,8.0,0
300200730_,515,2026-03-01,24.0,24.0,0.0,24.0,24.0,0
300200778_,518,2026-03-01,12.0,12.0,0.0,12.0,12.0,0
300200733_,519,2026-03-01,4.0,4.0,0.0,4.0,4.0,0
300200735_,521,2026-03-01,242.0,282.0,0.0,282.0,282.0,0
300200736_,522,2026-03-01,84.0,89.0,0.0,89.0,89.0,0
300200737_,523,2026-03-01,39.0,38.0,0.0,38.0,38.0,0
300200738_,524,2026-03-01,13.0,13.0,0.0,13.0,13.0,0
300200742_,525,2026-03-01,40.0,139.0,0.0,139.0,139.0,0
300200743_,527,2026-03-01,15.0,27.0,0.0,27.0,27.0,0
300200740_,528,2026-03-01,2.0,2.0,0.0,2.0,2.0,0
300200741_,529,2026-03-01,9.0,19.0,0.0,19.0,19.0,0
300200744_,530,2026-03-01,87.0,196.0,0.0,196.0,196.0,0
300200745_,531,2026-03-01,61.0,259.0,0.0,259.0,259.0,0
300200746_,532,2026-03-01,68.0,88.0,0.0,88.0,88.0,0
300200748_,534,2026-03-01,2.0,26.0,0.0,26.0,26.0,0
300200749_,535,2026-03-01,29.0,36.0,0.0,36.0,36.0,0
300200750_,536,2026-03-01,19.0,51.0,0.0,51.0,51.0,0
300200751_,537,2026-03-01,38.0,177.0,0.0,177.0,177.0,0
300200752_,538,2026-03-01,30.0,74.0,0.0,74.0,74.0,0
300200753_,539,2026-03-01,20.0,20.0,0.0,20.0,20.0,0
300200755_,541,2026-03-01,1.0,1.0,0.0,1.0,1.0,0
300200497_,542,2026-03-01,,6.0,0.0,6.0,6.0,0
030200226_,543,2026-03-01,98.0,396.0,0.0,396.0,396.0,0
030200223_,544,2026-03-01,597.0,1048.0,0.0,1048.0,1048.0,0
030200227_,545,2026-03-01,159.0,50.0,0.0,50.0,50.0,0
030200225_,546,2026-03-01,464.0,1974.0,0.0,1974.0,1974.0,0
030200224_,547,2026-03-01,1858.0,6063.0,0.0,6063.0,6063.0,0
030200221_,548,2026-03-01,2358.0,4395.0,0.0,4395.0,4395.0,0
030200222_,549,2026-03-01,243.0,598.0,0.0,598.0,598.0,0
ATN000446,551,2026-03-01,,10.0,0.0,10.0,10.0,0
130300027_,554,2026-03-01,65.0,65.0,0.0,65.0,65.0,0
130300028_,555,2026-03-01,95.0,95.0,0.0,95.0,95.0,0
030200203_,556,2026-03-01,2589.0,5253.0,0.0,5253.0,5253.0,0
030200136_,11,2026-04-01,35.0,24.0,0.0,24.0,24.0,0
030200134_,12,2026-04-01,83.0,10.0,0.0,10.0,10.0,0
280300174_,17,2026-04-01,106.0,254.0,0.0,254.0,254.0,0
030300013_,18,2026-04-01,,216.0,0.0,216.0,216.0,0
030200220_,19,2026-04-01,1202.0,1110.0,0.0,1110.0,1110.0,0
030200219_,20,2026-04-01,3427.0,25866.0,0.0,25866.0,25866.0,0
030300014_,22,2026-04-01,392.0,7448.0,0.0,7448.0,7448.0,0
030200193_,23,2026-04-01,23991.0,38620.0,0.0,38620.0,38620.0,0
030201459_,24,2026-04-01,1117.0,1067.0,0.0,1067.0,1067.0,0
030200192_,25,2026-04-01,49395.0,91617.0,0.0,91617.0,91617.0,0
030200201_,26,2026-04-01,25870.0,38422.0,0.0,38422.0,38422.0,0
300200428_,27,2026-04-01,209.0,194.0,0.0,194.0,194.0,0
ATN540115,29,2026-04-01,1.0,1.0,0.0,1.0,1.0,0
300201148_,32,2026-04-01,60.0,86.0,0.0,86.0,86.0,0
300201149_,33,2026-04-01,17.0,24.0,0.0,24.0,24.0,0
300201150_,34,2026-04-01,6.0,46.0,0.0,46.0,46.0,0
300201151_,35,2026-04-01,23.0,43.0,0.0,43.0,43.0,0
300201152_,36,2026-04-01,1.0,1.0,0.0,1.0,1.0,0
300201153_,37,2026-04-01,50.0,50.0,0.0,50.0,50.0,0
300201154_,38,2026-04-01,2.0,2.0,0.0,2.0,2.0,0
300201155_,39,2026-04-01,42.0,47.0,0.0,47.0,47.0,0
300200968_,40,2026-04-01,123.0,126.0,0.0,126.0,126.0,0
300200967_,41,2026-04-01,212.0,275.0,0.0,275.0,275.0,0
300200413_,42,2026-04-01,11.0,45.0,0.0,45.0,45.0,0
010400436_,43,2026-04-01,30.0,25.0,0.0,25.0,25.0,0
010400432_,44,2026-04-01,8.0,8.0,0.0,8.0,8.0,0
010400440_,45,2026-04-01,19.0,18.0,0.0,18.0,18.0,0
010400444_,46,2026-04-01,57.0,53.0,0.0,53.0,53.0,0
010400447_,47,2026-04-01,46.0,67.0,0.0,67.0,67.0,0
010400433_,48,2026-04-01,13.0,13.0,0.0,13.0,13.0,0
010400437_,49,2026-04-01,11.0,15.0,0.0,15.0,15.0,0
010400441_,50,2026-04-01,9.0,8.0,0.0,8.0,8.0,0
010400445_,51,2026-04-01,9.0,13.0,0.0,13.0,13.0,0
010400448_,52,2026-04-01,15.0,10.0,0.0,10.0,10.0,0
300200785_,54,2026-04-01,3.0,3.0,0.0,3.0,3.0,0
300200796_,65,2026-04-01,3.0,3.0,0.0,3.0,3.0,0
300200797_,66,2026-04-01,1.0,1.0,0.0,1.0,1.0,0
300200803_,72,2026-04-01,4.0,4.0,0.0,4.0,4.0,0
300200805_,74,2026-04-01,3.0,3.0,0.0,3.0,3.0,0
300200810_,79,2026-04-01,32.0,222.0,0.0,222.0,222.0,0
300200812_,81,2026-04-01,5.0,14.0,0.0,14.0,14.0,0
300200814_,83,2026-04-01,11.0,10.0,0.0,10.0,10.0,0
300200816_,85,2026-04-01,1.0,1.0,0.0,1.0,1.0,0
300200819_,88,2026-04-01,1.0,1.0,0.0,1.0,1.0,0
300200821_,90,2026-04-01,18.0,76.0,0.0,76.0,76.0,0
300200822_,91,2026-04-01,18.0,17.0,0.0,17.0,17.0,0
300200823_,92,2026-04-01,1.0,10.0,0.0,10.0,10.0,0
300200826_,95,2026-04-01,11.0,11.0,0.0,11.0,11.0,0
300200832_,101,2026-04-01,,10.0,0.0,10.0,10.0,0
300200835_,104,2026-04-01,2.0,7.0,0.0,7.0,7.0,0
300200839_,108,2026-04-01,,5.0,0.0,5.0,5.0,0
300200841_,110,2026-04-01,8.0,8.0,0.0,8.0,8.0,0
300200843_,112,2026-04-01,15.0,15.0,0.0,15.0,15.0,0
300200844_,113,2026-04-01,2.0,2.0,0.0,2.0,2.0,0
300200846_,115,2026-04-01,5.0,4.0,0.0,4.0,4.0,0
300200848_,117,2026-04-01,2.0,1.0,0.0,1.0,1.0,0
300200849_,118,2026-04-01,1.0,1.0,0.0,1.0,1.0,0
300200856_,125,2026-04-01,34.0,33.0,0.0,33.0,33.0,0
300200857_,126,2026-04-01,9.0,9.0,0.0,9.0,9.0,0
300200859_,128,2026-04-01,7.0,8.0,0.0,8.0,8.0,0
300200861_,130,2026-04-01,3.0,3.0,0.0,3.0,3.0,0
300200868_,137,2026-04-01,49.0,38.0,0.0,38.0,38.0,0
300200869_,138,2026-04-01,7.0,7.0,0.0,7.0,7.0,0
300200870_,139,2026-04-01,8.0,8.0,0.0,8.0,8.0,0
300200873_,142,2026-04-01,2.0,7.0,0.0,7.0,7.0,0
300200875_,144,2026-04-01,1.0,1.0,0.0,1.0,1.0,0
300200888_,157,2026-04-01,2.0,2.0,0.0,2.0,2.0,0
300200893_,161,2026-04-01,2.0,2.0,0.0,2.0,2.0,0
300200898_,166,2026-04-01,2.0,2.0,0.0,2.0,2.0,0
300200910_,178,2026-04-01,66.0,66.0,0.0,66.0,66.0,0
300200912_,180,2026-04-01,5.0,5.0,0.0,5.0,5.0,0
300200914_,182,2026-04-01,15.0,15.0,0.0,15.0,15.0,0
300200916_,184,2026-04-01,17.0,17.0,0.0,17.0,17.0,0
300200917_,185,2026-04-01,2.0,2.0,0.0,2.0,2.0,0
300200919_,187,2026-04-01,6.0,6.0,0.0,6.0,6.0,0
300200921_,189,2026-04-01,28.0,28.0,0.0,28.0,28.0,0
300200922_,190,2026-04-01,23.0,23.0,0.0,23.0,23.0,0
300200923_,191,2026-04-01,2.0,2.0,0.0,2.0,2.0,0
300200933_,201,2026-04-01,170.0,120.0,0.0,120.0,120.0,0
300200934_,202,2026-04-01,30.0,21.0,0.0,21.0,21.0,0
300200936_,204,2026-04-01,29.0,28.0,0.0,28.0,28.0,0
300200938_,206,2026-04-01,3.0,3.0,0.0,3.0,3.0,0
300200939_,207,2026-04-01,2.0,2.0,0.0,2.0,2.0,0
300200943_,211,2026-04-01,11.0,11.0,0.0,11.0,11.0,0
300200945_,213,2026-04-01,51.0,34.0,0.0,34.0,34.0,0
300200946_,214,2026-04-01,27.0,17.0,0.0,17.0,17.0,0
300200947_,215,2026-04-01,11.0,4.0,0.0,4.0,4.0,0
300200948_,216,2026-04-01,7.0,4.0,0.0,4.0,4.0,0
300200949_,217,2026-04-01,4.0,2.0,0.0,2.0,2.0,0
300200950_,218,2026-04-01,6.0,6.0,0.0,6.0,6.0,0
300200952_,220,2026-04-01,7.0,1.0,0.0,1.0,1.0,0
300200371_,224,2026-04-01,6.0,3.0,0.0,3.0,3.0,0
300200420_,225,2026-04-01,5.0,5.0,0.0,5.0,5.0,0
300200375_,226,2026-04-01,18.0,27.0,0.0,27.0,27.0,0
300200422_,227,2026-04-01,3.0,3.0,0.0,3.0,3.0,0
300200363_,228,2026-04-01,2.0,2.0,0.0,2.0,2.0,0
300200368_,229,2026-04-01,2.0,2.0,0.0,2.0,2.0,0
300200367_,230,2026-04-01,7.0,7.0,0.0,7.0,7.0,0
300200424_,232,2026-04-01,1.0,1.0,0.0,1.0,1.0,0
300200372_,233,2026-04-01,10.0,22.0,0.0,22.0,22.0,0
300200373_,234,2026-04-01,39.0,39.0,0.0,39.0,39.0,0
300200365_,236,2026-04-01,117.0,127.0,0.0,127.0,127.0,0
300200364_,237,2026-04-01,29.0,29.0,0.0,29.0,29.0,0
300200374_,238,2026-04-01,2.0,2.0,0.0,2.0,2.0,0
300200425_,240,2026-04-01,1.0,1.0,0.0,1.0,1.0,0
300200376_,242,2026-04-01,88.0,154.0,0.0,154.0,154.0,0
300200377_,243,2026-04-01,26.0,104.0,0.0,104.0,104.0,0
300200378_,244,2026-04-01,10.0,30.0,0.0,30.0,30.0,0
300200379_,245,2026-04-01,2.0,1.0,0.0,1.0,1.0,0
300200380_,246,2026-04-01,1.0,1.0,0.0,1.0,1.0,0
300200421_,247,2026-04-01,5.0,5.0,0.0,5.0,5.0,0
300200520_,249,2026-04-01,48.0,52.0,0.0,52.0,52.0,0
300200523_,252,2026-04-01,6.0,6.0,0.0,6.0,6.0,0
300200524_,253,2026-04-01,1.0,1.0,0.0,1.0,1.0,0
300200526_,255,2026-04-01,6.0,6.0,0.0,6.0,6.0,0
300200527_,256,2026-04-01,1.0,1.0,0.0,1.0,1.0,0
300200531_,259,2026-04-01,7.0,7.0,0.0,7.0,7.0,0
300200534_,262,2026-04-01,2.0,2.0,0.0,2.0,2.0,0
300200536_,264,2026-04-01,100.0,90.0,0.0,90.0,90.0,0
300200537_,265,2026-04-01,8.0,7.0,0.0,7.0,7.0,0
300200538_,266,2026-04-01,5.0,5.0,0.0,5.0,5.0,0
300200542_,270,2026-04-01,998.0,923.0,0.0,923.0,923.0,0
300200624_,271,2026-04-01,38.0,38.0,0.0,38.0,38.0,0
300200704_,272,2026-04-01,100.0,100.0,0.0,100.0,100.0,0
300200543_,273,2026-04-01,90.0,69.0,0.0,69.0,69.0,0
300200544_,274,2026-04-01,1.0,1.0,0.0,1.0,1.0,0
300200545_,275,2026-04-01,21.0,8.0,0.0,8.0,8.0,0
300200593_,276,2026-04-01,174.0,164.0,0.0,164.0,164.0,0
300200547_,278,2026-04-01,1.0,1.0,0.0,1.0,1.0,0
300200548_,279,2026-04-01,148.0,144.0,0.0,144.0,144.0,0
300200549_,280,2026-04-01,67.0,67.0,0.0,67.0,67.0,0
300200551_,282,2026-04-01,8.0,7.0,0.0,7.0,7.0,0
300200773_,283,2026-04-01,12.0,12.0,0.0,12.0,12.0,0
300200552_,284,2026-04-01,33.0,11.0,0.0,11.0,11.0,0
300200553_,285,2026-04-01,61.0,46.0,0.0,46.0,46.0,0
300200555_,287,2026-04-01,24.0,21.0,0.0,21.0,21.0,0
300200556_,288,2026-04-01,2.0,2.0,0.0,2.0,2.0,0
300200557_,289,2026-04-01,2.0,2.0,0.0,2.0,2.0,0
300200558_,290,2026-04-01,399.0,368.0,0.0,368.0,368.0,0
300200559_,291,2026-04-01,400.0,378.0,0.0,378.0,378.0,0
300200560_,292,2026-04-01,121.0,107.0,0.0,107.0,107.0,0
300200561_,293,2026-04-01,26.0,23.0,0.0,23.0,23.0,0
300200563_,295,2026-04-01,45.0,45.0,0.0,45.0,45.0,0
300200564_,296,2026-04-01,27.0,24.0,0.0,24.0,24.0,0
300200590_,298,2026-04-01,11.0,11.0,0.0,11.0,11.0,0
300200591_,301,2026-04-01,11.0,11.0,0.0,11.0,11.0,0
300200569_,303,2026-04-01,3.0,3.0,0.0,3.0,3.0,0
300200570_,304,2026-04-01,1.0,1.0,0.0,1.0,1.0,0
300200571_,305,2026-04-01,2.0,2.0,0.0,2.0,2.0,0
300200574_,308,2026-04-01,2.0,1.0,0.0,1.0,1.0,0
300200575_,309,2026-04-01,18.0,19.0,0.0,19.0,19.0,0
300200776_,312,2026-04-01,1.0,1.0,0.0,1.0,1.0,0
300200579_,314,2026-04-01,19.0,35.0,0.0,35.0,35.0,0
300200580_,315,2026-04-01,-17.0,3.0,0.0,3.0,3.0,0
300200581_,316,2026-04-01,12.0,13.0,0.0,13.0,13.0,0
300200582_,317,2026-04-01,2.0,2.0,0.0,2.0,2.0,0
300200584_,319,2026-04-01,7.0,7.0,0.0,7.0,7.0,0
300200343_,320,2026-04-01,1236.0,1266.0,0.0,1266.0,1266.0,0
020100163_,321,2026-04-01,1.0,31.0,0.0,31.0,31.0,0
300200459_,322,2026-04-01,61.0,59.0,0.0,59.0,59.0,0
020100158_,323,2026-04-01,192.0,208.0,0.0,208.0,208.0,0
300200460_,325,2026-04-01,44.0,51.0,0.0,51.0,51.0,0
020100160_,326,2026-04-01,136.0,138.0,0.0,138.0,138.0,0
300200461_,328,2026-04-01,13.0,10.0,0.0,10.0,10.0,0
300200472_,329,2026-04-01,51.0,61.0,0.0,61.0,61.0,0
300200462_,330,2026-04-01,55.0,58.0,0.0,58.0,58.0,0
020100162_,332,2026-04-01,2.0,3.0,0.0,3.0,3.0,0
300200772_,333,2026-04-01,3.0,1.0,0.0,1.0,1.0,0
300200468_,334,2026-04-01,55.0,55.0,0.0,55.0,55.0,0
300200515_,335,2026-04-01,109.0,109.0,0.0,109.0,109.0,0
300200518_,336,2026-04-01,3.0,3.0,0.0,3.0,3.0,0
300200516_,337,2026-04-01,4.0,40.0,0.0,40.0,40.0,0
300200471_,338,2026-04-01,8.0,8.0,0.0,8.0,8.0,0
300200463_,340,2026-04-01,502.0,650.0,0.0,650.0,650.0,0
300200464_,341,2026-04-01,361.0,390.0,0.0,390.0,390.0,0
300200465_,342,2026-04-01,174.0,237.0,0.0,237.0,237.0,0
300200466_,343,2026-04-01,46.0,41.0,0.0,41.0,41.0,0
300200467_,344,2026-04-01,32.0,37.0,0.0,37.0,37.0,0
300200519_,345,2026-04-01,49.0,47.0,0.0,47.0,47.0,0
300200779_,348,2026-04-01,14.0,12.0,0.0,12.0,12.0,0
300200783_,350,2026-04-01,7.0,6.0,0.0,6.0,6.0,0
030200006_,355,2026-04-01,1.0,1.0,0.0,1.0,1.0,0
030200005_,357,2026-04-01,4.0,4.0,0.0,4.0,4.0,0
030200015_,359,2026-04-01,1.0,1.0,0.0,1.0,1.0,0
030200003_,361,2026-04-01,9.0,9.0,0.0,9.0,9.0,0
030200030_,363,2026-04-01,,960.0,0.0,960.0,960.0,0
030200038_,366,2026-04-01,,420.0,0.0,420.0,420.0,0
030200037_,367,2026-04-01,,800.0,0.0,800.0,800.0,0
030200039_,368,2026-04-01,,340.0,0.0,340.0,340.0,0
030200028_,369,2026-04-01,,850.0,0.0,850.0,850.0,0
030200239_,373,2026-04-01,,1120.0,0.0,1120.0,1120.0,0
030200240_,374,2026-04-01,,944.0,0.0,944.0,944.0,0
030200176_,385,2026-04-01,1.0,1.0,0.0,1.0,1.0,0
030200247_,386,2026-04-01,1.0,1.0,0.0,1.0,1.0,0
030200243_,388,2026-04-01,1.0,1.0,0.0,1.0,1.0,0
030200256_,395,2026-04-01,1.0,1.0,0.0,1.0,1.0,0
030200251_,404,2026-04-01,9.0,1.0,0.0,1.0,1.0,0
300200331_,408,2026-04-01,861.0,1124.0,0.0,1124.0,1124.0,0
300200296_,409,2026-04-01,780.0,901.0,0.0,901.0,901.0,0
300200283_,410,2026-04-01,46.0,37.0,0.0,37.0,37.0,0
300200302_,411,2026-04-01,371.0,466.0,0.0,466.0,466.0,0
300200333_,412,2026-04-01,423.0,493.0,0.0,493.0,493.0,0
300200288_,413,2026-04-01,12.0,11.0,0.0,11.0,11.0,0
300200284_,414,2026-04-01,41.0,169.0,0.0,169.0,169.0,0
300200293_,416,2026-04-01,103.0,175.0,0.0,175.0,175.0,0
300200289_,417,2026-04-01,200.0,248.0,0.0,248.0,248.0,0
300200291_,419,2026-04-01,38.0,41.0,0.0,41.0,41.0,0
300200297_,420,2026-04-01,520.0,780.0,0.0,780.0,780.0,0
300200298_,421,2026-04-01,781.0,969.0,0.0,969.0,969.0,0
300200294_,423,2026-04-01,64.0,84.0,0.0,84.0,84.0,0
300200286_,424,2026-04-01,4744.0,5240.0,0.0,5240.0,5240.0,0
300200332_,425,2026-04-01,661.0,1125.0,0.0,1125.0,1125.0,0
300200301_,426,2026-04-01,313.0,317.0,0.0,317.0,317.0,0
300200700_,428,2026-04-01,40.0,40.0,0.0,40.0,40.0,0
300200295_,429,2026-04-01,25.0,23.0,0.0,23.0,23.0,0
300200300_,431,2026-04-01,8.0,10.0,0.0,10.0,10.0,0
300200303_,433,2026-04-01,3192.0,4085.0,0.0,4085.0,4085.0,0
300200304_,434,2026-04-01,1008.0,1185.0,0.0,1185.0,1185.0,0
300200305_,435,2026-04-01,501.0,582.0,0.0,582.0,582.0,0
300200306_,436,2026-04-01,140.0,200.0,0.0,200.0,200.0,0
300200307_,437,2026-04-01,36.0,63.0,0.0,63.0,63.0,0
300200310_,438,2026-04-01,,5.0,0.0,5.0,5.0,0
300200311_,439,2026-04-01,21.0,16.0,0.0,16.0,16.0,0
300200308_,440,2026-04-01,3.0,3.0,0.0,3.0,3.0,0
300200309_,441,2026-04-01,1.0,1.0,0.0,1.0,1.0,0
300200313_,442,2026-04-01,63.0,73.0,0.0,73.0,73.0,0
300200498_,443,2026-04-01,111.0,92.0,0.0,92.0,92.0,0
300200314_,445,2026-04-01,7.0,7.0,0.0,7.0,7.0,0
ATN000109,446,2026-04-01,1.0,1.0,0.0,1.0,1.0,0
300200315_,447,2026-04-01,,20.0,0.0,20.0,20.0,0
300200771_,448,2026-04-01,24.0,11.0,0.0,11.0,11.0,0
300200316_,449,2026-04-01,2.0,32.0,0.0,32.0,32.0,0
300200959_,450,2026-04-01,15.0,13.0,0.0,13.0,13.0,0
300200317_,451,2026-04-01,227.0,245.0,0.0,245.0,245.0,0
300200496_,452,2026-04-01,73.0,73.0,0.0,73.0,73.0,0
300200346_,453,2026-04-01,20.0,20.0,0.0,20.0,20.0,0
300200318_,454,2026-04-01,166.0,314.0,0.0,314.0,314.0,0
300200347_,455,2026-04-01,1.0,1.0,0.0,1.0,1.0,0
300200319_,456,2026-04-01,401.0,1290.0,0.0,1290.0,1290.0,0
300200320_,457,2026-04-01,169.0,284.0,0.0,284.0,284.0,0
300200321_,458,2026-04-01,24.0,76.0,0.0,76.0,76.0,0
300200322_,459,2026-04-01,73.0,502.0,0.0,502.0,502.0,0
300200323_,460,2026-04-01,378.0,567.0,0.0,567.0,567.0,0
300200324_,461,2026-04-01,1016.0,1654.0,0.0,1654.0,1654.0,0
300200325_,462,2026-04-01,26.0,500.0,0.0,500.0,500.0,0
300200326_,463,2026-04-01,524.0,1005.0,0.0,1005.0,1005.0,0
300200327_,464,2026-04-01,29.0,419.0,0.0,419.0,419.0,0
300200328_,465,2026-04-01,282.0,642.0,0.0,642.0,642.0,0
300200330_,466,2026-04-01,2.0,2.0,0.0,2.0,2.0,0
300200430_,470,2026-04-01,9.0,3.0,0.0,3.0,3.0,0
300200588_,471,2026-04-01,15.0,15.0,0.0,15.0,15.0,0
300200443_,472,2026-04-01,39.0,,,,,1
300200432_,473,2026-04-01,9.0,16.0,0.0,16.0,16.0,0
300200444_,474,2026-04-01,10.0,1.0,0.0,1.0,1.0,0
300200449_,475,2026-04-01,1.0,1.0,0.0,1.0,1.0,0
300200433_,477,2026-04-01,26.0,26.0,0.0,26.0,26.0,0
300200436_,482,2026-04-01,32.0,12.0,0.0,12.0,12.0,0
300200431_,483,2026-04-01,10.0,13.0,0.0,13.0,13.0,0
300200452_,484,2026-04-01,6.0,6.0,0.0,6.0,6.0,0
300200632_,487,2026-04-01,25.0,25.0,0.0,25.0,25.0,0
300200441_,488,2026-04-01,50.0,50.0,0.0,50.0,50.0,0
300200450_,489,2026-04-01,1.0,1.0,0.0,1.0,1.0,0
300200435_,490,2026-04-01,161.0,182.0,0.0,182.0,182.0,0
300200437_,491,2026-04-01,53.0,52.0,0.0,52.0,52.0,0
300200438_,492,2026-04-01,40.0,39.0,0.0,39.0,39.0,0
300200440_,493,2026-04-01,15.0,12.0,0.0,12.0,12.0,0
300200445_,494,2026-04-01,1.0,1.0,0.0,1.0,1.0,0
300200446_,495,2026-04-01,25.0,25.0,0.0,25.0,25.0,0
300200592_,497,2026-04-01,236.0,230.0,0.0,230.0,230.0,0
300200366_,498,2026-04-01,1.0,10.0,0.0,10.0,10.0,0
LNVA105011,499,2026-04-01,1.0,1.0,0.0,1.0,1.0,0
300200595_,500,2026-04-01,2.0,2.0,0.0,2.0,2.0,0
300200718_,502,2026-04-01,585.0,584.0,0.0,584.0,584.0,0
300200720_,504,2026-04-01,12.0,12.0,0.0,12.0,12.0,0
300200721_,505,2026-04-01,6.0,6.0,0.0,6.0,6.0,0
300200722_,506,2026-04-01,2.0,2.0,0.0,2.0,2.0,0
300200777_,507,2026-04-01,59.0,59.0,0.0,59.0,59.0,0
300200724_,509,2026-04-01,6.0,6.0,0.0,6.0,6.0,0
300200725_,510,2026-04-01,31.0,31.0,0.0,31.0,31.0,0
300200726_,511,2026-04-01,19.0,19.0,0.0,19.0,19.0,0
300200729_,514,2026-04-01,20.0,18.0,0.0,18.0,18.0,0
300200730_,515,2026-04-01,16.0,16.0,0.0,16.0,16.0,0
300200732_,517,2026-04-01,5.0,5.0,0.0,5.0,5.0,0
300200778_,518,2026-04-01,6.0,6.0,0.0,6.0,6.0,0
300200733_,519,2026-04-01,4.0,4.0,0.0,4.0,4.0,0
300200735_,521,2026-04-01,150.0,150.0,0.0,150.0,150.0,0
300200736_,522,2026-04-01,156.0,156.0,0.0,156.0,156.0,0
300200737_,523,2026-04-01,70.0,70.0,0.0,70.0,70.0,0
300200738_,524,2026-04-01,16.0,16.0,0.0,16.0,16.0,0
300200742_,525,2026-04-01,62.0,94.0,0.0,94.0,94.0,0
300200739_,526,2026-04-01,3.0,3.0,0.0,3.0,3.0,0
300200743_,527,2026-04-01,20.0,20.0,0.0,20.0,20.0,0
300200740_,528,2026-04-01,24.0,24.0,0.0,24.0,24.0,0
300200741_,529,2026-04-01,77.0,77.0,0.0,77.0,77.0,0
300200744_,530,2026-04-01,76.0,116.0,0.0,116.0,116.0,0
300200745_,531,2026-04-01,87.0,163.0,0.0,163.0,163.0,0
300200746_,532,2026-04-01,60.0,77.0,0.0,77.0,77.0,0
300200749_,535,2026-04-01,51.0,72.0,0.0,72.0,72.0,0
300200750_,536,2026-04-01,23.0,23.0,0.0,23.0,23.0,0
300200751_,537,2026-04-01,103.0,125.0,0.0,125.0,125.0,0
300200752_,538,2026-04-01,56.0,78.0,0.0,78.0,78.0,0
300200753_,539,2026-04-01,20.0,15.0,0.0,15.0,15.0,0
300200754_,540,2026-04-01,3.0,2.0,0.0,2.0,2.0,0
300200755_,541,2026-04-01,9.0,8.0,0.0,8.0,8.0,0
300200497_,542,2026-04-01,,20.0,0.0,20.0,20.0,0
030200226_,543,2026-04-01,200.0,190.0,0.0,190.0,190.0,0
030200223_,544,2026-04-01,1092.0,1355.0,0.0,1355.0,1355.0,0
030200227_,545,2026-04-01,172.0,364.0,0.0,364.0,364.0,0
030200225_,546,2026-04-01,3164.0,3539.0,0.0,3539.0,3539.0,0
030200224_,547,2026-04-01,3325.0,4235.0,0.0,4235.0,4235.0,0
030200221_,548,2026-04-01,3003.0,7039.0,0.0,7039.0,7039.0,0
030200222_,549,2026-04-01,576.0,991.0,0.0,991.0,991.0,0
ATN000446,551,2026-04-01,7.0,7.0,0.0,7.0,7.0,0
130300026_,553,2026-04-01,75.0,75.0,0.0,75.0,75.0,0
130300027_,554,2026-04-01,94.0,94.0,0.0,94.0,94.0,0
130300028_,555,2026-04-01,182.0,322.0,0.0,322.0,322.0,0
030200203_,556,2026-04-01,2790.0,5443.0,0.0,5443.0,5443.0,0
280300174_,17,2026-05-01,535.0,2625.0,0.0,2625.0,2625.0,0
030300013_,18,2026-05-01,,4427.0,0.0,4427.0,4427.0,0
030200220_,19,2026-05-01,2037.0,3231.0,0.0,3231.0,3231.0,0
030200219_,20,2026-05-01,15087.0,28421.0,0.0,28421.0,28421.0,0
030300014_,22,2026-05-01,1.0,15121.0,0.0,15121.0,15121.0,0
030200193_,23,2026-05-01,24783.0,46362.0,0.0,46362.0,46362.0,0
030201459_,24,2026-05-01,4717.0,4698.0,0.0,4698.0,4698.0,0
030200192_,25,2026-05-01,53354.0,70720.0,0.0,70720.0,70720.0,0
030200201_,26,2026-05-01,23330.0,45025.0,0.0,45025.0,45025.0,0
300200428_,27,2026-05-01,122.0,122.0,0.0,122.0,122.0,0
ATN540115,29,2026-05-01,4.0,4.0,0.0,4.0,4.0,0
ATN001232,31,2026-05-01,2.0,2.0,0.0,2.0,2.0,0
300201148_,32,2026-05-01,40.0,36.0,0.0,36.0,36.0,0
300201149_,33,2026-05-01,7.0,7.0,0.0,7.0,7.0,0
300201151_,35,2026-05-01,23.0,19.0,0.0,19.0,19.0,0
300201153_,37,2026-05-01,29.0,21.0,0.0,21.0,21.0,0
300201154_,38,2026-05-01,1.0,1.0,0.0,1.0,1.0,0
300201155_,39,2026-05-01,15.0,,,,,1
300200968_,40,2026-05-01,24.0,31.0,0.0,31.0,31.0,0
300200967_,41,2026-05-01,65.0,53.0,0.0,53.0,53.0,0
300200413_,42,2026-05-01,13.0,51.0,0.0,51.0,51.0,0
010400436_,43,2026-05-01,22.0,19.0,0.0,19.0,19.0,0
010400432_,44,2026-05-01,2.0,4.0,0.0,4.0,4.0,0
010400440_,45,2026-05-01,17.0,17.0,0.0,17.0,17.0,0
010400444_,46,2026-05-01,55.0,52.0,0.0,52.0,52.0,0
010400447_,47,2026-05-01,48.0,41.0,0.0,41.0,41.0,0
010400433_,48,2026-05-01,7.0,9.0,0.0,9.0,9.0,0
010400437_,49,2026-05-01,13.0,15.0,0.0,15.0,15.0,0
010400441_,50,2026-05-01,17.0,15.0,0.0,15.0,15.0,0
010400445_,51,2026-05-01,16.0,13.0,0.0,13.0,13.0,0
010400448_,52,2026-05-01,10.0,8.0,0.0,8.0,8.0,0
300200810_,79,2026-05-01,179.0,212.0,0.0,212.0,212.0,0
300200811_,80,2026-05-01,45.0,85.0,0.0,85.0,85.0,0
300200812_,81,2026-05-01,40.0,52.0,0.0,52.0,52.0,0
300200814_,83,2026-05-01,26.0,26.0,0.0,26.0,26.0,0
300200816_,85,2026-05-01,9.0,14.0,0.0,14.0,14.0,0
300200817_,86,2026-05-01,6.0,6.0,0.0,6.0,6.0,0
300200818_,87,2026-05-01,3.0,3.0,0.0,3.0,3.0,0
300200820_,89,2026-05-01,3.0,1.0,0.0,1.0,1.0,0
300200821_,90,2026-05-01,103.0,200.0,0.0,200.0,200.0,0
300200822_,91,2026-05-01,74.0,57.0,0.0,57.0,57.0,0
300200823_,92,2026-05-01,32.0,42.0,0.0,42.0,42.0,0
300200824_,93,2026-05-01,13.0,8.0,0.0,8.0,8.0,0
300200825_,94,2026-05-01,2.0,2.0,0.0,2.0,2.0,0
300200826_,95,2026-05-01,27.0,27.0,0.0,27.0,27.0,0
300200828_,97,2026-05-01,2.0,2.0,0.0,2.0,2.0,0
300200831_,100,2026-05-01,11.0,11.0,0.0,11.0,11.0,0
300200832_,101,2026-05-01,8.0,8.0,0.0,8.0,8.0,0
300200833_,102,2026-05-01,28.0,28.0,0.0,28.0,28.0,0
300200834_,103,2026-05-01,2.0,2.0,0.0,2.0,2.0,0
300200835_,104,2026-05-01,12.0,12.0,0.0,12.0,12.0,0
300200836_,105,2026-05-01,2.0,2.0,0.0,2.0,2.0,0
300200838_,107,2026-05-01,2.0,2.0,0.0,2.0,2.0,0
300200839_,108,2026-05-01,7.0,7.0,0.0,7.0,7.0,0
300200840_,109,2026-05-01,2.0,2.0,0.0,2.0,2.0,0
300200841_,110,2026-05-01,3.0,3.0,0.0,3.0,3.0,0
300200842_,111,2026-05-01,120.0,120.0,0.0,120.0,120.0,0
300200844_,113,2026-05-01,4.0,4.0,0.0,4.0,4.0,0
300200846_,115,2026-05-01,51.0,51.0,0.0,51.0,51.0,0
300200847_,116,2026-05-01,38.0,38.0,0.0,38.0,38.0,0
300200848_,117,2026-05-01,16.0,16.0,0.0,16.0,16.0,0
300200849_,118,2026-05-01,6.0,6.0,0.0,6.0,6.0,0
300200851_,120,2026-05-01,3.0,3.0,0.0,3.0,3.0,0
300200853_,122,2026-05-01,1.0,1.0,0.0,1.0,1.0,0
300200856_,125,2026-05-01,246.0,246.0,0.0,246.0,246.0,0
300200857_,126,2026-05-01,47.0,47.0,0.0,47.0,47.0,0
300200859_,128,2026-05-01,16.0,16.0,0.0,16.0,16.0,0
300200860_,129,2026-05-01,10.0,10.0,0.0,10.0,10.0,0
300200861_,130,2026-05-01,56.0,56.0,0.0,56.0,56.0,0
300200862_,131,2026-05-01,4.0,4.0,0.0,4.0,4.0,0
300200868_,137,2026-05-01,88.0,88.0,0.0,88.0,88.0,0
300200869_,138,2026-05-01,65.0,65.0,0.0,65.0,65.0,0
300200870_,139,2026-05-01,26.0,26.0,0.0,26.0,26.0,0
300200871_,140,2026-05-01,9.0,9.0,0.0,9.0,9.0,0
300200873_,142,2026-05-01,10.0,10.0,0.0,10.0,10.0,0
300200875_,144,2026-05-01,10.0,10.0,0.0,10.0,10.0,0
300200882_,151,2026-05-01,,20.0,0.0,20.0,20.0,0
300200883_,152,2026-05-01,,2.0,0.0,2.0,2.0,0
300200884_,153,2026-05-01,,15.0,0.0,15.0,15.0,0
300200887_,156,2026-05-01,64.0,64.0,0.0,64.0,64.0,0
300200888_,157,2026-05-01,10.0,10.0,0.0,10.0,10.0,0
300200890_,159,2026-05-01,8.0,8.0,0.0,8.0,8.0,0
300200893_,161,2026-05-01,4.0,4.0,0.0,4.0,4.0,0
300200896_,164,2026-05-01,,5.0,0.0,5.0,5.0,0
300200898_,166,2026-05-01,23.0,23.0,0.0,23.0,23.0,0
300200899_,167,2026-05-01,20.0,20.0,0.0,20.0,20.0,0
300200900_,168,2026-05-01,3.0,3.0,0.0,3.0,3.0,0
300200901_,169,2026-05-01,3.0,3.0,0.0,3.0,3.0,0
300200910_,178,2026-05-01,93.0,98.0,0.0,98.0,98.0,0
300200911_,179,2026-05-01,,20.0,0.0,20.0,20.0,0
300200912_,180,2026-05-01,29.0,13.0,0.0,13.0,13.0,0
300200914_,182,2026-05-01,12.0,12.0,0.0,12.0,12.0,0
300200916_,184,2026-05-01,8.0,4.0,0.0,4.0,4.0,0
300200919_,187,2026-05-01,3.0,3.0,0.0,3.0,3.0,0
300200921_,189,2026-05-01,29.0,42.0,0.0,42.0,42.0,0
300200922_,190,2026-05-01,22.0,9.0,0.0,9.0,9.0,0
300200924_,192,2026-05-01,2.0,,,,,1
300200926_,194,2026-05-01,12.0,12.0,0.0,12.0,12.0,0
300200928_,196,2026-05-01,1.0,1.0,0.0,1.0,1.0,0
300200933_,201,2026-05-01,65.0,65.0,0.0,65.0,65.0,0
300200934_,202,2026-05-01,15.0,15.0,0.0,15.0,15.0,0
300200936_,204,2026-05-01,11.0,11.0,0.0,11.0,11.0,0
300200939_,207,2026-05-01,2.0,2.0,0.0,2.0,2.0,0
300200945_,213,2026-05-01,17.0,17.0,0.0,17.0,17.0,0
300200946_,214,2026-05-01,17.0,17.0,0.0,17.0,17.0,0
300200947_,215,2026-05-01,16.0,16.0,0.0,16.0,16.0,0
300200950_,218,2026-05-01,2.0,2.0,0.0,2.0,2.0,0
300200953_,221,2026-05-01,1.0,1.0,0.0,1.0,1.0,0
300200954_,222,2026-05-01,7.0,7.0,0.0,7.0,7.0,0
300200371_,224,2026-05-01,3.0,7.0,0.0,7.0,7.0,0
300200375_,226,2026-05-01,22.0,22.0,0.0,22.0,22.0,0
300200363_,228,2026-05-01,2.0,2.0,0.0,2.0,2.0,0
300200368_,229,2026-05-01,14.0,9.0,0.0,9.0,9.0,0
300200367_,230,2026-05-01,24.0,20.0,0.0,20.0,20.0,0
300200372_,233,2026-05-01,30.0,30.0,0.0,30.0,30.0,0
300200373_,234,2026-05-01,4.0,10.0,0.0,10.0,10.0,0
300200365_,236,2026-05-01,137.0,117.0,0.0,117.0,117.0,0
300200374_,238,2026-05-01,50.0,50.0,0.0,50.0,50.0,0
300200376_,242,2026-05-01,56.0,46.0,0.0,46.0,46.0,0
300200377_,243,2026-05-01,54.0,51.0,0.0,51.0,51.0,0
300200378_,244,2026-05-01,22.0,12.0,0.0,12.0,12.0,0
300200379_,245,2026-05-01,9.0,8.0,0.0,8.0,8.0,0
300200380_,246,2026-05-01,6.0,5.0,0.0,5.0,5.0,0
300200421_,247,2026-05-01,4.0,4.0,0.0,4.0,4.0,0
300200520_,249,2026-05-01,163.0,160.0,0.0,160.0,160.0,0
300200521_,250,2026-05-01,6.0,6.0,0.0,6.0,6.0,0
300200523_,252,2026-05-01,7.0,6.0,0.0,6.0,6.0,0
300200526_,255,2026-05-01,16.0,16.0,0.0,16.0,16.0,0
300200527_,256,2026-05-01,2.0,2.0,0.0,2.0,2.0,0
300200530_,258,2026-05-01,2.0,2.0,0.0,2.0,2.0,0
300200531_,259,2026-05-01,5.0,5.0,0.0,5.0,5.0,0
300200536_,264,2026-05-01,93.0,93.0,0.0,93.0,93.0,0
300200537_,265,2026-05-01,46.0,39.0,0.0,39.0,39.0,0
300200538_,266,2026-05-01,21.0,21.0,0.0,21.0,21.0,0
300200539_,267,2026-05-01,59.0,59.0,0.0,59.0,59.0,0
300200542_,270,2026-05-01,486.0,450.0,0.0,450.0,450.0,0
300200624_,271,2026-05-01,4.0,4.0,0.0,4.0,4.0,0
300200704_,272,2026-05-01,1.0,1.0,0.0,1.0,1.0,0
300200543_,273,2026-05-01,50.0,44.0,0.0,44.0,44.0,0
300200545_,275,2026-05-01,13.0,12.0,0.0,12.0,12.0,0
300200593_,276,2026-05-01,82.0,82.0,0.0,82.0,82.0,0
300200547_,278,2026-05-01,14.0,12.0,0.0,12.0,12.0,0
300200548_,279,2026-05-01,6.0,11.0,0.0,11.0,11.0,0
300200549_,280,2026-05-01,27.0,25.0,0.0,25.0,25.0,0
300200551_,282,2026-05-01,7.0,7.0,0.0,7.0,7.0,0
300200773_,283,2026-05-01,8.0,,,,,1
300200552_,284,2026-05-01,34.0,33.0,0.0,33.0,33.0,0
300200553_,285,2026-05-01,53.0,56.0,0.0,56.0,56.0,0
300200555_,287,2026-05-01,31.0,13.0,0.0,13.0,13.0,0
300200556_,288,2026-05-01,1.0,1.0,0.0,1.0,1.0,0
300200557_,289,2026-05-01,1.0,1.0,0.0,1.0,1.0,0
300200558_,290,2026-05-01,269.0,242.0,0.0,242.0,242.0,0
300200559_,291,2026-05-01,116.0,,,,,1
300200560_,292,2026-05-01,48.0,42.0,0.0,42.0,42.0,0
300200561_,293,2026-05-01,24.0,20.0,0.0,20.0,20.0,0
300200562_,294,2026-05-01,4.0,4.0,0.0,4.0,4.0,0
300200563_,295,2026-05-01,48.0,48.0,0.0,48.0,48.0,0
300200564_,296,2026-05-01,13.0,13.0,0.0,13.0,13.0,0
300200565_,297,2026-05-01,27.0,27.0,0.0,27.0,27.0,0
300200567_,300,2026-05-01,5.0,5.0,0.0,5.0,5.0,0
300200570_,304,2026-05-01,8.0,8.0,0.0,8.0,8.0,0
300200574_,308,2026-05-01,4.0,4.0,0.0,4.0,4.0,0
300200575_,309,2026-05-01,3.0,3.0,0.0,3.0,3.0,0
300200576_,311,2026-05-01,4.0,4.0,0.0,4.0,4.0,0
300200776_,312,2026-05-01,3.0,3.0,0.0,3.0,3.0,0
300200579_,314,2026-05-01,3.0,3.0,0.0,3.0,3.0,0
300200581_,316,2026-05-01,6.0,6.0,0.0,6.0,6.0,0
300200582_,317,2026-05-01,1.0,1.0,0.0,1.0,1.0,0
300200583_,318,2026-05-01,1.0,1.0,0.0,1.0,1.0,0
300200343_,320,2026-05-01,1709.0,1805.0,0.0,1805.0,1805.0,0
020100163_,321,2026-05-01,11.0,7.0,0.0,7.0,7.0,0
300200459_,322,2026-05-01,78.0,122.0,0.0,122.0,122.0,0
020100158_,323,2026-05-01,330.0,318.0,0.0,318.0,318.0,0
020100159_,324,2026-05-01,-30.0,1.0,0.0,1.0,1.0,0
300200460_,325,2026-05-01,18.0,31.0,0.0,31.0,31.0,0
020100160_,326,2026-05-01,203.0,200.0,0.0,200.0,200.0,0
300200461_,328,2026-05-01,10.0,10.0,0.0,10.0,10.0,0
300200472_,329,2026-05-01,113.0,166.0,0.0,166.0,166.0,0
300200462_,330,2026-05-01,47.0,51.0,0.0,51.0,51.0,0
020100162_,332,2026-05-01,23.0,28.0,0.0,28.0,28.0,0
300200772_,333,2026-05-01,13.0,12.0,0.0,12.0,12.0,0
300200468_,334,2026-05-01,101.0,124.0,0.0,124.0,124.0,0
300200515_,335,2026-05-01,40.0,,,,,1
300200518_,336,2026-05-01,25.0,25.0,0.0,25.0,25.0,0
300200516_,337,2026-05-01,80.0,79.0,0.0,79.0,79.0,0
300200471_,338,2026-05-01,,10.0,0.0,10.0,10.0,0
300200463_,340,2026-05-01,651.0,631.0,0.0,631.0,631.0,0
300200464_,341,2026-05-01,485.0,564.0,0.0,564.0,564.0,0
300200465_,342,2026-05-01,197.0,190.0,0.0,190.0,190.0,0
300200466_,343,2026-05-01,95.0,125.0,0.0,125.0,125.0,0
300200467_,344,2026-05-01,17.0,27.0,0.0,27.0,27.0,0
300200519_,345,2026-05-01,32.0,37.0,0.0,37.0,37.0,0
300200779_,348,2026-05-01,42.0,52.0,0.0,52.0,52.0,0
300200782_,349,2026-05-01,5.0,5.0,0.0,5.0,5.0,0
300200783_,350,2026-05-01,1.0,1.0,0.0,1.0,1.0,0
030200003_,361,2026-05-01,6.0,6.0,0.0,6.0,6.0,0
030200030_,363,2026-05-01,,720.0,0.0,720.0,720.0,0
030200037_,367,2026-05-01,,1200.0,0.0,1200.0,1200.0,0
030200039_,368,2026-05-01,,216.0,0.0,216.0,216.0,0
030200028_,369,2026-05-01,,2000.0,0.0,2000.0,2000.0,0
030200029_,370,2026-05-01,,9.0,0.0,9.0,9.0,0
030200032_,371,2026-05-01,,200.0,0.0,200.0,200.0,0
030200034_,372,2026-05-01,,203.0,0.0,203.0,203.0,0
030200239_,373,2026-05-01,,2560.0,0.0,2560.0,2560.0,0
030200240_,374,2026-05-01,,535.0,0.0,535.0,535.0,0
030200026_,376,2026-05-01,1.0,1.0,0.0,1.0,1.0,0
030200027_,378,2026-05-01,3.0,3.0,0.0,3.0,3.0,0
030200251_,404,2026-05-01,19.0,1.0,0.0,1.0,1.0,0
300200331_,408,2026-05-01,619.0,713.0,0.0,713.0,713.0,0
300200296_,409,2026-05-01,556.0,534.0,0.0,534.0,534.0,0
300200283_,410,2026-05-01,-12.0,37.0,0.0,37.0,37.0,0
300200302_,411,2026-05-01,244.0,306.0,0.0,306.0,306.0,0
300200333_,412,2026-05-01,374.0,359.0,0.0,359.0,359.0,0
300200288_,413,2026-05-01,44.0,43.0,0.0,43.0,43.0,0
300200284_,414,2026-05-01,52.0,51.0,0.0,51.0,51.0,0
300200293_,416,2026-05-01,188.0,213.0,0.0,213.0,213.0,0
300200289_,417,2026-05-01,92.0,93.0,0.0,93.0,93.0,0
300200290_,418,2026-05-01,18.0,18.0,0.0,18.0,18.0,0
300200291_,419,2026-05-01,26.0,26.0,0.0,26.0,26.0,0
300200297_,420,2026-05-01,503.0,554.0,0.0,554.0,554.0,0
300200298_,421,2026-05-01,739.0,810.0,0.0,810.0,810.0,0
300200294_,423,2026-05-01,29.0,29.0,0.0,29.0,29.0,0
300200286_,424,2026-05-01,3421.0,,,,,1
300200332_,425,2026-05-01,331.0,383.0,0.0,383.0,383.0,0
300200301_,426,2026-05-01,372.0,416.0,0.0,416.0,416.0,0
300200287_,427,2026-05-01,32.0,32.0,0.0,32.0,32.0,0
300200700_,428,2026-05-01,60.0,52.0,0.0,52.0,52.0,0
300200295_,429,2026-05-01,12.0,12.0,0.0,12.0,12.0,0
300200292_,430,2026-05-01,1.0,1.0,0.0,1.0,1.0,0
300200303_,433,2026-05-01,1967.0,2334.0,0.0,2334.0,2334.0,0
300200304_,434,2026-05-01,884.0,963.0,0.0,963.0,963.0,0
300200305_,435,2026-05-01,367.0,353.0,0.0,353.0,353.0,0
300200306_,436,2026-05-01,85.0,138.0,0.0,138.0,138.0,0
300200307_,437,2026-05-01,-7.0,20.0,0.0,20.0,20.0,0
300200311_,439,2026-05-01,39.0,54.0,0.0,54.0,54.0,0
300200308_,440,2026-05-01,10.0,10.0,0.0,10.0,10.0,0
300200309_,441,2026-05-01,6.0,6.0,0.0,6.0,6.0,0
300200313_,442,2026-05-01,22.0,41.0,0.0,41.0,41.0,0
300200498_,443,2026-05-01,73.0,73.0,0.0,73.0,73.0,0
300200314_,445,2026-05-01,3.0,13.0,0.0,13.0,13.0,0
300200771_,448,2026-05-01,34.0,34.0,0.0,34.0,34.0,0
300200316_,449,2026-05-01,2.0,2.0,0.0,2.0,2.0,0
300200959_,450,2026-05-01,31.0,29.0,0.0,29.0,29.0,0
300200317_,451,2026-05-01,55.0,115.0,0.0,115.0,115.0,0
300200496_,452,2026-05-01,5.0,5.0,0.0,5.0,5.0,0
300200318_,454,2026-05-01,65.0,95.0,0.0,95.0,95.0,0
300200319_,456,2026-05-01,276.0,1428.0,0.0,1428.0,1428.0,0
300200320_,457,2026-05-01,84.0,221.0,0.0,221.0,221.0,0
300200321_,458,2026-05-01,9.0,201.0,0.0,201.0,201.0,0
300200322_,459,2026-05-01,58.0,364.0,0.0,364.0,364.0,0
300200323_,460,2026-05-01,396.0,1214.0,0.0,1214.0,1214.0,0
300200324_,461,2026-05-01,807.0,2463.0,0.0,2463.0,2463.0,0
300200325_,462,2026-05-01,40.0,178.0,0.0,178.0,178.0,0
300200326_,463,2026-05-01,246.0,385.0,0.0,385.0,385.0,0
300200327_,464,2026-05-01,6.0,156.0,0.0,156.0,156.0,0
300200328_,465,2026-05-01,219.0,383.0,0.0,383.0,383.0,0
300200330_,466,2026-05-01,3.0,3.0,0.0,3.0,3.0,0
300200348_,467,2026-05-01,3.0,3.0,0.0,3.0,3.0,0
300200430_,470,2026-05-01,15.0,20.0,0.0,20.0,20.0,0
300200588_,471,2026-05-01,20.0,20.0,0.0,20.0,20.0,0
300200432_,473,2026-05-01,5.0,4.0,0.0,4.0,4.0,0
300200433_,477,2026-05-01,1.0,1.0,0.0,1.0,1.0,0
300200439_,478,2026-05-01,13.0,13.0,0.0,13.0,13.0,0
300200436_,482,2026-05-01,24.0,24.0,0.0,24.0,24.0,0
300200431_,483,2026-05-01,6.0,11.0,0.0,11.0,11.0,0
300200434_,485,2026-05-01,2.0,2.0,0.0,2.0,2.0,0
300200429_,486,2026-05-01,20.0,12.0,0.0,12.0,12.0,0
300200632_,487,2026-05-01,64.0,74.0,0.0,74.0,74.0,0
300200435_,490,2026-05-01,19.0,19.0,0.0,19.0,19.0,0
300200437_,491,2026-05-01,43.0,41.0,0.0,41.0,41.0,0
300200438_,492,2026-05-01,25.0,25.0,0.0,25.0,25.0,0
300200440_,493,2026-05-01,3.0,2.0,0.0,2.0,2.0,0
300200446_,495,2026-05-01,8.0,8.0,0.0,8.0,8.0,0
300200592_,497,2026-05-01,41.0,30.0,0.0,30.0,30.0,0
300200366_,498,2026-05-01,12.0,9.0,0.0,9.0,9.0,0
LNVA105011,499,2026-05-01,2.0,2.0,0.0,2.0,2.0,0
300200595_,500,2026-05-01,22.0,22.0,0.0,22.0,22.0,0
030200097_,501,2026-05-01,,7.0,0.0,7.0,7.0,0
300200718_,502,2026-05-01,221.0,262.0,0.0,262.0,262.0,0
300200719_,503,2026-05-01,15.0,15.0,0.0,15.0,15.0,0
300200720_,504,2026-05-01,,3.0,0.0,3.0,3.0,0
300200721_,505,2026-05-01,5.0,5.0,0.0,5.0,5.0,0
300200722_,506,2026-05-01,,5.0,0.0,5.0,5.0,0
300200777_,507,2026-05-01,52.0,57.0,0.0,57.0,57.0,0
300200724_,509,2026-05-01,10.0,10.0,0.0,10.0,10.0,0
300200725_,510,2026-05-01,2.0,2.0,0.0,2.0,2.0,0
300200726_,511,2026-05-01,5.0,5.0,0.0,5.0,5.0,0
300200728_,513,2026-05-01,6.0,6.0,0.0,6.0,6.0,0
300200729_,514,2026-05-01,11.0,11.0,0.0,11.0,11.0,0
300200730_,515,2026-05-01,10.0,10.0,0.0,10.0,10.0,0
300200732_,517,2026-05-01,,2.0,0.0,2.0,2.0,0
300200735_,521,2026-05-01,210.0,210.0,0.0,210.0,210.0,0
300200736_,522,2026-05-01,35.0,44.0,0.0,44.0,44.0,0
300200737_,523,2026-05-01,29.0,29.0,0.0,29.0,29.0,0
300200738_,524,2026-05-01,19.0,19.0,0.0,19.0,19.0,0
300200742_,525,2026-05-01,53.0,110.0,0.0,110.0,110.0,0
300200743_,527,2026-05-01,18.0,16.0,0.0,16.0,16.0,0
300200740_,528,2026-05-01,20.0,20.0,0.0,20.0,20.0,0
300200741_,529,2026-05-01,54.0,52.0,0.0,52.0,52.0,0
300200744_,530,2026-05-01,285.0,282.0,0.0,282.0,282.0,0
300200745_,531,2026-05-01,86.0,82.0,0.0,82.0,82.0,0
300200746_,532,2026-05-01,108.0,108.0,0.0,108.0,108.0,0
300200748_,534,2026-05-01,1.0,1.0,0.0,1.0,1.0,0
300200749_,535,2026-05-01,14.0,,,,,1
300200750_,536,2026-05-01,24.0,44.0,0.0,44.0,44.0,0
300200751_,537,2026-05-01,78.0,110.0,0.0,110.0,110.0,0
300200752_,538,2026-05-01,32.0,,,,,1
300200753_,539,2026-05-01,16.0,12.0,0.0,12.0,12.0,0
300200754_,540,2026-05-01,1.0,7.0,0.0,7.0,7.0,0
300200755_,541,2026-05-01,9.0,9.0,0.0,9.0,9.0,0
030200226_,543,2026-05-01,35.0,845.0,0.0,845.0,845.0,0
030200223_,544,2026-05-01,339.0,1246.0,0.0,1246.0,1246.0,0
030200227_,545,2026-05-01,163.0,834.0,0.0,834.0,834.0,0
030200225_,546,2026-05-01,1614.0,5545.0,0.0,5545.0,5545.0,0
030200224_,547,2026-05-01,1528.0,4239.0,0.0,4239.0,4239.0,0
030200221_,548,2026-05-01,2330.0,3834.0,0.0,3834.0,3834.0,0
030200222_,549,2026-05-01,244.0,455.0,0.0,455.0,455.0,0
ATN000446,551,2026-05-01,2.0,2.0,0.0,2.0,2.0,0
130300026_,553,2026-05-01,765.0,765.0,0.0,765.0,765.0,0
130300027_,554,2026-05-01,105.0,245.0,0.0,245.0,245.0,0
130300028_,555,2026-05-01,30.0,190.0,0.0,190.0,190.0,0
030200203_,556,2026-05-01,1865.0,6365.0,0.0,6365.0,6365.0,0
030200135_,10,2026-06-01,44.0,1.0,0.0,1.0,1.0,0
280300174_,17,2026-06-01,227.0,2327.0,0.0,2327.0,2327.0,0
030300013_,18,2026-06-01,,6912.0,0.0,6912.0,6912.0,0
030200220_,19,2026-06-01,1841.0,2818.0,0.0,2818.0,2818.0,0
030200219_,20,2026-06-01,4807.0,14928.0,0.0,14928.0,14928.0,0
030300014_,22,2026-06-01,295.0,14119.0,0.0,14119.0,14119.0,0
030200193_,23,2026-06-01,29064.0,40421.0,0.0,40421.0,40421.0,0
030201459_,24,2026-06-01,6747.0,6747.0,0.0,6747.0,6747.0,0
030200192_,25,2026-06-01,64228.0,119399.0,0.0,119399.0,119399.0,0
030200201_,26,2026-06-01,24199.0,73747.0,0.0,73747.0,73747.0,0
300200428_,27,2026-06-01,310.0,278.0,0.0,278.0,278.0,0
ATN001232,31,2026-06-01,1.0,1.0,0.0,1.0,1.0,0
300201148_,32,2026-06-01,40.0,60.0,0.0,60.0,60.0,0
300201149_,33,2026-06-01,48.0,58.0,0.0,58.0,58.0,0
300201150_,34,2026-06-01,4.0,21.0,0.0,21.0,21.0,0
300201151_,35,2026-06-01,8.0,18.0,0.0,18.0,18.0,0
300201152_,36,2026-06-01,24.0,24.0,0.0,24.0,24.0,0
300201153_,37,2026-06-01,33.0,43.0,0.0,43.0,43.0,0
300201154_,38,2026-06-01,10.0,10.0,0.0,10.0,10.0,0
300201155_,39,2026-06-01,22.0,27.0,0.0,27.0,27.0,0
300200968_,40,2026-06-01,60.0,96.0,0.0,96.0,96.0,0
300200967_,41,2026-06-01,153.0,241.0,0.0,241.0,241.0,0
300200413_,42,2026-06-01,9.0,33.0,0.0,33.0,33.0,0
010400436_,43,2026-06-01,20.0,21.0,0.0,21.0,21.0,0
010400432_,44,2026-06-01,9.0,9.0,0.0,9.0,9.0,0
010400440_,45,2026-06-01,22.0,22.0,0.0,22.0,22.0,0
010400444_,46,2026-06-01,53.0,66.0,0.0,66.0,66.0,0
010400447_,47,2026-06-01,40.0,62.0,0.0,62.0,62.0,0
010400433_,48,2026-06-01,8.0,8.0,0.0,8.0,8.0,0
010400437_,49,2026-06-01,34.0,43.0,0.0,43.0,43.0,0
010400441_,50,2026-06-01,13.0,18.0,0.0,18.0,18.0,0
010400445_,51,2026-06-01,16.0,21.0,0.0,21.0,21.0,0
010400448_,52,2026-06-01,13.0,13.0,0.0,13.0,13.0,0
300200784_,53,2026-06-01,1.0,1.0,0.0,1.0,1.0,0
300200787_,56,2026-06-01,2.0,2.0,0.0,2.0,2.0,0
300200797_,66,2026-06-01,1.0,1.0,0.0,1.0,1.0,0
300200810_,79,2026-06-01,30.0,30.0,0.0,30.0,30.0,0
300200811_,80,2026-06-01,1.0,1.0,0.0,1.0,1.0,0
300200812_,81,2026-06-01,7.0,17.0,0.0,17.0,17.0,0
300200814_,83,2026-06-01,6.0,6.0,0.0,6.0,6.0,0
300200816_,85,2026-06-01,1.0,1.0,0.0,1.0,1.0,0
300200818_,87,2026-06-01,2.0,2.0,0.0,2.0,2.0,0
300200820_,89,2026-06-01,1.0,1.0,0.0,1.0,1.0,0
300200821_,90,2026-06-01,23.0,23.0,0.0,23.0,23.0,0
300200822_,91,2026-06-01,8.0,8.0,0.0,8.0,8.0,0
300200823_,92,2026-06-01,4.0,4.0,0.0,4.0,4.0,0
300200828_,97,2026-06-01,1.0,1.0,0.0,1.0,1.0,0
300200832_,101,2026-06-01,1.0,1.0,0.0,1.0,1.0,0
300200833_,102,2026-06-01,18.0,18.0,0.0,18.0,18.0,0
300200835_,104,2026-06-01,25.0,35.0,0.0,35.0,35.0,0
300200838_,107,2026-06-01,3.0,3.0,0.0,3.0,3.0,0
300200839_,108,2026-06-01,4.0,4.0,0.0,4.0,4.0,0
300200840_,109,2026-06-01,1.0,1.0,0.0,1.0,1.0,0
300200842_,111,2026-06-01,116.0,116.0,0.0,116.0,116.0,0
300200844_,113,2026-06-01,1.0,1.0,0.0,1.0,1.0,0
300200845_,114,2026-06-01,3.0,3.0,0.0,3.0,3.0,0
300200846_,115,2026-06-01,89.0,89.0,0.0,89.0,89.0,0
300200847_,116,2026-06-01,28.0,28.0,0.0,28.0,28.0,0
300200848_,117,2026-06-01,3.0,3.0,0.0,3.0,3.0,0
300200849_,118,2026-06-01,3.0,3.0,0.0,3.0,3.0,0
300200851_,120,2026-06-01,7.0,7.0,0.0,7.0,7.0,0
300200856_,125,2026-06-01,276.0,276.0,0.0,276.0,276.0,0
300200857_,126,2026-06-01,79.0,89.0,0.0,89.0,89.0,0
300200859_,128,2026-06-01,60.0,60.0,0.0,60.0,60.0,0
300200861_,130,2026-06-01,18.0,18.0,0.0,18.0,18.0,0
300200862_,131,2026-06-01,23.0,23.0,0.0,23.0,23.0,0
300200863_,132,2026-06-01,7.0,7.0,0.0,7.0,7.0,0
300200865_,134,2026-06-01,92.0,97.0,0.0,97.0,97.0,0
300200868_,137,2026-06-01,164.0,184.0,0.0,184.0,184.0,0
300200869_,138,2026-06-01,126.0,126.0,0.0,126.0,126.0,0
300200870_,139,2026-06-01,36.0,36.0,0.0,36.0,36.0,0
300200871_,140,2026-06-01,11.0,11.0,0.0,11.0,11.0,0
300200873_,142,2026-06-01,15.0,15.0,0.0,15.0,15.0,0
300200879_,148,2026-06-01,2.0,2.0,0.0,2.0,2.0,0
300200887_,156,2026-06-01,50.0,80.0,0.0,80.0,80.0,0
300200888_,157,2026-06-01,10.0,10.0,0.0,10.0,10.0,0
300200890_,159,2026-06-01,4.0,9.0,0.0,9.0,9.0,0
300200892_,160,2026-06-01,2.0,2.0,0.0,2.0,2.0,0
300200898_,166,2026-06-01,16.0,46.0,0.0,46.0,46.0,0
300200899_,167,2026-06-01,11.0,13.0,0.0,13.0,13.0,0
300200900_,168,2026-06-01,4.0,4.0,0.0,4.0,4.0,0
300200910_,178,2026-06-01,138.0,140.0,0.0,140.0,140.0,0
300200911_,179,2026-06-01,3.0,3.0,0.0,3.0,3.0,0
300200912_,180,2026-06-01,20.0,20.0,0.0,20.0,20.0,0
300200913_,181,2026-06-01,4.0,4.0,0.0,4.0,4.0,0
300200914_,182,2026-06-01,27.0,27.0,0.0,27.0,27.0,0
300200916_,184,2026-06-01,6.0,10.0,0.0,10.0,10.0,0
300200917_,185,2026-06-01,14.0,14.0,0.0,14.0,14.0,0
300200918_,186,2026-06-01,4.0,4.0,0.0,4.0,4.0,0
300200921_,189,2026-06-01,91.0,91.0,0.0,91.0,91.0,0
300200922_,190,2026-06-01,71.0,73.0,0.0,73.0,73.0,0
300200923_,191,2026-06-01,12.0,12.0,0.0,12.0,12.0,0
300200924_,192,2026-06-01,9.0,10.0,0.0,10.0,10.0,0
300200926_,194,2026-06-01,26.0,26.0,0.0,26.0,26.0,0
300200930_,198,2026-06-01,7.0,7.0,0.0,7.0,7.0,0
300200933_,201,2026-06-01,151.0,171.0,0.0,171.0,171.0,0
300200934_,202,2026-06-01,15.0,15.0,0.0,15.0,15.0,0
300200936_,204,2026-06-01,21.0,21.0,0.0,21.0,21.0,0
300200938_,206,2026-06-01,10.0,10.0,0.0,10.0,10.0,0
300200939_,207,2026-06-01,8.0,8.0,0.0,8.0,8.0,0
300200940_,208,2026-06-01,2.0,2.0,0.0,2.0,2.0,0
300200942_,210,2026-06-01,54.0,54.0,0.0,54.0,54.0,0
300200943_,211,2026-06-01,4.0,4.0,0.0,4.0,4.0,0
300200945_,213,2026-06-01,105.0,105.0,0.0,105.0,105.0,0
300200946_,214,2026-06-01,32.0,32.0,0.0,32.0,32.0,0
300200947_,215,2026-06-01,13.0,13.0,0.0,13.0,13.0,0
300200948_,216,2026-06-01,17.0,17.0,0.0,17.0,17.0,0
300200949_,217,2026-06-01,1.0,1.0,0.0,1.0,1.0,0
300200950_,218,2026-06-01,10.0,10.0,0.0,10.0,10.0,0
300200952_,220,2026-06-01,1.0,1.0,0.0,1.0,1.0,0
300200953_,221,2026-06-01,4.0,4.0,0.0,4.0,4.0,0
300200371_,224,2026-06-01,20.0,20.0,0.0,20.0,20.0,0
300200420_,225,2026-06-01,20.0,20.0,0.0,20.0,20.0,0
300200375_,226,2026-06-01,39.0,69.0,0.0,69.0,69.0,0
300200422_,227,2026-06-01,23.0,23.0,0.0,23.0,23.0,0
300200363_,228,2026-06-01,3.0,3.0,0.0,3.0,3.0,0
300200368_,229,2026-06-01,4.0,4.0,0.0,4.0,4.0,0
300200372_,233,2026-06-01,26.0,26.0,0.0,26.0,26.0,0
300200373_,234,2026-06-01,40.0,46.0,0.0,46.0,46.0,0
300200365_,236,2026-06-01,424.0,464.0,0.0,464.0,464.0,0
300200374_,238,2026-06-01,,4.0,0.0,4.0,4.0,0
300200376_,242,2026-06-01,254.0,334.0,0.0,334.0,334.0,0
300200377_,243,2026-06-01,66.0,106.0,0.0,106.0,106.0,0
300200378_,244,2026-06-01,28.0,28.0,0.0,28.0,28.0,0
300200379_,245,2026-06-01,14.0,14.0,0.0,14.0,14.0,0
300200421_,247,2026-06-01,9.0,9.0,0.0,9.0,9.0,0
300200520_,249,2026-06-01,6.0,9.0,0.0,9.0,9.0,0
300200521_,250,2026-06-01,1.0,1.0,0.0,1.0,1.0,0
300200523_,252,2026-06-01,5.0,5.0,0.0,5.0,5.0,0
300200525_,254,2026-06-01,2.0,2.0,0.0,2.0,2.0,0
300200526_,255,2026-06-01,7.0,7.0,0.0,7.0,7.0,0
300200531_,259,2026-06-01,2.0,2.0,0.0,2.0,2.0,0
300200536_,264,2026-06-01,20.0,30.0,0.0,30.0,30.0,0
300200537_,265,2026-06-01,1.0,6.0,0.0,6.0,6.0,0
300200538_,266,2026-06-01,6.0,6.0,0.0,6.0,6.0,0
300200542_,270,2026-06-01,485.0,485.0,0.0,485.0,485.0,0
300200704_,272,2026-06-01,13.0,13.0,0.0,13.0,13.0,0
300200543_,273,2026-06-01,129.0,139.0,0.0,139.0,139.0,0
300200544_,274,2026-06-01,13.0,13.0,0.0,13.0,13.0,0
300200545_,275,2026-06-01,38.0,38.0,0.0,38.0,38.0,0
300200593_,276,2026-06-01,42.0,52.0,0.0,52.0,52.0,0
300200546_,277,2026-06-01,3.0,3.0,0.0,3.0,3.0,0
300200547_,278,2026-06-01,3.0,7.0,0.0,7.0,7.0,0
300200548_,279,2026-06-01,31.0,31.0,0.0,31.0,31.0,0
300200549_,280,2026-06-01,9.0,9.0,0.0,9.0,9.0,0
300200550_,281,2026-06-01,2.0,2.0,0.0,2.0,2.0,0
300200551_,282,2026-06-01,3.0,3.0,0.0,3.0,3.0,0
300200773_,283,2026-06-01,3.0,5.0,0.0,5.0,5.0,0
300200552_,284,2026-06-01,12.0,12.0,0.0,12.0,12.0,0
300200553_,285,2026-06-01,23.0,23.0,0.0,23.0,23.0,0
300200554_,286,2026-06-01,2.0,2.0,0.0,2.0,2.0,0
300200555_,287,2026-06-01,32.0,32.0,0.0,32.0,32.0,0
300200556_,288,2026-06-01,3.0,3.0,0.0,3.0,3.0,0
300200558_,290,2026-06-01,459.0,459.0,0.0,459.0,459.0,0
300200559_,291,2026-06-01,208.0,210.0,0.0,210.0,210.0,0
300200560_,292,2026-06-01,46.0,46.0,0.0,46.0,46.0,0
300200561_,293,2026-06-01,24.0,24.0,0.0,24.0,24.0,0
300200562_,294,2026-06-01,1.0,1.0,0.0,1.0,1.0,0
300200563_,295,2026-06-01,22.0,22.0,0.0,22.0,22.0,0
300200564_,296,2026-06-01,20.0,30.0,0.0,30.0,30.0,0
300200565_,297,2026-06-01,6.0,6.0,0.0,6.0,6.0,0
300200590_,298,2026-06-01,11.0,21.0,0.0,21.0,21.0,0
300200591_,301,2026-06-01,4.0,4.0,0.0,4.0,4.0,0
300200570_,304,2026-06-01,1.0,1.0,0.0,1.0,1.0,0
300200575_,309,2026-06-01,5.0,5.0,0.0,5.0,5.0,0
300200576_,311,2026-06-01,10.0,10.0,0.0,10.0,10.0,0
300200579_,314,2026-06-01,3.0,3.0,0.0,3.0,3.0,0
300200580_,315,2026-06-01,23.0,23.0,0.0,23.0,23.0,0
300200581_,316,2026-06-01,1.0,1.0,0.0,1.0,1.0,0
300200582_,317,2026-06-01,1.0,1.0,0.0,1.0,1.0,0
300200583_,318,2026-06-01,2.0,2.0,0.0,2.0,2.0,0
300200584_,319,2026-06-01,1.0,1.0,0.0,1.0,1.0,0
300200343_,320,2026-06-01,1270.0,1496.0,0.0,1496.0,1496.0,0
020100163_,321,2026-06-01,48.0,48.0,0.0,48.0,48.0,0
300200459_,322,2026-06-01,18.0,18.0,0.0,18.0,18.0,0
020100158_,323,2026-06-01,175.0,208.0,0.0,208.0,208.0,0
020100159_,324,2026-06-01,9.0,9.0,0.0,9.0,9.0,0
300200460_,325,2026-06-01,25.0,25.0,0.0,25.0,25.0,0
020100160_,326,2026-06-01,79.0,129.0,0.0,129.0,129.0,0
020100161_,327,2026-06-01,1.0,5.0,0.0,5.0,5.0,0
300200461_,328,2026-06-01,16.0,16.0,0.0,16.0,16.0,0
300200472_,329,2026-06-01,62.0,67.0,0.0,67.0,67.0,0
300200462_,330,2026-06-01,56.0,56.0,0.0,56.0,56.0,0
020100162_,332,2026-06-01,8.0,8.0,0.0,8.0,8.0,0
300200772_,333,2026-06-01,9.0,14.0,0.0,14.0,14.0,0
300200468_,334,2026-06-01,37.0,43.0,0.0,43.0,43.0,0
300200515_,335,2026-06-01,46.0,58.0,0.0,58.0,58.0,0
300200518_,336,2026-06-01,29.0,29.0,0.0,29.0,29.0,0
300200516_,337,2026-06-01,12.0,7.0,0.0,7.0,7.0,0
300200463_,340,2026-06-01,546.0,609.0,0.0,609.0,609.0,0
300200464_,341,2026-06-01,216.0,364.0,0.0,364.0,364.0,0
300200465_,342,2026-06-01,186.0,215.0,0.0,215.0,215.0,0
300200466_,343,2026-06-01,26.0,31.0,0.0,31.0,31.0,0
300200467_,344,2026-06-01,7.0,6.0,0.0,6.0,6.0,0
300200519_,345,2026-06-01,70.0,76.0,0.0,76.0,76.0,0
300200779_,348,2026-06-01,11.0,11.0,0.0,11.0,11.0,0
300200782_,349,2026-06-01,4.0,4.0,0.0,4.0,4.0,0
030200005_,357,2026-06-01,31.0,31.0,0.0,31.0,31.0,0
030200007_,358,2026-06-01,43.0,43.0,0.0,43.0,43.0,0
030200003_,361,2026-06-01,47.0,47.0,0.0,47.0,47.0,0
030200030_,363,2026-06-01,,40.0,0.0,40.0,40.0,0
030200031_,364,2026-06-01,,40.0,0.0,40.0,40.0,0
030200036_,365,2026-06-01,,20.0,0.0,20.0,20.0,0
030200038_,366,2026-06-01,,20.0,0.0,20.0,20.0,0
030200037_,367,2026-06-01,,660.0,0.0,660.0,660.0,0
030200039_,368,2026-06-01,,20.0,0.0,20.0,20.0,0
030200028_,369,2026-06-01,,225.0,0.0,225.0,225.0,0
030200029_,370,2026-06-01,,50.0,0.0,50.0,50.0,0
030200032_,371,2026-06-01,,50.0,0.0,50.0,50.0,0
030200034_,372,2026-06-01,,51.0,0.0,51.0,51.0,0
030200239_,373,2026-06-01,,2608.0,0.0,2608.0,2608.0,0
030200240_,374,2026-06-01,,1008.0,0.0,1008.0,1008.0,0
030200027_,378,2026-06-01,2.0,2.0,0.0,2.0,2.0,0
030200250_,403,2026-06-01,1.0,1.0,0.0,1.0,1.0,0
300200331_,408,2026-06-01,1002.0,1118.0,0.0,1118.0,1118.0,0
300200296_,409,2026-06-01,481.0,736.0,10.0,726.0,746.0,0
300200283_,410,2026-06-01,76.0,76.0,0.0,76.0,76.0,0
300200302_,411,2026-06-01,262.0,412.0,0.0,412.0,412.0,0
300200333_,412,2026-06-01,586.0,725.0,0.0,725.0,725.0,0
300200288_,413,2026-06-01,31.0,31.0,0.0,31.0,31.0,0
300200284_,414,2026-06-01,53.0,73.0,0.0,73.0,73.0,0
300200293_,416,2026-06-01,245.0,254.0,0.0,254.0,254.0,0
300200289_,417,2026-06-01,193.0,193.0,0.0,193.0,193.0,0
300200290_,418,2026-06-01,4.0,4.0,0.0,4.0,4.0,0
300200291_,419,2026-06-01,44.0,44.0,0.0,44.0,44.0,0
300200297_,420,2026-06-01,397.0,464.0,0.0,464.0,464.0,0
300200298_,421,2026-06-01,987.0,1248.0,0.0,1248.0,1248.0,0
300200294_,423,2026-06-01,29.0,29.0,0.0,29.0,29.0,0
300200286_,424,2026-06-01,4661.0,6481.0,6.0,6475.0,6487.0,0
300200332_,425,2026-06-01,708.0,908.0,0.0,908.0,908.0,0
300200301_,426,2026-06-01,316.0,447.0,0.0,447.0,447.0,0
300200700_,428,2026-06-01,102.0,98.0,0.0,98.0,98.0,0
300200295_,429,2026-06-01,14.0,14.0,0.0,14.0,14.0,0
300200300_,431,2026-06-01,2.0,2.0,0.0,2.0,2.0,0
300200312_,432,2026-06-01,9.0,9.0,0.0,9.0,9.0,0
300200303_,433,2026-06-01,3823.0,4251.0,26.0,4225.0,4277.0,0
300200304_,434,2026-06-01,1390.0,1599.0,0.0,1599.0,1599.0,0
300200305_,435,2026-06-01,456.0,545.0,0.0,545.0,545.0,0
300200306_,436,2026-06-01,201.0,216.0,0.0,216.0,216.0,0
300200307_,437,2026-06-01,43.0,48.0,0.0,48.0,48.0,0
300200311_,439,2026-06-01,160.0,160.0,0.0,160.0,160.0,0
300200308_,440,2026-06-01,16.0,12.0,0.0,12.0,12.0,0
300200309_,441,2026-06-01,16.0,26.0,0.0,26.0,26.0,0
300200313_,442,2026-06-01,15.0,35.0,0.0,35.0,35.0,0
300200498_,443,2026-06-01,155.0,175.0,0.0,175.0,175.0,0
300200314_,445,2026-06-01,12.0,22.0,0.0,22.0,22.0,0
ATN000109,446,2026-06-01,2.0,2.0,0.0,2.0,2.0,0
300200315_,447,2026-06-01,6.0,6.0,0.0,6.0,6.0,0
300200771_,448,2026-06-01,42.0,42.0,0.0,42.0,42.0,0
300200316_,449,2026-06-01,1.0,49.0,0.0,49.0,49.0,0
300200959_,450,2026-06-01,24.0,24.0,0.0,24.0,24.0,0
300200317_,451,2026-06-01,42.0,77.0,0.0,77.0,77.0,0
300200496_,452,2026-06-01,6.0,6.0,0.0,6.0,6.0,0
300200346_,453,2026-06-01,,100.0,0.0,100.0,100.0,0
300200318_,454,2026-06-01,75.0,255.0,0.0,255.0,255.0,0
300200347_,455,2026-06-01,10.0,10.0,0.0,10.0,10.0,0
300200319_,456,2026-06-01,311.0,566.0,0.0,566.0,566.0,0
300200320_,457,2026-06-01,95.0,300.0,0.0,300.0,300.0,0
300200321_,458,2026-06-01,24.0,78.0,0.0,78.0,78.0,0
300200322_,459,2026-06-01,103.0,593.0,0.0,593.0,593.0,0
300200323_,460,2026-06-01,379.0,871.0,0.0,871.0,871.0,0
300200324_,461,2026-06-01,1213.0,2437.0,0.0,2437.0,2437.0,0
300200325_,462,2026-06-01,33.0,453.0,0.0,453.0,453.0,0
300200326_,463,2026-06-01,544.0,804.0,0.0,804.0,804.0,0
300200327_,464,2026-06-01,16.0,366.0,0.0,366.0,366.0,0
300200328_,465,2026-06-01,398.0,512.0,0.0,512.0,512.0,0
300200330_,466,2026-06-01,1.0,1.0,0.0,1.0,1.0,0
300200348_,467,2026-06-01,3.0,3.0,0.0,3.0,3.0,0
300200430_,470,2026-06-01,25.0,35.0,0.0,35.0,35.0,0
300200588_,471,2026-06-01,110.0,32.0,0.0,32.0,32.0,0
300200432_,473,2026-06-01,4.0,4.0,0.0,4.0,4.0,0
300200449_,475,2026-06-01,4.0,4.0,0.0,4.0,4.0,0
300200433_,477,2026-06-01,4.0,4.0,0.0,4.0,4.0,0
300200439_,478,2026-06-01,4.0,4.0,0.0,4.0,4.0,0
300200448_,480,2026-06-01,1.0,1.0,0.0,1.0,1.0,0
300200774_,481,2026-06-01,1.0,1.0,0.0,1.0,1.0,0
300200436_,482,2026-06-01,40.0,52.0,0.0,52.0,52.0,0
300200431_,483,2026-06-01,22.0,22.0,0.0,22.0,22.0,0
300200452_,484,2026-06-01,1.0,0.0,1.0,-1.0,1.0,0
300200434_,485,2026-06-01,14.0,14.0,0.0,14.0,14.0,0
300200429_,486,2026-06-01,8.0,8.0,0.0,8.0,8.0,0
300200632_,487,2026-06-01,42.0,52.0,0.0,52.0,52.0,0
300200441_,488,2026-06-01,2.0,2.0,0.0,2.0,2.0,0
300200435_,490,2026-06-01,157.0,59.0,0.0,59.0,59.0,0
300200437_,491,2026-06-01,61.0,37.0,0.0,37.0,37.0,0
300200438_,492,2026-06-01,33.0,13.0,0.0,13.0,13.0,0
300200440_,493,2026-06-01,27.0,27.0,0.0,27.0,27.0,0
300200445_,494,2026-06-01,3.0,3.0,0.0,3.0,3.0,0
300200446_,495,2026-06-01,4.0,4.0,0.0,4.0,4.0,0
300200592_,497,2026-06-01,66.0,66.0,0.0,66.0,66.0,0
300200366_,498,2026-06-01,26.0,36.0,0.0,36.0,36.0,0
LNVA105011,499,2026-06-01,20.0,20.0,0.0,20.0,20.0,0
300200718_,502,2026-06-01,303.0,354.0,0.0,354.0,354.0,0
300200719_,503,2026-06-01,18.0,20.0,0.0,20.0,20.0,0
300200720_,504,2026-06-01,53.0,59.0,0.0,59.0,59.0,0
300200721_,505,2026-06-01,5.0,5.0,0.0,5.0,5.0,0
300200722_,506,2026-06-01,11.0,14.0,0.0,14.0,14.0,0
300200777_,507,2026-06-01,43.0,43.0,0.0,43.0,43.0,0
300200723_,508,2026-06-01,2.0,2.0,0.0,2.0,2.0,0
300200724_,509,2026-06-01,4.0,4.0,0.0,4.0,4.0,0
300200725_,510,2026-06-01,2.0,2.0,0.0,2.0,2.0,0
300200726_,511,2026-06-01,14.0,14.0,0.0,14.0,14.0,0
300200728_,513,2026-06-01,8.0,8.0,0.0,8.0,8.0,0
300200729_,514,2026-06-01,48.0,48.0,0.0,48.0,48.0,0
300200730_,515,2026-06-01,20.0,20.0,0.0,20.0,20.0,0
300200732_,517,2026-06-01,19.0,19.0,0.0,19.0,19.0,0
300200778_,518,2026-06-01,1.0,1.0,0.0,1.0,1.0,0
300200733_,519,2026-06-01,1.0,1.0,0.0,1.0,1.0,0
300200734_,520,2026-06-01,1.0,1.0,0.0,1.0,1.0,0
300200735_,521,2026-06-01,216.0,283.0,0.0,283.0,283.0,0
300200736_,522,2026-06-01,71.0,81.0,0.0,81.0,81.0,0
300200737_,523,2026-06-01,34.0,34.0,0.0,34.0,34.0,0
300200738_,524,2026-06-01,12.0,12.0,0.0,12.0,12.0,0
300200742_,525,2026-06-01,104.0,140.0,0.0,140.0,140.0,0
300200743_,527,2026-06-01,21.0,21.0,0.0,21.0,21.0,0
300200740_,528,2026-06-01,17.0,27.0,0.0,27.0,27.0,0
300200741_,529,2026-06-01,78.0,88.0,0.0,88.0,88.0,0
300200744_,530,2026-06-01,162.0,246.0,0.0,246.0,246.0,0
300200745_,531,2026-06-01,50.0,62.0,0.0,62.0,62.0,0
300200746_,532,2026-06-01,196.0,196.0,0.0,196.0,196.0,0
300200748_,534,2026-06-01,9.0,9.0,0.0,9.0,9.0,0
300200749_,535,2026-06-01,55.0,56.0,0.0,56.0,56.0,0
300200750_,536,2026-06-01,8.0,8.0,0.0,8.0,8.0,0
300200751_,537,2026-06-01,138.0,136.0,0.0,136.0,136.0,0
300200752_,538,2026-06-01,81.0,81.0,0.0,81.0,81.0,0
300200753_,539,2026-06-01,56.0,56.0,0.0,56.0,56.0,0
300200754_,540,2026-06-01,4.0,4.0,0.0,4.0,4.0,0
300200755_,541,2026-06-01,13.0,13.0,0.0,13.0,13.0,0
030200226_,543,2026-06-01,2.0,302.0,0.0,302.0,302.0,0
030200223_,544,2026-06-01,510.0,2046.0,0.0,2046.0,2046.0,0
030200227_,545,2026-06-01,131.0,419.0,0.0,419.0,419.0,0
030200225_,546,2026-06-01,1940.0,2259.0,0.0,2259.0,2259.0,0
030200224_,547,2026-06-01,2836.0,5048.0,0.0,5048.0,5048.0,0
030200221_,548,2026-06-01,1434.0,1669.0,0.0,1669.0,1669.0,0
030200222_,549,2026-06-01,445.0,877.0,0.0,877.0,877.0,0
ATN000446,551,2026-06-01,5.0,5.0,0.0,5.0,5.0,0
130300026_,553,2026-06-01,286.0,566.0,0.0,566.0,566.0,0
130300027_,554,2026-06-01,2233.0,2233.0,0.0,2233.0,2233.0,0
030200203_,556,2026-06-01,2840.0,4640.0,0.0,4640.0,4640.0,0
280300174_,17,2026-07-01,1232.0,4207.0,0.0,4207.0,4207.0,0
030200220_,19,2026-07-01,1635.0,4293.0,0.0,4293.0,4293.0,0
030200219_,20,2026-07-01,3680.0,24349.0,0.0,24349.0,24349.0,0
030300078_,21,2026-07-01,5.0,5.0,0.0,5.0,5.0,0
030300014_,22,2026-07-01,9.0,17985.0,0.0,17985.0,17985.0,0
030200193_,23,2026-07-01,39200.0,46351.0,0.0,46351.0,46351.0,0
030201459_,24,2026-07-01,4209.0,4129.0,0.0,4129.0,4129.0,0
030200192_,25,2026-07-01,66114.0,157203.0,0.0,157203.0,157203.0,0
030200201_,26,2026-07-01,26986.0,58841.0,0.0,58841.0,58841.0,0
300200428_,27,2026-07-01,135.0,76.0,0.0,76.0,76.0,0
300201148_,32,2026-07-01,38.0,138.0,0.0,138.0,138.0,0
300201149_,33,2026-07-01,9.0,54.0,0.0,54.0,54.0,0
300201150_,34,2026-07-01,1.0,37.0,0.0,37.0,37.0,0
300201151_,35,2026-07-01,17.0,97.0,0.0,97.0,97.0,0
300201152_,36,2026-07-01,16.0,22.0,0.0,22.0,22.0,0
300201153_,37,2026-07-01,39.0,59.0,0.0,59.0,59.0,0
300201154_,38,2026-07-01,6.0,6.0,0.0,6.0,6.0,0
300201155_,39,2026-07-01,17.0,15.0,0.0,15.0,15.0,0
300200968_,40,2026-07-01,36.0,96.0,0.0,96.0,96.0,0
300200967_,41,2026-07-01,122.0,302.0,0.0,302.0,302.0,0
300200413_,42,2026-07-01,8.0,12.0,0.0,12.0,12.0,0
010400436_,43,2026-07-01,25.0,23.0,0.0,23.0,23.0,0
010400432_,44,2026-07-01,6.0,4.0,0.0,4.0,4.0,0
010400440_,45,2026-07-01,17.0,17.0,0.0,17.0,17.0,0
010400444_,46,2026-07-01,32.0,51.0,0.0,51.0,51.0,0
010400447_,47,2026-07-01,29.0,41.0,0.0,41.0,41.0,0
010400433_,48,2026-07-01,15.0,16.0,0.0,16.0,16.0,0
010400437_,49,2026-07-01,48.0,72.0,0.0,72.0,72.0,0
010400441_,50,2026-07-01,19.0,18.0,0.0,18.0,18.0,0
010400445_,51,2026-07-01,17.0,16.0,0.0,16.0,16.0,0
010400448_,52,2026-07-01,19.0,17.0,0.0,17.0,17.0,0
300200784_,53,2026-07-01,106.0,106.0,0.0,106.0,106.0,0
300200785_,54,2026-07-01,5.0,5.0,0.0,5.0,5.0,0
300200787_,56,2026-07-01,21.0,21.0,0.0,21.0,21.0,0
300200789_,58,2026-07-01,36.0,36.0,0.0,36.0,36.0,0
300200790_,59,2026-07-01,4.0,4.0,0.0,4.0,4.0,0
300200792_,61,2026-07-01,2.0,2.0,0.0,2.0,2.0,0
300200795_,64,2026-07-01,38.0,38.0,0.0,38.0,38.0,0
300200796_,65,2026-07-01,38.0,38.0,0.0,38.0,38.0,0
300200797_,66,2026-07-01,9.0,9.0,0.0,9.0,9.0,0
300200798_,67,2026-07-01,6.0,6.0,0.0,6.0,6.0,0
300200799_,68,2026-07-01,1.0,1.0,0.0,1.0,1.0,0
300200801_,70,2026-07-01,10.0,10.0,0.0,10.0,10.0,0
300200803_,72,2026-07-01,10.0,11.0,0.0,11.0,11.0,0
300200805_,74,2026-07-01,7.0,7.0,0.0,7.0,7.0,0
300200810_,79,2026-07-01,252.0,252.0,0.0,252.0,252.0,0
300200812_,81,2026-07-01,42.0,62.0,0.0,62.0,62.0,0
300200814_,83,2026-07-01,30.0,30.0,0.0,30.0,30.0,0
300200816_,85,2026-07-01,6.0,16.0,0.0,16.0,16.0,0
300200817_,86,2026-07-01,10.0,10.0,0.0,10.0,10.0,0
300200818_,87,2026-07-01,2.0,2.0,0.0,2.0,2.0,0
300200821_,90,2026-07-01,86.0,86.0,0.0,86.0,86.0,0
300200822_,91,2026-07-01,87.0,87.0,0.0,87.0,87.0,0
300200823_,92,2026-07-01,15.0,15.0,0.0,15.0,15.0,0
300200824_,93,2026-07-01,12.0,12.0,0.0,12.0,12.0,0
300200825_,94,2026-07-01,1.0,1.0,0.0,1.0,1.0,0
300200826_,95,2026-07-01,14.0,14.0,0.0,14.0,14.0,0
300200833_,102,2026-07-01,11.0,11.0,0.0,11.0,11.0,0
300200835_,104,2026-07-01,7.0,7.0,0.0,7.0,7.0,0
300200839_,108,2026-07-01,8.0,8.0,0.0,8.0,8.0,0
300200842_,111,2026-07-01,32.0,32.0,0.0,32.0,32.0,0
300200843_,112,2026-07-01,21.0,21.0,0.0,21.0,21.0,0
300200844_,113,2026-07-01,1.0,1.0,0.0,1.0,1.0,0
300200846_,115,2026-07-01,28.0,28.0,0.0,28.0,28.0,0
300200847_,116,2026-07-01,5.0,5.0,0.0,5.0,5.0,0
300200848_,117,2026-07-01,9.0,9.0,0.0,9.0,9.0,0
300200849_,118,2026-07-01,1.0,1.0,0.0,1.0,1.0,0
300200851_,120,2026-07-01,5.0,5.0,0.0,5.0,5.0,0
300200856_,125,2026-07-01,496.0,536.0,0.0,536.0,536.0,0
300200857_,126,2026-07-01,135.0,155.0,0.0,155.0,155.0,0
300200859_,128,2026-07-01,55.0,55.0,0.0,55.0,55.0,0
300200861_,130,2026-07-01,35.0,35.0,0.0,35.0,35.0,0
300200862_,131,2026-07-01,45.0,45.0,0.0,45.0,45.0,0
300200863_,132,2026-07-01,18.0,18.0,0.0,18.0,18.0,0
300200864_,133,2026-07-01,1.0,1.0,0.0,1.0,1.0,0
300200865_,134,2026-07-01,138.0,138.0,0.0,138.0,138.0,0
300200866_,135,2026-07-01,7.0,7.0,0.0,7.0,7.0,0
300200867_,136,2026-07-01,4.0,4.0,0.0,4.0,4.0,0
300200868_,137,2026-07-01,259.0,259.0,0.0,259.0,259.0,0
300200869_,138,2026-07-01,137.0,137.0,0.0,137.0,137.0,0
300200870_,139,2026-07-01,99.0,109.0,0.0,109.0,109.0,0
300200871_,140,2026-07-01,34.0,34.0,0.0,34.0,34.0,0
300200872_,141,2026-07-01,11.0,11.0,0.0,11.0,11.0,0
300200873_,142,2026-07-01,54.0,54.0,0.0,54.0,54.0,0
300200875_,144,2026-07-01,13.0,13.0,0.0,13.0,13.0,0
300200876_,145,2026-07-01,3.0,3.0,0.0,3.0,3.0,0
300200877_,146,2026-07-01,1.0,1.0,0.0,1.0,1.0,0
300200878_,147,2026-07-01,2.0,2.0,0.0,2.0,2.0,0
300200879_,148,2026-07-01,14.0,14.0,0.0,14.0,14.0,0
300200881_,150,2026-07-01,3.0,3.0,0.0,3.0,3.0,0
300200882_,151,2026-07-01,4.0,4.0,0.0,4.0,4.0,0
300200884_,153,2026-07-01,1.0,1.0,0.0,1.0,1.0,0
300200885_,154,2026-07-01,1.0,1.0,0.0,1.0,1.0,0
300200887_,156,2026-07-01,68.0,68.0,0.0,68.0,68.0,0
300200888_,157,2026-07-01,4.0,4.0,0.0,4.0,4.0,0
300200890_,159,2026-07-01,2.0,2.0,0.0,2.0,2.0,0
300200896_,164,2026-07-01,,3.0,0.0,3.0,3.0,0
300200898_,166,2026-07-01,29.0,29.0,0.0,29.0,29.0,0
300200899_,167,2026-07-01,22.0,32.0,0.0,32.0,32.0,0
300200900_,168,2026-07-01,2.0,2.0,0.0,2.0,2.0,0
300200910_,178,2026-07-01,42.0,42.0,0.0,42.0,42.0,0
300200912_,180,2026-07-01,11.0,11.0,0.0,11.0,11.0,0
300200914_,182,2026-07-01,4.0,4.0,0.0,4.0,4.0,0
300200921_,189,2026-07-01,10.0,10.0,0.0,10.0,10.0,0
300200922_,190,2026-07-01,16.0,16.0,0.0,16.0,16.0,0
300200924_,192,2026-07-01,2.0,2.0,0.0,2.0,2.0,0
300200926_,194,2026-07-01,2.0,2.0,0.0,2.0,2.0,0
300200933_,201,2026-07-01,108.0,108.0,0.0,108.0,108.0,0
300200934_,202,2026-07-01,25.0,25.0,0.0,25.0,25.0,0
300200936_,204,2026-07-01,4.0,4.0,0.0,4.0,4.0,0
300200942_,210,2026-07-01,4.0,4.0,0.0,4.0,4.0,0
300200945_,213,2026-07-01,27.0,27.0,0.0,27.0,27.0,0
300200946_,214,2026-07-01,24.0,24.0,0.0,24.0,24.0,0
300200947_,215,2026-07-01,17.0,17.0,0.0,17.0,17.0,0
300200948_,216,2026-07-01,5.0,5.0,0.0,5.0,5.0,0
300200953_,221,2026-07-01,2.0,2.0,0.0,2.0,2.0,0
300200371_,224,2026-07-01,20.0,15.0,0.0,15.0,15.0,0
300200375_,226,2026-07-01,10.0,30.0,0.0,30.0,30.0,0
300200368_,229,2026-07-01,1.0,11.0,0.0,11.0,11.0,0
300200367_,230,2026-07-01,6.0,6.0,0.0,6.0,6.0,0
300200372_,233,2026-07-01,14.0,24.0,0.0,24.0,24.0,0
300200373_,234,2026-07-01,19.0,28.0,0.0,28.0,28.0,0
300200365_,236,2026-07-01,152.0,262.0,0.0,262.0,262.0,0
300200374_,238,2026-07-01,50.0,50.0,0.0,50.0,50.0,0
300200376_,242,2026-07-01,108.0,125.0,0.0,125.0,125.0,0
300200377_,243,2026-07-01,55.0,55.0,0.0,55.0,55.0,0
300200378_,244,2026-07-01,10.0,59.0,0.0,59.0,59.0,0
300200379_,245,2026-07-01,2.0,2.0,0.0,2.0,2.0,0
300200380_,246,2026-07-01,1.0,1.0,0.0,1.0,1.0,0
300200520_,249,2026-07-01,125.0,106.0,0.0,106.0,106.0,0
300200521_,250,2026-07-01,13.0,13.0,0.0,13.0,13.0,0
300200523_,252,2026-07-01,6.0,6.0,0.0,6.0,6.0,0
300200526_,255,2026-07-01,7.0,6.0,0.0,6.0,6.0,0
300200527_,256,2026-07-01,4.0,4.0,0.0,4.0,4.0,0
300200530_,258,2026-07-01,5.0,5.0,0.0,5.0,5.0,0
300200531_,259,2026-07-01,2.0,2.0,0.0,2.0,2.0,0
300200532_,260,2026-07-01,1.0,1.0,0.0,1.0,1.0,0
300200533_,261,2026-07-01,1.0,1.0,0.0,1.0,1.0,0
300200536_,264,2026-07-01,70.0,65.0,0.0,65.0,65.0,0
300200537_,265,2026-07-01,40.0,38.0,0.0,38.0,38.0,0
300200538_,266,2026-07-01,14.0,13.0,0.0,13.0,13.0,0
300200539_,267,2026-07-01,4.0,1.0,0.0,1.0,1.0,0
300200540_,268,2026-07-01,4.0,4.0,0.0,4.0,4.0,0
300200541_,269,2026-07-01,1.0,1.0,0.0,1.0,1.0,0
300200542_,270,2026-07-01,505.0,537.0,0.0,537.0,537.0,0
300200624_,271,2026-07-01,,6.0,0.0,6.0,6.0,0
300200704_,272,2026-07-01,4.0,4.0,0.0,4.0,4.0,0
300200543_,273,2026-07-01,37.0,37.0,0.0,37.0,37.0,0
300200545_,275,2026-07-01,22.0,14.0,0.0,14.0,14.0,0
300200593_,276,2026-07-01,31.0,36.0,0.0,36.0,36.0,0
300200547_,278,2026-07-01,7.0,7.0,0.0,7.0,7.0,0
300200548_,279,2026-07-01,13.0,23.0,0.0,23.0,23.0,0
300200549_,280,2026-07-01,30.0,30.0,0.0,30.0,30.0,0
300200551_,282,2026-07-01,9.0,9.0,0.0,9.0,9.0,0
300200773_,283,2026-07-01,2.0,12.0,0.0,12.0,12.0,0
300200553_,285,2026-07-01,20.0,16.0,0.0,16.0,16.0,0
300200556_,288,2026-07-01,6.0,3.0,0.0,3.0,3.0,0
300200558_,290,2026-07-01,299.0,310.0,0.0,310.0,310.0,0
300200559_,291,2026-07-01,91.0,120.0,0.0,120.0,120.0,0
300200560_,292,2026-07-01,56.0,74.0,0.0,74.0,74.0,0
300200561_,293,2026-07-01,16.0,12.0,0.0,12.0,12.0,0
300200562_,294,2026-07-01,1.0,1.0,0.0,1.0,1.0,0
300200563_,295,2026-07-01,46.0,40.0,0.0,40.0,40.0,0
300200564_,296,2026-07-01,87.0,87.0,0.0,87.0,87.0,0
300200565_,297,2026-07-01,3.0,3.0,0.0,3.0,3.0,0
300200590_,298,2026-07-01,10.0,10.0,0.0,10.0,10.0,0
300200567_,300,2026-07-01,13.0,13.0,0.0,13.0,13.0,0
300200591_,301,2026-07-01,10.0,10.0,0.0,10.0,10.0,0
300200569_,303,2026-07-01,2.0,2.0,0.0,2.0,2.0,0
300200571_,305,2026-07-01,7.0,7.0,0.0,7.0,7.0,0
300200572_,306,2026-07-01,1.0,1.0,0.0,1.0,1.0,0
300200579_,314,2026-07-01,39.0,39.0,0.0,39.0,39.0,0
300200580_,315,2026-07-01,29.0,29.0,0.0,29.0,29.0,0
300200581_,316,2026-07-01,11.0,11.0,0.0,11.0,11.0,0
300200343_,320,2026-07-01,1396.0,1875.0,0.0,1875.0,1875.0,0
020100163_,321,2026-07-01,250.0,270.0,0.0,270.0,270.0,0
300200459_,322,2026-07-01,69.0,97.0,0.0,97.0,97.0,0
020100158_,323,2026-07-01,230.0,310.0,0.0,310.0,310.0,0
020100159_,324,2026-07-01,8.0,8.0,0.0,8.0,8.0,0
300200460_,325,2026-07-01,36.0,66.0,0.0,66.0,66.0,0
020100160_,326,2026-07-01,163.0,238.0,0.0,238.0,238.0,0
020100161_,327,2026-07-01,1.0,2.0,0.0,2.0,2.0,0
300200461_,328,2026-07-01,17.0,17.0,0.0,17.0,17.0,0
300200472_,329,2026-07-01,50.0,73.0,0.0,73.0,73.0,0
300200462_,330,2026-07-01,33.0,39.0,0.0,39.0,39.0,0
020100162_,332,2026-07-01,5.0,4.0,0.0,4.0,4.0,0
300200772_,333,2026-07-01,5.0,10.0,0.0,10.0,10.0,0
300200468_,334,2026-07-01,60.0,60.0,0.0,60.0,60.0,0
300200515_,335,2026-07-01,167.0,173.0,0.0,173.0,173.0,0
300200518_,336,2026-07-01,1.0,1.0,0.0,1.0,1.0,0
300200516_,337,2026-07-01,5.0,10.0,0.0,10.0,10.0,0
300200471_,338,2026-07-01,20.0,19.0,0.0,19.0,19.0,0
300200463_,340,2026-07-01,866.0,1029.0,0.0,1029.0,1029.0,0
300200464_,341,2026-07-01,359.0,511.0,0.0,511.0,511.0,0
300200465_,342,2026-07-01,204.0,250.0,0.0,250.0,250.0,0
300200466_,343,2026-07-01,256.0,276.0,0.0,276.0,276.0,0
300200467_,344,2026-07-01,43.0,43.0,0.0,43.0,43.0,0
300200519_,345,2026-07-01,14.0,44.0,0.0,44.0,44.0,0
300200779_,348,2026-07-01,15.0,14.0,0.0,14.0,14.0,0
300200782_,349,2026-07-01,5.0,4.0,0.0,4.0,4.0,0
030200003_,361,2026-07-01,5.0,5.0,0.0,5.0,5.0,0
030200030_,363,2026-07-01,,1240.0,0.0,1240.0,1240.0,0
030200031_,364,2026-07-01,,1000.0,0.0,1000.0,1000.0,0
030200036_,365,2026-07-01,,200.0,0.0,200.0,200.0,0
030200037_,367,2026-07-01,,3750.0,0.0,3750.0,3750.0,0
030200039_,368,2026-07-01,,30.0,0.0,30.0,30.0,0
030200028_,369,2026-07-01,,2925.0,0.0,2925.0,2925.0,0
030200029_,370,2026-07-01,,50.0,0.0,50.0,50.0,0
030200032_,371,2026-07-01,,1000.0,0.0,1000.0,1000.0,0
030200034_,372,2026-07-01,,204.0,0.0,204.0,204.0,0
030200239_,373,2026-07-01,,3968.0,0.0,3968.0,3968.0,0
030200240_,374,2026-07-01,,2944.0,0.0,2944.0,2944.0,0
030200176_,385,2026-07-01,2.0,14.0,0.0,14.0,14.0,0
300200331_,408,2026-07-01,1675.0,1894.0,0.0,1894.0,1894.0,0
300200296_,409,2026-07-01,717.0,1109.0,0.0,1109.0,1109.0,0
300200283_,410,2026-07-01,41.0,61.0,0.0,61.0,61.0,0
300200302_,411,2026-07-01,279.0,481.0,0.0,481.0,481.0,0
300200333_,412,2026-07-01,624.0,820.0,0.0,820.0,820.0,0
300200288_,413,2026-07-01,49.0,69.0,0.0,69.0,69.0,0
300200284_,414,2026-07-01,45.0,125.0,0.0,125.0,125.0,0
300200767_,415,2026-07-01,1.0,1.0,0.0,1.0,1.0,0
300200293_,416,2026-07-01,98.0,138.0,0.0,138.0,138.0,0
300200289_,417,2026-07-01,71.0,71.0,0.0,71.0,71.0,0
300200291_,419,2026-07-01,35.0,40.0,0.0,40.0,40.0,0
300200297_,420,2026-07-01,657.0,955.0,0.0,955.0,955.0,0
300200298_,421,2026-07-01,1275.0,1577.0,0.0,1577.0,1577.0,0
300200294_,423,2026-07-01,14.0,14.0,0.0,14.0,14.0,0
300200286_,424,2026-07-01,6295.0,7547.0,0.0,7547.0,7547.0,0
300200332_,425,2026-07-01,500.0,622.0,0.0,622.0,622.0,0
300200301_,426,2026-07-01,462.0,714.0,0.0,714.0,714.0,0
300200287_,427,2026-07-01,5.0,5.0,0.0,5.0,5.0,0
300200700_,428,2026-07-01,91.0,105.0,0.0,105.0,105.0,0
300200295_,429,2026-07-01,36.0,42.0,0.0,42.0,42.0,0
300200292_,430,2026-07-01,1.0,1.0,0.0,1.0,1.0,0
300200312_,432,2026-07-01,3.0,3.0,0.0,3.0,3.0,0
300200303_,433,2026-07-01,4663.0,6299.0,0.0,6299.0,6299.0,0
300200304_,434,2026-07-01,937.0,1696.0,0.0,1696.0,1696.0,0
300200305_,435,2026-07-01,446.0,690.0,0.0,690.0,690.0,0
300200306_,436,2026-07-01,139.0,205.0,0.0,205.0,205.0,0
300200307_,437,2026-07-01,13.0,47.0,0.0,47.0,47.0,0
300200310_,438,2026-07-01,20.0,20.0,0.0,20.0,20.0,0
300200311_,439,2026-07-01,57.0,57.0,0.0,57.0,57.0,0
300200308_,440,2026-07-01,2.0,12.0,0.0,12.0,12.0,0
300200309_,441,2026-07-01,5.0,5.0,0.0,5.0,5.0,0
300200313_,442,2026-07-01,45.0,45.0,0.0,45.0,45.0,0
300200498_,443,2026-07-01,41.0,59.0,0.0,59.0,59.0,0
ATN000108,444,2026-07-01,61.0,61.0,0.0,61.0,61.0,0
300200314_,445,2026-07-01,25.0,25.0,0.0,25.0,25.0,0
300200771_,448,2026-07-01,12.0,12.0,0.0,12.0,12.0,0
300200316_,449,2026-07-01,6.0,42.0,0.0,42.0,42.0,0
300200959_,450,2026-07-01,20.0,18.0,0.0,18.0,18.0,0
300200317_,451,2026-07-01,22.0,22.0,0.0,22.0,22.0,0
300200496_,452,2026-07-01,64.0,75.0,0.0,75.0,75.0,0
300200318_,454,2026-07-01,6.0,60.0,0.0,60.0,60.0,0
300200347_,455,2026-07-01,45.0,45.0,0.0,45.0,45.0,0
300200319_,456,2026-07-01,611.0,1496.0,0.0,1496.0,1496.0,0
300200320_,457,2026-07-01,170.0,530.0,0.0,530.0,530.0,0
300200321_,458,2026-07-01,34.0,340.0,0.0,340.0,340.0,0
300200322_,459,2026-07-01,114.0,1131.0,0.0,1131.0,1131.0,0
300200323_,460,2026-07-01,716.0,1764.0,0.0,1764.0,1764.0,0
300200324_,461,2026-07-01,799.0,2750.0,0.0,2750.0,2750.0,0
300200325_,462,2026-07-01,46.0,795.0,0.0,795.0,795.0,0
300200326_,463,2026-07-01,397.0,752.0,0.0,752.0,752.0,0
300200327_,464,2026-07-01,45.0,569.0,0.0,569.0,569.0,0
300200328_,465,2026-07-01,242.0,601.0,0.0,601.0,601.0,0
300200348_,467,2026-07-01,3.0,3.0,0.0,3.0,3.0,0
300200430_,470,2026-07-01,25.0,21.0,0.0,21.0,21.0,0
300200588_,471,2026-07-01,47.0,24.0,0.0,24.0,24.0,0
300200432_,473,2026-07-01,21.0,20.0,0.0,20.0,20.0,0
300200433_,477,2026-07-01,1.0,1.0,0.0,1.0,1.0,0
300200439_,478,2026-07-01,5.0,5.0,0.0,5.0,5.0,0
300200436_,482,2026-07-01,5.0,5.0,0.0,5.0,5.0,0
300200431_,483,2026-07-01,17.0,12.0,0.0,12.0,12.0,0
300200429_,486,2026-07-01,31.0,31.0,0.0,31.0,31.0,0
300200435_,490,2026-07-01,98.0,25.0,0.0,25.0,25.0,0
300200437_,491,2026-07-01,36.0,23.0,0.0,23.0,23.0,0
300200438_,492,2026-07-01,10.0,2.0,0.0,2.0,2.0,0
300200440_,493,2026-07-01,11.0,11.0,0.0,11.0,11.0,0
300200592_,497,2026-07-01,46.0,43.0,0.0,43.0,43.0,0
300200366_,498,2026-07-01,24.0,54.0,0.0,54.0,54.0,0
300200595_,500,2026-07-01,9.0,7.0,0.0,7.0,7.0,0
300200718_,502,2026-07-01,192.0,277.0,0.0,277.0,277.0,0
300200719_,503,2026-07-01,,10.0,0.0,10.0,10.0,0
300200720_,504,2026-07-01,25.0,40.0,0.0,40.0,40.0,0
300200721_,505,2026-07-01,,5.0,0.0,5.0,5.0,0
300200722_,506,2026-07-01,27.0,32.0,0.0,32.0,32.0,0
300200777_,507,2026-07-01,13.0,13.0,0.0,13.0,13.0,0
300200725_,510,2026-07-01,11.0,11.0,0.0,11.0,11.0,0
300200726_,511,2026-07-01,60.0,60.0,0.0,60.0,60.0,0
300200728_,513,2026-07-01,4.0,4.0,0.0,4.0,4.0,0
300200729_,514,2026-07-01,17.0,23.0,0.0,23.0,23.0,0
300200730_,515,2026-07-01,9.0,15.0,0.0,15.0,15.0,0
300200732_,517,2026-07-01,2.0,12.0,0.0,12.0,12.0,0
300200778_,518,2026-07-01,15.0,15.0,0.0,15.0,15.0,0
300200735_,521,2026-07-01,68.0,98.0,0.0,98.0,98.0,0
300200736_,522,2026-07-01,57.0,87.0,0.0,87.0,87.0,0
300200737_,523,2026-07-01,38.0,48.0,0.0,48.0,48.0,0
300200738_,524,2026-07-01,17.0,17.0,0.0,17.0,17.0,0
300200742_,525,2026-07-01,37.0,37.0,0.0,37.0,37.0,0
300200739_,526,2026-07-01,1.0,1.0,0.0,1.0,1.0,0
300200743_,527,2026-07-01,12.0,11.0,0.0,11.0,11.0,0
300200740_,528,2026-07-01,7.0,17.0,0.0,17.0,17.0,0
300200741_,529,2026-07-01,45.0,60.0,0.0,60.0,60.0,0
300200744_,530,2026-07-01,70.0,70.0,0.0,70.0,70.0,0
300200745_,531,2026-07-01,53.0,49.0,0.0,49.0,49.0,0
300200746_,532,2026-07-01,78.0,92.0,0.0,92.0,92.0,0
300200748_,534,2026-07-01,2.0,2.0,0.0,2.0,2.0,0
300200749_,535,2026-07-01,55.0,79.0,0.0,79.0,79.0,0
300200750_,536,2026-07-01,12.0,24.0,0.0,24.0,24.0,0
300200751_,537,2026-07-01,63.0,75.0,0.0,75.0,75.0,0
300200752_,538,2026-07-01,50.0,74.0,0.0,74.0,74.0,0
300200753_,539,2026-07-01,24.0,23.0,0.0,23.0,23.0,0
300200754_,540,2026-07-01,5.0,5.0,0.0,5.0,5.0,0
300200755_,541,2026-07-01,8.0,8.0,0.0,8.0,8.0,0
300200497_,542,2026-07-01,,12.0,0.0,12.0,12.0,0
030200226_,543,2026-07-01,4.0,453.0,0.0,453.0,453.0,0
030200223_,544,2026-07-01,641.0,1600.0,0.0,1600.0,1600.0,0
030200227_,545,2026-07-01,712.0,1384.0,0.0,1384.0,1384.0,0
030200225_,546,2026-07-01,1797.0,6291.0,0.0,6291.0,6291.0,0
030200224_,547,2026-07-01,3179.0,5769.0,0.0,5769.0,5769.0,0
030200221_,548,2026-07-01,941.0,5041.0,0.0,5041.0,5041.0,0
030200222_,549,2026-07-01,640.0,1437.0,0.0,1437.0,1437.0,0
ATN000446,551,2026-07-01,1.0,11.0,0.0,11.0,11.0,0
130300026_,553,2026-07-01,450.0,240.0,0.0,240.0,240.0,0
130300027_,554,2026-07-01,275.0,415.0,0.0,415.0,415.0,0
130300028_,555,2026-07-01,134.0,114.0,0.0,114.0,114.0,0
030200203_,556,2026-07-01,6016.0,8669.0,0.0,8669.0,8669.0,0
280300174_,17,2026-08-01,1701.0,2381.0,0.0,2381.0,2381.0,0
030300013_,18,2026-08-01,,108.0,0.0,108.0,108.0,0
030200220_,19,2026-08-01,1662.0,1257.0,0.0,1257.0,1257.0,0
030200219_,20,2026-08-01,3555.0,14256.0,0.0,14256.0,14256.0,0
030300078_,21,2026-08-01,5.0,5.0,0.0,5.0,5.0,0
030300014_,22,2026-08-01,5.0,5661.0,0.0,5661.0,5661.0,0
030200193_,23,2026-08-01,36290.0,53756.0,0.0,53756.0,53756.0,0
030201459_,24,2026-08-01,3754.0,3821.0,0.0,3821.0,3821.0,0
030200192_,25,2026-08-01,63939.0,106328.0,0.0,106328.0,106328.0,0
030200201_,26,2026-08-01,25401.0,48206.0,0.0,48206.0,48206.0,0
300200428_,27,2026-08-01,124.0,162.0,0.0,162.0,162.0,0
300201148_,32,2026-08-01,72.0,96.0,0.0,96.0,96.0,0
300201149_,33,2026-08-01,28.0,130.0,0.0,130.0,130.0,0
300201150_,34,2026-08-01,19.0,85.0,0.0,85.0,85.0,0
300201151_,35,2026-08-01,23.0,123.0,0.0,123.0,123.0,0
300201152_,36,2026-08-01,1.0,13.0,0.0,13.0,13.0,0
300201153_,37,2026-08-01,58.0,68.0,0.0,68.0,68.0,0
300201154_,38,2026-08-01,14.0,19.0,0.0,19.0,19.0,0
300201155_,39,2026-08-01,43.0,55.0,0.0,55.0,55.0,0
300200968_,40,2026-08-01,78.0,106.0,0.0,106.0,106.0,0
300200967_,41,2026-08-01,251.0,239.0,0.0,239.0,239.0,0
300200413_,42,2026-08-01,29.0,28.0,0.0,28.0,28.0,0
010400436_,43,2026-08-01,17.0,12.0,0.0,12.0,12.0,0
010400432_,44,2026-08-01,3.0,3.0,0.0,3.0,3.0,0
010400440_,45,2026-08-01,9.0,9.0,0.0,9.0,9.0,0
010400444_,46,2026-08-01,42.0,45.0,0.0,45.0,45.0,0
010400447_,47,2026-08-01,33.0,38.0,0.0,38.0,38.0,0
010400433_,48,2026-08-01,72.0,73.0,0.0,73.0,73.0,0
010400437_,49,2026-08-01,18.0,23.0,0.0,23.0,23.0,0
010400441_,50,2026-08-01,14.0,22.0,0.0,22.0,22.0,0
010400445_,51,2026-08-01,23.0,24.0,0.0,24.0,24.0,0
010400448_,52,2026-08-01,20.0,21.0,0.0,21.0,21.0,0
300200784_,53,2026-08-01,87.0,87.0,0.0,87.0,87.0,0
300200785_,54,2026-08-01,7.0,7.0,0.0,7.0,7.0,0
300200788_,57,2026-08-01,10.0,10.0,0.0,10.0,10.0,0
300200790_,59,2026-08-01,8.0,8.0,0.0,8.0,8.0,0
300200795_,64,2026-08-01,30.0,30.0,0.0,30.0,30.0,0
300200796_,65,2026-08-01,2.0,2.0,0.0,2.0,2.0,0
300200797_,66,2026-08-01,5.0,5.0,0.0,5.0,5.0,0
300200798_,67,2026-08-01,2.0,2.0,0.0,2.0,2.0,0
300200799_,68,2026-08-01,3.0,3.0,0.0,3.0,3.0,0
300200802_,71,2026-08-01,20.0,20.0,0.0,20.0,20.0,0
300200810_,79,2026-08-01,241.0,327.0,0.0,327.0,327.0,0
300200812_,81,2026-08-01,59.0,68.0,0.0,68.0,68.0,0
300200813_,82,2026-08-01,12.0,12.0,0.0,12.0,12.0,0
300200814_,83,2026-08-01,35.0,68.0,0.0,68.0,68.0,0
300200816_,85,2026-08-01,5.0,5.0,0.0,5.0,5.0,0
300200817_,86,2026-08-01,11.0,11.0,0.0,11.0,11.0,0
300200818_,87,2026-08-01,3.0,3.0,0.0,3.0,3.0,0
300200820_,89,2026-08-01,1.0,1.0,0.0,1.0,1.0,0
300200821_,90,2026-08-01,84.0,84.0,0.0,84.0,84.0,0
300200822_,91,2026-08-01,75.0,125.0,0.0,125.0,125.0,0
300200823_,92,2026-08-01,26.0,31.0,0.0,31.0,31.0,0
300200824_,93,2026-08-01,14.0,14.0,0.0,14.0,14.0,0
300200825_,94,2026-08-01,2.0,2.0,0.0,2.0,2.0,0
300200826_,95,2026-08-01,11.0,11.0,0.0,11.0,11.0,0
300200828_,97,2026-08-01,2.0,11.0,0.0,11.0,11.0,0
300200830_,99,2026-08-01,1.0,7.0,0.0,7.0,7.0,0
300200832_,101,2026-08-01,22.0,22.0,0.0,22.0,22.0,0
300200833_,102,2026-08-01,24.0,21.0,0.0,21.0,21.0,0
300200835_,104,2026-08-01,15.0,14.0,0.0,14.0,14.0,0
300200836_,105,2026-08-01,3.0,3.0,0.0,3.0,3.0,0
300200838_,107,2026-08-01,18.0,16.0,0.0,16.0,16.0,0
300200839_,108,2026-08-01,8.0,8.0,0.0,8.0,8.0,0
300200840_,109,2026-08-01,20.0,20.0,0.0,20.0,20.0,0
300200842_,111,2026-08-01,177.0,177.0,0.0,177.0,177.0,0
300200844_,113,2026-08-01,8.0,8.0,0.0,8.0,8.0,0
300200846_,115,2026-08-01,96.0,88.0,0.0,88.0,88.0,0
300200847_,116,2026-08-01,47.0,42.0,0.0,42.0,42.0,0
300200848_,117,2026-08-01,15.0,15.0,0.0,15.0,15.0,0
300200849_,118,2026-08-01,11.0,9.0,0.0,9.0,9.0,0
300200850_,119,2026-08-01,1.0,1.0,0.0,1.0,1.0,0
300200851_,120,2026-08-01,20.0,20.0,0.0,20.0,20.0,0
300200853_,122,2026-08-01,22.0,20.0,0.0,20.0,20.0,0
300200856_,125,2026-08-01,-7.0,23.0,0.0,23.0,23.0,0
300200857_,126,2026-08-01,10.0,15.0,0.0,15.0,15.0,0
300200859_,128,2026-08-01,9.0,9.0,0.0,9.0,9.0,0
300200861_,130,2026-08-01,2.0,2.0,0.0,2.0,2.0,0
300200862_,131,2026-08-01,10.0,10.0,0.0,10.0,10.0,0
300200863_,132,2026-08-01,2.0,2.0,0.0,2.0,2.0,0
300200865_,134,2026-08-01,4.0,4.0,0.0,4.0,4.0,0
300200866_,135,2026-08-01,3.0,3.0,0.0,3.0,3.0,0
300200868_,137,2026-08-01,12.0,92.0,0.0,92.0,92.0,0
300200870_,139,2026-08-01,2.0,2.0,0.0,2.0,2.0,0
300200873_,142,2026-08-01,3.0,3.0,0.0,3.0,3.0,0
300200875_,144,2026-08-01,4.0,3.0,0.0,3.0,3.0,0
300200877_,146,2026-08-01,1.0,1.0,0.0,1.0,1.0,0
300200879_,148,2026-08-01,4.0,4.0,0.0,4.0,4.0,0
300200882_,151,2026-08-01,38.0,38.0,0.0,38.0,38.0,0
300200883_,152,2026-08-01,14.0,14.0,0.0,14.0,14.0,0
300200884_,153,2026-08-01,3.0,3.0,0.0,3.0,3.0,0
300200893_,161,2026-08-01,1.0,1.0,0.0,1.0,1.0,0
300200898_,166,2026-08-01,1.0,1.0,0.0,1.0,1.0,0
300200910_,178,2026-08-01,9.0,139.0,0.0,139.0,139.0,0
300200912_,180,2026-08-01,,25.0,0.0,25.0,25.0,0
300200913_,181,2026-08-01,6.0,6.0,0.0,6.0,6.0,0
300200916_,184,2026-08-01,,5.0,0.0,5.0,5.0,0
300200917_,185,2026-08-01,4.0,4.0,0.0,4.0,4.0,0
300200920_,188,2026-08-01,1.0,1.0,0.0,1.0,1.0,0
300200921_,189,2026-08-01,14.0,54.0,0.0,54.0,54.0,0
300200922_,190,2026-08-01,3.0,33.0,0.0,33.0,33.0,0
300200923_,191,2026-08-01,4.0,14.0,0.0,14.0,14.0,0
300200926_,194,2026-08-01,,5.0,0.0,5.0,5.0,0
300200928_,196,2026-08-01,2.0,2.0,0.0,2.0,2.0,0
300200931_,199,2026-08-01,6.0,6.0,0.0,6.0,6.0,0
300200933_,201,2026-08-01,211.0,207.0,0.0,207.0,207.0,0
300200934_,202,2026-08-01,61.0,57.0,0.0,57.0,57.0,0
300200936_,204,2026-08-01,22.0,20.0,0.0,20.0,20.0,0
300200938_,206,2026-08-01,10.0,10.0,0.0,10.0,10.0,0
300200939_,207,2026-08-01,19.0,17.0,0.0,17.0,17.0,0
300200940_,208,2026-08-01,4.0,4.0,0.0,4.0,4.0,0
300200942_,210,2026-08-01,20.0,20.0,0.0,20.0,20.0,0
300200943_,211,2026-08-01,8.0,8.0,0.0,8.0,8.0,0
300200945_,213,2026-08-01,103.0,93.0,0.0,93.0,93.0,0
300200946_,214,2026-08-01,79.0,78.0,0.0,78.0,78.0,0
300200947_,215,2026-08-01,25.0,25.0,0.0,25.0,25.0,0
300200948_,216,2026-08-01,8.0,8.0,0.0,8.0,8.0,0
300200949_,217,2026-08-01,5.0,4.0,0.0,4.0,4.0,0
300200950_,218,2026-08-01,3.0,3.0,0.0,3.0,3.0,0
300200955_,223,2026-08-01,2.0,2.0,0.0,2.0,2.0,0
300200371_,224,2026-08-01,25.0,22.0,0.0,22.0,22.0,0
300200375_,226,2026-08-01,25.0,25.0,0.0,25.0,25.0,0
300200368_,229,2026-08-01,1.0,1.0,0.0,1.0,1.0,0
300200372_,233,2026-08-01,5.0,5.0,0.0,5.0,5.0,0
300200373_,234,2026-08-01,-1.0,2.0,0.0,2.0,2.0,0
300200365_,236,2026-08-01,176.0,295.0,0.0,295.0,295.0,0
300200374_,238,2026-08-01,3.0,2.0,0.0,2.0,2.0,0
300200376_,242,2026-08-01,136.0,201.0,0.0,201.0,201.0,0
300200377_,243,2026-08-01,29.0,69.0,0.0,69.0,69.0,0
300200378_,244,2026-08-01,10.0,11.0,0.0,11.0,11.0,0
300200379_,245,2026-08-01,1.0,1.0,0.0,1.0,1.0,0
щщщ0116254,248,2026-08-01,2.0,2.0,0.0,2.0,2.0,0
300200520_,249,2026-08-01,111.0,111.0,0.0,111.0,111.0,0
300200523_,252,2026-08-01,8.0,8.0,0.0,8.0,8.0,0
300200524_,253,2026-08-01,3.0,3.0,0.0,3.0,3.0,0
300200525_,254,2026-08-01,1.0,1.0,0.0,1.0,1.0,0
300200526_,255,2026-08-01,10.0,10.0,0.0,10.0,10.0,0
300200527_,256,2026-08-01,2.0,2.0,0.0,2.0,2.0,0
300200531_,259,2026-08-01,2.0,2.0,0.0,2.0,2.0,0
300200532_,260,2026-08-01,1.0,1.0,0.0,1.0,1.0,0
300200534_,262,2026-08-01,3.0,3.0,0.0,3.0,3.0,0
300200536_,264,2026-08-01,75.0,75.0,0.0,75.0,75.0,0
300200537_,265,2026-08-01,37.0,37.0,0.0,37.0,37.0,0
300200538_,266,2026-08-01,12.0,12.0,0.0,12.0,12.0,0
300200539_,267,2026-08-01,6.0,6.0,0.0,6.0,6.0,0
300200540_,268,2026-08-01,1.0,1.0,0.0,1.0,1.0,0
300200542_,270,2026-08-01,1066.0,979.0,0.0,979.0,979.0,0
300200543_,273,2026-08-01,72.0,67.0,0.0,67.0,67.0,0
300200545_,275,2026-08-01,26.0,21.0,0.0,21.0,21.0,0
300200593_,276,2026-08-01,134.0,124.0,0.0,124.0,124.0,0
300200547_,278,2026-08-01,22.0,21.0,0.0,21.0,21.0,0
300200548_,279,2026-08-01,35.0,24.0,0.0,24.0,24.0,0
300200549_,280,2026-08-01,38.0,38.0,0.0,38.0,38.0,0
300200550_,281,2026-08-01,2.0,2.0,0.0,2.0,2.0,0
300200551_,282,2026-08-01,3.0,3.0,0.0,3.0,3.0,0
300200773_,283,2026-08-01,1.0,1.0,0.0,1.0,1.0,0
300200552_,284,2026-08-01,41.0,35.0,0.0,35.0,35.0,0
300200553_,285,2026-08-01,92.0,86.0,0.0,86.0,86.0,0
300200554_,286,2026-08-01,3.0,2.0,0.0,2.0,2.0,0
300200555_,287,2026-08-01,11.0,6.0,0.0,6.0,6.0,0
300200558_,290,2026-08-01,480.0,437.0,0.0,437.0,437.0,0
300200559_,291,2026-08-01,311.0,282.0,0.0,282.0,282.0,0
300200560_,292,2026-08-01,111.0,94.0,0.0,94.0,94.0,0
300200561_,293,2026-08-01,26.0,22.0,0.0,22.0,22.0,0
300200562_,294,2026-08-01,10.0,8.0,0.0,8.0,8.0,0
300200563_,295,2026-08-01,53.0,50.0,0.0,50.0,50.0,0
300200564_,296,2026-08-01,80.0,80.0,0.0,80.0,80.0,0
300200565_,297,2026-08-01,31.0,31.0,0.0,31.0,31.0,0
300200590_,298,2026-08-01,18.0,18.0,0.0,18.0,18.0,0
300200567_,300,2026-08-01,3.0,3.0,0.0,3.0,3.0,0
300200591_,301,2026-08-01,2.0,2.0,0.0,2.0,2.0,0
300200570_,304,2026-08-01,2.0,2.0,0.0,2.0,2.0,0
300200573_,307,2026-08-01,1.0,1.0,0.0,1.0,1.0,0
300200574_,308,2026-08-01,5.0,5.0,0.0,5.0,5.0,0
300200511_,310,2026-08-01,4.0,4.0,0.0,4.0,4.0,0
300200576_,311,2026-08-01,30.0,30.0,0.0,30.0,30.0,0
300200776_,312,2026-08-01,5.0,5.0,0.0,5.0,5.0,0
300200579_,314,2026-08-01,74.0,74.0,0.0,74.0,74.0,0
300200580_,315,2026-08-01,3.0,3.0,0.0,3.0,3.0,0
300200582_,317,2026-08-01,1.0,1.0,0.0,1.0,1.0,0
300200584_,319,2026-08-01,3.0,3.0,0.0,3.0,3.0,0
300200343_,320,2026-08-01,1524.0,1552.0,0.0,1552.0,1552.0,0
020100163_,321,2026-08-01,130.0,130.0,0.0,130.0,130.0,0
300200459_,322,2026-08-01,30.0,146.0,0.0,146.0,146.0,0
020100158_,323,2026-08-01,337.0,357.0,0.0,357.0,357.0,0
300200460_,325,2026-08-01,29.0,43.0,0.0,43.0,43.0,0
020100160_,326,2026-08-01,246.0,262.0,0.0,262.0,262.0,0
020100161_,327,2026-08-01,10.0,10.0,0.0,10.0,10.0,0
300200461_,328,2026-08-01,22.0,22.0,0.0,22.0,22.0,0
300200472_,329,2026-08-01,100.0,110.0,0.0,110.0,110.0,0
300200462_,330,2026-08-01,76.0,76.0,0.0,76.0,76.0,0
020100162_,332,2026-08-01,23.0,23.0,0.0,23.0,23.0,0
300200772_,333,2026-08-01,7.0,7.0,0.0,7.0,7.0,0
300200468_,334,2026-08-01,119.0,123.0,0.0,123.0,123.0,0
300200515_,335,2026-08-01,48.0,39.0,0.0,39.0,39.0,0
300200518_,336,2026-08-01,20.0,20.0,0.0,20.0,20.0,0
300200516_,337,2026-08-01,84.0,60.0,0.0,60.0,60.0,0
300200471_,338,2026-08-01,15.0,15.0,0.0,15.0,15.0,0
300200463_,340,2026-08-01,627.0,651.0,0.0,651.0,651.0,0
300200464_,341,2026-08-01,411.0,402.0,0.0,402.0,402.0,0
300200465_,342,2026-08-01,123.0,117.0,0.0,117.0,117.0,0
300200466_,343,2026-08-01,101.0,93.0,0.0,93.0,93.0,0
300200467_,344,2026-08-01,18.0,18.0,0.0,18.0,18.0,0
300200519_,345,2026-08-01,78.0,78.0,0.0,78.0,78.0,0
300200779_,348,2026-08-01,6.0,5.0,0.0,5.0,5.0,0
300200782_,349,2026-08-01,4.0,2.0,0.0,2.0,2.0,0
300200783_,350,2026-08-01,5.0,5.0,0.0,5.0,5.0,0
030200003_,361,2026-08-01,10.0,10.0,0.0,10.0,10.0,0
030200030_,363,2026-08-01,,3720.0,0.0,3720.0,3720.0,0
030200031_,364,2026-08-01,,1940.0,0.0,1940.0,1940.0,0
030200036_,365,2026-08-01,,1760.0,0.0,1760.0,1760.0,0
030200038_,366,2026-08-01,,900.0,0.0,900.0,900.0,0
030200037_,367,2026-08-01,,3750.0,0.0,3750.0,3750.0,0
030200039_,368,2026-08-01,,190.0,0.0,190.0,190.0,0
030200028_,369,2026-08-01,,2450.0,0.0,2450.0,2450.0,0
030200029_,370,2026-08-01,,75.0,0.0,75.0,75.0,0
030200032_,371,2026-08-01,,2850.0,0.0,2850.0,2850.0,0
030200034_,372,2026-08-01,,833.0,0.0,833.0,833.0,0
030200239_,373,2026-08-01,,6624.0,0.0,6624.0,6624.0,0
030200240_,374,2026-08-01,,1984.0,0.0,1984.0,1984.0,0
030200176_,385,2026-08-01,3.0,3.0,0.0,3.0,3.0,0
030200250_,403,2026-08-01,3.0,3.0,0.0,3.0,3.0,0
300200331_,408,2026-08-01,1107.0,1143.0,0.0,1143.0,1143.0,0
300200296_,409,2026-08-01,586.0,783.0,0.0,783.0,783.0,0
300200283_,410,2026-08-01,76.0,65.0,0.0,65.0,65.0,0
300200302_,411,2026-08-01,293.0,384.0,0.0,384.0,384.0,0
300200333_,412,2026-08-01,660.0,638.0,0.0,638.0,638.0,0
300200288_,413,2026-08-01,29.0,40.0,0.0,40.0,40.0,0
300200284_,414,2026-08-01,84.0,81.0,0.0,81.0,81.0,0
300200293_,416,2026-08-01,193.0,192.0,0.0,192.0,192.0,0
300200289_,417,2026-08-01,198.0,212.0,0.0,212.0,212.0,0
300200291_,419,2026-08-01,56.0,56.0,0.0,56.0,56.0,0
300200297_,420,2026-08-01,521.0,861.0,0.0,861.0,861.0,0
300200298_,421,2026-08-01,1367.0,1368.0,0.0,1368.0,1368.0,0
300200299_,422,2026-08-01,2.0,2.0,0.0,2.0,2.0,0
300200294_,423,2026-08-01,49.0,89.0,0.0,89.0,89.0,0
300200286_,424,2026-08-01,5686.0,7077.0,0.0,7077.0,7077.0,0
300200332_,425,2026-08-01,416.0,623.0,0.0,623.0,623.0,0
300200301_,426,2026-08-01,673.0,760.0,0.0,760.0,760.0,0
300200287_,427,2026-08-01,1.0,1.0,0.0,1.0,1.0,0
300200700_,428,2026-08-01,131.0,131.0,0.0,131.0,131.0,0
300200295_,429,2026-08-01,23.0,20.0,0.0,20.0,20.0,0
300200292_,430,2026-08-01,4.0,4.0,0.0,4.0,4.0,0
300200300_,431,2026-08-01,2.0,2.0,0.0,2.0,2.0,0
300200303_,433,2026-08-01,3530.0,5000.0,0.0,5000.0,5000.0,0
300200304_,434,2026-08-01,1547.0,1562.0,0.0,1562.0,1562.0,0
300200305_,435,2026-08-01,568.0,594.0,0.0,594.0,594.0,0
300200306_,436,2026-08-01,218.0,239.0,0.0,239.0,239.0,0
300200307_,437,2026-08-01,31.0,29.0,0.0,29.0,29.0,0
300200310_,438,2026-08-01,10.0,10.0,0.0,10.0,10.0,0
300200311_,439,2026-08-01,61.0,54.0,0.0,54.0,54.0,0
300200308_,440,2026-08-01,49.0,48.0,0.0,48.0,48.0,0
300200309_,441,2026-08-01,10.0,10.0,0.0,10.0,10.0,0
300200313_,442,2026-08-01,34.0,64.0,0.0,64.0,64.0,0
300200498_,443,2026-08-01,183.0,183.0,0.0,183.0,183.0,0
300200314_,445,2026-08-01,9.0,54.0,0.0,54.0,54.0,0
ATN000109,446,2026-08-01,6.0,6.0,0.0,6.0,6.0,0
300200315_,447,2026-08-01,,30.0,0.0,30.0,30.0,0
300200771_,448,2026-08-01,16.0,19.0,0.0,19.0,19.0,0
300200316_,449,2026-08-01,,42.0,0.0,42.0,42.0,0
300200959_,450,2026-08-01,29.0,29.0,0.0,29.0,29.0,0
300200317_,451,2026-08-01,37.0,107.0,0.0,107.0,107.0,0
300200496_,452,2026-08-01,6.0,6.0,0.0,6.0,6.0,0
300200318_,454,2026-08-01,50.0,362.0,0.0,362.0,362.0,0
300200347_,455,2026-08-01,3.0,3.0,0.0,3.0,3.0,0
300200319_,456,2026-08-01,299.0,1251.0,0.0,1251.0,1251.0,0
300200320_,457,2026-08-01,61.0,191.0,0.0,191.0,191.0,0
300200321_,458,2026-08-01,3.0,381.0,0.0,381.0,381.0,0
300200322_,459,2026-08-01,84.0,634.0,0.0,634.0,634.0,0
300200323_,460,2026-08-01,492.0,1101.0,0.0,1101.0,1101.0,0
300200324_,461,2026-08-01,886.0,2791.0,0.0,2791.0,2791.0,0
300200325_,462,2026-08-01,44.0,313.0,0.0,313.0,313.0,0
300200326_,463,2026-08-01,426.0,617.0,0.0,617.0,617.0,0
300200327_,464,2026-08-01,38.0,184.0,0.0,184.0,184.0,0
300200328_,465,2026-08-01,255.0,576.0,0.0,576.0,576.0,0
300200330_,466,2026-08-01,2.0,2.0,0.0,2.0,2.0,0
300200348_,467,2026-08-01,1.0,1.0,0.0,1.0,1.0,0
300200430_,470,2026-08-01,31.0,31.0,0.0,31.0,31.0,0
300200588_,471,2026-08-01,-68.0,10.0,0.0,10.0,10.0,0
300200443_,472,2026-08-01,-10.0,16.0,0.0,16.0,16.0,0
300200432_,473,2026-08-01,9.0,9.0,0.0,9.0,9.0,0
300200444_,474,2026-08-01,-8.0,1.0,0.0,1.0,1.0,0
300200433_,477,2026-08-01,1.0,6.0,0.0,6.0,6.0,0
300200439_,478,2026-08-01,13.0,26.0,0.0,26.0,26.0,0
300200774_,481,2026-08-01,2.0,2.0,0.0,2.0,2.0,0
300200436_,482,2026-08-01,,26.0,0.0,26.0,26.0,0
300200431_,483,2026-08-01,4.0,5.0,0.0,5.0,5.0,0
300200429_,486,2026-08-01,,2.0,0.0,2.0,2.0,0
300200632_,487,2026-08-01,95.0,95.0,0.0,95.0,95.0,0
300200441_,488,2026-08-01,1.0,1.0,0.0,1.0,1.0,0
300200435_,490,2026-08-01,18.0,116.0,0.0,116.0,116.0,0
300200437_,491,2026-08-01,19.0,42.0,0.0,42.0,42.0,0
300200438_,492,2026-08-01,12.0,32.0,0.0,32.0,32.0,0
300200440_,493,2026-08-01,-2.0,11.0,0.0,11.0,11.0,0
300200445_,494,2026-08-01,-7.0,3.0,0.0,3.0,3.0,0
300200446_,495,2026-08-01,,5.0,0.0,5.0,5.0,0
300200592_,497,2026-08-01,87.0,80.0,0.0,80.0,80.0,0
LNVA105011,499,2026-08-01,2.0,2.0,0.0,2.0,2.0,0
300200595_,500,2026-08-01,16.0,16.0,0.0,16.0,16.0,0
300200718_,502,2026-08-01,348.0,348.0,0.0,348.0,348.0,0
300200720_,504,2026-08-01,50.0,49.0,0.0,49.0,49.0,0
300200721_,505,2026-08-01,2.0,2.0,0.0,2.0,2.0,0
300200722_,506,2026-08-01,42.0,57.0,0.0,57.0,57.0,0
300200777_,507,2026-08-01,26.0,26.0,0.0,26.0,26.0,0
300200723_,508,2026-08-01,5.0,5.0,0.0,5.0,5.0,0
300200724_,509,2026-08-01,4.0,2.0,0.0,2.0,2.0,0
300200725_,510,2026-08-01,38.0,32.0,0.0,32.0,32.0,0
300200726_,511,2026-08-01,19.0,17.0,0.0,17.0,17.0,0
300200728_,513,2026-08-01,5.0,5.0,0.0,5.0,5.0,0
300200729_,514,2026-08-01,13.0,13.0,0.0,13.0,13.0,0
300200730_,515,2026-08-01,27.0,21.0,0.0,21.0,21.0,0
300200732_,517,2026-08-01,7.0,4.0,0.0,4.0,4.0,0
300200778_,518,2026-08-01,12.0,12.0,0.0,12.0,12.0,0
300200733_,519,2026-08-01,2.0,2.0,0.0,2.0,2.0,0
300200735_,521,2026-08-01,356.0,365.0,0.0,365.0,365.0,0
300200736_,522,2026-08-01,72.0,80.0,0.0,80.0,80.0,0
300200737_,523,2026-08-01,31.0,29.0,0.0,29.0,29.0,0
300200738_,524,2026-08-01,23.0,18.0,0.0,18.0,18.0,0
300200742_,525,2026-08-01,197.0,197.0,0.0,197.0,197.0,0
300200743_,527,2026-08-01,24.0,24.0,0.0,24.0,24.0,0
300200740_,528,2026-08-01,11.0,11.0,0.0,11.0,11.0,0
300200741_,529,2026-08-01,23.0,32.0,0.0,32.0,32.0,0
300200744_,530,2026-08-01,202.0,259.0,0.0,259.0,259.0,0
300200745_,531,2026-08-01,101.0,136.0,0.0,136.0,136.0,0
300200746_,532,2026-08-01,59.0,55.0,0.0,55.0,55.0,0
300200747_,533,2026-08-01,1.0,1.0,0.0,1.0,1.0,0
300200748_,534,2026-08-01,1.0,1.0,0.0,1.0,1.0,0
300200749_,535,2026-08-01,56.0,53.0,0.0,53.0,53.0,0
300200750_,536,2026-08-01,25.0,24.0,0.0,24.0,24.0,0
300200751_,537,2026-08-01,164.0,181.0,0.0,181.0,181.0,0
300200752_,538,2026-08-01,101.0,110.0,0.0,110.0,110.0,0
300200753_,539,2026-08-01,13.0,13.0,0.0,13.0,13.0,0
300200754_,540,2026-08-01,5.0,4.0,0.0,4.0,4.0,0
300200755_,541,2026-08-01,3.0,9.0,0.0,9.0,9.0,0
300200497_,542,2026-08-01,6.0,6.0,0.0,6.0,6.0,0
030200226_,543,2026-08-01,189.0,189.0,0.0,189.0,189.0,0
030200223_,544,2026-08-01,969.0,1806.0,0.0,1806.0,1806.0,0
030200227_,545,2026-08-01,330.0,323.0,0.0,323.0,323.0,0
030200225_,546,2026-08-01,1778.0,5858.0,0.0,5858.0,5858.0,0
030200224_,547,2026-08-01,2076.0,5144.0,0.0,5144.0,5144.0,0
030200221_,548,2026-08-01,547.0,789.0,0.0,789.0,789.0,0
030200222_,549,2026-08-01,313.0,867.0,0.0,867.0,867.0,0
130300026_,553,2026-08-01,479.0,479.0,0.0,479.0,479.0,0
130300028_,555,2026-08-01,388.0,668.0,0.0,668.0,668.0,0
030200203_,556,2026-08-01,3840.0,5743.0,0.0,5743.0,5743.0,0
280300174_,17,2026-09-01,398.0,396.0,0.0,396.0,396.0,0
030200220_,19,2026-09-01,1092.0,1614.0,0.0,1614.0,1614.0,0
030200219_,20,2026-09-01,2979.0,23797.0,0.0,23797.0,23797.0,0
030300078_,21,2026-09-01,2.0,2.0,0.0,2.0,2.0,0
030300014_,22,2026-09-01,186.0,9706.0,0.0,9706.0,9706.0,0
030200193_,23,2026-09-01,27768.0,50102.0,0.0,50102.0,50102.0,0
030201459_,24,2026-09-01,2870.0,2689.0,0.0,2689.0,2689.0,0
030200192_,25,2026-09-01,50941.0,146023.0,0.0,146023.0,146023.0,0
030200201_,26,2026-09-01,21765.0,68417.0,0.0,68417.0,68417.0,0
300200428_,27,2026-09-01,81.0,85.0,0.0,85.0,85.0,0
ATN001232,31,2026-09-01,1.0,1.0,0.0,1.0,1.0,0
300201148_,32,2026-09-01,52.0,81.0,0.0,81.0,81.0,0
300201149_,33,2026-09-01,27.0,41.0,0.0,41.0,41.0,0
300201151_,35,2026-09-01,36.0,55.0,0.0,55.0,55.0,0
300201152_,36,2026-09-01,1.0,1.0,0.0,1.0,1.0,0
300201153_,37,2026-09-01,33.0,59.0,0.0,59.0,59.0,0
300201155_,39,2026-09-01,20.0,20.0,0.0,20.0,20.0,0
300200968_,40,2026-09-01,33.0,128.0,0.0,128.0,128.0,0
300200967_,41,2026-09-01,211.0,477.0,0.0,477.0,477.0,0
300200413_,42,2026-09-01,7.0,67.0,0.0,67.0,67.0,0
010400436_,43,2026-09-01,12.0,9.0,0.0,9.0,9.0,0
010400440_,45,2026-09-01,8.0,7.0,0.0,7.0,7.0,0
010400444_,46,2026-09-01,20.0,28.0,0.0,28.0,28.0,0
010400447_,47,2026-09-01,24.0,29.0,0.0,29.0,29.0,0
010400433_,48,2026-09-01,7.0,3.0,0.0,3.0,3.0,0
010400437_,49,2026-09-01,19.0,20.0,0.0,20.0,20.0,0
010400441_,50,2026-09-01,11.0,10.0,0.0,10.0,10.0,0
010400445_,51,2026-09-01,19.0,28.0,0.0,28.0,28.0,0
010400448_,52,2026-09-01,13.0,13.0,0.0,13.0,13.0,0
300200784_,53,2026-09-01,59.0,59.0,0.0,59.0,59.0,0
300200785_,54,2026-09-01,14.0,14.0,0.0,14.0,14.0,0
300200787_,56,2026-09-01,8.0,7.0,0.0,7.0,7.0,0
300200795_,64,2026-09-01,22.0,22.0,0.0,22.0,22.0,0
300200796_,65,2026-09-01,14.0,14.0,0.0,14.0,14.0,0
300200797_,66,2026-09-01,3.0,3.0,0.0,3.0,3.0,0
300200798_,67,2026-09-01,3.0,3.0,0.0,3.0,3.0,0
300200799_,68,2026-09-01,1.0,1.0,0.0,1.0,1.0,0
300200806_,75,2026-09-01,5.0,5.0,0.0,5.0,5.0,0
300200810_,79,2026-09-01,112.0,71.0,0.0,71.0,71.0,0
300200811_,80,2026-09-01,75.0,107.0,0.0,107.0,107.0,0
300200812_,81,2026-09-01,36.0,16.0,0.0,16.0,16.0,0
300200814_,83,2026-09-01,27.0,21.0,0.0,21.0,21.0,0
300200817_,86,2026-09-01,18.0,6.0,0.0,6.0,6.0,0
300200818_,87,2026-09-01,1.0,1.0,0.0,1.0,1.0,0
300200821_,90,2026-09-01,147.0,93.0,0.0,93.0,93.0,0
300200822_,91,2026-09-01,58.0,48.0,0.0,48.0,48.0,0
300200823_,92,2026-09-01,15.0,17.0,0.0,17.0,17.0,0
300200824_,93,2026-09-01,7.0,7.0,0.0,7.0,7.0,0
300200826_,95,2026-09-01,1.0,1.0,0.0,1.0,1.0,0
300200828_,97,2026-09-01,,2.0,0.0,2.0,2.0,0
300200832_,101,2026-09-01,,2.0,0.0,2.0,2.0,0
300200833_,102,2026-09-01,15.0,15.0,0.0,15.0,15.0,0
300200835_,104,2026-09-01,7.0,7.0,0.0,7.0,7.0,0
300200839_,108,2026-09-01,4.0,4.0,0.0,4.0,4.0,0
300200842_,111,2026-09-01,81.0,81.0,0.0,81.0,81.0,0
300200844_,113,2026-09-01,3.0,3.0,0.0,3.0,3.0,0
300200846_,115,2026-09-01,54.0,54.0,0.0,54.0,54.0,0
300200847_,116,2026-09-01,17.0,16.0,0.0,16.0,16.0,0
300200848_,117,2026-09-01,11.0,11.0,0.0,11.0,11.0,0
300200851_,120,2026-09-01,4.0,4.0,0.0,4.0,4.0,0
300200856_,125,2026-09-01,241.0,240.0,0.0,240.0,240.0,0
300200857_,126,2026-09-01,40.0,39.0,0.0,39.0,39.0,0
300200858_,127,2026-09-01,3.0,3.0,0.0,3.0,3.0,0
300200859_,128,2026-09-01,27.0,27.0,0.0,27.0,27.0,0
300200860_,129,2026-09-01,1.0,1.0,0.0,1.0,1.0,0
300200861_,130,2026-09-01,17.0,17.0,0.0,17.0,17.0,0
300200862_,131,2026-09-01,17.0,17.0,0.0,17.0,17.0,0
300200863_,132,2026-09-01,3.0,3.0,0.0,3.0,3.0,0
300200864_,133,2026-09-01,1.0,1.0,0.0,1.0,1.0,0
300200865_,134,2026-09-01,65.0,65.0,0.0,65.0,65.0,0
300200868_,137,2026-09-01,59.0,57.0,0.0,57.0,57.0,0
300200869_,138,2026-09-01,55.0,55.0,0.0,55.0,55.0,0
300200870_,139,2026-09-01,39.0,39.0,0.0,39.0,39.0,0
300200871_,140,2026-09-01,18.0,18.0,0.0,18.0,18.0,0
300200872_,141,2026-09-01,2.0,2.0,0.0,2.0,2.0,0
300200873_,142,2026-09-01,11.0,11.0,0.0,11.0,11.0,0
300200875_,144,2026-09-01,,1.0,0.0,1.0,1.0,0
300200876_,145,2026-09-01,4.0,4.0,0.0,4.0,4.0,0
300200881_,150,2026-09-01,3.0,3.0,0.0,3.0,3.0,0
300200888_,157,2026-09-01,20.0,20.0,0.0,20.0,20.0,0
300200890_,159,2026-09-01,24.0,24.0,0.0,24.0,24.0,0
300200892_,160,2026-09-01,5.0,5.0,0.0,5.0,5.0,0
300200893_,161,2026-09-01,4.0,4.0,0.0,4.0,4.0,0
300200894_,162,2026-09-01,5.0,5.0,0.0,5.0,5.0,0
300200896_,164,2026-09-01,103.0,103.0,0.0,103.0,103.0,0
300200898_,166,2026-09-01,73.0,73.0,0.0,73.0,73.0,0
300200899_,167,2026-09-01,22.0,22.0,0.0,22.0,22.0,0
300200900_,168,2026-09-01,14.0,14.0,0.0,14.0,14.0,0
300200901_,169,2026-09-01,2.0,2.0,0.0,2.0,2.0,0
300200903_,171,2026-09-01,2.0,2.0,0.0,2.0,2.0,0
300200910_,178,2026-09-01,50.0,50.0,0.0,50.0,50.0,0
300200912_,180,2026-09-01,11.0,16.0,0.0,16.0,16.0,0
300200914_,182,2026-09-01,4.0,4.0,0.0,4.0,4.0,0
300200916_,184,2026-09-01,3.0,3.0,0.0,3.0,3.0,0
300200921_,189,2026-09-01,32.0,32.0,0.0,32.0,32.0,0
300200922_,190,2026-09-01,32.0,44.0,0.0,44.0,44.0,0
300200923_,191,2026-09-01,17.0,17.0,0.0,17.0,17.0,0
300200924_,192,2026-09-01,4.0,4.0,0.0,4.0,4.0,0
300200926_,194,2026-09-01,10.0,10.0,0.0,10.0,10.0,0
300200928_,196,2026-09-01,4.0,4.0,0.0,4.0,4.0,0
300200933_,201,2026-09-01,44.0,54.0,0.0,54.0,54.0,0
300200936_,204,2026-09-01,1.0,1.0,0.0,1.0,1.0,0
300200939_,207,2026-09-01,2.0,2.0,0.0,2.0,2.0,0
300200945_,213,2026-09-01,19.0,29.0,0.0,29.0,29.0,0
300200946_,214,2026-09-01,4.0,4.0,0.0,4.0,4.0,0
300200947_,215,2026-09-01,4.0,4.0,0.0,4.0,4.0,0
300200371_,224,2026-09-01,1.0,1.0,0.0,1.0,1.0,0
300200420_,225,2026-09-01,1.0,1.0,0.0,1.0,1.0,0
300200375_,226,2026-09-01,14.0,14.0,0.0,14.0,14.0,0
300200422_,227,2026-09-01,2.0,2.0,0.0,2.0,2.0,0
300200363_,228,2026-09-01,1.0,1.0,0.0,1.0,1.0,0
300200368_,229,2026-09-01,2.0,2.0,0.0,2.0,2.0,0
300200426_,231,2026-09-01,6.0,6.0,0.0,6.0,6.0,0
300200373_,234,2026-09-01,2.0,2.0,0.0,2.0,2.0,0
300200365_,236,2026-09-01,109.0,229.0,0.0,229.0,229.0,0
300200374_,238,2026-09-01,20.0,20.0,0.0,20.0,20.0,0
300200376_,242,2026-09-01,50.0,170.0,0.0,170.0,170.0,0
300200377_,243,2026-09-01,36.0,86.0,0.0,86.0,86.0,0
300200378_,244,2026-09-01,12.0,17.0,0.0,17.0,17.0,0
300200421_,247,2026-09-01,1.0,1.0,0.0,1.0,1.0,0
300200520_,249,2026-09-01,138.0,138.0,0.0,138.0,138.0,0
300200521_,250,2026-09-01,9.0,9.0,0.0,9.0,9.0,0
300200522_,251,2026-09-01,1.0,1.0,0.0,1.0,1.0,0
300200523_,252,2026-09-01,2.0,2.0,0.0,2.0,2.0,0
300200525_,254,2026-09-01,1.0,1.0,0.0,1.0,1.0,0
300200526_,255,2026-09-01,7.0,7.0,0.0,7.0,7.0,0
300200527_,256,2026-09-01,1.0,1.0,0.0,1.0,1.0,0
300200531_,259,2026-09-01,12.0,12.0,0.0,12.0,12.0,0
300200533_,261,2026-09-01,23.0,23.0,0.0,23.0,23.0,0
300200535_,263,2026-09-01,1.0,1.0,0.0,1.0,1.0,0
300200536_,264,2026-09-01,91.0,91.0,0.0,91.0,91.0,0
300200537_,265,2026-09-01,24.0,24.0,0.0,24.0,24.0,0
300200538_,266,2026-09-01,16.0,16.0,0.0,16.0,16.0,0
300200539_,267,2026-09-01,2.0,2.0,0.0,2.0,2.0,0
300200540_,268,2026-09-01,8.0,8.0,0.0,8.0,8.0,0
300200541_,269,2026-09-01,2.0,2.0,0.0,2.0,2.0,0
300200542_,270,2026-09-01,249.0,170.0,0.0,170.0,170.0,0
300200704_,272,2026-09-01,66.0,25.0,0.0,25.0,25.0,0
300200543_,273,2026-09-01,56.0,43.0,0.0,43.0,43.0,0
300200544_,274,2026-09-01,5.0,5.0,0.0,5.0,5.0,0
300200545_,275,2026-09-01,19.0,7.0,0.0,7.0,7.0,0
300200593_,276,2026-09-01,48.0,27.0,0.0,27.0,27.0,0
300200546_,277,2026-09-01,19.0,17.0,0.0,17.0,17.0,0
300200547_,278,2026-09-01,11.0,5.0,0.0,5.0,5.0,0
300200548_,279,2026-09-01,7.0,4.0,0.0,4.0,4.0,0
300200549_,280,2026-09-01,4.0,4.0,0.0,4.0,4.0,0
300200551_,282,2026-09-01,10.0,10.0,0.0,10.0,10.0,0
300200773_,283,2026-09-01,7.0,7.0,0.0,7.0,7.0,0
300200552_,284,2026-09-01,22.0,22.0,0.0,22.0,22.0,0
300200553_,285,2026-09-01,33.0,33.0,0.0,33.0,33.0,0
300200555_,287,2026-09-01,3.0,3.0,0.0,3.0,3.0,0
300200556_,288,2026-09-01,2.0,2.0,0.0,2.0,2.0,0
300200558_,290,2026-09-01,158.0,88.0,0.0,88.0,88.0,0
300200559_,291,2026-09-01,87.0,61.0,0.0,61.0,61.0,0
300200560_,292,2026-09-01,33.0,19.0,0.0,19.0,19.0,0
300200561_,293,2026-09-01,9.0,7.0,0.0,7.0,7.0,0
300200563_,295,2026-09-01,9.0,8.0,0.0,8.0,8.0,0
300200564_,296,2026-09-01,94.0,94.0,0.0,94.0,94.0,0
300200565_,297,2026-09-01,1.0,1.0,0.0,1.0,1.0,0
300200590_,298,2026-09-01,22.0,22.0,0.0,22.0,22.0,0
300200591_,301,2026-09-01,11.0,11.0,0.0,11.0,11.0,0
300200570_,304,2026-09-01,4.0,4.0,0.0,4.0,4.0,0
300200571_,305,2026-09-01,3.0,3.0,0.0,3.0,3.0,0
300200575_,309,2026-09-01,8.0,8.0,0.0,8.0,8.0,0
300200576_,311,2026-09-01,6.0,6.0,0.0,6.0,6.0,0
300200776_,312,2026-09-01,4.0,4.0,0.0,4.0,4.0,0
300200579_,314,2026-09-01,55.0,55.0,0.0,55.0,55.0,0
300200580_,315,2026-09-01,28.0,28.0,0.0,28.0,28.0,0
300200581_,316,2026-09-01,13.0,13.0,0.0,13.0,13.0,0
300200583_,318,2026-09-01,1.0,1.0,0.0,1.0,1.0,0
300200584_,319,2026-09-01,4.0,4.0,0.0,4.0,4.0,0
300200343_,320,2026-09-01,776.0,1120.0,0.0,1120.0,1120.0,0
020100163_,321,2026-09-01,1.0,1.0,0.0,1.0,1.0,0
300200459_,322,2026-09-01,49.0,61.0,0.0,61.0,61.0,0
020100158_,323,2026-09-01,147.0,167.0,0.0,167.0,167.0,0
020100159_,324,2026-09-01,,5.0,0.0,5.0,5.0,0
300200460_,325,2026-09-01,25.0,67.0,0.0,67.0,67.0,0
020100160_,326,2026-09-01,113.0,163.0,0.0,163.0,163.0,0
020100161_,327,2026-09-01,,3.0,0.0,3.0,3.0,0
300200461_,328,2026-09-01,16.0,16.0,0.0,16.0,16.0,0
300200472_,329,2026-09-01,19.0,44.0,0.0,44.0,44.0,0
300200462_,330,2026-09-01,8.0,28.0,0.0,28.0,28.0,0
300200772_,333,2026-09-01,2.0,12.0,0.0,12.0,12.0,0
300200468_,334,2026-09-01,30.0,72.0,0.0,72.0,72.0,0
300200515_,335,2026-09-01,47.0,65.0,0.0,65.0,65.0,0
300200518_,336,2026-09-01,15.0,15.0,0.0,15.0,15.0,0
300200516_,337,2026-09-01,21.0,21.0,0.0,21.0,21.0,0
300200463_,340,2026-09-01,499.0,645.0,0.0,645.0,645.0,0
300200464_,341,2026-09-01,213.0,307.0,0.0,307.0,307.0,0
300200465_,342,2026-09-01,45.0,55.0,0.0,55.0,55.0,0
300200466_,343,2026-09-01,37.0,37.0,0.0,37.0,37.0,0
300200467_,344,2026-09-01,8.0,8.0,0.0,8.0,8.0,0
300200519_,345,2026-09-01,18.0,33.0,0.0,33.0,33.0,0
300200779_,348,2026-09-01,9.0,9.0,0.0,9.0,9.0,0
030200038_,366,2026-09-01,,120.0,0.0,120.0,120.0,0
030200039_,368,2026-09-01,,180.0,0.0,180.0,180.0,0
030200239_,373,2026-09-01,,48.0,0.0,48.0,48.0,0
030200258_,397,2026-09-01,2.0,2.0,0.0,2.0,2.0,0
030200250_,403,2026-09-01,6.0,6.0,0.0,6.0,6.0,0
030200251_,404,2026-09-01,11.0,1.0,0.0,1.0,1.0,0
300200331_,408,2026-09-01,495.0,598.0,0.0,598.0,598.0,0
300200296_,409,2026-09-01,400.0,666.0,0.0,666.0,666.0,0
300200283_,410,2026-09-01,24.0,84.0,0.0,84.0,84.0,0
300200302_,411,2026-09-01,246.0,377.0,0.0,377.0,377.0,0
300200333_,412,2026-09-01,275.0,327.0,0.0,327.0,327.0,0
300200288_,413,2026-09-01,16.0,16.0,0.0,16.0,16.0,0
300200284_,414,2026-09-01,29.0,64.0,0.0,64.0,64.0,0
300200767_,415,2026-09-01,1.0,1.0,0.0,1.0,1.0,0
300200293_,416,2026-09-01,91.0,106.0,0.0,106.0,106.0,0
300200289_,417,2026-09-01,52.0,52.0,0.0,52.0,52.0,0
300200291_,419,2026-09-01,32.0,32.0,0.0,32.0,32.0,0
300200297_,420,2026-09-01,332.0,776.0,0.0,776.0,776.0,0
300200298_,421,2026-09-01,333.0,589.0,0.0,589.0,589.0,0
300200294_,423,2026-09-01,92.0,122.0,0.0,122.0,122.0,0
300200286_,424,2026-09-01,2368.0,3538.0,0.0,3538.0,3538.0,0
300200332_,425,2026-09-01,381.0,880.0,0.0,880.0,880.0,0
300200301_,426,2026-09-01,435.0,580.0,0.0,580.0,580.0,0
300200700_,428,2026-09-01,139.0,131.0,0.0,131.0,131.0,0
300200295_,429,2026-09-01,7.0,7.0,0.0,7.0,7.0,0
300200300_,431,2026-09-01,3.0,3.0,0.0,3.0,3.0,0
300200303_,433,2026-09-01,1664.0,1892.0,0.0,1892.0,1892.0,0
300200304_,434,2026-09-01,751.0,1015.0,0.0,1015.0,1015.0,0
300200305_,435,2026-09-01,254.0,484.0,0.0,484.0,484.0,0
300200306_,436,2026-09-01,136.0,284.0,0.0,284.0,284.0,0
300200307_,437,2026-09-01,22.0,28.0,0.0,28.0,28.0,0
300200310_,438,2026-09-01,5.0,5.0,0.0,5.0,5.0,0
300200311_,439,2026-09-01,87.0,81.0,0.0,81.0,81.0,0
300200308_,440,2026-09-01,51.0,53.0,0.0,53.0,53.0,0
300200309_,441,2026-09-01,1.0,3.0,0.0,3.0,3.0,0
300200313_,442,2026-09-01,7.0,7.0,0.0,7.0,7.0,0
300200498_,443,2026-09-01,46.0,42.0,0.0,42.0,42.0,0
300200314_,445,2026-09-01,4.0,9.0,0.0,9.0,9.0,0
ATN000109,446,2026-09-01,11.0,10.0,0.0,10.0,10.0,0
300200771_,448,2026-09-01,16.0,16.0,0.0,16.0,16.0,0
300200316_,449,2026-09-01,,84.0,0.0,84.0,84.0,0
300200959_,450,2026-09-01,45.0,20.0,0.0,20.0,20.0,0
300200317_,451,2026-09-01,69.0,135.0,0.0,135.0,135.0,0
300200496_,452,2026-09-01,18.0,38.0,0.0,38.0,38.0,0
300200318_,454,2026-09-01,16.0,112.0,0.0,112.0,112.0,0
300200347_,455,2026-09-01,6.0,6.0,0.0,6.0,6.0,0
300200319_,456,2026-09-01,320.0,691.0,0.0,691.0,691.0,0
300200320_,457,2026-09-01,150.0,385.0,0.0,385.0,385.0,0
300200321_,458,2026-09-01,39.0,327.0,0.0,327.0,327.0,0
300200322_,459,2026-09-01,44.0,592.0,0.0,592.0,592.0,0
300200323_,460,2026-09-01,473.0,678.0,0.0,678.0,678.0,0
300200324_,461,2026-09-01,839.0,2090.0,0.0,2090.0,2090.0,0
300200325_,462,2026-09-01,57.0,315.0,0.0,315.0,315.0,0
300200326_,463,2026-09-01,212.0,514.0,0.0,514.0,514.0,0
300200327_,464,2026-09-01,24.0,54.0,0.0,54.0,54.0,0
300200328_,465,2026-09-01,239.0,417.0,0.0,417.0,417.0,0
300200330_,466,2026-09-01,10.0,10.0,0.0,10.0,10.0,0
300200588_,471,2026-09-01,33.0,33.0,0.0,33.0,33.0,0
300200432_,473,2026-09-01,2.0,2.0,0.0,2.0,2.0,0
300200436_,482,2026-09-01,22.0,22.0,0.0,22.0,22.0,0
300200431_,483,2026-09-01,12.0,4.0,0.0,4.0,4.0,0
300200429_,486,2026-09-01,7.0,8.0,0.0,8.0,8.0,0
300200632_,487,2026-09-01,10.0,10.0,0.0,10.0,10.0,0
300200435_,490,2026-09-01,33.0,58.0,0.0,58.0,58.0,0
300200437_,491,2026-09-01,14.0,14.0,0.0,14.0,14.0,0
300200438_,492,2026-09-01,4.0,4.0,0.0,4.0,4.0,0
300200440_,493,2026-09-01,11.0,12.0,0.0,12.0,12.0,0
300200592_,497,2026-09-01,47.0,38.0,0.0,38.0,38.0,0
300200366_,498,2026-09-01,9.0,9.0,0.0,9.0,9.0,0
300200595_,500,2026-09-01,11.0,11.0,0.0,11.0,11.0,0
300200718_,502,2026-09-01,236.0,228.0,0.0,228.0,228.0,0
300200719_,503,2026-09-01,26.0,26.0,0.0,26.0,26.0,0
300200720_,504,2026-09-01,6.0,6.0,0.0,6.0,6.0,0
300200777_,507,2026-09-01,38.0,33.0,0.0,33.0,33.0,0
300200723_,508,2026-09-01,1.0,1.0,0.0,1.0,1.0,0
300200725_,510,2026-09-01,6.0,4.0,0.0,4.0,4.0,0
300200726_,511,2026-09-01,12.0,8.0,0.0,8.0,8.0,0
300200728_,513,2026-09-01,1.0,1.0,0.0,1.0,1.0,0
300200730_,515,2026-09-01,10.0,10.0,0.0,10.0,10.0,0
300200778_,518,2026-09-01,7.0,7.0,0.0,7.0,7.0,0
300200733_,519,2026-09-01,4.0,3.0,0.0,3.0,3.0,0
300200735_,521,2026-09-01,229.0,217.0,0.0,217.0,217.0,0
300200736_,522,2026-09-01,87.0,75.0,0.0,75.0,75.0,0
300200737_,523,2026-09-01,22.0,25.0,0.0,25.0,25.0,0
300200738_,524,2026-09-01,6.0,4.0,0.0,4.0,4.0,0
300200742_,525,2026-09-01,59.0,59.0,0.0,59.0,59.0,0
300200739_,526,2026-09-01,1.0,1.0,0.0,1.0,1.0,0
300200743_,527,2026-09-01,7.0,7.0,0.0,7.0,7.0,0
300200740_,528,2026-09-01,2.0,2.0,0.0,2.0,2.0,0
300200741_,529,2026-09-01,83.0,78.0,0.0,78.0,78.0,0
300200744_,530,2026-09-01,289.0,268.0,0.0,268.0,268.0,0
300200745_,531,2026-09-01,120.0,132.0,0.0,132.0,132.0,0
300200746_,532,2026-09-01,92.0,123.0,0.0,123.0,123.0,0
300200747_,533,2026-09-01,21.0,21.0,0.0,21.0,21.0,0
300200748_,534,2026-09-01,2.0,2.0,0.0,2.0,2.0,0
300200749_,535,2026-09-01,53.0,35.0,0.0,35.0,35.0,0
300200750_,536,2026-09-01,37.0,46.0,0.0,46.0,46.0,0
300200751_,537,2026-09-01,60.0,135.0,0.0,135.0,135.0,0
300200752_,538,2026-09-01,68.0,68.0,0.0,68.0,68.0,0
300200753_,539,2026-09-01,5.0,5.0,0.0,5.0,5.0,0
300200754_,540,2026-09-01,8.0,8.0,0.0,8.0,8.0,0
300200755_,541,2026-09-01,3.0,2.0,0.0,2.0,2.0,0
300200497_,542,2026-09-01,,6.0,0.0,6.0,6.0,0
030200226_,543,2026-09-01,76.0,76.0,0.0,76.0,76.0,0
030200223_,544,2026-09-01,746.0,2729.0,0.0,2729.0,2729.0,0
030200227_,545,2026-09-01,77.0,70.0,0.0,70.0,70.0,0
030200225_,546,2026-09-01,1943.0,2186.0,0.0,2186.0,2186.0,0
030200224_,547,2026-09-01,1850.0,3039.0,0.0,3039.0,3039.0,0
030200221_,548,2026-09-01,674.0,2084.0,0.0,2084.0,2084.0,0
030200222_,549,2026-09-01,226.0,498.0,0.0,498.0,498.0,0
130300026_,553,2026-09-01,5.0,5.0,0.0,5.0,5.0,0
130300028_,555,2026-09-01,187.0,162.0,0.0,162.0,162.0,0
030200203_,556,2026-09-01,2341.0,2270.0,0.0,2270.0,2270.0,0
